date,price,realized_price,mvrv_z,nupl,puell,rp_multiple,hash_ribbon,ahr999,powerlaw,etf_flow_30d,etf_flow_momentum,stable_growth_90d,coinbase_premium_7d,funding_7d_ann,oi_to_mcap,basis_ann,fear_greed_7d
2010-07-18,0.08584,0.000587791,,0.993152,,146.038,,,,,,,,,,,
2010-07-19,0.0808,0.00129145,,0.984017,,62.5651,,,,,,,,,,,
2010-07-20,0.0747357,0.00165687,,0.97783,,45.1066,,,,,,,,,,,
2010-07-21,0.0791929,0.0020646,,0.97393,,38.3576,,,,,,,,,,,
2010-07-22,0.0584698,0.00232647,,0.960211,,25.1323,,,,,,,,,,,
2010-07-23,0.0605929,0.00261278,,0.95688,,23.191,,,,,,,,,,,
2010-07-24,0.05454,0.00319472,,0.941424,,17.0719,,,,,,,,,,,
2010-07-25,0.0505406,0.00353559,,0.930044,,14.2948,,,,,,,,,,,
2010-07-26,0.056,0.00445466,,0.920453,,12.5711,,,,,,,,,,,
2010-07-27,0.058622,0.00472354,,0.919424,,12.4106,,,,,,,,,,,
2010-07-28,0.0589111,0.00496397,,0.915738,,11.8677,,,,,,,,,,,
2010-07-29,0.0699,0.00516202,,0.926151,,13.5412,,,,,,,,,,,
2010-07-30,0.0646574,0.00537338,,0.916895,,12.0329,,,,,,,,,,,
2010-07-31,0.0675458,0.00560413,,0.917032,,12.0529,,,,,,,,,,,
2010-08-01,0.0611,0.00584749,,0.904296,,10.4489,,,,,,,,,,,
2010-08-02,0.06,0.00601431,,0.899761,,9.9762,,,,,,,,,,,
2010-08-03,0.0600122,0.00624826,,0.895883,,9.60461,,,,,,,,,,,
2010-08-04,0.0570158,0.0064579,,0.886735,,8.82884,,,,,,,,,,,
2010-08-05,0.061,0.006634,,0.891246,,9.19506,,,,,,,,,,,
2010-08-06,0.0616713,0.00683277,,0.889207,,9.02581,,,,,,,,,,,
2010-08-07,0.0590039,0.00700031,,0.881359,,8.42876,,,,,,,,,,,
2010-08-08,0.0609,0.00718413,,0.882034,,8.47702,,,,,,,,,,,
2010-08-09,0.0704,0.00758551,,0.892251,,9.28085,,,,,,,,,,,
2010-08-10,0.0693387,0.00780501,,0.887436,,8.88387,,,,,,,,,,,
2010-08-11,0.067,0.00803557,,0.880066,,8.33793,,,,,,,,,,,
2010-08-12,0.07,0.00823735,,0.882324,,8.49788,,,,,,,,,,,
2010-08-13,0.0645,0.00852315,,0.867858,,7.56763,,,,,,,,,,,
2010-08-14,0.0669964,0.00875553,,0.869313,,7.6519,,,,,,,,,,,
2010-08-15,0.0651179,0.00896139,,0.862382,,7.2665,,,,,,,,,,,
2010-08-16,0.0655,0.00917576,,0.859912,,7.13838,,,,,,,,,,,
2010-08-17,0.07,0.00932108,,0.866842,,7.50986,,,,,,,,,,,
2010-08-18,0.068,0.0095132,,0.8601,,7.14796,,,,,,,,,,,
2010-08-19,0.0667,0.00962248,,0.855735,,6.93168,,,,,,,,,,,
2010-08-20,0.0655,0.00978469,,0.850615,,6.69413,,,,,,,,,,,
2010-08-21,0.0664,0.0100336,,0.848891,,6.61776,,,,,,,,,,,
2010-08-22,0.065929,0.0102762,,0.844132,,6.41569,,,,,,,,,,,
2010-08-23,0.06491,0.0104274,,0.839356,,6.22496,,,,,,,,,,,
2010-08-24,0.065,0.0105993,,0.836934,,6.13247,,,,,,,,,,,
2010-08-25,0.0648,0.0107572,,0.833994,,6.02386,,,,,,,,,,,
2010-08-26,0.0640751,0.010907,,0.829778,,5.87469,,,,,,,,,,,
2010-08-27,0.065,0.0110693,,0.829703,,5.87209,,,,,,,,,,,
2010-08-28,0.0646,0.0111862,,0.826839,,5.77498,,,,,,,,,,,
2010-08-29,0.064,0.011302,,0.823407,,5.66273,,,,,,,,,,,
2010-08-30,0.06497,0.0114173,,0.824269,,5.6905,,,,,,,,,,,
2010-08-31,0.06,0.0115571,,0.807381,,5.1916,,,,,,,,,,,
2010-09-01,0.0620248,0.0116612,,0.811992,,5.31891,,,,,,,,,,,
2010-09-02,0.0634,0.011773,,0.814307,,5.38523,,,,,,,,,,,
2010-09-03,0.06085,0.0118806,,0.804756,,5.1218,,,,,,,,,,,
2010-09-04,0.0621783,0.0119981,,0.807038,,5.18236,,,,,,,,,,,
2010-09-05,0.06165,0.0121622,,0.802721,,5.06897,25.9785,,,,,,,,,,
2010-09-06,0.0616,0.0122415,,0.801275,,5.03207,27.0941,,,,,,,,,,
2010-09-07,0.0612391,0.0123761,,0.797905,,4.94816,27.5363,,,,,,,,,,
2010-09-08,0.061,0.0124786,,0.795432,,4.88836,28.3444,,,,,,,,,,
2010-09-09,0.061115,0.0127443,,0.791469,,4.79546,28.9279,,,,,,,,,,
2010-09-10,0.0610115,0.0128535,,0.789327,,4.7467,29.2649,,,,,,,,,,
2010-09-11,0.0636209,0.0129558,,0.796359,,4.91061,29.7359,,,,,,,,,,
2010-09-12,0.0615,0.0130935,,0.787098,,4.697,30.4359,,,,,,,,,,
2010-09-13,0.06218,0.0132118,,0.787524,,4.70642,30.1131,,,,,,,,,,
2010-09-14,0.06199,0.0133452,,0.784721,,4.64513,30.9078,,,,,,,,,,
2010-09-15,0.0604,0.01356,,0.775497,,4.45429,31.659,,,,,,,,,,
2010-09-16,0.0619,0.0138283,,0.776603,,4.47634,31.9816,,,,,,,,,,
2010-09-17,0.0600005,0.0143105,,0.761493,,4.19275,32.1098,,,,,,,,,,
2010-09-18,0.061,0.0144533,,0.76306,,4.22048,32.4977,,,,,,,,,,
2010-09-19,0.0627,0.0145972,,0.76719,,4.29534,32.1001,,,,,,,,,,
2010-09-20,0.0621017,0.0147145,,0.763058,,4.22043,31.9467,,,,,,,,,,
2010-09-21,0.06265,0.0148248,,0.763371,,4.22602,30.8135,,,,,,,,,,
2010-09-22,0.0618819,0.0149415,,0.758549,,4.14162,29.7132,,,,,,,,,,
2010-09-23,0.0621535,0.0151042,,0.756985,,4.11497,29.4624,,,,,,,,,,
2010-09-24,0.0622,0.0152468,,0.754875,,4.07955,29.1911,,,,,,,,,,
2010-09-25,0.06202,0.015379,,0.752032,,4.03278,28.6764,,,,,,,,,,
2010-09-26,0.062,0.0154973,,0.750044,,4.00071,28.2177,,,,,,,,,,
2010-09-27,0.0622004,0.0158775,,0.744736,,3.91751,28.1451,,,,,,,,,,
2010-09-28,0.0619039,0.0167164,,0.729962,,3.70319,28.227,,,,,,,,,,
2010-09-29,0.06191,0.0168522,,0.727795,,3.6737,28.7105,,,,,,,,,,
2010-09-30,0.0619,0.0172569,,0.721214,,3.58697,28.4659,,,,,,,,,,
2010-10-01,0.0619733,0.0173488,,0.720059,,3.57219,28.824,,,,,,,,,,
2010-10-02,0.0614,0.0187993,,0.693822,,3.26607,28.4171,,,,,,,,,,
2010-10-03,0.0610649,0.0188584,,0.691175,,3.23808,28.2373,,,,,,,,,,
2010-10-04,0.0612945,0.0189521,,0.690802,,3.23418,28.1328,,,,,,,,,,
2010-10-05,0.0614,0.0193689,,0.684546,,3.17004,27.8679,,,,,,,,,,
2010-10-06,0.06281,0.0194807,,0.689847,,3.22421,28.3276,,,,,,,,,,
2010-10-07,0.067,0.0196878,,0.706152,,3.40312,28.858,,,,,,,,,,
2010-10-08,0.0844531,0.0203583,,0.75894,,4.14834,28.857,,,,,,,,,,
2010-10-09,0.0938,0.0212811,,0.773123,,4.40767,29.3786,,,,,,,,,,
2010-10-10,0.0971462,0.0217875,,0.775724,,4.4588,29.6147,,,,,,,,,,
2010-10-11,0.095,0.0221902,,0.766419,,4.28118,29.8345,,,,,,,,,,
2010-10-12,0.0949,0.0224031,,0.76393,,4.23603,29.769,,,,,,,,,,
2010-10-13,0.104866,0.0230451,,0.780241,,4.55045,30.4007,,,,,,,,,,
2010-10-14,0.102,0.0234028,,0.77056,,4.35845,30.5522,,,,,,,,,,
2010-10-15,0.105,0.0241738,,0.769773,,4.34354,30.8461,,,,,,,,,,
2010-10-16,0.101,0.0248166,,0.754291,,4.06985,31.0599,,,,,,,,,,
2010-10-17,0.102,0.025106,,0.753863,,4.06278,31.5687,,,,,,,,,,
2010-10-18,0.1024,0.0254098,,0.751858,,4.02995,31.4459,,,,,,,,,,
2010-10-19,0.0975449,0.0256184,,0.737369,,3.80762,31.4088,,,,,,,,,,
2010-10-20,0.099,0.0259254,,0.738127,,3.81865,31.3442,,,,,,,,,,
2010-10-21,0.107,0.0266886,,0.750574,,4.0092,32.0904,,,,,,,,,,
2010-10-22,0.1025,0.0268257,,0.738286,,3.82096,32.541,,,,,,,,,,
2010-10-23,0.104556,0.0271233,,0.740587,,3.85485,32.2734,,,,,,,,,,
2010-10-24,0.11501,0.0277544,,0.758678,,4.14384,32.4991,,,,,,,,,,
2010-10-25,0.139119,0.0284564,,0.795452,,4.88883,32.9959,,,,,,,,,,
2010-10-26,0.151,0.0293475,,0.805646,,5.14524,33.9118,,,,,,,,,,
2010-10-27,0.1877,0.0310218,,0.834727,,6.05058,34.1023,,,,,,,,,,
2010-10-28,0.1731,0.0328992,,0.809941,,5.26153,34.308,,,,,,,,,,
2010-10-29,0.19,0.0337258,,0.822496,,5.63367,34.3606,,,,,,,,,,
2010-10-30,0.197611,0.0345398,,0.825213,,5.72125,35.3282,,,,,,,,,,
2010-10-31,0.1925,0.0354016,,0.816096,,5.43761,35.9177,,,,,,,,,,
2010-11-01,0.194525,0.0359296,,0.815296,,5.41406,37.4047,,,,,,,,,,
2010-11-02,0.1938,0.0366829,,0.810718,,5.28311,38.4545,,,,,,,,,,
2010-11-03,0.1931,0.0372514,,0.807088,,5.1837,39.1845,,,,,,,,,,
2010-11-04,0.229275,0.0401155,,0.825034,,5.71538,40.352,,,,,,,,,,
2010-11-05,0.259112,0.0414481,,0.840038,,6.25149,40.896,,,,,,,,,,
2010-11-06,0.400982,0.0489358,,0.87796,,8.19405,41.571,,,,,,,,,,
2010-11-07,0.34,0.0504966,,0.851481,,6.73313,42.6436,,,,,,,,,,
2010-11-08,0.243185,0.0529214,,0.782382,,4.59521,43.7567,,,,,,,,,,
2010-11-09,0.217273,0.0534815,,0.753851,,4.06258,44.603,,,,,,,,,,
2010-11-10,0.22955,0.053907,,0.765162,,4.25826,45.8695,,,,,,,,,,
2010-11-11,0.2231,0.0543641,,0.756324,,4.10381,47.2878,,,,,,,,,,
2010-11-12,0.2682,0.0548892,,0.795342,,4.8862,47.7421,,,,,,,,,,
2010-11-13,0.276,0.0559597,,0.797248,,4.93213,48.5284,,,,,,,,,,
2010-11-14,0.27904,0.0570933,,0.795394,,4.88744,49.7518,,,,,,,,,,
2010-11-15,0.268465,0.0594901,,0.778406,,4.51276,49.664,,,,,,,,,,
2010-11-16,0.225,0.059836,,0.734062,,3.76028,49.3758,,,,,,,,,,
2010-11-17,0.241939,0.060388,,0.7504,,4.00642,49.8875,,,,,,,,,,
2010-11-18,0.269058,0.0611883,,0.772583,,4.39721,50.6793,,,,,,,,,,
2010-11-19,0.27829,0.062075,,0.776941,,4.48312,50.8978,,,,,,,,,,
2010-11-20,0.283016,0.0629147,,0.777699,,4.49841,50.5192,,,,,,,,,,
2010-11-21,0.27675,0.0633375,,0.771138,,4.36945,50.7032,,,,,,,,,,
2010-11-22,0.285,0.0638983,,0.775796,,4.46022,51.1097,,,,,,,,,,
2010-11-23,0.28295,0.0645121,,0.772002,,4.386,50.8045,,,,,,,,,,
2010-11-24,0.282906,0.0652457,,0.769373,,4.336,50.8418,,,,,,,,,,
2010-11-25,0.28,0.0661648,,0.763697,,4.23186,50.4166,,,,,,,,,,
2010-11-26,0.2844,0.0672115,,0.763673,,4.23142,50.5951,,,,,,,,,,
2010-11-27,0.283,0.0677702,,0.760529,,4.17588,50.5519,,,,,,,,,,
2010-11-28,0.271359,0.0681923,,0.748701,,3.97932,50.4173,,,,,,,,,,
2010-11-29,0.230559,0.0683565,,0.703519,,3.3729,50.1236,,,,,,,,,,
2010-11-30,0.2082,0.068551,,0.670745,,3.03716,49.9253,,,,,,,,,,
2010-12-01,0.2275,0.0687076,,0.697988,,3.31113,49.5859,,,,,,,,,,
2010-12-02,0.255,0.069967,,0.72562,,3.64458,49.3884,,,,,,,,,,
2010-12-03,0.25106,0.0702984,,0.719994,,3.57135,49.1533,,,,,,,,,,
2010-12-04,0.205001,0.0705114,,0.656043,,2.90734,49.0311,,,,,,,,,,
2010-12-05,0.20285,0.0708271,,0.65084,,2.86402,48.9574,,,,,,,,,,
2010-12-06,0.204,0.0720067,,0.647026,,2.83307,48.874,,,,,,,,,,
2010-12-07,0.23342,0.0730177,,0.687184,,3.19676,48.4699,,,,,,,,,,
2010-12-08,0.2388,0.073498,,0.69222,,3.24907,47.6911,,,,,,,,,,
2010-12-09,0.199992,0.0737727,,0.631121,,2.71092,47.1438,,,,,,,,,,
2010-12-10,0.204,0.0738622,,0.637931,,2.7619,46.0796,,,,,,,,,,
2010-12-11,0.228,0.0742501,,0.674341,,3.0707,45.1571,,,,,,,,,,
2010-12-12,0.219854,0.0745343,,0.660982,,2.9497,45.1019,,,,,,,,,,
2010-12-13,0.227605,0.0750784,,0.670138,,3.03157,43.991,,,,,,,,,,
2010-12-14,0.24669,0.0754481,,0.694158,,3.26967,42.6978,,,,,,,,,,
2010-12-15,0.24,0.0761349,,0.682771,,3.1523,42.8058,,,,,,,,,,
2010-12-16,0.24996,0.0765679,,0.69368,,3.26456,42.739,,,,,,,,,,
2010-12-17,0.242656,0.0768599,,0.683256,,3.15712,41.866,,,,,,,,,,
2010-12-18,0.241,0.0772535,,0.679446,,3.1196,40.5528,,,,,,,,,,
2010-12-19,0.2401,0.077525,,0.677114,,3.09707,40.2578,,,,,,,,,,
2010-12-20,0.267,0.0785303,,0.705879,,3.39996,40.3797,,,,,,,,,,
2010-12-21,0.241436,0.0801387,,0.668075,,3.01273,40.4103,,,,,,,,,,
2010-12-22,0.25,0.0804487,,0.678205,,3.10757,39.9446,,,,,,,,,,
2010-12-23,0.24997,0.0807648,,0.676902,,3.09504,39.887,,,,,,,,,,
2010-12-24,0.248,0.0810746,,0.673086,,3.05891,39.2195,,,,,,,,,,
2010-12-25,0.2499,0.0814562,,0.674045,,3.06791,38.8693,,,,,,,,,,
2010-12-26,0.264962,0.08186,,0.69105,,3.23677,37.9746,,,,,,,,,,
2010-12-27,0.264785,0.0822641,,0.689318,,3.21872,37.5856,,,,,,,,,,
2010-12-28,0.281,0.0828027,,0.705329,,3.39361,37.3848,,,,,,,,,,
2010-12-29,0.3,0.0843846,,0.718718,,3.55515,36.6987,,,,,,,,,,
2010-12-30,0.3,0.0849858,,0.716714,,3.53,36.037,,,,,,,,,,
2010-12-31,0.3,0.085408,,0.715307,,3.51255,35.1823,,,,,,,,,,
2011-01-01,0.3,0.0858536,,0.713821,,3.49432,34.5465,,,,,,,,,,
2011-01-02,0.29997,0.0866028,,0.711295,,3.46375,33.9218,,,,,,,,,,
2011-01-03,0.295,0.0871185,,0.704683,,3.38619,32.6827,,,,,,,,,,
2011-01-04,0.29895,0.0874775,,0.707384,,3.41745,31.2704,,,,,,,,,,
2011-01-05,0.298916,0.087918,,0.705878,,3.39994,30.0131,,,,,,,,,,
2011-01-06,0.298,0.0883201,,0.703624,,3.37409,28.7742,,,,,,,,,,
2011-01-07,0.32,0.0889723,,0.721962,,3.59663,27.9722,,,,,,,,,,
2011-01-08,0.3229,0.0896169,,0.722462,,3.60311,27.3334,,,,,,,,,,
2011-01-09,0.323,0.0901472,,0.720907,,3.58303,26.8771,,,,,,,,,,
2011-01-10,0.32659,0.0915355,,0.719724,,3.56791,25.8877,,,,,,,,,,
2011-01-11,0.32659,0.0940005,,0.712176,,3.47434,24.8716,,,,,,,,,,
2011-01-12,0.3188,0.0944274,,0.703803,,3.37613,24.7442,,,,,,,,,,
2011-01-13,0.3176,0.0958011,,0.698359,,3.3152,24.3712,,,,,,,,,,
2011-01-14,0.39999,0.0973824,,0.756538,,4.10741,23.1539,,,,,,,,,,
2011-01-15,0.386,0.0980991,,0.745857,,3.9348,22.2769,,,,,,,,,,
2011-01-16,0.38679,0.0994133,,0.742979,,3.89073,22.1101,,,,,,,,,,
2011-01-17,0.3495,0.100303,,0.71301,,3.48444,22.2801,,,,,,,,,,
2011-01-18,0.31299,0.100637,,0.678465,,3.11008,21.305,,,,,,,,,,
2011-01-19,0.31299,0.101865,,0.674544,,3.07261,20.9327,,,,,,,,,,
2011-01-20,0.39,0.10297,,0.735975,,3.78752,20.0964,,,,,,,,,,
2011-01-21,0.41991,0.104112,,0.752061,,4.03324,19.6145,,,,,,,,,,
2011-01-22,0.440036,0.105391,,0.760495,,4.17527,19.1663,,,,,,,,,,
2011-01-23,0.4424,0.107518,,0.756967,,4.11467,18.9432,,,,,,,,,,
2011-01-24,0.4199,0.108956,,0.74052,,3.85386,18.5272,,,,,,,,,,
2011-01-25,0.41,0.109638,,0.732591,,3.73959,18.3296,,,,,,,,,,
2011-01-26,0.415085,0.126447,,0.695371,,3.28268,17.8842,,,,,,,,,,
2011-01-27,0.4212,0.127694,,0.696834,,3.29852,17.3386,,,,,,,,,,
2011-01-28,0.444484,0.128849,,0.710115,,3.44964,17.1883,,,,,,,,,,
2011-01-29,0.439,0.130666,,0.702355,,3.35971,17.0157,,,,,,,,,,
2011-01-30,0.477142,0.131659,,0.724068,,3.62408,16.9719,,,,,,,,,,
2011-01-31,0.525137,0.135008,,0.742909,,3.88968,16.7369,,,,,,,,,,
2011-02-01,0.70751,0.140842,,0.800933,,5.02345,16.5556,,,,,,,,,,
2011-02-02,0.725435,0.1464,,0.79819,,4.95515,16.6042,5.79866,,,,,,,,,
2011-02-03,0.693898,0.148059,,0.786627,,4.68663,16.9765,5.21014,,,,,,,,,
2011-02-04,0.810959,0.15129,,0.813443,,5.3603,17.4742,6.98099,,,,,,,,,
2011-02-05,0.911671,0.157438,,0.827309,,5.79069,18.0401,8.64646,,,,,,,,,
2011-02-06,0.898,0.160599,,0.821159,,5.59156,18.1092,8.22468,,,,,,,,,
2011-02-07,0.889421,0.169319,,0.80963,,5.25294,18.2924,7.89866,,,,,,,,,
2011-02-08,0.918,0.171431,,0.813256,,5.35492,18.447,8.23774,,,,,,,,,
2011-02-09,1.01605,0.178379,,0.824439,,5.69603,19.2157,9.86946,,,,,,,,,
2011-02-10,0.979653,0.182052,,0.814167,,5.38116,19.6686,8.97151,,,,,,,,,
2011-02-11,1.05407,0.187545,,0.822075,,5.62035,19.9517,10.1575,,,,,,,,,
2011-02-12,1.0787,0.190476,,0.823421,,5.66319,20.2054,10.4047,,,,,,,,,
2011-02-13,1.05,0.193463,,0.815749,,5.42739,20.7976,9.64404,,,,,,,,,
2011-02-14,1.07001,0.201201,,0.811964,,5.31813,21.4243,9.80497,,,,,,,,,
2011-02-15,1.05,0.20356,,0.806133,,5.15817,21.7644,9.24083,,,,,,,,,
2011-02-16,1.03169,0.205774,,0.800546,,5.0137,21.9932,8.73434,,,,,,,,,
2011-02-17,1.03992,0.207947,,0.800036,,5.0009,23.1176,8.68374,,,,,,,,,
2011-02-18,0.898956,0.210177,,0.766199,,4.27714,23.9813,6.35378,,,,,,,,,
2011-02-19,0.944028,0.211583,,0.775872,,4.46174,24.3105,6.85923,,,,,,,,,
2011-02-20,0.865,0.21381,,0.752821,,4.04565,25.1928,5.63859,,,,,,,,,
2011-02-21,0.835747,0.215038,,0.7427,,3.88652,26.0372,5.1564,,,,,,,,,
2011-02-22,0.877042,0.217141,,0.752416,,4.03904,26.9892,5.56185,,,,,,,,,
2011-02-23,0.9,0.218916,,0.75676,,4.11116,28.1339,5.73452,,,,,,,,,
2011-02-24,0.989095,0.221733,,0.775823,,4.46075,29.1397,6.77938,,,,,,,,,
2011-02-25,0.914652,0.223245,,0.755924,,4.09708,30.0872,5.68088,,,,,,,,,
2011-02-26,0.958,0.228021,,0.761982,,4.20136,31.5419,6.10514,,,,,,,,,
2011-02-27,0.895033,0.232032,,0.740756,,3.85738,32.9994,5.22133,,,,,,,,,
2011-02-28,0.860221,0.234863,,0.726973,,3.66264,33.6669,4.72766,,,,,,,,,
2011-03-01,0.921097,0.266555,,0.710612,,3.45556,34.0637,5.30932,,,,,,,,,
2011-03-02,0.9399,0.268827,,0.713983,,3.4963,34.8611,5.41546,,,,,,,,,
2011-03-03,0.939073,0.270399,,0.712057,,3.47291,35.9005,5.29492,,,,,,,,,
2011-03-04,0.9011,0.272046,,0.698096,,3.31231,37.3744,4.77641,,,,,,,,,
2011-03-05,0.907841,0.274511,,0.697622,,3.30712,39.2615,4.75118,,,,,,,,,
2011-03-06,0.884771,0.275849,,0.688225,,3.20745,40.5855,4.4225,,,,,,,,,
2011-03-07,0.877584,0.276571,,0.684849,,3.17309,41.2947,4.26371,,,,,,,,,
2011-03-08,0.866072,0.278121,,0.678871,,3.11401,41.9183,4.06926,,,,,,,,,
2011-03-09,0.86,0.278868,,0.675735,,3.08389,42.1757,3.93233,,,,,,,,,
2011-03-10,0.92067,0.280121,,0.695742,,3.28669,42.2289,4.41518,,,,,,,,,
2011-03-11,0.88,0.280901,,0.680794,,3.13277,42.0872,3.95239,,,,,,,,,
2011-03-12,0.917816,0.283994,,0.690576,,3.23181,42.2226,4.21188,,,,,,,,,
2011-03-13,0.89249,0.285558,,0.680043,,3.12542,42.0473,3.90212,,,,,,,,,
2011-03-14,0.893925,0.288385,,0.677394,,3.09976,41.8097,3.83531,,,,,,,,,
2011-03-15,0.87224,0.289831,,0.667716,,3.00948,41.509,3.57819,,,,,,,,,
2011-03-16,0.851212,0.292991,,0.655795,,2.90524,41.4335,3.33967,,,,,,,,,
2011-03-17,0.82542,0.294446,,0.643278,,2.8033,41.2136,3.07798,,,,,,,,,
2011-03-18,0.801959,0.294711,,0.632511,,2.72117,40.7215,2.84843,,,,,,,,,
2011-03-19,0.765,0.295189,,0.614133,,2.59156,39.9466,2.54065,,,,,,,,,
2011-03-20,0.7415,0.29557,,0.601389,,2.50871,38.9994,2.34049,,,,,,,,,
2011-03-21,0.75897,0.296436,,0.609424,,2.56032,38.9771,2.40435,,,,,,,,,
2011-03-22,0.80913,0.297756,,0.632004,,2.71742,37.9396,2.6781,,,,,,,,,
2011-03-23,0.84971,0.29883,,0.648315,,2.84346,37.3623,2.89412,,,,,,,,,
2011-03-24,0.872374,0.302402,,0.653358,,2.88482,36.5043,2.98878,,,,,,,,,
2011-03-25,0.88377,0.303549,,0.65653,,2.91146,35.324,3.00506,,,,,,,,,
2011-03-26,0.8552,0.306244,,0.641904,,2.79255,34.2299,2.75714,,,,,,,,,
2011-03-27,0.822,0.307088,,0.626413,,2.67675,33.0615,2.49631,,,,,,,,,
2011-03-28,0.794741,0.307756,,0.612759,,2.58237,31.3866,2.28727,,,,,,,,,
2011-03-29,0.79251,0.308371,,0.610894,,2.56999,29.3622,2.22943,,,,,,,,,
2011-03-30,0.789706,0.308873,,0.608877,,2.55674,28.4474,2.17038,,,,,,,,,
2011-03-31,0.78461,0.309622,,0.605382,,2.53409,28.4231,2.10028,,,,,,,,,
2011-04-01,0.77411,0.310347,,0.599092,,2.49434,27.4064,2.00446,,,,,,,,,
2011-04-02,0.78199,0.310758,,0.602606,,2.51639,26.0438,2.00535,,,,,,,,,
2011-04-03,0.779,0.311437,,0.600209,,2.50131,23.9082,1.95082,,,,,,,,,
2011-04-04,0.68,0.313334,,0.539215,,2.17021,20.7195,1.45836,,,,,,,,,
2011-04-05,0.715692,0.314105,,0.561117,,2.27851,18.0611,1.58427,,,,,,,,,
2011-04-06,0.74,0.314613,,0.574847,,2.35209,16.4676,1.66087,,,,,,,,,
2011-04-07,0.7538,0.315233,,0.581808,,2.39125,15.3745,1.69007,,,,,,,,,
2011-04-08,0.74999,0.315941,,0.578739,,2.37383,14.7549,1.64066,,,,,,,,,
2011-04-09,0.734061,0.316421,,0.568944,,2.31989,14.5877,1.54154,,,,,,,,,
2011-04-10,0.733157,0.316858,,0.567816,,2.31383,14.2612,1.50816,,,,,,,,,
2011-04-11,0.770114,0.317705,,0.587457,,2.42399,13.5414,1.63167,,,,,,,,,
2011-04-12,0.861382,0.31949,,0.629096,,2.69611,13.4203,2.00053,,,,,,,,,
2011-04-13,0.93032,0.321759,,0.654141,,2.89135,13.8326,2.28603,,,,,,,,,
2011-04-14,0.99863,0.324948,,0.674606,,3.0732,13.8558,2.57951,,,,,,,,,
2011-04-15,0.983673,0.328621,,0.665924,,2.99333,13.0198,2.45123,,,,,,,,,
2011-04-16,1.04663,0.331617,,0.683159,,3.15615,12.6314,2.71696,,,,,,,,,
2011-04-17,1.09812,0.335421,,0.69455,,3.27386,12.8561,2.92758,,,,,,,,,
2011-04-18,1.14943,0.340599,,0.703681,,3.37474,12.9831,3.13901,,,,,,,,,
2011-04-19,1.18516,0.346034,,0.708028,,3.42498,12.9413,3.2654,,,,,,,,,
2011-04-20,1.14213,0.347694,,0.695573,,3.28486,12.2925,2.96776,,,,,,,,,
2011-04-21,1.20734,0.351067,,0.709223,,3.43906,12.5704,3.24452,,,,,,,,,
2011-04-22,1.40451,0.359731,,0.743873,,3.90432,12.3148,4.29254,,,,,,,,,
2011-04-23,1.82885,0.37623,,0.794281,,4.861,12.2291,7.10614,,,,,,,,,
2011-04-24,1.63198,0.381712,,0.766106,,4.27544,12.0952,5.52862,,,,,,,,,
2011-04-25,1.56448,0.385233,,0.753763,,4.06113,12.8007,4.96674,,,,,,,,,
2011-04-26,1.77084,0.392248,,0.778496,,4.5146,13.5272,6.22401,,,,,,,,,
2011-04-27,1.90318,0.399203,,0.790244,,4.76744,13.921,7.03277,,,,,,,,,
2011-04-28,2.28574,0.412915,,0.819352,,5.53562,14.3488,9.91659,,,,,,,,,
2011-04-29,2.85061,0.539932,,0.81059,,5.27957,14.8662,15.059,,,,,,,,,
2011-04-30,3.5,0.609394,,0.825887,,5.74341,14.5966,22.1425,,,,,,,,,
2011-05-01,3.09423,0.622933,,0.798679,,4.96719,15.0137,16.8987,,,,,,,,,
2011-05-02,3.2,0.633054,,0.802171,,5.05486,15.7127,17.6432,,,,,,,,,
2011-05-03,3.36059,0.654639,,0.805201,,5.13349,16.7565,18.9931,,,,,,,,,
2011-05-04,3.40867,0.70378,,0.793533,,4.84338,18.1987,19.0683,,,,,,,,,
2011-05-05,3.34374,0.714986,,0.786172,,4.67665,19.4965,17.9081,,,,,,,,,
2011-05-06,3.45508,0.745266,,0.784298,,4.63603,20.5913,18.6588,,,,,,,,,
2011-05-07,3.64126,0.757346,,0.79201,,4.80793,21.4353,20.2135,,,,,,,,,
2011-05-08,3.84867,0.781696,,0.796892,,4.92349,21.8922,22.0212,,,,,,,,,
2011-05-09,3.80409,0.796504,,0.790619,,4.77598,22.6221,20.9895,,,,,,,,,
2011-05-10,5.65167,0.899237,,0.84089,,6.28496,23.2997,45.101,,,,,,,,,
2011-05-11,5.43975,0.942151,,0.826803,,5.77376,24.3446,40.6867,,,,,,,,,
2011-05-12,6.33488,1.01582,,0.839646,,6.2362,24.8222,53.717,,,,,,,,,
2011-05-13,8.13903,1.19409,,0.853289,15.0368,6.8161,25.1631,86.2966,,,,,,,,,
2011-05-14,7.00724,1.22694,,0.824904,14.4559,5.71115,26.4895,62.325,,,,,,,,,
2011-05-15,6.92492,1.28506,,0.81443,12.4915,5.38879,28.1189,59.3771,,,,,,,,,
2011-05-16,7.88514,1.39573,,0.822993,15.2174,5.64948,29.4146,75.0196,,,,,,,,,
2011-05-17,7.2572,1.43449,,0.802336,13.9498,5.05909,30.4363,61.9793,,,,,,,,,
2011-05-18,6.76316,1.46698,,0.783093,13.9478,4.61027,32.0616,52.5294,,,,,,,,,
2011-05-19,6.89014,1.48929,,0.783852,8.23679,4.62646,33.2834,53.1937,,,,,,,,,
2011-05-20,5.6181,1.51297,,0.730696,8.4308,3.71328,35.3681,34.5423,,,,,,,,,
2011-05-21,6.0848,1.49399,,0.754472,8.8963,4.07286,37.0093,39.5602,,,,,,,,,
2011-05-22,6.71196,1.54286,,0.770133,10.88,4.35034,38.8083,46.9719,,,,,,,,,
2011-05-23,7.06526,1.57455,,0.777142,12.5136,4.48716,40.8618,50.82,,,,,,,,,
2011-05-24,7.40266,1.6093,,0.782606,13.1691,4.59994,43.0512,54.4956,,,,,,,,,
2011-05-25,8.56929,1.65069,,0.807371,14.9503,5.19133,44.4953,71.4358,,,,,,,,,
2011-05-26,8.78216,1.69568,,0.806918,14.15,5.17914,46.1034,73.3265,,,,,,,,,
2011-05-27,8.52866,1.79574,,0.789446,7.58964,4.74938,47.5158,67.4826,,,,,,,,,
2011-05-28,8.34927,1.81075,,0.783125,6.7694,4.61095,48.8429,63.0818,,,,,,,,,
2011-05-29,8.40095,1.82957,,0.782219,7.74064,4.59177,49.9672,62.3089,,,,,,,,,
2011-05-30,8.77934,1.86386,,0.7877,6.79394,4.71031,50.7332,66.3664,,,,,,,,,
2011-05-31,8.72158,1.89516,,0.782704,6.46069,4.60203,51.3516,63.9386,,,,,,,,,
2011-06-01,9.62378,1.93348,,0.799094,8.71817,4.97744,52.1701,75.9741,,,,,,,,,
2011-06-02,10.7028,2.00896,,0.812295,9.53654,5.32752,52.9353,91.6564,,,,,,,,,
2011-06-03,14.2646,2.21878,,0.844456,13.0061,6.42905,53.7715,158.557,,,,,,,,,
2011-06-04,18.3127,2.36503,,0.870853,17.5603,7.74314,54.6245,253.945,,,,,,,,,
2011-06-05,16.5433,2.51596,,0.847917,14.1298,6.57535,55.1772,201.573,,,,,,,,,
2011-06-06,18.4021,3.05473,,0.834001,16.7481,6.02414,56.1712,242.591,,,,,,,,,
2011-06-07,23.2379,3.21798,,0.86152,14.7747,7.22127,56.8289,375.886,,,,,,,,,
2011-06-08,29.0299,3.9294,,0.864643,18.975,7.38788,57.2265,569.424,,,,,,,,,
2011-06-09,28.7905,4.35271,,0.848814,21.1841,6.61439,57.9515,543.622,,,,,,,,,
2011-06-10,24.0494,4.68253,,0.805295,16.9104,5.13598,58.4825,368.567,,,,,,,,,
2011-06-11,14.7497,4.64201,,0.685282,11.3502,3.17745,59.4564,135.032,,,,,,,,,
2011-06-12,18.8501,5.22574,,0.722774,12.9257,3.60717,59.9303,214.55,,,,,,,,,
2011-06-13,19.5423,5.40939,,0.723196,12.5965,3.61267,59.8148,224.277,,,,,,,,,
2011-06-14,19.2577,5.82054,,0.697756,13.0164,3.30858,59.9704,211.857,,,,,,,,,
2011-06-15,19.4641,6.20828,,0.68104,14.2665,3.13519,60.6413,210.511,,,,,,,,,
2011-06-16,17.9294,6.31717,,0.647663,8.29276,2.8382,60.7851,173.778,,,,,,,,,
2011-06-17,15.4364,6.36221,,0.587843,7.23985,2.42626,60.534,125.312,,,,,,,,,
2011-06-18,16.8754,6.41758,,0.619708,8.20262,2.62956,60.7317,145.557,,,,,,,,,
2011-06-19,17.5107,6.50796,,0.628344,9.39406,2.69066,60.5,152.36,,,,,,,,,
2011-06-20,17.5107,6.55631,,0.625583,9.60572,2.67082,60.3908,148.205,,,,,,,,,
2011-06-21,17.5107,6.63607,,0.621028,10.1059,2.63872,60.1837,144.152,,,,,,,,,
2011-06-22,17.5107,6.66364,,0.619453,10.1065,2.6278,59.6747,140.07,,,,,,,,,
2011-06-23,17.5107,6.69624,,0.617592,9.10665,2.61501,58.8983,136.097,,,,,,,,,
2011-06-24,17.5107,6.74122,,0.615023,8.02708,2.59756,58.3813,132.241,,,,,,,,,
2011-06-25,17.5107,6.76297,,0.613781,5.24822,2.5892,57.3085,128.582,,,,,,,,,
2011-06-26,16.3613,6.80479,,0.584094,5.04916,2.40439,56.7331,109.2,,,,,,,,,
2011-06-27,16.7523,6.92636,,0.586542,5.78223,2.41863,56.5503,111.254,,,,,,,,,
2011-06-28,16.9618,7.00079,,0.587262,5.47095,2.42284,56.0024,110.844,,,,,,,,,
2011-06-29,16.8546,7.0476,,0.581858,5.76361,2.39153,56.0408,106.429,,,,,,,,,
2011-06-30,16.1853,7.10139,,0.561244,6.05657,2.27917,56.296,95.4408,,,,,,,,,
2011-07-01,15.4204,7.08925,,0.540267,5.164,2.17517,55.9026,84.2824,,,,,,,,,
2011-07-02,15.3828,7.08533,,0.5394,4.97501,2.17108,55.4695,81.6316,,,,,,,,,
2011-07-03,15.4576,7.10233,,0.540527,4.82747,2.1764,54.878,80.2114,,,,,,,,,
2011-07-04,13.8528,7.07635,,0.489175,4.41405,1.95762,54.1483,62.7377,,,,,,,,,
2011-07-05,12.9648,7.09513,,0.45274,3.35518,1.82728,53.3759,53.5264,,,,,,,,,
2011-07-06,14.7148,7.11275,,0.516625,4.26145,2.06879,52.2021,67.1179,,,,,,,,,
2011-07-07,14.7973,7.12785,,0.5183,3.54991,2.07598,51.4381,66.0651,,,,,,,,,
2011-07-08,14.299,7.12949,,0.5014,4.28078,2.00562,50.8987,60.0907,,,,,,,,,
2011-07-09,14.3815,7.13333,,0.503992,3.85677,2.0161,49.7353,59.1779,,,,,,,,,
2011-07-10,14.6229,7.17336,,0.509444,3.57963,2.0385,48.5215,59.5691,,,,,,,,,
2011-07-11,14.3102,7.18622,,0.497824,3.98103,1.99133,47.1067,55.5508,,,,,,,,,
2011-07-12,14.0213,7.19511,,0.486844,3.47896,1.94872,45.9556,51.9345,,,,,,,,,
2011-07-13,13.9715,7.20768,,0.484114,4.6483,1.93841,45.5012,50.2195,,,,,,,,,
2011-07-14,13.998,7.21709,,0.484419,3.48694,1.93956,44.3267,49.108,,,,,,,,,
2011-07-15,13.8064,7.22519,,0.476678,3.83877,1.91087,42.2916,46.5422,,,,,,,,,
2011-07-16,13.7131,7.23003,,0.472764,3.66799,1.89668,41.0707,44.7474,,,,,,,,,
2011-07-17,13.2581,7.23678,1.09254,0.454163,3.8103,1.83205,40.0157,40.7843,,,,,,,,,
2011-07-18,13.6305,7.01854,1.19655,0.485087,3.87599,1.94207,38.7371,42.0267,,,,,,,,,
2011-07-19,13.8248,7.0377,1.22461,0.490936,3.25466,1.96439,36.9805,42.1466,,,,,,,,,
2011-07-20,13.6783,6.96819,1.20746,0.490567,3.34813,1.96297,35.2611,40.2237,,,,,,,,,
2011-07-21,13.6118,6.9732,1.19153,0.487709,3.36782,1.95202,33.4213,38.8358,,,,,,,,,
2011-07-22,13.6985,6.97797,1.20313,0.490605,3.33636,1.96311,31.625,38.343,,,,,,,,,
2011-07-23,13.6817,6.98569,1.19568,0.489414,3.1939,1.95853,30.1947,37.2898,,,,,,,,,
2011-07-24,13.9925,6.99929,1.24546,0.499783,3.67666,1.99913,28.641,38.0212,,,,,,,,,
2011-07-25,14.0334,7.01208,1.2472,0.50033,3.62894,2.00132,27.8595,37.2801,,,,,,,,,
2011-07-26,13.878,7.02213,1.21496,0.494011,3.7885,1.97633,26.9629,35.5552,,,,,,,,,
2011-07-27,13.8782,7.0347,1.20998,0.493113,3.70761,1.97282,25.5545,34.6765,,,,,,,,,
2011-07-28,13.4916,7.02962,1.14019,0.478963,3.18287,1.91925,24.3163,31.9652,,,,,,,,,
2011-07-29,13.5123,7.03986,1.13981,0.479004,3.34214,1.9194,22.8251,31.2766,,,,,,,,,
2011-07-30,13.5403,7.05411,1.13992,0.479028,3.07798,1.91949,20.8141,30.6352,,,,,,,,,
2011-07-31,13.3729,7.05422,1.10863,0.472499,3.46688,1.89573,19.6672,29.1475,,,,,,,,,
2011-08-01,13.0191,7.05068,1.0457,0.458436,3.15497,1.8465,18.674,26.9494,,,,,,,,,
2011-08-02,12.2142,7.04642,0.904642,0.423094,2.74198,1.73338,17.7935,23.1736,,,,,,,,,
2011-08-03,9.28636,6.96335,0.407048,0.250153,2.11314,1.3336,16.9561,13.1026,,,,,,,,,
2011-08-04,10.7685,6.97339,0.664968,0.352427,2.00245,1.54423,16.3916,17.2212,,,,,,,,,
2011-08-05,9.73015,6.9484,0.487718,0.28589,1.95325,1.40035,15.7231,13.7429,,,,,,,,,
2011-08-06,6.96417,6.84195,0.0214626,0.0175492,1.21425,1.01786,14.9617,6.88901,,,,,,,,,
2011-08-07,8.50179,6.83809,0.292491,0.195688,1.5246,1.2433,13.5603,10.0366,,,,,,,,,
2011-08-08,7.77534,6.7268,0.184611,0.134855,1.49888,1.15588,12.8348,8.21914,,,,,,,,,
2011-08-09,9.8025,6.74314,0.538988,0.3121,2.0175,1.4537,12.5131,12.7804,,,,,,,,,
2011-08-10,10.0513,6.74791,0.582294,0.32865,2.14119,1.48954,11.9575,13.1475,,,,,,,,,
2011-08-11,9.43841,6.73635,0.47667,0.286284,1.80338,1.40112,11.5033,11.3471,,,,,,,,,
2011-08-12,9.45299,6.73638,0.479581,0.287381,1.71902,1.40327,9.8774,11.1377,,,,,,,,,
2011-08-13,10.004,6.7424,0.576049,0.326032,1.79655,1.48375,9.36186,12.2012,,,,,,,,,
2011-08-14,10.8068,6.75335,0.715906,0.375085,1.96013,1.60022,8.89053,13.9222,,,,,,,,,
2011-08-15,11.1307,6.76421,0.771038,0.392293,1.96249,1.64553,8.22633,14.4406,,,,,,,,,
2011-08-16,10.992,6.77632,0.744422,0.38352,2.19525,1.62211,7.47297,13.7743,,,,,,,,,
2011-08-17,10.964,6.78794,0.737409,0.380886,2.01469,1.61521,6.67454,13.4033,,,,,,,,,
2011-08-18,10.8585,6.79475,0.717656,0.374245,2.10059,1.59807,6.67601,12.864,,,,,,,,,
2011-08-19,11.6705,6.8073,0.858433,0.416707,2.04243,1.71441,6.24617,14.5423,,,,,,,,,
2011-08-20,11.4597,6.8155,0.819642,0.405265,2.31241,1.68142,6.10624,13.744,,,,,,,,,
2011-08-21,11.3545,6.81917,0.800386,0.399429,2.39603,1.66508,6.12319,13.2276,,,,,,,,,
2011-08-22,10.9209,6.82289,0.72342,0.375244,2.41816,1.60063,6.22941,11.9961,,,,,,,,,
2011-08-23,10.9172,6.82242,0.723005,0.375079,2.20382,1.6002,5.8919,11.7615,,,,,,,,,
2011-08-24,10.8704,6.82643,0.714098,0.372019,1.88735,1.5924,5.09511,11.4476,,,,,,,,,
2011-08-25,9.54609,6.87719,0.471653,0.279581,1.66226,1.38808,4.12733,8.67176,,,,,,,,,
2011-08-26,8.12692,6.87987,0.220702,0.153447,1.53453,1.18126,3.53142,6.17838,,,,,,,,,
2011-08-27,8.5965,6.49821,0.371763,0.244086,1.34224,1.3229,2.98806,6.79487,,,,,,,,,
2011-08-28,9.03087,6.5026,0.448344,0.279959,1.33586,1.38881,2.28732,7.37274,,,,,,,,,
2011-08-29,8.96116,6.51005,0.435127,0.273526,1.57021,1.37651,2.28015,7.13625,,,,,,,,,
2011-08-30,8.80995,6.508,0.409135,0.26129,1.62599,1.35371,1.66865,6.78359,,,,,,,,,
2011-08-31,8.19915,6.50293,0.301925,0.206878,1.59956,1.26084,1.07887,5.78136,,,,,,,,,
2011-09-01,8.23428,6.4952,0.309952,0.2112,1.33212,1.26775,0.26465,5.73665,,,,,,,,,
2011-09-02,8.62142,6.49986,0.378625,0.246081,1.67897,1.3264,-0.264641,6.18619,,,,,,,,,
2011-09-03,8.44965,6.50009,0.348388,0.230727,1.52316,1.29993,-0.508397,5.8453,,,,,,,,,
2011-09-04,8.20347,6.49626,0.305486,0.208108,1.36155,1.2628,-0.953862,5.42021,,,,,,,,,
2011-09-05,7.59733,6.48554,0.199277,0.146339,1.46214,1.17143,-0.812763,4.57533,,,,,,,,,
2011-09-06,6.84653,6.46658,0.0682277,0.0554945,1.27101,1.05876,-0.488173,3.65622,,,,,,,,,
2011-09-07,7.16297,6.45901,0.126623,0.0982782,1.19379,1.10899,-0.739172,3.93804,,,,,,,,,
2011-09-08,6.67818,6.43788,0.0432986,0.0359832,1.0527,1.03733,-1.43254,3.36804,,,,,,,,,
2011-09-09,4.98678,6.41135,-0.257248,-0.285669,0.936036,0.777805,-1.78269,1.85025,,,,,,,,,
2011-09-10,4.74285,6.39843,-0.299582,-0.349069,0.767263,0.741252,-2.16962,1.64973,,,,,,,,,
2011-09-11,5.8529,6.14854,-0.0535967,-0.0505115,0.887753,0.951917,-2.01358,2.47415,,,,,,,,,
2011-09-12,6.09063,6.13515,-0.00808643,-0.0073098,0.98033,0.992743,-2.20226,2.63923,,,,,,,,,
2011-09-13,5.80252,6.11698,-0.0572277,-0.0541924,0.994476,0.948593,-2.16974,2.35935,,,,,,,,,
2011-09-14,5.59743,6.10922,-0.0933311,-0.0914325,0.983732,0.916227,-2.0683,2.16334,,,,,,,,,
2011-09-15,4.86776,6.09386,-0.224088,-0.251884,0.911836,0.798796,-2.01141,1.61269,,,,,,,,,
2011-09-16,4.83117,6.08007,-0.228698,-0.258509,0.689066,0.794591,-2.12544,1.56559,,,,,,,,,
2011-09-17,4.77529,6.07359,-0.238231,-0.27188,0.765371,0.786238,-2.50618,1.50809,,,,,,,,,
2011-09-18,5.23673,6.0724,-0.15367,-0.159577,0.987029,0.862383,-2.14044,1.78752,,,,,,,,,
2011-09-19,5.52038,6.06592,-0.100511,-0.0988239,0.834468,0.910064,-2.58992,1.95729,,,,,,,,,
2011-09-20,6.14667,6.06474,0.0151231,0.0133291,1.02142,1.01351,-3.08665,2.38926,,,,,,,,,
2011-09-21,5.59707,6.05814,-0.0852783,-0.0823767,0.967418,0.923893,-3.77579,1.95162,,,,,,,,,
2011-09-22,5.47505,6.04648,-0.105907,-0.10437,0.95681,0.905493,-3.90534,1.83965,,,,,,,,,
2011-09-23,5.56342,6.0421,-0.0888873,-0.0860406,0.871669,0.920776,-3.73202,1.87101,,,,,,,,,
2011-09-24,5.45789,6.0387,-0.108058,-0.106417,0.827573,0.903819,-3.51178,1.77375,,,,,,,,,
2011-09-25,5.34115,6.0015,-0.123098,-0.123634,0.858111,0.88997,-3.49907,1.67339,,,,,,,,,
2011-09-26,4.87383,5.99352,-0.209146,-0.229737,0.764311,0.813182,-3.13423,1.37373,,,,,,,,,
2011-09-27,4.91116,5.98825,-0.201588,-0.219315,0.762855,0.820133,-2.54476,1.37483,,,,,,,,,
2011-09-28,4.76342,5.98161,-0.228475,-0.255739,0.815997,0.796344,-2.50043,1.27526,,,,,,,,,
2011-09-29,4.77766,5.97759,-0.225486,-0.251153,0.694648,0.799263,-2.60233,1.26477,,,,,,,,,
2011-09-30,5.14369,5.97784,-0.157047,-0.162171,0.728481,0.860459,-2.92274,1.44475,,,,,,,,,
2011-10-01,5.03407,5.9672,-0.176037,-0.185362,0.833795,0.843624,-2.44078,1.36377,,,,,,,,,
2011-10-02,5.00706,5.9583,-0.179791,-0.189979,0.700401,0.840351,-2.81594,1.3295,,,,,,,,,
2011-10-03,5.02284,5.95214,-0.176003,-0.185015,0.840051,0.843872,-2.99633,1.31816,,,,,,,,,
2011-10-04,4.95681,5.94722,-0.187919,-0.199809,0.639233,0.833466,-3.16516,1.26471,,,,,,,,,
2011-10-05,4.88507,5.94123,-0.200804,-0.216202,0.813803,0.822232,-3.69564,1.20998,,,,,,,,,
2011-10-06,4.73017,5.936,-0.229706,-0.254924,0.694312,0.796861,-4.25824,1.11749,,,,,,,,,
2011-10-07,4.27604,5.91861,-0.313541,-0.384134,0.675459,0.722473,-4.22153,0.900116,,,,,,,,,
2011-10-08,3.98125,5.90963,-0.368801,-0.484363,0.541525,0.67369,-4.11994,0.769623,,,,,,,,,
2011-10-09,4.11163,5.89928,-0.342559,-0.434777,0.59591,0.696973,-4.45339,0.809709,,,,,,,,,
2011-10-10,4.07496,5.88781,-0.348061,-0.444875,0.571129,0.692102,-4.51228,0.784671,,,,,,,,,
2011-10-11,4.00892,5.87548,-0.358993,-0.465599,0.424357,0.682315,-4.81508,0.749381,,,,,,,,,
2011-10-12,4.16624,5.86405,-0.327162,-0.407517,0.568184,0.710471,-4.99937,0.798341,,,,,,,,,
2011-10-13,4.03698,5.85802,-0.351522,-0.451089,0.444517,0.689138,-5.63966,0.739356,,,,,,,,,
2011-10-14,3.98628,5.84726,-0.359963,-0.466846,0.627947,0.681735,-6.10746,0.711004,,,,,,,,,
2011-10-15,3.83734,5.84063,-0.388265,-0.522053,0.581845,0.657007,-6.73532,0.649937,,,,,,,,,
2011-10-16,3.60974,5.83298,-0.431712,-0.615901,0.485459,0.61885,-6.75131,0.567499,,,,,,,,,
2011-10-17,2.58125,5.7891,-0.624052,-1.24275,0.343929,0.445881,-7.05591,0.286808,,,,,,,,,
2011-10-18,2.42227,5.76837,-0.652142,-1.38139,0.327949,0.419924,-8.09526,0.249695,,,,,,,,,
2011-10-19,2.21725,5.73188,-0.686289,-1.58512,0.332435,0.386829,-7.97056,0.206938,,,,,,,,,
2011-10-20,2.35612,5.72169,-0.658362,-1.42844,0.305215,0.411788,-8.28296,0.231054,,,,,,,,,
2011-10-21,2.57009,5.71636,-0.616602,-1.22418,0.349989,0.449603,-8.57641,0.271546,,,,,,,,,
2011-10-22,3.15549,5.7083,-0.501163,-0.809008,0.347712,0.552789,-9.36641,0.403993,,,,,,,,,
2011-10-23,3.14775,5.70404,-0.502747,-0.812101,0.381876,0.551846,-9.91523,0.396842,,,,,,,,,
2011-10-24,2.52294,5.69088,-0.624211,-1.25566,0.359593,0.44333,-10.1258,0.251958,,,,,,,,,
2011-10-25,2.80192,5.68597,-0.569357,-1.02931,0.405231,0.492779,-10.3785,0.306966,,,,,,,,,
2011-10-26,2.77751,5.6634,-0.570763,-1.03902,0.364009,0.490431,-11.0037,0.297937,,,,,,,,,
2011-10-27,3.04541,5.66242,-0.518478,-0.85933,0.340851,0.537828,-11.88,0.353625,,,,,,,,,
2011-10-28,3.17964,5.6627,-0.492807,-0.780926,0.37333,0.561506,-12.6733,0.380592,,,,,,,,,
2011-10-29,3.56919,5.66123,-0.415957,-0.586138,0.450498,0.630462,-12.7358,0.473468,,,,,,,,,
2011-10-30,3.2574,5.65803,-0.478171,-0.736975,0.403483,0.575714,-12.6434,0.389682,,,,,,,,,
2011-10-31,3.2651,5.65298,-0.476551,-0.731336,0.476735,0.577589,-13.4331,0.387013,,,,,,,,,
2011-11-01,3.17101,5.64661,-0.495069,-0.780697,0.529436,0.561578,-13.1519,0.36085,,,,,,,,,
2011-11-02,3.2558,5.63219,-0.476215,-0.729895,0.557294,0.57807,-13.5941,0.376121,,,,,,,,,
2011-11-03,3.16832,5.62829,-0.493889,-0.776428,0.439713,0.562927,-13.6074,0.352301,,,,,,,,,
2011-11-04,3.12012,5.62123,-0.503163,-0.801608,0.508598,0.55506,-14.0004,0.338048,,,,,,,,,
2011-11-05,2.97782,5.61529,-0.531658,-0.885706,0.481547,0.530305,-14.0109,0.304777,,,,,,,,,
2011-11-06,2.96272,5.61132,-0.534961,-0.893975,0.472057,0.52799,-14.5014,0.298573,,,,,,,,,
2011-11-07,3.01776,5.60696,-0.523961,-0.857988,0.440335,0.538216,-14.6969,0.306623,,,,,,,,,
2011-11-08,3.05657,5.59693,-0.515115,-0.831117,0.502845,0.546115,-14.6142,0.311582,,,,,,,,,
2011-11-09,2.91957,5.42558,-0.509209,-0.85835,0.518326,0.538112,-14.5453,0.282024,,,,,,,,,
2011-11-10,2.8567,5.42056,-0.521979,-0.897489,0.443686,0.527012,-13.9678,0.267748,,,,,,,,,
2011-11-11,3.06786,5.4145,-0.47862,-0.764909,0.401754,0.566601,-14.2902,0.306034,,,,,,,,,
2011-11-12,3.02552,5.412,-0.487701,-0.788781,0.475562,0.55904,-13.5903,0.295191,,,,,,,,,
2011-11-13,2.98637,5.40819,-0.495898,-0.810957,0.472167,0.552194,-13.5123,0.285353,,,,,,,,,
2011-11-14,2.22422,5.39098,-0.649663,-1.42376,0.348965,0.412583,-13.1942,0.157428,,,,,,,,,
2011-11-15,2.32238,5.38372,-0.629323,-1.31819,0.420005,0.431372,-12.7297,0.170849,,,,,,,,,
2011-11-16,2.54678,5.05121,-0.515803,-0.983371,0.376506,0.504192,-12.3852,0.204642,,,,,,,,,
2011-11-17,2.2791,5.02225,-0.566025,-1.20361,0.346648,0.4538,-11.7206,0.163222,,,,,,,,,
2011-11-18,2.10507,4.97162,-0.592557,-1.36174,0.306164,0.423417,-11.8643,0.138764,,,,,,,,,
2011-11-19,2.20346,4.97186,-0.573272,-1.25639,0.296175,0.443185,-11.4875,0.151514,,,,,,,,,
2011-11-20,2.20199,4.96283,-0.57278,-1.25379,0.343814,0.443696,-10.943,0.150803,,,,,,,,,
2011-11-21,2.27988,4.96181,-0.557368,-1.17635,0.29354,0.459485,-10.0532,0.161073,,,,,,,,,
2011-11-22,2.32246,4.95643,-0.548424,-1.13413,0.354477,0.468575,-9.36558,0.166551,,,,,,,,,
2011-11-23,2.33032,4.95051,-0.546551,-1.12439,0.340157,0.470724,-9.30164,0.167126,,,,,,,,,
2011-11-24,2.43888,4.95561,-0.525864,-1.03192,0.300009,0.492145,-9.42368,0.182464,,,,,,,,,
2011-11-25,2.49616,4.95432,-0.514572,-0.984775,0.366523,0.503835,-9.00453,0.190482,,,,,,,,,
2011-11-26,2.4718,4.93214,-0.515927,-0.995365,0.322387,0.501161,-8.31724,0.186523,,,,,,,,,
2011-11-27,2.47756,4.92896,-0.514927,-0.989438,0.306771,0.502654,-7.69423,0.187096,,,,,,,,,
2011-11-28,2.54124,4.87483,-0.491059,-0.918289,0.350249,0.521298,-7.44773,0.19665,,,,,,,,,
2011-11-29,2.7577,4.88978,-0.449495,-0.773137,0.412595,0.563972,-7.11948,0.231554,,,,,,,,,
2011-11-30,2.96604,4.9051,-0.409634,-0.653754,0.520266,0.604685,-6.23992,0.267539,,,,,,,,,
2011-12-01,3.08259,4.91006,-0.386896,-0.592835,0.606531,0.627811,-5.84504,0.288558,,,,,,,,,
2011-12-02,3.1004,4.9093,-0.383704,-0.583439,0.488783,0.631537,-5.57151,0.29166,,,,,,,,,
2011-12-03,2.80386,4.885,-0.442317,-0.742244,0.459683,0.573972,-5.06377,0.23836,,,,,,,,,
2011-12-04,2.81969,4.88383,-0.439515,-0.732044,0.413208,0.577353,-4.72827,0.240792,,,,,,,,,
2011-12-05,2.8748,4.88074,-0.427975,-0.69777,0.488846,0.589008,-4.38646,0.250017,,,,,,,,,
2011-12-06,3.02536,4.88657,-0.39792,-0.615202,0.556009,0.619117,-3.69154,0.276234,,,,,,,,,
2011-12-07,2.9855,4.8565,-0.400758,-0.626695,0.442333,0.614744,-3.37705,0.268489,,,,,,,,,
2011-12-08,2.99188,4.85653,-0.400207,-0.623236,0.526123,0.616053,-3.04551,0.269254,,,,,,,,,
2011-12-09,2.95579,4.85233,-0.407832,-0.641635,0.465365,0.609149,-3.25216,0.262508,,,,,,,,,
2011-12-10,3.06898,4.85326,-0.384419,-0.581393,0.472752,0.632354,-3.50215,0.282699,,,,,,,,,
2011-12-11,3.24927,4.86225,-0.348191,-0.496415,0.52763,0.668264,-2.69795,0.316699,,,,,,,,,
2011-12-12,3.18734,4.86264,-0.362288,-0.525612,0.431981,0.655475,-3.10473,0.304626,,,,,,,,,
2011-12-13,3.24109,4.86208,-0.35118,-0.500138,0.456033,0.666605,-3.01674,0.314798,,,,,,,,,
2011-12-14,3.15509,4.85289,-0.368536,-0.538115,0.513897,0.650146,-2.70618,0.298143,,,,,,,,,
2011-12-15,3.20314,4.85292,-0.358715,-0.515051,0.381568,0.660044,-3.6216,0.307107,,,,,,,,,
2011-12-16,3.20914,4.85246,-0.357924,-0.512075,0.402369,0.661343,-3.76115,0.308137,,,,,,,,,
2011-12-17,3.19254,4.85003,-0.361703,-0.519176,0.508192,0.658252,-3.58057,0.304838,,,,,,,,,
2011-12-18,3.19401,4.8478,-0.361573,-0.517777,0.487492,0.658858,-3.1398,0.305149,,,,,,,,,
2011-12-19,3.52577,4.85635,-0.291481,-0.377385,0.593293,0.726013,-2.53474,0.371886,,,,,,,,,
2011-12-20,3.95255,4.87303,-0.202005,-0.232882,0.559741,0.811108,-2.62843,0.467838,,,,,,,,,
2011-12-21,3.88899,4.87712,-0.217261,-0.254083,0.611448,0.797396,-2.27032,0.453978,,,,,,,,,
2011-12-22,3.90306,4.88148,-0.215532,-0.250681,0.608594,0.799565,-2.31194,0.458104,,,,,,,,,
2011-12-23,3.93797,4.88539,-0.209087,-0.240587,0.588255,0.80607,-2.00352,0.467417,,,,,,,,,
2011-12-24,3.93942,4.884,-0.208845,-0.239777,0.59998,0.806597,-1.11864,0.469397,,,,,,,,,
2011-12-25,4.23387,4.88371,-0.143968,-0.153486,0.772247,0.866937,-0.599962,0.544495,,,,,,,,,
2011-12-26,3.99912,4.88476,-0.196608,-0.221457,0.740582,0.818694,0.062294,0.487979,,,,,,,,,
2011-12-27,4.09552,4.88764,-0.17617,-0.193411,0.620338,0.837934,0.570605,0.513572,,,,,,,,,
2011-12-28,4.2073,4.8918,-0.152522,-0.162694,0.680041,0.860072,1.00043,0.542479,,,,,,,,,
2011-12-29,4.17335,4.89205,-0.160428,-0.172212,0.59967,0.853088,1.0685,0.534926,,,,,,,,,
2011-12-30,4.31064,4.89617,-0.130937,-0.135836,0.63633,0.880409,0.785213,0.571956,,,,,,,,,
2011-12-31,4.71431,4.90507,-0.0427347,-0.0404645,0.738632,0.961109,0.369421,0.685248,,,,,,,,,
2012-01-01,5.29484,4.91978,0.084167,0.0708363,0.838775,1.07624,0.816092,0.865413,,,,,,,,,
2012-01-02,5.20488,4.91351,0.0654978,0.0559807,0.812056,1.0593,0.753821,0.83696,,,,,,,,,
2012-01-03,4.87051,4.91649,-0.0103552,-0.00944101,0.798501,0.990647,1.40251,0.733196,,,,,,,,,
2012-01-04,5.58571,4.93821,0.146054,0.115921,0.856249,1.13112,1.44177,0.964524,,,,,,,,,
2012-01-05,6.874,4.99837,0.423607,0.272859,1.03677,1.37525,1.14865,1.4598,,,,,,,,,
2012-01-06,6.68332,5.02536,0.374994,0.248074,1.16897,1.32992,1.70616,1.37924,,,,,,,,,
2012-01-07,6.79623,5.04078,0.397642,0.258298,1.27481,1.34825,2.04928,1.4254,,,,,,,,,
2012-01-08,7.09665,5.06216,0.461435,0.286684,1.17562,1.4019,2.70476,1.55297,,,,,,,,,
2012-01-09,6.28854,5.07717,0.275166,0.192631,1.04529,1.23859,3.29837,1.2192,,,,,,,,,
2012-01-10,6.52847,5.07939,0.329598,0.221964,0.930741,1.28529,3.16859,1.31352,,,,,,,,,
2012-01-11,6.88913,5.09563,0.408454,0.260338,1.06281,1.35197,3.98391,1.46173,,,,,,,,,
2012-01-12,6.77356,5.12254,0.376503,0.243745,1.05573,1.32231,4.58991,1.41186,,,,,,,,,
2012-01-13,6.45437,5.12908,0.302622,0.205332,0.906522,1.25839,4.51546,1.28127,,,,,,,,,
2012-01-14,6.76173,5.14135,0.370482,0.239639,1.0149,1.31517,5.75992,1.40524,,,,,,,,,
2012-01-15,7.04692,5.14941,0.434333,0.269268,0.977677,1.36849,6.36639,1.52488,,,,,,,,,
2012-01-16,6.71561,5.15739,0.35719,0.23203,1.16947,1.30213,6.70718,1.38365,,,,,,,,,
2012-01-17,5.59962,5.14476,0.104439,0.081231,0.872892,1.08841,6.90054,0.9618,,,,,,,,,
2012-01-18,5.90023,5.14269,0.174177,0.128391,0.748414,1.1473,6.3008,1.06733,,,,,,,,,
2012-01-19,6.31571,5.15994,0.266115,0.182998,0.936532,1.22399,6.76372,1.22199,,,,,,,,,
2012-01-20,6.50149,5.1647,0.308206,0.205614,0.929754,1.25883,6.52232,1.29303,,,,,,,,,
2012-01-21,6.18057,5.16555,0.234376,0.164227,0.997142,1.1965,6.79007,1.16673,,,,,,,,,
2012-01-22,6.30297,5.16811,0.262397,0.180051,0.841495,1.21959,6.86284,1.21217,,,,,,,,,
2012-01-23,6.37488,5.17257,0.278412,0.188601,1.06099,1.23244,7.0169,1.23871,,,,,,,,,
2012-01-24,6.27448,5.1757,0.254781,0.175118,0.852041,1.2123,6.43753,1.19866,,,,,,,,,
2012-01-25,5.81047,5.17086,0.148535,0.110078,0.838333,1.12369,5.71551,1.02721,,,,,,,,,
2012-01-26,5.36723,5.15617,0.0490889,0.0393227,0.720777,1.04093,5.50239,0.876286,,,,,,,,,
2012-01-27,5.30314,5.14731,0.0363004,0.0293835,0.726335,1.03027,5.26123,0.855263,,,,,,,,,
2012-01-28,5.6598,5.14721,0.119592,0.0905656,0.795586,1.09958,5.50566,0.973509,,,,,,,,,
2012-01-29,5.39143,5.1415,0.0584121,0.046357,0.870929,1.04861,6.09961,0.882979,,,,,,,,,
2012-01-30,5.50348,5.13922,0.085279,0.0661872,0.913536,1.07088,6.76837,0.919567,,,,,,,,,
2012-01-31,5.53822,5.13375,0.0948413,0.0730319,0.800149,1.07879,6.74942,0.930621,,,,,,,,,
2012-02-01,6.07523,5.14475,0.218488,0.15316,0.823461,1.18086,6.73663,1.11858,,,,,,,,,
2012-02-02,6.09957,5.14918,0.223496,0.155813,0.930209,1.18457,6.58302,1.12609,,,,,,,,,
2012-02-03,5.95161,5.1502,0.188747,0.134654,0.899975,1.15561,6.86922,1.071,,,,,,,,,
2012-02-04,5.89541,5.15035,0.175745,0.12638,0.884054,1.14466,7.37956,1.0499,,,,,,,,,
2012-02-05,5.67812,5.14844,0.125125,0.0932831,0.768824,1.10288,6.88837,0.973165,,,,,,,,,
2012-02-06,5.48266,5.13897,0.0813158,0.0626866,0.761994,1.06688,6.44862,0.906751,,,,,,,,,
2012-02-07,5.66203,5.13913,0.123896,0.0923518,0.737269,1.10175,6.10464,0.966322,,,,,,,,,
2012-02-08,5.61853,5.13797,0.114035,0.0855305,0.772997,1.09353,5.59819,0.95085,,,,,,,,,
2012-02-09,5.8357,5.13981,0.165374,0.119247,0.801519,1.13539,5.69965,1.02497,,,,,,,,,
2012-02-10,5.93783,5.13868,0.190179,0.134587,0.774894,1.15552,5.20384,1.06025,,,,,,,,,
2012-02-11,5.61213,5.14813,0.110591,0.0826791,0.794746,1.09013,4.92437,0.946536,,,,,,,,,
2012-02-12,5.5191,5.14694,0.0888425,0.0674313,0.821851,1.07231,5.30381,0.914922,,,,,,,,,
2012-02-13,5.34835,5.1023,0.0588273,0.0460059,0.689637,1.04822,4.77034,0.858744,,,,,,,,,
2012-02-14,4.48365,5.05894,-0.137766,-0.128308,0.581746,0.886283,4.56152,0.603742,,,,,,,,,
2012-02-15,4.32552,5.03659,-0.170559,-0.164389,0.544479,0.858819,3.85306,0.562228,,,,,,,,,
2012-02-16,4.25524,5.02205,-0.184234,-0.180203,0.551128,0.847312,3.52722,0.54443,,,,,,,,,
2012-02-17,4.39154,5.01611,-0.150318,-0.142221,0.625796,0.875487,4.16286,0.580045,,,,,,,,,
2012-02-18,4.27008,4.99903,-0.175765,-0.170712,0.683602,0.854181,4.26556,0.548478,,,,,,,,,
2012-02-19,4.38955,4.994,-0.146,-0.137701,0.648404,0.878966,4.48226,0.578805,,,,,,,,,
2012-02-20,4.36514,4.98937,-0.151029,-0.143005,0.570696,0.874886,4.06888,0.572043,,,,,,,,,
2012-02-21,4.31512,4.98306,-0.161859,-0.154791,0.519306,0.865958,3.95722,0.558426,,,,,,,,,
2012-02-22,4.41931,4.97831,-0.135697,-0.126489,0.654664,0.887714,3.43602,0.584065,,,,,,,,,
2012-02-23,5.03952,4.98808,0.0125064,0.0102057,0.778179,1.01031,3.99564,0.757619,,,,,,,,,
2012-02-24,5.02561,4.99086,0.00846436,0.00691525,0.695594,1.00696,4.19069,0.751253,,,,,,,,,
2012-02-25,4.77257,4.99092,-0.0532724,-0.0457508,0.730423,0.956251,4.46396,0.676497,,,,,,,,,
2012-02-26,4.92642,4.99069,-0.015706,-0.013046,0.684601,0.987122,4.60307,0.719722,,,,,,,,,
2012-02-27,4.95252,4.99213,-0.0096956,-0.007998,0.705605,0.992065,4.52126,0.726018,,,,,,,,,
2012-02-28,4.85726,4.99322,-0.0333356,-0.0279909,0.717817,0.972771,4.06045,0.697139,,,,,,,,,
2012-02-29,4.87275,4.95685,-0.0206565,-0.0172586,0.804087,0.983034,3.79725,0.700559,,,,,,,,,
2012-03-01,4.92207,4.95838,-0.00893173,-0.00737575,0.684163,0.992678,3.72852,0.714002,,,,,,,,,
2012-03-02,4.71482,4.94874,-0.0576395,-0.0496138,0.580904,0.952731,3.72831,0.654637,,,,,,,,,
2012-03-03,4.62819,4.94621,-0.0784742,-0.0687135,0.480474,0.935704,3.21002,0.630339,,,,,,,,,
2012-03-04,4.83414,4.94759,-0.0280372,-0.0234677,0.607815,0.97707,2.90541,0.687027,,,,,,,,,
2012-03-05,4.98239,4.94992,0.00803798,0.00651759,0.662237,1.00656,2.5949,0.728969,,,,,,,,,
2012-03-06,4.98784,4.95168,0.00896458,0.00725,0.625601,1.0073,2.69031,0.729984,,,,,,,,,
2012-03-07,4.94911,4.95287,-0.000933709,-0.000759807,0.696721,0.999241,3.0288,0.718086,,,,,,,,,
2012-03-08,4.93498,4.95158,-0.00412811,-0.00336339,0.702642,0.996648,3.41787,0.71337,,,,,,,,,
2012-03-09,4.8723,4.95042,-0.0194638,-0.0160348,0.745742,0.984218,3.87207,0.69467,,,,,,,,,
2012-03-10,4.84142,4.94613,-0.0261301,-0.0216274,0.726543,0.97883,4.04079,0.685235,,,,,,,,,
2012-03-11,4.89203,4.94404,-0.0130002,-0.0106328,0.595427,0.989479,4.12955,0.698913,,,,,,,,,
2012-03-12,4.91084,4.94309,-0.008073,-0.00656652,0.739147,0.993476,4.34392,0.703105,,,,,,,,,
2012-03-13,5.29088,4.95023,0.0854166,0.0643852,0.766144,1.06882,4.14752,0.813802,,,,,,,,,
2012-03-14,5.39054,4.95824,0.108551,0.0801967,0.667307,1.08719,4.26085,0.842491,,,,,,,,,
2012-03-15,5.34082,4.96282,0.0950421,0.0707758,0.583171,1.07617,4.04894,0.825054,,,,,,,,,
2012-03-16,5.33957,4.96835,0.0934809,0.0695239,0.735952,1.07472,4.68085,0.822681,,,,,,,,,
2012-03-17,5.236,4.96494,0.0683692,0.0517688,0.800295,1.0546,5.2263,0.789182,,,,,,,,,
2012-03-18,5.27015,4.96459,0.0771919,0.0579796,0.756723,1.06155,5.03579,0.797286,,,,,,,,,
2012-03-19,4.67867,4.9531,-0.069435,-0.0586548,0.59958,0.944595,4.47056,0.62701,,,,,,,,,
2012-03-20,4.83083,4.95045,-0.0303152,-0.0247614,0.691555,0.975837,4.33963,0.667061,,,,,,,,,
2012-03-21,4.81723,4.93963,-0.0310721,-0.0254098,0.679879,0.97522,4.77766,0.661872,,,,,,,,,
2012-03-22,4.72961,4.93338,-0.0518119,-0.0430846,0.666512,0.958695,5.21844,0.636596,,,,,,,,,
2012-03-23,4.69164,4.933,-0.0614566,-0.0514434,0.526665,0.951074,5.02164,0.624814,,,,,,,,,
2012-03-24,4.65199,4.92646,-0.070016,-0.0590019,0.761291,0.944285,4.98867,0.612434,,,,,,,,,
2012-03-25,4.55227,4.9206,-0.0941128,-0.0809117,0.634733,0.925145,5.11859,0.58488,,,,,,,,,
2012-03-26,4.63272,4.91756,-0.0728959,-0.0614841,0.620386,0.942077,4.72914,0.603843,,,,,,,,,
2012-03-27,4.81134,4.91775,-0.0272759,-0.0221163,0.664644,0.978362,4.75172,0.6482,,,,,,,,,
2012-03-28,4.79059,4.91772,-0.0326382,-0.0265373,0.635416,0.974149,4.66469,0.639415,,,,,,,,,
2012-03-29,4.79407,4.91459,-0.0309887,-0.0251397,0.596925,0.975477,4.68811,0.637819,,,,,,,,,
2012-03-30,4.86141,4.84297,0.0047496,0.00379378,0.660175,1.00381,4.54481,0.653366,,,,,,,,,
2012-03-31,4.88978,4.84388,0.0118383,0.00938551,0.731788,1.00947,4.95579,0.65832,,,,,,,,,
2012-04-01,4.79333,4.84259,-0.0127275,-0.0102779,0.598422,0.989827,5.14307,0.62998,,,,,,,,,
2012-04-02,4.98305,4.84474,0.0357773,0.0277546,0.50766,1.02855,5.59854,0.677408,,,,,,,,,
2012-04-03,4.95623,4.82984,0.0327442,0.0255026,0.578178,1.02617,5.69248,0.66676,,,,,,,,,
2012-04-04,4.91784,4.82999,0.022793,0.0178646,0.590195,1.01819,5.69091,0.653151,,,,,,,,,
2012-04-05,4.92085,4.83123,0.0232819,0.0182123,0.50378,1.01855,5.50952,0.650944,,,,,,,,,
2012-04-06,4.94911,4.83391,0.029971,0.0232774,0.58816,1.02383,5.2067,0.655573,,,,,,,,,
2012-04-07,4.70971,4.83093,-0.0315802,-0.0257369,0.530288,0.974909,4.67651,0.591564,,,,,,,,,
2012-04-08,4.77882,4.83036,-0.01345,-0.0107861,0.624762,0.989329,4.21135,0.60655,,,,,,,,,
2012-04-09,4.85255,4.83487,0.00461964,0.00364289,0.616627,1.00366,3.76997,0.622729,,,,,,,,,
2012-04-10,4.84142,4.83369,0.00202238,0.00159603,0.618562,1.0016,3.97046,0.617276,,,,,,,,,
2012-04-11,4.91525,4.83585,0.0208112,0.0161535,0.601571,1.01642,3.50468,0.633473,,,,,,,,,
2012-04-12,4.90116,4.83905,0.0163008,0.0126713,0.53972,1.01283,3.08148,0.627043,,,,,,,,,
2012-04-13,4.93441,4.84086,0.0245875,0.0189584,0.525709,1.01932,2.87541,0.632443,,,,,,,,,
2012-04-14,4.95636,4.84246,0.0299822,0.0229825,0.595952,1.02352,3.2274,0.634948,,,,,,,,,
2012-04-15,4.9616,4.84532,0.0306455,0.0234366,0.458859,1.024,2.44014,0.633066,,,,,,,,,
2012-04-16,4.95076,4.8476,0.027228,0.0208373,0.641028,1.02128,1.81135,0.627128,,,,,,,,,
2012-04-17,4.96874,4.84863,0.0317485,0.0241748,0.578336,1.02477,1.38366,0.628733,,,,,,,,,
2012-04-18,5.12438,4.85367,0.0716468,0.0528268,0.573704,1.05577,1.47884,0.665432,,,,,,,,,
2012-04-19,5.13091,4.85724,0.0725399,0.053337,0.692693,1.05634,1.36803,0.663813,,,,,,,,,
2012-04-20,5.36652,4.86745,0.132476,0.0929966,0.709573,1.10253,1.07941,0.722419,,,,,,,,,
2012-04-21,5.28255,4.86811,0.11017,0.0784541,0.697541,1.08513,0.679028,0.69638,,,,,,,,,
2012-04-22,5.19561,4.87185,0.0861856,0.0623147,0.623087,1.06646,1.14302,0.670181,,,,,,,,,
2012-04-23,5.11089,4.86575,0.0653461,0.0479644,0.590447,1.05038,0.32308,0.645119,,,,,,,,,
2012-04-24,5.08787,4.86585,0.0592655,0.0436373,0.600284,1.04563,-0.0329567,0.635681,,,,,,,,,
2012-04-25,5.14882,4.89084,0.068953,0.0501032,0.558649,1.05275,-0.220059,0.647029,,,,,,,,,
2012-04-26,5.09742,4.88422,0.0570696,0.0418244,0.674313,1.04365,-0.342122,0.63044,,,,,,,,,
2012-04-27,5.09589,4.88428,0.0567206,0.0415244,0.586699,1.04332,-0.578052,0.626326,,,,,,,,,
2012-04-28,4.97074,4.88158,0.0239346,0.0179367,0.644077,1.01826,-0.586774,0.592434,,,,,,,,,
2012-04-29,4.90261,4.87025,0.00870005,0.0065996,0.747712,1.00664,-0.470954,0.573068,,,,,,,,,
2012-04-30,4.94212,4.86675,0.0202993,0.0152503,0.753156,1.01549,-1.02586,0.578958,,,,,,,,,
2012-05-01,4.98714,4.86693,0.0324269,0.0241036,0.721438,1.0247,-1.10349,0.586067,,,,,,,,,
2012-05-02,5.05344,4.86765,0.050191,0.0367653,0.644876,1.03817,-0.965994,0.598042,,,,,,,,,
2012-05-03,5.11887,4.86941,0.0674902,0.0487333,0.6835,1.05123,-0.895795,0.609624,,,,,,,,,
2012-05-04,5.08551,4.86958,0.0585064,0.0424597,0.696205,1.04434,-0.789723,0.596794,,,,,,,,,
2012-05-05,5.05664,4.86964,0.0507459,0.0369811,0.717899,1.0384,-0.230009,0.585057,,,,,,,,,
2012-05-06,5.0478,4.85787,0.0516194,0.0376264,0.703691,1.0391,0.0289062,0.577844,,,,,,,,,
2012-05-07,5.06756,4.8579,0.0570673,0.0413712,0.732258,1.04316,0.540147,0.577379,,,,,,,,,
2012-05-08,5.02347,4.85652,0.0455142,0.0332326,0.751551,1.03438,0.750461,0.562778,,,,,,,,,
2012-05-09,5.04131,4.85731,0.0502387,0.0364968,0.711694,1.03788,1.03769,0.562759,,,,,,,,,
2012-05-10,4.92749,4.85554,0.0196709,0.0146008,0.541085,1.01482,0.644875,0.533875,,,,,,,,,
2012-05-11,4.96371,4.85323,0.0302505,0.0222584,0.604725,1.02277,0.917518,0.537352,,,,,,,,,
2012-05-12,4.94653,4.86619,0.0220263,0.0162418,0.540747,1.01651,1.29572,0.529593,,,,,,,,,
2012-05-13,4.9448,4.86101,0.0230019,0.0169436,0.592626,1.01724,1.7228,0.525189,,,,,,,,,
2012-05-14,5.01144,4.85921,0.0418505,0.0303762,0.597481,1.03133,1.59584,0.535542,,,,,,,,,
2012-05-15,5.03364,4.85916,0.0480309,0.0346628,0.562982,1.03591,2.43739,0.5365,,,,,,,,,
2012-05-16,5.08778,4.85557,0.0640035,0.0456412,0.531207,1.04782,2.38069,0.544538,,,,,,,,,
2012-05-17,5.08966,4.8494,0.0663043,0.0472067,0.511084,1.04955,2.49414,0.541149,,,,,,,,,
2012-05-18,5.1183,4.84127,0.0765548,0.0541253,0.643116,1.05722,2.88704,0.543442,,,,,,,,,
2012-05-19,5.11255,4.84148,0.0750112,0.0530196,0.660858,1.05599,2.90129,0.538368,,,,,,,,,
2012-05-20,5.0942,4.82267,0.0752401,0.0533016,0.610796,1.0563,2.82804,0.530796,,,,,,,,,
2012-05-21,5.09422,4.80916,0.0790892,0.0559571,0.559082,1.05927,2.60874,0.52704,,,,,,,,,
2012-05-22,5.08914,4.80695,0.078388,0.0554494,0.511517,1.0587,2.21913,0.522227,,,,,,,,,
2012-05-23,5.12886,4.80879,0.0890231,0.0624047,0.584915,1.06656,2.77022,0.526477,,,,,,,,,
2012-05-24,5.11916,4.79554,0.0901246,0.0632174,0.564054,1.06748,2.8577,0.52059,,,,,,,,,
2012-05-25,5.13728,4.7964,0.0950471,0.0663537,0.550567,1.07107,2.99543,0.520427,,,,,,,,,
2012-05-26,5.10398,4.78265,0.0897164,0.062956,0.643023,1.06719,2.78254,0.509977,,,,,,,,,
2012-05-27,5.13462,4.78435,0.0979361,0.0682162,0.725169,1.07321,3.25493,0.512244,,,,,,,,,
2012-05-28,5.13633,4.78449,0.0985079,0.0685001,0.649087,1.07354,3.20171,0.508683,,,,,,,,,
2012-05-29,5.14847,4.78475,0.101961,0.0706461,0.578304,1.07602,2.56388,0.507378,,,,,,,,,
2012-05-30,5.13826,4.78454,0.0992844,0.0688406,0.600993,1.07393,2.17283,0.501668,,,,,,,,,
2012-05-31,5.18164,4.76254,0.117788,0.0808819,0.640165,1.088,1.71731,0.506386,,,,,,,,,
2012-06-01,5.26694,4.76634,0.140886,0.0950464,0.718891,1.10503,1.5496,0.518507,,,,,,,,,
2012-06-02,5.24364,4.76768,0.134137,0.0907683,0.757184,1.09983,1.52494,0.509446,,,,,,,,,
2012-06-03,5.2127,4.76798,0.125508,0.0853163,0.725716,1.09327,1.38091,0.499308,,,,,,,,,
2012-06-04,5.25877,4.76962,0.138231,0.093015,0.746586,1.10255,0.890464,0.503688,,,,,,,,,
2012-06-05,5.42601,4.77539,0.1841,0.119907,0.737026,1.13624,0.602279,0.531212,,,,,,,,,
2012-06-06,5.44617,4.77936,0.188929,0.122437,0.776082,1.13952,0.170207,0.530266,,,,,,,,,
2012-06-07,5.58717,4.78624,0.227202,0.143352,0.731902,1.16734,-0.307923,0.552898,,,,,,,,,
2012-06-08,5.62253,4.79214,0.235838,0.147689,0.758091,1.17328,-0.849133,0.554802,,,,,,,,,
2012-06-09,5.557,4.79438,0.21689,0.137236,0.919299,1.15907,-0.394754,0.537077,,,,,,,,,
2012-06-10,5.45789,4.7949,0.188815,0.121475,0.883082,1.13827,-0.419344,0.513492,,,,,,,,,
2012-06-11,5.587,4.80155,0.223955,0.140585,0.769806,1.16358,-0.543878,0.533358,,,,,,,,,
2012-06-12,5.72749,4.80992,0.261953,0.160205,0.887835,1.19077,-0.858885,0.555607,,,,,,,,,
2012-06-13,5.9093,4.81874,0.311697,0.184549,0.890166,1.22632,-1.0369,0.586138,,,,,,,,,
2012-06-14,5.96202,4.82238,0.326107,0.19115,0.945743,1.23632,-1.27899,0.591277,,,,,,,,,
2012-06-15,6.52338,4.84848,0.479749,0.256754,1.06116,1.34545,-0.787171,0.701272,,,,,,,,,
2012-06-16,6.44416,4.85799,0.454788,0.24614,1.03391,1.32651,-0.374643,0.678292,,,,,,,,,
2012-06-17,6.19997,4.86342,0.38365,0.215573,1.05258,1.27482,-0.64072,0.622659,,,,,,,,,
2012-06-18,6.31084,4.86857,0.414476,0.228539,1.15242,1.29624,-0.580921,0.639853,,,,,,,,,
2012-06-19,6.49483,4.87573,0.465726,0.24929,1.00529,1.33207,-0.599967,0.672087,,,,,,,,,
2012-06-20,6.69355,4.88051,0.521954,0.270864,1.03225,1.37149,-0.299993,0.707468,,,,,,,,,
2012-06-21,6.67226,4.88784,0.514128,0.267439,0.975465,1.36507,0.102905,0.696728,,,,,,,,,
2012-06-22,6.56376,4.89539,0.481105,0.25418,0.983262,1.34081,0.107302,0.668384,,,,,,,,,
2012-06-23,6.44754,4.89969,0.446812,0.240068,1.1572,1.31591,0.650334,0.639533,,,,,,,,,
2012-06-24,6.35049,4.90024,0.419014,0.228369,0.915024,1.29596,0.939718,0.615247,,,,,,,,,
2012-06-25,6.31747,4.90048,0.409826,0.224298,1.07483,1.28916,1.34766,0.603808,,,,,,,,,
2012-06-26,6.43286,4.90885,0.4412,0.236911,1.06496,1.31046,1.04526,0.620775,,,,,,,,,
2012-06-27,6.61571,4.9172,0.49219,0.256739,1.20414,1.34542,1.44975,0.651051,,,,,,,,,
2012-06-28,6.59006,4.92191,0.483797,0.253132,1.01434,1.33892,2.18734,0.640783,,,,,,,,,
2012-06-29,6.65878,4.92715,0.502635,0.260052,1.09941,1.35145,2.92262,0.648825,,,,,,,,,
2012-06-30,6.68043,4.93098,0.508197,0.261876,1.00277,1.35479,3.24386,0.647716,,,,,,,,,
2012-07-01,6.62686,4.93365,0.492275,0.255507,1.07565,1.3432,3.15445,0.632107,,,,,,,,,
2012-07-02,6.74348,4.94156,0.524326,0.267208,1.17728,1.36464,3.08031,0.649139,,,,,,,,,
2012-07-03,6.44999,4.93954,0.439956,0.234179,1.19027,1.30579,3.29697,0.589095,,,,,,,,,
2012-07-04,6.51484,4.9451,0.457647,0.240948,1.13004,1.31743,3.43213,0.596128,,,,,,,,,
2012-07-05,6.6424,4.95001,0.493822,0.254785,1.11084,1.3419,3.65163,0.614623,,,,,,,,,
2012-07-06,6.67218,4.9553,0.501413,0.257319,1.20453,1.34647,3.9321,0.615357,,,,,,,,,
2012-07-07,6.80827,4.95271,0.5424,0.272545,1.3215,1.37466,4.71658,0.636069,,,,,,,,,
2012-07-08,6.79632,4.95962,0.53733,0.270249,1.22019,1.37033,5.33312,0.629196,,,,,,,,,
2012-07-09,7.0324,4.97029,0.603744,0.293229,1.34881,1.41489,5.08764,0.668636,,,,,,,,,
2012-07-10,7.17858,4.92646,0.659805,0.313728,1.27183,1.45715,4.97901,0.691481,,,,,,,,,
2012-07-11,7.18515,4.93794,0.658734,0.312758,1.14095,1.45509,5.06565,0.687535,,,,,,,,,
2012-07-12,7.55594,4.95315,0.763323,0.344469,1.34982,1.52548,5.13696,0.754691,,,,,,,,,
2012-07-13,7.63092,4.97147,0.780334,0.34851,1.48511,1.53494,5.47307,0.763787,,,,,,,,,
2012-07-14,7.58013,4.93835,0.77555,0.348514,1.46198,1.53495,5.54287,0.747936,,,,,,,,,
2012-07-15,7.62723,4.94464,0.787834,0.351713,1.28376,1.54253,5.19979,0.751598,,,,,,,,,
2012-07-16,8.49341,4.98535,1.03022,0.413033,1.53662,1.70367,4.97389,0.924496,,,,,,,,,
2012-07-17,8.75198,5.04867,1.08748,0.42314,1.82052,1.73352,5.23299,0.973758,0.545143,,,,,,,,
2012-07-18,9.09519,5.07922,1.17883,0.441549,1.70805,1.79067,5.17785,1.04345,0.565259,,,,,,,,
2012-07-19,8.87953,5.10333,1.10807,0.425271,1.45644,1.73995,5.34604,0.987513,0.550694,,,,,,,,
2012-07-20,8.53245,5.10791,1.00483,0.401355,1.5384,1.67044,5.47267,0.905474,0.528156,,,,,,,,
2012-07-21,8.87565,5.1284,1.09918,0.422195,1.52876,1.73069,5.40175,0.972447,0.548259,,,,,,,,
2012-07-22,8.50656,5.13302,0.989569,0.396582,1.61434,1.65722,5.63151,0.887366,0.524475,,,,,,,,
2012-07-23,8.53121,5.1403,0.994582,0.397471,1.47834,1.65967,5.00729,0.887546,0.525008,,,,,,,,
2012-07-24,8.57459,5.15036,1.00435,0.399346,1.70197,1.66485,5.23874,0.891456,0.526682,,,,,,,,
2012-07-25,8.76935,5.16418,1.0573,0.41111,1.73591,1.69811,5.16661,0.927046,0.537582,,,,,,,,
2012-07-26,8.87577,5.18595,1.08198,0.415718,1.86158,1.7115,5.49637,0.944367,0.543009,,,,,,,,
2012-07-27,8.89146,5.19913,1.08261,0.415267,1.96759,1.71018,5.42816,0.941831,0.542875,,,,,,,,
2012-07-28,8.84256,5.21022,1.06482,0.410779,1.6869,1.69716,5.48175,0.925924,0.538824,,,,,,,,
2012-07-29,8.74768,5.22239,1.03338,0.402997,1.81435,1.67503,5.53628,0.90103,0.532022,,,,,,,,
2012-07-30,9.08832,5.23799,1.12841,0.423657,2.00363,1.73508,6.1764,0.9668,0.551594,,,,,,,,
2012-07-31,9.321,5.26537,1.18785,0.435107,1.52274,1.77025,6.27037,1.01054,0.564489,,,,,,,,
2012-08-01,9.56802,5.28821,1.25258,0.447303,1.61452,1.80931,6.2796,1.05822,0.578132,,,,,,,,
2012-08-02,10.551,5.3506,1.52002,0.492884,2.19014,1.97194,6.41262,1.27851,0.635815,,,,,,,,
2012-08-03,10.9159,5.38782,1.61316,0.506423,2.22177,2.02603,6.71902,1.35905,0.655942,,,,,,,,
2012-08-04,10.9197,5.41696,1.60316,0.503928,2.13772,2.01584,6.97745,1.34944,0.65433,,,,,,,,
2012-08-05,10.8051,5.4418,1.56003,0.496368,1.88056,1.98558,6.85842,1.31141,0.645685,,,,,,,,
2012-08-06,10.8694,5.46413,1.56968,0.497294,1.90242,1.98924,6.36481,1.31759,0.647738,,,,,,,,
2012-08-07,10.9413,5.47947,1.58362,0.499193,2.23763,1.99678,6.45223,1.32567,0.650212,,,,,,,,
2012-08-08,11.0704,5.51341,1.60859,0.501968,2.28847,2.0079,6.6569,1.34719,0.656039,,,,,,,,
2012-08-09,11.1037,5.53329,1.60987,0.501673,2.34779,2.00671,7.1315,1.34549,0.65617,,,,,,,,
2012-08-10,11.4476,5.55635,1.69923,0.514626,2.21743,2.06027,7.51309,1.41961,0.674513,,,,,,,,
2012-08-11,11.5425,5.57504,1.71785,0.517,2.40209,2.07039,7.85299,1.43249,0.678109,,,,,,,,
2012-08-12,11.5926,5.59003,1.72443,0.517791,2.27906,2.07379,7.82687,1.43358,0.679043,,,,,,,,
2012-08-13,11.985,5.62372,1.82319,0.530768,2.36709,2.13114,7.97794,1.51938,0.699873,,,,,,,,
2012-08-14,12.1871,5.65665,1.86697,0.535849,2.35807,2.15447,8.55626,1.55763,0.709452,,,,,,,,
2012-08-15,13.1701,5.70593,2.12668,0.566751,2.70524,2.30814,9.00925,1.80337,0.764034,,,,,,,,
2012-08-16,13.4508,5.75871,2.18352,0.571868,2.54286,2.33573,8.8425,1.86422,0.777575,,,,,,,,
2012-08-17,12.077,5.78991,1.7804,0.520584,2.04523,2.08587,8.83422,1.49037,0.69604,,,,,,,,
2012-08-18,11.5775,5.8607,1.61585,0.493786,2.14375,1.97545,9.12957,1.35858,0.665359,,,,,,,,
2012-08-19,7.83062,5.72888,0.594453,0.2684,1.74949,1.36687,9.51864,0.61799,0.449512,,,,,,,,
2012-08-20,9.97988,5.80677,1.17966,0.418152,2.13224,1.71866,9.95008,0.996908,0.571643,,,,,,,,
2012-08-21,9.90298,5.81075,1.15621,0.413232,2.10459,1.70425,10.0896,0.974805,0.566032,,,,,,,,
2012-08-22,9.77255,5.81929,1.11639,0.404527,1.87384,1.67934,10.6115,0.942741,0.557427,,,,,,,,
2012-08-23,10.0887,5.83212,1.20125,0.421913,2.04463,1.72984,10.4569,0.997434,0.574202,,,,,,,,
2012-08-24,10.594,5.85973,1.33464,0.446885,1.92403,1.80794,10.3834,1.09144,0.601532,,,,,,,,
2012-08-25,10.5837,5.87597,1.32566,0.444808,1.79067,1.80118,10.1262,1.08115,0.599524,,,,,,,,
2012-08-26,10.5455,5.8855,1.3111,0.441897,2.30781,1.79178,10.3358,1.06531,0.595971,,,,,,,,
2012-08-27,10.9004,5.95033,1.3909,0.454117,1.92892,1.8319,10.3751,1.12969,0.61451,,,,,,,,
2012-08-28,10.933,5.97296,1.39194,0.453674,2.01195,1.83041,10.3148,1.12804,0.614831,,,,,,,,
2012-08-29,10.8678,5.98126,1.36978,0.449634,2.22112,1.81697,9.94309,1.1061,0.609687,,,,,,,,
2012-08-30,10.7277,5.984,1.32833,0.442194,2.00724,1.79274,10.3621,1.06951,0.600417,,,,,,,,
2012-08-31,10.1024,6.0311,1.13922,0.403004,1.71638,1.67505,10.6283,0.94132,0.564239,,,,,,,,
2012-09-01,10.0065,6.02475,1.11357,0.397918,1.95338,1.6609,10.5475,0.915827,0.557748,,,,,,,,
2012-09-02,10.2261,6.03234,1.17209,0.410105,2.03039,1.69522,10.4783,0.948207,0.568784,,,,,,,,
2012-09-03,10.4971,6.04267,1.24387,0.42435,1.99162,1.73717,10.4065,0.990301,0.582568,,,,,,,,
2012-09-04,10.364,6.05341,1.20275,0.41592,1.91372,1.71209,10.7593,0.957024,0.573947,,,,,,,,
2012-09-05,11.0255,6.0824,1.37772,0.448334,2.38764,1.81269,11.4986,1.07328,0.609122,,,,,,,,
2012-09-06,11.1608,6.09994,1.40879,0.453448,2.28903,1.82965,11.5438,1.0899,0.615097,,,,,,,,
2012-09-07,11.0761,6.10743,1.38152,0.448595,2.22451,1.81355,11.7593,1.06381,0.608977,,,,,,,,
2012-09-08,11.0433,6.11734,1.36792,0.446057,1.90906,1.80524,11.4872,1.04798,0.60574,,,,,,,,
2012-09-09,11.0621,6.13377,1.36697,0.445514,2.08926,1.80347,11.5139,1.04221,0.605346,,,,,,,,
2012-09-10,11.1253,6.22804,1.35664,0.44019,1.97623,1.78632,11.347,1.04544,0.607366,,,,,,,,
2012-09-11,11.2681,6.24062,1.3908,0.446169,1.92972,1.8056,11.2995,1.06351,0.613684,,,,,,,,
2012-09-12,11.3153,6.25517,1.39795,0.447193,2.06523,1.80895,11.2173,1.0632,0.614772,,,,,,,,
2012-09-13,11.3803,6.26622,1.41074,0.44938,1.73836,1.81613,10.7107,1.06633,0.61681,,,,,,,,
2012-09-14,11.7301,6.28577,1.49946,0.464134,2.22468,1.86614,10.4641,1.12314,0.634161,,,,,,,,
2012-09-15,11.7184,6.30587,1.48824,0.461883,1.9685,1.85833,10.5323,1.11116,0.631937,,,,,,,,
2012-09-16,11.8869,6.32667,1.52629,0.467761,2.22349,1.87886,11.0238,1.13336,0.639386,,,,,,,,
2012-09-17,11.9083,6.34434,1.52481,0.467235,2.31569,1.877,11.122,1.12755,0.638904,,,,,,,,
2012-09-18,12.2597,6.3719,1.61048,0.480255,2.35975,1.92402,10.6976,1.18425,0.656007,,,,,,,,
2012-09-19,12.5049,6.40834,1.6639,0.487532,2.02643,1.95134,10.0962,1.22071,0.667305,,,,,,,,
2012-09-20,12.3672,6.44761,1.61236,0.478651,2.15327,1.9181,9.87356,1.18327,0.658201,,,,,,,,
2012-09-21,12.3337,6.47013,1.59409,0.475409,2.3781,1.90625,10.0651,1.16651,0.654685,,,,,,,,
2012-09-22,12.2137,6.48318,1.5551,0.469189,2.17973,1.88391,10.1204,1.13394,0.646643,,,,,,,,
2012-09-23,12.1655,6.49263,1.53672,0.466307,2.17669,1.87374,10.5136,1.11514,0.642442,,,,,,,,
2012-09-24,12.1136,6.50612,1.51638,0.462907,2.09154,1.86188,10.8284,1.09598,0.638089,,,,,,,,
2012-09-25,12.1824,6.52333,1.52754,0.464529,1.90483,1.86751,10.1543,1.09867,0.640088,,,,,,,,
2012-09-26,12.3198,6.54153,1.55673,0.469023,1.93378,1.88332,10.0075,1.11358,0.645647,,,,,,,,
2012-09-27,12.3188,6.55982,1.54875,0.467493,2.21493,1.87791,10.0904,1.10352,0.643944,,,,,,,,
2012-09-28,12.3815,6.58867,1.555,0.46786,2.17568,1.8792,9.93931,1.10489,0.645566,,,,,,,,
2012-09-29,12.4048,6.60607,1.55382,0.467457,2.30749,1.87778,9.82031,1.09962,0.645129,,,,,,,,
2012-09-30,12.3916,6.6184,1.54423,0.465897,2.17332,1.8723,9.93719,1.08808,0.642812,,,,,,,,
2012-10-01,12.3894,6.6293,1.53777,0.464921,1.78479,1.86888,9.59798,1.0785,0.641076,,,,,,,,
2012-10-02,12.8072,6.65931,1.63782,0.480036,2.04919,1.92321,9.33593,1.14255,0.660946,,,,,,,,
2012-10-03,12.9554,6.68864,1.66567,0.48372,1.88173,1.93693,9.11363,1.15891,0.666806,,,,,,,,
2012-10-04,12.8624,6.70812,1.63216,0.47847,1.83476,1.91744,8.79687,1.1324,0.660275,,,,,,,,
2012-10-05,12.7522,6.71517,1.59777,0.473412,1.88214,1.89902,7.99282,1.10281,0.652928,,,,,,,,
2012-10-06,12.5051,6.7189,1.52868,0.462709,2.09512,1.86119,7.74766,1.05097,0.638682,,,,,,,,
2012-10-07,11.874,6.71334,1.36143,0.434619,1.59955,1.76872,6.95342,0.93929,0.60507,,,,,,,,
2012-10-08,11.7333,6.72423,1.32002,0.426912,2.24042,1.74493,7.34983,0.909136,0.59658,,,,,,,,
2012-10-09,11.8287,6.7227,1.34378,0.43166,1.7956,1.75951,6.87719,0.915808,0.600085,,,,,,,,
2012-10-10,12.1092,6.73306,1.41283,0.443971,1.92075,1.79847,6.79993,0.951134,0.612895,,,,,,,,
2012-10-11,12.0676,6.7387,1.39836,0.441585,1.76683,1.79078,6.68227,0.936032,0.609391,,,,,,,,
2012-10-12,12.0281,6.74452,1.38458,0.439268,1.89371,1.78338,6.53264,0.921575,0.606023,,,,,,,,
2012-10-13,11.9268,6.74674,1.35571,0.434321,1.85865,1.76779,6.89432,0.898206,0.599588,,,,,,,,
2012-10-14,11.6506,6.74907,1.28127,0.420709,1.55365,1.72625,6.40217,0.849678,0.584465,,,,,,,,
2012-10-15,11.9083,6.7592,1.34444,0.432397,2.10362,1.76179,6.67077,0.879927,0.596087,,,,,,,,
2012-10-16,11.848,6.76722,1.32506,0.428831,1.9112,1.7508,6.25673,0.863511,0.591791,,,,,,,,
2012-10-17,11.9194,6.78718,1.33677,0.430576,1.75444,1.75616,5.67689,0.866393,0.594065,,,,,,,,
2012-10-18,11.9259,6.79642,1.33449,0.430114,1.93218,1.75474,5.58318,0.859764,0.593108,,,,,,,,
2012-10-19,11.7575,6.80009,1.2882,0.421637,1.63189,1.72902,5.69587,0.828566,0.583508,,,,,,,,
2012-10-20,11.6944,6.80173,1.2701,0.418376,1.89147,1.71932,5.64697,0.812752,0.579181,,,,,,,,
2012-10-21,11.6574,6.82205,1.25402,0.414788,1.91288,1.70878,5.09317,0.800764,0.576175,,,,,,,,
2012-10-22,11.7411,6.82724,1.27307,0.418517,1.87089,1.71974,4.85098,0.805378,0.579119,,,,,,,,
2012-10-23,11.7078,6.83177,1.26185,0.416476,1.53961,1.71373,4.12606,0.79403,0.576305,,,,,,,,
2012-10-24,11.6344,6.83981,1.23964,0.412102,1.89854,1.70098,3.93105,0.77729,0.571548,,,,,,,,
2012-10-25,10.7536,6.83008,1.01395,0.364859,1.54384,1.57445,4.24197,0.658603,0.527396,,,,,,,,
2012-10-26,10.1306,6.81334,0.857217,0.327451,1.67187,1.48688,4.44461,0.579915,0.496129,,,,,,,,
2012-10-27,10.4582,6.80809,0.943056,0.349018,1.82305,1.53614,4.35398,0.613072,0.511377,,,,,,,,
2012-10-28,10.71,6.81109,1.00698,0.364041,1.76431,1.57243,4.39462,0.637769,0.522833,,,,,,,,
2012-10-29,10.6307,6.81281,0.985746,0.35914,1.66091,1.5604,3.99513,0.623324,0.518137,,,,,,,,
2012-10-30,10.8593,6.81753,1.043,0.372196,1.53088,1.59285,3.60887,0.645153,0.528395,,,,,,,,
2012-10-31,11.1461,6.83181,1.11256,0.387066,1.57748,1.6315,4.04522,0.6741,0.541393,,,,,,,,
2012-11-01,10.6135,6.82162,0.977453,0.357272,1.42544,1.55587,4.1,0.606366,0.514721,,,,,,,,
2012-11-02,10.5305,6.81449,0.957564,0.352881,1.47184,1.54531,4.25867,0.592189,0.509917,,,,,,,,
2012-11-03,10.6507,6.81699,0.98753,0.359952,1.51543,1.56238,4.44936,0.600973,0.514936,,,,,,,,
2012-11-04,10.7969,6.82875,1.02174,0.367526,1.64642,1.58109,4.91145,0.61272,0.521166,,,,,,,,
2012-11-05,10.7408,6.83146,1.00625,0.363972,1.66345,1.57226,4.92638,0.601625,0.517645,,,,,,,,
2012-11-06,10.8682,6.83655,1.03717,0.370958,1.41617,1.58972,5.43019,0.611259,0.522941,,,,,,,,
2012-11-07,10.9541,6.84588,1.05638,0.37504,1.65444,1.6001,4.74491,0.616131,0.526215,,,,,,,,
2012-11-08,10.8927,6.84986,1.0391,0.371152,1.60861,1.59021,4.98827,0.604474,0.522428,,,,,,,,
2012-11-09,10.8159,6.85224,1.01833,0.366464,1.57139,1.57844,4.95587,0.591285,0.517932,,,,,,,,
2012-11-10,10.8633,6.85562,1.02916,0.368917,1.49053,1.58458,5.02618,0.591758,0.519384,,,,,,,,
2012-11-11,10.8418,6.86081,1.02188,0.367191,1.514,1.58026,4.98817,0.584805,0.517554,,,,,,,,
2012-11-12,11.0313,6.87357,1.0666,0.376906,1.37958,1.60489,4.55187,0.600599,0.525751,,,,,,,,
2012-11-13,10.998,6.8821,1.05529,0.374241,1.45416,1.59806,5.0276,0.592223,0.523328,,,,,,,,
2012-11-14,10.959,6.88685,1.04354,0.371578,1.47553,1.59129,4.41946,0.583285,0.520651,,,,,,,,
2012-11-15,11.1751,6.89798,1.09537,0.382737,1.42665,1.62006,4.21435,0.601534,0.530052,,,,,,,,
2012-11-16,11.705,6.92722,1.22252,0.408185,1.58756,1.68972,4.45714,0.654388,0.554187,,,,,,,,
2012-11-17,11.75,6.93855,1.22999,0.409488,1.53334,1.69344,4.29735,0.653902,0.555311,,,,,,,,
2012-11-18,11.6656,6.9493,1.20464,0.404293,1.58178,1.67868,4.44358,0.639206,0.550346,,,,,,,,
2012-11-19,11.7505,6.96107,1.22224,0.407595,1.58764,1.68804,4.27742,0.643195,0.55336,,,,,,,,
2012-11-20,11.6992,6.96802,1.20635,0.4044,1.58569,1.67898,4.2396,0.632322,0.54997,,,,,,,,
2012-11-21,11.7291,6.97816,1.2104,0.405058,1.6378,1.68083,4.21939,0.630295,0.550406,,,,,,,,
2012-11-22,12.292,6.99891,1.34692,0.430612,1.62011,1.75627,4.71213,0.686335,0.575706,,,,,,,,
2012-11-23,12.2803,7.01738,1.33779,0.428566,1.82423,1.74998,4.66451,0.679203,0.574055,,,,,,,,
2012-11-24,12.4132,7.02891,1.367,0.433755,1.70169,1.76602,4.74616,0.688019,0.579138,,,,,,,,
2012-11-25,12.5297,7.0468,1.39024,0.437592,1.65448,1.77807,4.30177,0.694948,0.58342,,,,,,,,
2012-11-26,12.1846,7.06035,1.29799,0.420553,1.72317,1.72578,4.00889,0.651549,0.566298,,,,,,,,
2012-11-27,12.1593,7.06829,1.28822,0.418691,1.61512,1.72026,3.79441,0.643296,0.56408,,,,,,,,
2012-11-28,12.3317,7.08198,1.32684,0.425708,1.54437,1.74127,4.12942,0.655955,0.571,,,,,,,,
2012-11-29,12.4977,7.0932,1.36388,0.432438,0.92665,1.76192,4.39704,0.667877,0.577573,,,,,,,,
2012-11-30,12.5861,7.10914,1.3799,0.435161,0.702331,1.77042,3.87644,0.6715,0.580533,,,,,,,,
2012-12-01,12.5924,7.11682,1.3774,0.434831,0.937407,1.76938,4.15799,0.666361,0.579699,,,,,,,,
2012-12-02,12.4979,7.12129,1.35045,0.430203,0.795761,1.75501,3.97796,0.650794,0.574262,,,,,,,,
2012-12-03,12.657,7.13471,1.3848,0.436301,0.827324,1.774,3.75914,0.661717,0.580445,,,,,,,,
2012-12-04,13.3696,7.19669,1.54469,0.461712,0.665355,1.85774,2.94413,0.731799,0.611823,,,,,,,,
2012-12-05,13.3128,7.22362,1.52063,0.457391,0.721163,1.84295,2.38051,0.719186,0.607943,,,,,,,,
2012-12-06,13.4779,7.24145,1.55418,0.462718,0.81886,1.86122,2.23782,0.730581,0.614172,,,,,,,,
2012-12-07,13.4773,7.26774,1.54425,0.460742,0.770298,1.8544,2.07162,0.724011,0.612839,,,,,,,,
2012-12-08,13.5,7.27707,1.54439,0.460957,0.824433,1.85514,1.69028,0.71998,0.612571,,,,,,,,
2012-12-09,13.3465,7.28968,1.50022,0.453814,0.743467,1.83088,1.28977,0.697503,0.604355,,,,,,,,
2012-12-10,13.4923,7.30447,1.52959,0.458617,0.852018,1.84712,1.14507,0.706496,0.609674,,,,,,,,
2012-12-11,13.6154,7.3217,1.55258,0.46225,0.864604,1.8596,1.03683,0.713052,0.613935,,,,,,,,
2012-12-12,13.6682,7.34406,1.55681,0.462691,0.782701,1.86112,1.08118,0.712166,0.615007,,,,,,,,
2012-12-13,13.7553,7.37484,1.56731,0.463853,0.792944,1.86516,0.687079,0.714814,0.617601,,,,,,,,
2012-12-14,13.6009,7.38483,1.52378,0.457035,0.633866,1.84174,0.379135,0.692655,0.609399,,,,,,,,
2012-12-15,13.5309,7.38893,1.50264,0.453924,0.689422,1.83125,0.200688,0.679484,0.605018,,,,,,,,
2012-12-16,13.3329,7.39374,1.4503,0.44545,0.649639,1.80326,-0.378797,0.653944,0.594974,,,,,,,,
2012-12-17,13.3201,7.39559,1.44415,0.444779,0.782683,1.80108,-0.411599,0.646994,0.593227,,,,,,,,
2012-12-18,13.272,7.4038,1.42793,0.44215,0.727012,1.7926,-0.925928,0.636794,0.589932,,,,,,,,
2012-12-19,13.5385,7.42193,1.48561,0.451793,0.841597,1.82413,-0.994761,0.656831,0.600564,,,,,,,,
2012-12-20,13.57,7.43541,1.48709,0.452071,0.629485,1.82506,-1.48467,0.654094,0.600747,,,,,,,,
2012-12-21,13.429,7.44462,1.44806,0.44563,0.740001,1.80385,-1.8986,0.635003,0.593332,,,,,,,,
2012-12-22,13.4272,7.44778,1.4444,0.445322,0.897449,1.80285,-2.08367,0.629425,0.592092,,,,,,,,
2012-12-23,13.3181,7.44927,1.41526,0.440666,0.709388,1.78784,-2.75367,0.613996,0.586154,,,,,,,,
2012-12-24,13.4267,7.45295,1.43806,0.444914,0.773515,1.80152,-3.21981,0.61882,0.589786,,,,,,,,
2012-12-25,13.3656,7.45536,1.42036,0.442197,0.723119,1.79275,-3.43676,0.608101,0.585979,,,,,,,,
2012-12-26,13.4547,7.46139,1.43794,0.445443,0.903102,1.80324,-3.5949,0.611058,0.588749,,,,,,,,
2012-12-27,13.3993,7.46543,1.42139,0.44285,0.91021,1.79485,-3.75262,0.600902,0.585209,,,,,,,,
2012-12-28,13.4555,7.47453,1.43039,0.4445,0.988873,1.80018,-4.43016,0.600879,0.586542,,,,,,,,
2012-12-29,13.374,7.47586,1.40833,0.441016,0.836787,1.78896,-5.28475,0.588743,0.581894,,,,,,,,
2012-12-30,13.445,7.48265,1.42144,0.443463,0.968819,1.79683,-4.8906,0.5902,0.583879,,,,,,,,
2012-12-31,13.5456,7.50743,1.43715,0.445765,0.92845,1.80429,-5.68124,0.59422,0.587125,,,,,,,,
2013-01-01,13.3314,7.50922,1.38369,0.436725,0.936249,1.77533,-5.77896,0.571232,0.576779,,,,,,,,
2013-01-02,13.2806,7.51049,1.36932,0.434477,0.880363,1.76828,-6.04093,0.562589,0.573539,,,,,,,,
2013-01-03,13.3841,7.51756,1.39013,0.438321,0.93885,1.78038,-5.23202,0.566924,0.576947,,,,,,,,
2013-01-04,13.4517,7.52879,1.40134,0.44031,0.891134,1.7867,-4.73025,0.56823,0.578793,,,,,,,,
2013-01-05,13.4594,7.53432,1.39968,0.440219,0.822088,1.78641,-5.00417,0.564552,0.57806,,,,,,,,
2013-01-06,13.5045,7.53968,1.40688,0.441691,0.848789,1.79112,-4.79348,0.564095,0.578929,,,,,,,,
2013-01-07,13.5561,7.54754,1.41505,0.443235,0.987222,1.79609,-4.58037,0.564145,0.580068,,,,,,,,
2013-01-08,13.7804,7.56892,1.46034,0.450745,0.794699,1.82065,-4.41018,0.5785,0.588549,,,,,,,,
2013-01-09,13.821,7.57817,1.46519,0.45169,0.779103,1.82379,-4.70421,0.577396,0.589164,,,,,,,,
2013-01-10,14.1232,7.60411,1.52724,0.461587,0.900284,1.85731,-4.73127,0.598134,0.600866,,,,,,,,
2013-01-11,14.2276,7.62155,1.54461,0.464313,0.722225,1.86676,-4.9465,0.602155,0.604112,,,,,,,,
2013-01-12,14.2143,7.6298,1.53663,0.46323,0.752449,1.863,-5.01345,0.596274,0.602358,,,,,,,,
2013-01-13,14.1608,7.64069,1.51881,0.460433,0.817347,1.85334,-4.30454,0.58721,0.598925,,,,,,,,
2013-01-14,14.318,7.65386,1.54949,0.465437,0.975212,1.87069,-3.62667,0.595625,0.604378,,,,,,,,
2013-01-15,14.3136,7.66972,1.54184,0.464167,0.751922,1.86625,-3.15793,0.590644,0.603009,,,,,,,,
2013-01-16,14.7078,7.69472,1.6241,0.476828,0.836315,1.91142,-3.18443,0.61871,0.618345,,,,,,,,
2013-01-17,15.5986,7.75229,1.81221,0.503014,0.751354,2.01213,-3.16332,0.690213,0.654322,,,,,,,,
2013-01-18,15.7158,7.78434,1.82695,0.504681,0.825191,2.0189,-3.43719,0.69491,0.657747,,,,,,,,
2013-01-19,15.5881,7.79953,1.78956,0.499649,1.04107,1.9986,-2.41301,0.677969,0.650954,,,,,,,,
2013-01-20,15.7196,7.81389,1.81171,0.50292,0.886223,2.01175,-2.1097,0.683715,0.654972,,,,,,,,
2013-01-21,16.781,7.87782,2.03362,0.530552,0.960047,2.13016,-2.54309,0.772505,0.697477,,,,,,,,
2013-01-22,17.3002,7.97115,2.12329,0.539245,1.07931,2.17035,-1.83591,0.813922,0.717217,,,,,,,,
2013-01-23,17.5364,8.02364,2.15703,0.542458,0.956763,2.18559,-1.77274,0.829076,0.725126,,,,,,,,
2013-01-24,16.9011,8.04992,2.00063,0.523704,1.14041,2.09954,-1.33499,0.763577,0.697143,,,,,,,,
2013-01-25,17.4072,8.08796,2.099,0.535367,1.0304,2.15224,-1.47134,0.803161,0.716193,,,,,,,,
2013-01-26,17.5536,8.12341,2.11647,0.537224,1.18143,2.16087,-1.31626,0.809892,0.720368,,,,,,,,
2013-01-27,17.8646,8.19178,2.16283,0.541453,1.16238,2.1808,-1.20138,0.831754,0.731216,,,,,,,,
2013-01-28,18.7943,8.26025,2.34512,0.560491,1.18912,2.27527,-0.647931,0.912792,0.767133,,,,,,,,
2013-01-29,19.5147,8.39642,2.46327,0.569739,1.32524,2.32417,-0.985298,0.975664,0.794235,,,,,,,,
2013-01-30,19.7374,8.48712,2.48024,0.569999,1.29587,2.32558,-0.662525,0.989406,0.800955,,,,,,,,
2013-01-31,20.5116,8.60913,2.60992,0.580281,1.69431,2.38255,-0.287832,1.05911,0.829842,,,,,,,,
2013-02-01,20.4431,8.77094,2.54574,0.570958,1.28457,2.33078,-0.175132,1.04333,0.824574,,,,,,,,
2013-02-02,19.6359,8.78536,2.3556,0.552587,1.28252,2.23507,-0.647473,0.95494,0.789748,,,,,,,,
2013-02-03,20.5789,8.83629,2.53601,0.570615,1.63025,2.32891,-0.420391,1.04051,0.825182,,,,,,,,
2013-02-04,20.4405,8.87494,2.48512,0.565816,1.42486,2.30317,0.0191795,1.01829,0.81719,,,,,,,,
2013-02-05,20.6593,8.92434,2.50855,0.568024,1.46331,2.31494,0.396258,1.03159,0.823461,,,,,,,,
2013-02-06,21.2086,8.98144,2.59928,0.576518,1.31096,2.36138,0.216287,1.07822,0.842751,,,,,,,,
2013-02-07,22.1178,9.05278,2.76031,0.590701,1.43911,2.4432,0.60796,1.16251,0.876059,,,,,,,,
2013-02-08,22.7874,9.15333,2.86153,0.598316,1.45085,2.48952,1.12263,1.22313,0.899605,,,,,,,,
2013-02-09,23.7339,9.23391,3.02107,0.610939,1.42816,2.57029,1.11713,1.31497,0.933764,,,,,,,,
2013-02-10,23.9003,9.27902,3.02425,0.611761,1.61518,2.57573,1.87205,1.32165,0.937084,,,,,,,,
2013-02-11,24.4973,9.35165,3.10881,0.618257,1.63092,2.61957,2.49137,1.3761,0.957127,,,,,,,,
2013-02-12,24.9797,9.43715,3.16497,0.622208,1.45051,2.64696,2.29184,1.41794,0.972509,,,,,,,,
2013-02-13,24.6417,9.52727,3.05496,0.613367,1.75432,2.58643,2.02453,1.36743,0.955996,,,,,,,,
2013-02-14,27.2824,9.68381,3.52277,0.645053,1.70938,2.81732,2.3149,1.66025,1.0544,,,,,,,,
2013-02-15,27.1713,9.83083,3.439,0.63819,2.00967,2.76388,2.97858,1.63141,1.04612,,,,,,,,
2013-02-16,27.3462,9.92452,3.42342,0.637078,2.12637,2.75541,4.10329,1.63724,1.04885,,,,,,,,
2013-02-17,26.9273,9.99743,3.29818,0.628725,2.07429,2.69342,5.18418,1.57316,1.02893,,,,,,,,
2013-02-18,26.9289,10.0658,3.25735,0.626207,1.77064,2.67528,4.9439,1.55994,1.02516,,,,,,,,
2013-02-19,29.4136,10.2164,3.66938,0.652664,1.90264,2.87905,5.48191,1.84473,1.11527,,,,,,,,
2013-02-20,29.8198,10.3317,3.68587,0.65353,2.32933,2.88625,6.71515,1.87924,1.12612,,,,,,,,
2013-02-21,29.8181,10.4096,3.63308,0.650895,2.11502,2.86447,7.07074,1.86229,1.12153,,,,,,,,
2013-02-22,30.4727,10.5256,3.6943,0.65459,2.07971,2.89511,7.94369,1.92749,1.14148,,,,,,,,
2013-02-23,29.8065,10.5879,3.52458,0.644777,1.95516,2.81514,8.2047,1.82784,1.11208,,,,,,,,
2013-02-24,29.8828,10.7156,3.48136,0.641413,1.85826,2.78872,9.01793,1.82107,1.1105,,,,,,,,
2013-02-25,30.352,10.9356,3.49249,0.639708,2.45555,2.77552,9.89306,1.86209,1.12341,,,,,,,,
2013-02-26,31.1555,11.0458,3.5803,0.645464,2.04294,2.82058,10.5786,1.94467,1.14844,,,,,,,,
2013-02-27,31.2403,11.0958,3.55077,0.644824,2.37021,2.8155,11.3544,1.93807,1.14687,,,,,,,,
2013-02-28,33.3753,11.3815,3.83187,0.658985,2.19506,2.93242,11.8757,2.1919,1.22001,,,,,,,,
2013-03-01,34.6063,11.5386,3.96926,0.666574,2.05095,2.99917,12.3286,2.33511,1.25946,,,,,,,,
2013-03-02,34.1435,11.604,3.83328,0.660139,1.92277,2.94238,12.1684,2.25272,1.23725,,,,,,,,
2013-03-03,34.4517,11.6646,3.8307,0.661421,2.14394,2.95352,13.0082,2.27381,1.24301,,,,,,,,
2013-03-04,36.3763,11.8108,4.07676,0.675315,2.50304,3.0799,14.0378,2.5127,1.30654,,,,,,,,
2013-03-05,40.673,12.1754,4.65177,0.700652,2.1637,3.34059,13.8356,3.11037,1.45378,,,,,,,,
2013-03-06,43.285,12.6908,4.90278,0.706808,2.5534,3.41073,14.117,3.48615,1.53935,,,,,,,,
2013-03-07,41.9474,12.9283,4.57469,0.691797,2.54058,3.24461,14.2744,3.23424,1.48445,,,,,,,,
2013-03-08,43.9029,13.0923,4.77226,0.70179,2.64398,3.35335,14.9521,3.50323,1.54581,,,,,,,,
2013-03-09,46.8886,13.364,5.09102,0.714984,2.96341,3.50858,15.2557,3.94981,1.64228,,,,,,,,
2013-03-10,46.066,13.4916,4.85791,0.707125,3.13069,3.41442,15.7964,3.76856,1.60513,,,,,,,,
2013-03-11,48.2751,13.6885,5.05856,0.716449,2.92055,3.5267,16.4694,4.09072,1.67319,,,,,,,,
2013-03-12,44.4135,13.8027,4.40879,0.689224,2.20209,3.21775,16.1059,3.42463,1.53164,,,,,,,,
2013-03-13,47.0162,14.0159,4.67307,0.701891,2.6956,3.35448,16.0878,3.79473,1.613,,,,,,,,
2013-03-14,46.9256,14.1735,4.56347,0.697959,3.0463,3.31081,16.9646,3.73772,1.60161,,,,,,,,
2013-03-15,46.9025,14.3292,4.4683,0.69449,2.90617,3.27321,17.4635,3.69279,1.59261,,,,,,,,
2013-03-16,47.157,14.4368,4.42055,0.693856,2.95361,3.26643,17.9675,3.6917,1.59304,,,,,,,,
2013-03-17,47.3335,14.5414,4.36527,0.692788,3.51271,3.25508,18.428,3.67808,1.59082,,,,,,,,
2013-03-18,51.3654,14.8045,4.78304,0.71178,3.43839,3.46957,18.2598,4.28127,1.71706,,,,,,,,
2013-03-19,59.4986,15.4127,5.63335,0.740957,3.53364,3.86036,18.0007,5.67208,1.97736,,,,,,,,
2013-03-20,63.6875,15.8993,5.94986,0.750354,4.64182,4.00567,18.6974,6.41456,2.10382,,,,,,,,
2013-03-21,70.9175,16.7471,6.53745,0.763851,5.27072,4.23461,19.2364,7.84714,2.32777,,,,,,,,
2013-03-22,69.8461,17.2218,6.17418,0.753432,5.38016,4.05568,19.233,7.51146,2.27821,,,,,,,,
2013-03-23,64.3831,17.3693,5.39505,0.73022,4.64474,3.70673,19.5526,6.30043,2.08743,,,,,,,,
2013-03-24,71.6904,17.8088,6.01883,0.751588,4.45651,4.02556,19.7915,7.70969,2.30967,,,,,,,,
2013-03-25,74.3141,18.4687,6.06815,0.751478,3.49053,4.02378,20.1224,8.17513,2.37885,,,,,,,,
2013-03-26,78.6142,18.9397,6.29592,0.75908,3.83611,4.15075,20.5144,9.02516,2.49996,,,,,,,,
2013-03-27,88.8521,19.762,7.03068,0.777585,3.72796,4.4961,19.9358,11.3662,2.80593,,,,,,,,
2013-03-28,87.6732,20.4819,6.61894,0.766384,5.07363,4.28052,20.6788,10.9113,2.74967,,,,,,,,
2013-03-29,90.2957,20.9947,6.60934,0.767489,4.90736,4.30087,20.7776,11.4101,2.81226,,,,,,,,
2013-03-30,92.19,21.6956,6.51375,0.764664,4.92066,4.24925,21.3809,11.7252,2.85121,,,,,,,,
2013-03-31,93.8992,22.0146,6.44059,0.765551,4.83791,4.26532,21.9924,11.9906,2.88369,,,,,,,,
2013-04-01,103.58,23.2626,6.94453,0.775415,6.15405,4.45266,23.05,14.3761,3.15777,,,,,,,,
2013-04-02,116.68,24.5468,7.63423,0.789623,6.23482,4.75337,23.1907,17.966,3.52987,,,,,,,,
2013-04-03,131.385,27.0871,8.22127,0.793834,6.67091,4.85046,22.9624,22.4216,3.94289,,,,,,,,
2013-04-04,133.007,28.0653,7.89708,0.788994,5.85384,4.73921,23.5247,22.6176,3.95955,,,,,,,,
2013-04-05,142.626,30.2638,8.05296,0.78781,6.33418,4.71276,23.7335,25.5899,4.21101,,,,,,,,
2013-04-06,143.082,31.0066,7.68265,0.783295,6.44641,4.61456,24.159,25.3438,4.18983,,,,,,,,
2013-04-07,162.852,32.2505,8.49021,0.801965,7.24235,5.04961,24.4709,32.2913,4.72785,,,,,,,,
2013-04-08,186.351,34.9437,9.2452,0.812485,7.67605,5.3329,24.5728,41.5567,5.36149,,,,,,,,
2013-04-09,230.683,40.8959,10.6523,0.822718,10.4902,5.64074,24.6453,62.52,6.57309,,,,,,,,
2013-04-10,161.193,42.4264,6.43846,0.736797,7.79295,3.79935,25.1488,30.0226,4.5542,,,,,,,,
2013-04-11,82.9016,39.4992,2.33591,0.523542,3.32999,2.09882,25.9253,7.83589,2.32742,,,,,,,,
2013-04-12,111.476,39.2422,3.83258,0.647978,4.78226,2.84073,26.4374,13.9599,3.10701,,,,,,,,
2013-04-13,97.6091,39.0126,3.07757,0.600318,4.00112,2.50199,26.1422,10.5524,2.70203,,,,,,,,
2013-04-14,88.8615,38.7269,2.61231,0.564188,3.30999,2.29457,25.9671,8.6275,2.44397,,,,,,,,
2013-04-15,80.8747,38.2335,2.20828,0.527251,3.20301,2.11529,25.7063,7.053,2.21063,,,,,,,,
2013-04-16,68.2831,37.7057,1.57751,0.447803,2.89836,1.81095,25.1989,4.96644,1.85601,,,,,,,,
2013-04-17,92.864,38.3226,2.79033,0.587325,3.77208,2.42322,25.1382,9.05985,2.50763,,,,,,,,
2013-04-18,108.628,39.0152,3.5191,0.640837,3.75734,2.78425,25.3321,12.2174,2.91276,,,,,,,,
2013-04-19,119.012,39.6699,3.95388,0.666674,3.80048,3.00007,24.6503,14.4459,3.16798,,,,,,,,
2013-04-20,128.208,40.2506,4.31216,0.686053,4.54961,3.18526,24.0508,16.5109,3.38724,,,,,,,,
2013-04-21,118.483,40.6481,3.7661,0.656929,4.74752,2.91485,23.8025,13.8941,3.10775,,,,,,,,
2013-04-22,126.314,41.099,4.06268,0.674629,4.35138,3.07342,23.3639,15.5541,3.28869,,,,,,,,
2013-04-23,142.127,42.0131,4.68525,0.704398,5.30254,3.38292,23.0225,19.384,3.67181,,,,,,,,
2013-04-24,154.133,43.913,5.04961,0.715097,5.46671,3.50997,22.9043,22.4292,3.95032,,,,,,,,
2013-04-25,141.009,44.601,4.34373,0.683701,5.23784,3.16156,22.6929,18.4726,3.58632,,,,,,,,
2013-04-26,137.21,44.864,4.09829,0.673026,5.00233,3.05834,23.2396,17.2129,3.4634,,,,,,,,
2013-04-27,128.227,45.1917,3.63903,0.647564,3.97811,2.8374,22.1593,14.7998,3.21304,,,,,,,,
2013-04-28,134.624,45.4394,3.85583,0.662471,4.96486,2.96271,21.8001,16.0583,3.34829,,,,,,,,
2013-04-29,143.81,46.098,4.16049,0.679453,5.14543,3.11966,21.2704,18.0322,3.54958,,,,,,,,
2013-04-30,139.13,46.3755,3.89546,0.666674,4.21768,3.00007,20.6858,16.6105,3.40839,,,,,,,,
2013-05-01,116.114,46.0682,2.91613,0.603249,3.53599,2.52047,19.6789,11.3963,2.82495,,,,,,,,
2013-05-02,106.341,45.8167,2.50229,0.569153,2.85372,2.32101,18.9493,9.41867,2.57013,,,,,,,,
2013-05-03,96.3168,45.6723,2.08274,0.525812,2.62589,2.10887,18.5211,7.61814,2.31328,,,,,,,,
2013-05-04,112.498,45.8054,2.72177,0.592832,3.52828,2.45599,18.4676,10.2386,2.68375,,,,,,,,
2013-05-05,116.489,46.0005,2.85332,0.605107,3.75574,2.53233,18.3747,10.8135,2.76005,,,,,,,,
2013-05-06,112.119,46.0645,2.65445,0.589145,3.60403,2.43395,17.9445,9.86934,2.6388,,,,,,,,
2013-05-07,111.609,46.1416,2.6124,0.586579,3.59838,2.41884,17.5275,9.63485,2.60941,,,,,,,,
2013-05-08,113.136,46.1856,2.65251,0.59177,3.55092,2.4496,17.3377,9.75258,2.62753,,,,,,,,
2013-05-09,111.975,46.2395,2.58657,0.587053,3.46304,2.42162,16.8051,9.41119,2.58342,,,,,,,,
2013-05-10,117.691,46.2341,2.79046,0.607157,3.78033,2.54554,15.9416,10.2398,2.69706,,,,,,,,
2013-05-11,115.5,46.4451,2.67762,0.597877,3.88666,2.4868,15.642,9.714,2.62927,,,,,,,,
2013-05-12,114.886,46.5254,2.63251,0.595028,3.53631,2.46931,15.1317,9.46672,2.59803,,,,,,,,
2013-05-13,117.404,46.6461,2.70552,0.602689,3.70746,2.51692,15.1994,9.73311,2.63735,,,,,,,,
2013-05-14,107.866,46.5625,2.3307,0.568328,2.99208,2.31658,15.2916,8.08944,2.40766,,,,,,,,
2013-05-15,108.987,46.6739,2.35546,0.571748,2.74891,2.33507,15.0403,8.1324,2.41719,,,,,,,,
2013-05-16,112.918,46.7624,2.48526,0.585872,2.96694,2.41471,14.863,8.59586,2.4882,,,,,,,,
2013-05-17,117.285,46.8968,2.62668,0.600145,3.32375,2.50091,14.6551,9.12939,2.5675,,,,,,,,
2013-05-18,118.17,47.1823,2.63137,0.600725,3.07532,2.50454,14.3284,9.12431,2.56993,,,,,,,,
2013-05-19,117.034,47.2397,2.5706,0.596359,3.16351,2.47745,14.5742,8.81283,2.52868,,,,,,,,
2013-05-20,117.819,47.3284,2.57951,0.598295,2.61639,2.48939,14.193,8.79236,2.5291,,,,,,,,
2013-05-21,117.252,47.3908,2.54062,0.595821,3.02445,2.47415,13.671,8.57232,2.50068,,,,,,,,
2013-05-22,118.978,47.4991,2.58302,0.600775,3.145,2.50485,13.6197,8.68892,2.52105,,,,,,,,
2013-05-23,123.726,47.6766,2.72947,0.61466,3.61398,2.59511,13.4748,9.24856,2.60441,,,,,,,,
2013-05-24,128.971,47.9317,2.88699,0.628353,3.62473,2.69072,13.271,9.88905,2.69667,,,,,,,,
2013-05-25,128.845,48.5342,2.84024,0.623313,3.50353,2.65472,12.9312,9.71298,2.67611,,,,,,,,
2013-05-26,130.159,48.6136,2.8628,0.626505,3.46542,2.67741,12.5342,9.75455,2.68538,,,,,,,,
2013-05-27,126.393,48.7205,2.70873,0.614532,3.60034,2.59425,13.2132,9.05322,2.5906,,,,,,,,
2013-05-28,125.905,48.8293,2.67043,0.612172,3.19353,2.57846,13.0025,8.84161,2.56377,,,,,,,,
2013-05-29,129.565,49.0874,2.76924,0.621136,3.46319,2.63947,12.9613,9.21427,2.62094,,,,,,,,
2013-05-30,126.513,49.2313,2.64252,0.61086,3.56989,2.56977,13.203,8.64659,2.5426,,,,,,,,
2013-05-31,127.816,49.4155,2.66372,0.613387,3.49447,2.58657,13.5278,8.68662,2.55211,,,,,,,,
2013-06-01,128.791,49.5447,2.6755,0.615309,4.23884,2.59949,14.4908,8.68022,2.55486,,,,,,,,
2013-06-02,122.627,49.6418,2.4506,0.595179,3.73475,2.47023,15.1656,7.74658,2.41718,,,,,,,,
2013-06-03,122.949,49.7572,2.44429,0.595303,3.9671,2.47098,15.3491,7.66672,2.40823,,,,,,,,
2013-06-04,120.19,49.8637,2.33683,0.585126,3.83987,2.41037,15.4988,7.21547,2.33953,,,,,,,,
2013-06-05,120.87,50.0278,2.34204,0.586102,3.30777,2.41606,15.7056,7.18673,2.33813,,,,,,,,
2013-06-06,119.054,50.3283,2.26115,0.577265,3.1792,2.36555,16.1481,6.86701,2.28883,,,,,,,,
2013-06-07,110.198,50.2812,1.96367,0.543718,2.60053,2.19163,16.3059,5.79688,2.10606,,,,,,,,
2013-06-08,109.179,50.2791,1.92322,0.539478,2.87554,2.17145,16.9068,5.60667,2.07436,,,,,,,,
2013-06-09,99.9036,50.2367,1.61712,0.497149,2.29862,1.98866,17.1987,4.62778,1.88756,,,,,,,,
2013-06-10,104.358,50.2274,1.75683,0.518699,2.6107,2.0777,17.2168,4.97791,1.96051,,,,,,,,
2013-06-11,107.508,50.3411,1.84904,0.531743,2.76289,2.13558,17.5929,5.20714,2.00807,,,,,,,,
2013-06-12,106.378,50.3382,1.80676,0.5268,3.05949,2.11327,17.7955,5.0257,1.97564,,,,,,,,
2013-06-13,101.324,50.2551,1.6419,0.504016,2.65251,2.01619,18.0832,4.49586,1.87136,,,,,,,,
2013-06-14,99.2132,50.2281,1.57082,0.493736,2.49806,1.97526,18.638,4.25022,1.82238,,,,,,,,
2013-06-15,99.875,50.2425,1.58738,0.496946,2.40293,1.98786,19.0686,4.24669,1.82452,,,,,,,,
2013-06-16,99.0384,50.2533,1.55635,0.492587,2.53234,1.97078,19.4495,4.11774,1.79944,,,,,,,,
2013-06-17,100.126,50.2523,1.58684,0.498111,1.99717,1.99247,19.8726,4.1502,1.80933,,,,,,,,
2013-06-18,104.289,50.2808,1.71324,0.517872,1.99914,2.07414,20.0001,4.43915,1.87414,,,,,,,,
2013-06-19,104.417,50.3096,1.71127,0.518186,1.93548,2.07549,20.7238,4.38747,1.86609,,,,,,,,
2013-06-20,104.323,50.3199,1.70303,0.517655,2.17819,2.07321,21.4499,4.31787,1.85418,,,,,,,,
2013-06-21,101.417,50.2933,1.60801,0.504093,2.29701,2.01651,22.0363,4.02392,1.7928,,,,,,,,
2013-06-22,100.04,50.3055,1.56046,0.497144,2.35994,1.98864,22.5118,3.86231,1.75902,,,,,,,,
2013-06-23,100.315,50.3088,1.56511,0.49849,2.20683,1.99398,22.881,3.83083,1.75447,,,,,,,,
2013-06-24,99.0457,50.3287,1.52113,0.491864,1.97133,1.96798,23.1481,3.68426,1.72315,,,,,,,,
2013-06-25,97.8328,50.3214,1.48014,0.485639,2.02817,1.94416,23.3477,3.54642,1.69317,,,,,,,,
2013-06-26,98.6517,50.3556,1.50118,0.489562,2.25416,1.9591,23.294,3.55763,1.69843,,,,,,,,
2013-06-27,96.8039,50.327,1.44158,0.480114,2.11231,1.9235,23.7365,3.37975,1.65804,,,,,,,,
2013-06-28,89.4245,50.2022,1.21463,0.438608,1.96529,1.78129,23.9869,2.84678,1.52414,,,,,,,,
2013-06-29,88.7973,50.2187,1.19287,0.434457,1.94247,1.76821,24.042,2.77089,1.5061,,,,,,,,
2013-06-30,89.4809,50.1852,1.2131,0.439151,1.76464,1.78301,24.1228,2.77749,1.5103,,,,,,,,
2013-07-01,82.8676,50.1652,1.00838,0.394634,1.67038,1.65189,23.4466,2.35242,1.39221,,,,,,,,
2013-07-02,87.8165,50.2491,1.15669,0.427794,1.71816,1.74762,23.0058,2.60797,1.4683,,,,,,,,
2013-07-03,77.6913,50.0649,0.849927,0.355592,1.82024,1.55181,22.8798,2.0163,1.29328,,,,,,,,
2013-07-04,79.1349,49.998,0.895579,0.368192,1.65619,1.58276,22.5963,2.06602,1.31145,,,,,,,,
2013-07-05,67.4476,49.5438,0.550155,0.265447,1.58539,1.36137,22.6842,1.48343,1.11333,,,,,,,,
2013-07-06,66.3417,49.1987,0.526659,0.258405,1.56219,1.34844,22.3645,1.41863,1.09079,,,,,,,,
2013-07-07,72.1095,49.2209,0.70283,0.317415,1.68246,1.46502,22.4228,1.65618,1.18072,,,,,,,,
2013-07-08,73.9886,49.2283,0.759873,0.33465,1.77459,1.50297,22.1379,1.72277,1.20641,,,,,,,,
2013-07-09,74.8919,49.1991,0.788001,0.343065,1.72394,1.52222,22.2804,1.7438,1.21599,,,,,,,,
2013-07-10,85.0137,49.5032,1.08786,0.417703,2.05263,1.71734,22.3153,2.2185,1.37403,,,,,,,,
2013-07-11,87.4975,49.5692,1.16038,0.433479,1.87662,1.76516,22.3408,2.31979,1.40762,,,,,,,,
2013-07-12,90.0467,49.7266,1.23168,0.447769,1.70264,1.81084,21.8459,2.42506,1.44182,,,,,,,,
2013-07-13,91.5926,49.8917,1.27182,0.455287,1.75857,1.83583,21.5528,2.47624,1.45963,,,,,,,,
2013-07-14,89.8923,49.9076,1.2177,0.444807,1.88261,1.80117,21.4537,2.35428,1.42586,,,,,,,,
2013-07-15,93.7962,49.9809,1.33209,0.467132,1.86476,1.87664,21.4432,2.52944,1.48068,,,,,,,,
2013-07-16,91.781,49.949,1.26981,0.45578,1.81715,1.83749,21.2285,2.39033,1.44207,,,,,,,,
2013-07-17,91.0314,49.9103,1.24641,0.451724,2.01296,1.8239,21.3419,2.3208,1.42364,,,,,,,,
2013-07-18,84.9617,49.7651,1.06563,0.414265,1.63804,1.70726,21.3506,1.99603,1.32282,,,,,,,,
2013-07-19,86.2388,49.7204,1.10434,0.423456,1.75881,1.73447,21.3558,2.03037,1.3367,,,,,,,,
2013-07-20,84.9109,49.6834,1.06418,0.414876,1.8755,1.70904,21.3138,1.94333,1.31031,,,,,,,,
2013-07-21,85.6644,49.6821,1.08582,0.420038,2.01485,1.72425,21.1662,1.95274,1.3161,,,,,,,,
2013-07-22,85.649,49.6662,1.08461,0.42012,1.66411,1.72449,20.7084,1.92722,1.31007,,,,,,,,
2013-07-23,86.9771,49.6872,1.1226,0.428732,1.43953,1.75049,20.4021,1.96208,1.32449,,,,,,,,
2013-07-24,88.1517,49.7225,1.15544,0.435944,1.63929,1.77287,20.6188,1.98958,1.33639,,,,,,,,
2013-07-25,90.1661,49.776,1.21269,0.447952,1.53457,1.81144,20.589,2.05466,1.36077,,,,,,,,
2013-07-26,89.984,49.808,1.20464,0.446479,1.71384,1.80662,20.5502,2.01999,1.35194,,,,,,,,
2013-07-27,88.1653,49.8273,1.14816,0.434842,1.84575,1.76942,20.7171,1.91453,1.31877,,,,,,,,
2013-07-28,92.7458,49.8944,1.28143,0.46203,1.79487,1.85884,20.76,2.09122,1.38099,,,,,,,,
2013-07-29,93.2987,49.8984,1.29593,0.465175,1.90481,1.86977,20.8504,2.08901,1.38291,,,,,,,,
2013-07-30,96.6596,50.0004,1.39096,0.482717,2.17325,1.93318,21.2653,2.21309,1.4261,,,,,,,,
2013-07-31,98.0244,50.1373,1.42511,0.488523,2.11491,1.95512,21.7636,2.24629,1.43951,,,,,,,,
2013-08-01,96.568,50.1786,1.37827,0.480381,1.9322,1.92449,22.0915,2.15167,1.41161,,,,,,,,
2013-08-02,96.0745,50.3439,1.35657,0.475991,2.07561,1.90836,22.0849,2.10221,1.39799,,,,,,,,
2013-08-03,95.5067,50.6941,1.32725,0.469209,1.8198,1.88398,22.37,2.05064,1.38343,,,,,,,,
2013-08-04,96.3655,50.7404,1.34917,0.473459,1.92519,1.89919,22.5013,2.06094,1.38953,,,,,,,,
2013-08-05,97.5271,50.8497,1.37805,0.478609,2.04758,1.91795,22.8969,2.08439,1.39986,,,,,,,,
2013-08-06,97.6712,50.8786,1.37922,0.479083,2.05177,1.91969,23.1517,2.06434,1.39555,,,,,,,,
2013-08-07,97.0542,50.9168,1.35777,0.475377,1.98718,1.90613,23.4031,2.01276,1.38047,,,,,,,,
2013-08-08,94.2573,50.9297,1.27335,0.459674,2.11706,1.85073,23.809,1.87496,1.33477,,,,,,,,
2013-08-09,92.4728,50.9406,1.21905,0.449128,1.96725,1.8153,24.0268,1.78309,1.3038,,,,,,,,
2013-08-10,93.2936,50.9701,1.24071,0.453659,2.12719,1.83036,24.1567,1.79341,1.30963,,,,,,,,
2013-08-11,94.2713,51.0031,1.26675,0.458975,2.20011,1.84834,24.8961,1.80956,1.31756,,,,,,,,
2013-08-12,95.4465,51.0373,1.2984,0.465278,2.21643,1.87013,25.4314,1.8326,1.32812,,,,,,,,
2013-08-13,97.7591,51.3153,1.35578,0.475084,1.91538,1.90507,25.4336,1.89936,1.35425,,,,,,,,
2013-08-14,99.1213,51.3926,1.39098,0.481518,1.7762,1.92871,25.8425,1.92913,1.36698,,,,,,,,
2013-08-15,98.1063,51.4944,1.35629,0.475117,1.77258,1.90519,26.3773,1.86731,1.34699,,,,,,,,
2013-08-16,98.291,51.5465,1.358,0.475572,1.74872,1.90684,26.4446,1.85248,1.34356,,,,,,,,
2013-08-17,99.6305,51.6234,1.39246,0.481852,1.99565,1.92995,27.1343,1.88134,1.35582,,,,,,,,
2013-08-18,99.178,51.6598,1.37614,0.47912,2.01922,1.91983,27.6407,1.84291,1.3437,,,,,,,,
2013-08-19,102.784,51.7749,1.47459,0.496274,1.90088,1.98521,27.8222,1.95669,1.38629,,,,,,,,
2013-08-20,104.5,51.8824,1.51828,0.503519,2.06488,2.01418,28.0406,1.99922,1.40305,,,,,,,,
2013-08-21,110.802,52.0611,1.69115,0.530141,2.24682,2.1283,28.7977,2.22056,1.48069,,,,,,,,
2013-08-22,109.523,52.1479,1.6484,0.523865,2.43331,2.10024,29.7164,2.14413,1.45683,,,,,,,,
2013-08-23,107.698,52.2567,1.58965,0.514783,2.16037,2.06093,29.9545,2.04901,1.426,,,,,,,,
2013-08-24,108.883,52.3145,1.6186,0.519533,2.02972,2.08131,30.5395,2.06987,1.43508,,,,,,,,
2013-08-25,113.083,52.4187,1.73162,0.536456,1.73255,2.15729,30.8279,2.20641,1.48347,,,,,,,,
2013-08-26,112.118,52.5185,1.69735,0.531579,1.88066,2.13483,30.9533,2.144,1.464,,,,,,,,
2013-08-27,117.76,52.7073,1.84776,0.552417,2.00172,2.23422,31.34,2.3378,1.53035,,,,,,,,
2013-08-28,118.317,52.8825,1.85372,0.553045,2.10798,2.23736,31.7053,2.33307,1.53029,,,,,,,,
2013-08-29,118.836,53.0728,1.85813,0.553394,2.23652,2.23911,31.8253,2.32674,1.52969,,,,,,,,
2013-08-30,124.885,53.3197,2.01605,0.573051,2.53394,2.3422,32.2544,2.54008,1.59974,,,,,,,,
2013-08-31,128.378,53.579,2.10044,0.582647,2.81383,2.39605,33.0239,2.65314,1.63637,,,,,,,,
2013-09-01,130.536,53.8298,2.14688,0.587626,2.81605,2.42499,33.7192,2.71101,1.65563,,,,,,,,
2013-09-02,129.565,54.0399,2.10703,0.582914,2.70151,2.39759,34.2723,2.64103,1.63522,,,,,,,,
2013-09-03,129.183,54.4088,2.07941,0.578823,2.41647,2.3743,34.3456,2.59615,1.6224,,,,,,,,
2013-09-04,122.529,54.4226,1.88878,0.55584,1.91725,2.25144,34.3549,2.31023,1.53154,,,,,,,,
2013-09-05,122.37,54.5074,1.87698,0.554569,2.09284,2.24502,34.6426,2.27904,1.52233,,,,,,,,
2013-09-06,117.861,54.5403,1.74726,0.537249,2.07353,2.16099,35.0863,2.09147,1.45949,,,,,,,,
2013-09-07,119.815,54.6245,1.79429,0.544093,1.64629,2.19343,34.7122,2.13893,1.4768,,,,,,,,
2013-09-08,118.057,54.6637,1.74071,0.536973,1.74942,2.1597,34.7025,2.05536,1.44848,,,,,,,,
2013-09-09,121.259,54.8676,1.81855,0.547519,2.31073,2.21004,35.0863,2.14586,1.48086,,,,,,,,
2013-09-10,122.216,54.9824,1.83696,0.550119,2.18006,2.22281,35.0993,2.15738,1.48561,,,,,,,,
2013-09-11,127.088,55.1885,1.95896,0.565747,2.36043,2.3028,35.2265,2.30809,1.53752,,,,,,,,
2013-09-12,126.781,55.5014,1.93677,0.562226,2.49287,2.28428,35.8421,2.27263,1.52657,,,,,,,,
2013-09-13,127.408,55.5995,1.94575,0.56361,2.38545,2.29153,35.866,2.27101,1.52689,,,,,,,,
2013-09-14,124.348,55.8128,1.85244,0.551158,2.47345,2.22796,36.009,2.14104,1.48333,,,,,,,,
2013-09-15,125.076,55.8852,1.8653,0.553192,2.05577,2.2381,36.4348,2.14389,1.4851,,,,,,,,
2013-09-16,126.205,56.0263,1.88679,0.556068,1.75806,2.25259,36.0156,2.16091,1.49154,,,,,,,,
2013-09-17,126.897,56.1081,1.89813,0.557846,2.04518,2.26166,35.8981,2.16318,1.49276,,,,,,,,
2013-09-18,126.904,56.2385,1.88974,0.556841,1.87752,2.25653,35.983,2.14196,1.48593,,,,,,,,
2013-09-19,124.181,56.591,1.80312,0.544286,2.10523,2.19436,36.2091,2.03101,1.44742,,,,,,,,
2013-09-20,122.922,56.6378,1.76421,0.539236,2.18245,2.17031,36.2982,1.97124,1.42628,,,,,,,,
2013-09-21,123.508,56.6945,1.77416,0.540966,2.06264,2.17849,35.9506,1.97238,1.42662,,,,,,,,
2013-09-22,123.125,56.8214,1.75663,0.538506,2.19729,2.16687,36.1614,1.94334,1.41581,,,,,,,,
2013-09-23,122.866,56.8733,1.74452,0.53711,2.25634,2.16034,36.2478,1.91828,1.40651,,,,,,,,
2013-09-24,123.797,56.9943,1.76199,0.539616,2.28278,2.1721,36.5649,1.93087,1.41084,,,,,,,,
2013-09-25,123.614,57.0913,1.75069,0.538149,2.20329,2.1652,36.8867,1.90937,1.40247,,,,,,,,
2013-09-26,124.686,57.1796,1.77238,0.54141,1.7408,2.1806,36.9098,1.92644,1.40831,,,,,,,,
2013-09-27,126.605,57.2764,1.81583,0.547599,1.9337,2.21043,37.025,1.97,1.42357,,,,,,,,
2013-09-28,126.797,57.3406,1.81477,0.547775,1.91738,2.21129,37.0459,1.95898,1.41932,,,,,,,,
2013-09-29,127.109,57.4206,1.81642,0.548256,1.83858,2.21364,36.7021,1.95227,1.41645,,,,,,,,
2013-09-30,126.09,57.5295,1.78283,0.543744,1.74201,2.19175,35.9569,1.9052,1.39886,,,,,,,,
2013-10-01,127.575,57.6551,1.81387,0.548071,2.01241,2.21273,35.6076,1.93408,1.40903,,,,,,,,
2013-10-02,104.105,57.3012,1.21286,0.449584,1.67107,1.81681,35.3801,1.2785,1.14532,,,,,,,,
2013-10-03,117.575,57.5067,1.55389,0.510896,1.95735,2.04455,35.67,1.6179,1.28807,,,,,,,,
2013-10-04,121.93,57.6082,1.66058,0.527532,1.82826,2.11655,35.6661,1.72664,1.33003,,,,,,,,
2013-10-05,121.393,57.6793,1.6418,0.524856,2.20297,2.10463,35.613,1.69965,1.31852,,,,,,,,
2013-10-06,122.475,57.7673,1.66408,0.528335,1.86957,2.12015,35.3065,1.71864,1.32458,,,,,,,,
2013-10-07,123.907,58.2749,1.68427,0.529688,1.58905,2.12625,35.7255,1.74827,1.3343,,,,,,,,
2013-10-08,124.767,58.3668,1.70033,0.532192,1.65564,2.13763,35.9472,1.76155,1.33777,,,,,,,,
2013-10-09,125.934,58.5011,1.72307,0.535461,1.82835,2.15267,35.6624,1.78265,1.34446,,,,,,,,
2013-10-10,126.705,58.5881,1.73682,0.537601,1.97509,2.16264,35.7656,1.79339,1.34685,,,,,,,,
2013-10-11,127.255,58.6925,1.7444,0.538782,1.90279,2.16817,35.6484,1.79811,1.34687,,,,,,,,
2013-10-12,127.851,58.8077,1.7529,0.54003,2.1998,2.17406,35.5625,1.80453,1.34734,,,,,,,,
2013-10-13,132.416,58.9398,1.86103,0.554888,2.33959,2.24662,35.8198,1.92535,1.38931,,,,,,,,
2013-10-14,135.339,59.1603,1.92478,0.562874,2.68686,2.28767,36.1326,2.00024,1.41368,,,,,,,,
2013-10-15,141.494,59.4854,2.06631,0.579591,2.90074,2.37863,36.3124,2.17411,1.47127,,,,,,,,
2013-10-16,138.328,59.8521,1.97204,0.567317,2.27799,2.31116,36.9356,2.06678,1.43192,,,,,,,,
2013-10-17,143.747,60.1456,2.09442,0.581587,1.87421,2.38999,37.0381,2.21971,1.48125,,,,,,,,
2013-10-18,152.776,60.4464,2.30482,0.604345,2.27765,2.52746,37.5824,2.49408,1.56689,,,,,,,,
2013-10-19,165.773,61.0074,2.60384,0.631982,2.84996,2.71726,38.1234,2.92157,1.69186,,,,,,,,
2013-10-20,166.5,61.3176,2.60266,0.631726,2.53862,2.71537,38.2367,2.93398,1.69097,,,,,,,,
2013-10-21,179.911,62.6564,2.88584,0.651736,2.88776,2.87138,38.729,3.40908,1.81789,,,,,,,,
2013-10-22,190.403,63.9704,3.09293,0.664026,3.51715,2.97642,39.2541,3.80011,1.91388,,,,,,,,
2013-10-23,204.6,65.4413,3.37974,0.68015,3.37973,3.12647,39.4413,4.36555,2.04553,,,,,,,,
2013-10-24,194.41,65.9953,3.0994,0.660536,3.10007,2.94582,39.498,3.92494,1.93348,,,,,,,,
2013-10-25,185.644,68.2492,2.81818,0.632365,3.20922,2.72009,39.5616,3.56714,1.83688,,,,,,,,
2013-10-26,179.808,68.3651,2.66201,0.619789,2.39314,2.63012,40.0512,3.33945,1.77025,,,,,,,,
2013-10-27,194.546,68.7335,2.98714,0.646698,2.53081,2.83044,40.3425,3.89269,1.90541,,,,,,,,
2013-10-28,196.275,69.0304,3.00277,0.648297,2.48103,2.84331,40.6362,3.93206,1.91235,,,,,,,,
2013-10-29,204.428,70.0034,3.15109,0.657565,2.34896,2.92026,40.9182,4.23852,1.98126,,,,,,,,
2013-10-30,197.901,70.2985,2.97334,0.644779,2.75216,2.81515,41.7743,3.94504,1.90806,,,,,,,,
2013-10-31,203.284,70.7289,3.06944,0.652068,3.03545,2.87412,42.3993,4.13167,1.94969,,,,,,,,
2013-11-01,203.037,71.171,3.03477,0.649468,2.96605,2.85281,42.8715,4.08916,1.93716,,,,,,,,
2013-11-02,204.793,71.4231,3.0504,0.651242,2.88411,2.86732,43.0574,4.12372,1.9437,,,,,,,,
2013-11-03,210.275,71.8251,3.14594,0.658424,2.79483,2.9276,43.4263,4.31543,1.9852,,,,,,,,
2013-11-04,228.791,73.7356,3.49538,0.677716,3.06448,3.10286,43.4376,5.07308,2.14817,,,,,,,,
2013-11-05,243.642,75.3024,3.76038,0.69093,2.89076,3.23551,43.5571,5.71354,2.27474,,,,,,,,
2013-11-06,263.21,76.4614,4.12701,0.709504,2.90382,3.44239,43.8031,6.62229,2.44317,,,,,,,,
2013-11-07,290.124,79.4788,4.59419,0.726052,2.8077,3.65033,43.7891,7.98352,2.67673,,,,,,,,
2013-11-08,333.751,82.4067,5.38641,0.753089,2.98288,4.05004,43.6519,10.4792,3.0596,,,,,,,,
2013-11-09,331.051,84.1978,5.20326,0.745665,3.24081,3.93183,43.4151,10.233,3.01562,,,,,,,,
2013-11-10,327.559,85.432,5.02487,0.739186,3.66977,3.83414,43.5759,9.94773,2.96503,,,,,,,,
2013-11-11,342.698,87.0671,5.21781,0.745936,4.15322,3.93602,43.5572,10.8046,3.08225,,,,,,,,
2013-11-12,354.645,89.1637,5.32626,0.748584,4.56439,3.97747,43.5489,11.4784,3.16911,,,,,,,,
2013-11-13,394.504,92.082,5.94084,0.766588,4.19725,4.28427,42.9092,14.0776,3.50163,,,,,,,,
2013-11-14,416.706,95.2272,6.17367,0.771476,4.7688,4.37592,42.3787,15.5669,3.67343,,,,,,,,
2013-11-15,408.399,97.4034,5.84997,0.761499,4.19304,4.19286,41.7402,14.8258,3.57587,,,,,,,,
2013-11-16,435.798,99.3373,6.18665,0.772057,5.15814,4.38706,41.6417,16.7307,3.78943,,,,,,,,
2013-11-17,485.337,102.451,6.85045,0.788907,5.42866,4.73725,41.1063,20.5351,4.18998,,,,,,,,
2013-11-18,657.779,111.79,9.3048,0.83005,6.07155,5.88407,40.1005,37.2553,5.63381,,,,,,,,
2013-11-19,546.878,115.567,7.13228,0.788679,5.1392,4.73213,39.6203,25.4457,4.64923,,,,,,,,
2013-11-20,595.339,121.03,7.5825,0.796703,5.61428,4.91892,38.9576,29.8071,5.0227,,,,,,,,
2013-11-21,720.764,126.71,9.06273,0.8242,6.11611,5.68828,37.7206,43.1516,6.03181,,,,,,,,
2013-11-22,802.917,141.251,9.57362,0.824078,7.65289,5.68434,37.1528,52.8512,6.66343,,,,,,,,
2013-11-23,834.295,149.138,9.41571,0.821241,7.69841,5.59413,36.6847,56.3072,6.86575,,,,,,,,
2013-11-24,807.167,152.385,8.61507,0.81121,7.21891,5.29689,36.0114,52.0192,6.58747,,,,,,,,
2013-11-25,816.243,159.035,8.30137,0.805162,7.36951,5.13246,35.0524,52.498,6.60633,,,,,,,,
2013-11-26,916.097,180.149,8.8646,0.803351,7.45062,5.08521,33.9989,65.2397,7.35108,,,,,,,,
2013-11-27,962.911,189.833,8.8775,0.802855,8.33062,5.0724,33.1992,71.0849,7.65985,,,,,,,,
2013-11-28,1007.39,201.154,8.82829,0.800321,8.9003,5.00805,32.765,76.7126,7.94359,,,,,,,,
2013-11-29,1128.73,214.866,9.4776,0.809638,9.29151,5.25316,31.6571,94.9116,8.82025,,,,,,,,
2013-11-30,1119.3,221.02,8.87939,0.802537,9.1408,5.06424,30.6423,91.9469,8.66822,,,,,,,,
2013-12-01,964.486,223.651,7.09125,0.768114,8.52528,4.31246,29.9601,67.3114,7.40537,,,,,,,,
2013-12-02,1040.81,228.64,7.50447,0.780325,7.352,4.55217,29.047,77.2683,7.92163,,,,,,,,
2013-12-03,1053.62,233.267,7.32966,0.778604,9.12955,4.5168,28.715,78.0635,7.94912,,,,,,,,
2013-12-04,1134.93,240.545,7.70406,0.788054,8.22026,4.71818,28.1936,89.2677,8.48643,,,,,,,,
2013-12-05,1027.41,244.842,6.55703,0.76169,7.25235,4.19622,27.7902,72.1298,7.61621,,,,,,,,
2013-12-06,824.582,244.519,4.78178,0.703463,6.98682,3.37226,27.326,45.8624,6.06342,,,,,,,,
2013-12-07,703.748,245.364,3.73712,0.651347,5.50702,2.86819,27.168,33.0006,5.13538,,,,,,,,
2013-12-08,783.573,246.933,4.31554,0.684863,6.03158,3.17322,27.2938,40.3966,5.67282,,,,,,,,
2013-12-09,896.079,248.753,5.11352,0.722398,6.12221,3.60228,27.0139,52.1399,6.43419,,,,,,,,
2013-12-10,977.165,251.721,5.61354,0.742397,7.14209,3.88194,26.6186,61.1798,6.9576,,,,,,,,
2013-12-11,875.464,254.609,4.7297,0.709172,5.41841,3.43846,26.0652,48.482,6.18306,,,,,,,,
2013-12-12,873.325,255.616,4.63558,0.707308,5.26361,3.41655,25.2791,47.6338,6.11824,,,,,,,,
2013-12-13,879.156,258.002,4.59333,0.706534,5.57103,3.40755,25.381,47.6517,6.1095,,,,,,,,
2013-12-14,852.856,257.301,4.34596,0.698307,6.04876,3.31463,25.5363,44.273,5.87959,,,,,,,,
2013-12-15,864.062,258.673,4.35937,0.700632,5.39808,3.34037,25.6826,44.8697,5.90939,,,,,,,,
2013-12-16,677.894,257.995,3.00145,0.619417,4.7474,2.62755,25.5764,27.2985,4.60212,,,,,,,,
2013-12-17,682.627,258.014,3.01291,0.622027,4.76588,2.64569,25.5586,27.3616,4.60022,,,,,,,,
2013-12-18,526.121,256.762,1.90411,0.511971,3.5662,2.04906,25.8688,16.0875,3.52184,,,,,,,,
2013-12-19,685.525,257.719,3.00258,0.624056,5.20286,2.65997,26.2284,26.9914,4.55534,,,,,,,,
2013-12-20,600.217,257.512,2.39289,0.570968,3.55342,2.33083,26.085,20.4622,3.96068,,,,,,,,
2013-12-21,597.034,261.771,2.32911,0.561547,3.16973,2.28075,26.5073,20.0195,3.91236,,,,,,,,
2013-12-22,615.013,257.79,2.46842,0.580838,3.39617,2.38571,26.6831,21.0036,4.00202,,,,,,,,
2013-12-23,657.927,258.523,2.74278,0.607064,3.64001,2.54494,26.8827,23.7558,4.25073,,,,,,,,
2013-12-24,650.665,263.577,2.64242,0.59491,3.52393,2.46859,27.1811,22.955,4.17403,,,,,,,,
2013-12-25,678.29,264.833,2.80415,0.609558,3.48825,2.5612,27.3996,24.6394,4.32006,,,,,,,,
2013-12-26,749.997,266.275,3.25435,0.644965,4.23659,2.81663,28.0805,29.7266,4.74145,,,,,,,,
2013-12-27,722.571,267.736,3.03796,0.629467,4.12595,2.69882,28.5241,27.239,4.5348,,,,,,,,
2013-12-28,715.852,267.982,2.97054,0.625646,3.30276,2.67127,28.3437,26.3977,4.46012,,,,,,,,
2013-12-29,727.271,268.371,3.02213,0.63099,3.72039,2.70995,28.598,26.8995,4.49838,,,,,,,,
2013-12-30,735.742,268.545,3.05478,0.635001,3.83572,2.73974,28.6357,27.171,4.51771,,,,,,,,
2013-12-31,729.558,268.789,2.99209,0.631573,4.00168,2.71424,28.4313,26.3663,4.44738,,,,,,,,
2014-01-01,752.405,268.851,3.11743,0.642678,4.5416,2.79859,29.0452,27.673,4.55327,,,,,,,,
2014-01-02,784.955,270.033,3.29323,0.655989,3.07153,2.90689,28.4173,29.7138,4.71528,,,,,,,,
2014-01-03,807.223,271.539,3.39767,0.663613,3.7567,2.97277,28.6496,30.998,4.81311,,,,,,,,
2014-01-04,828.602,276.125,3.47388,0.666758,3.34674,3.00083,28.5938,32.2218,4.90377,,,,,,,,
2014-01-05,902.487,278.759,3.88199,0.691121,4.92292,3.23752,28.6893,37.6937,5.30023,,,,,,,,
2014-01-06,914.46,280.634,3.90441,0.693115,4.74553,3.25855,28.7675,38.1606,5.32947,,,,,,,,
2014-01-07,803.352,281.238,3.19234,0.649919,3.92524,2.85648,28.6694,29.0548,4.64768,,,,,,,,
2014-01-08,820.69,283.872,3.25717,0.654106,4.32127,2.89106,29.1401,29.9094,4.7131,,,,,,,,
2014-01-09,831.335,284.78,3.29072,0.657443,4.63583,2.91922,29.3633,30.2709,4.7391,,,,,,,,
2014-01-10,853.299,285.439,3.39141,0.665487,4.24918,2.98942,29.4797,31.4496,4.82831,,,,,,,,
2014-01-11,889.556,288.068,3.56112,0.676167,4.90827,3.08801,29.9571,33.6963,4.99582,,,,,,,,
2014-01-12,845.191,289.2,3.26697,0.657829,4.54024,2.92251,29.9682,29.9985,4.71184,,,,,,,,
2014-01-13,822.877,289.843,3.11012,0.647768,3.57405,2.83904,29.6545,28.0434,4.55416,,,,,,,,
2014-01-14,815.294,290.982,3.03859,0.643095,3.36369,2.80187,29.5812,27.1399,4.47966,,,,,,,,
2014-01-15,841.09,292.876,3.15457,0.65179,3.89973,2.87183,29.5358,28.471,4.58782,,,,,,,,
2014-01-16,815.855,293.912,2.98394,0.639749,3.76456,2.77585,29.4981,26.4097,4.41825,,,,,,,,
2014-01-17,792.83,294.253,2.83323,0.628857,2.98155,2.69438,29.0772,24.5819,4.26314,,,,,,,,
2014-01-18,809.784,294.63,2.90933,0.636162,3.45353,2.74847,28.5185,25.2808,4.32332,,,,,,,,
2014-01-19,838.428,295.454,3.04615,0.64761,3.44076,2.83776,28.7036,26.6958,4.44411,,,,,,,,
2014-01-20,828.885,296.21,2.96961,0.642641,3.88369,2.7983,28.8739,25.7053,4.36219,,,,,,,,
2014-01-21,823.818,296.754,2.92027,0.639782,3.25706,2.7761,28.4321,24.9969,4.30475,,,,,,,,
2014-01-22,818.976,297.736,2.87094,0.636453,3.70762,2.75068,28.2277,24.3183,4.24921,,,,,,,,
2014-01-23,810.922,298.094,2.80849,0.632401,3.35373,2.72036,27.9008,23.4812,4.17788,,,,,,,,
2014-01-24,781.043,298.719,2.62796,0.617538,3.41743,2.61464,28.045,21.4595,3.99612,,,,,,,,
2014-01-25,804.403,299.447,2.73627,0.627741,3.04751,2.6863,27.731,22.4228,4.08697,,,,,,,,
2014-01-26,814.499,299.893,2.77303,0.631808,2.82116,2.71597,27.2832,22.6592,4.1094,,,,,,,,
2014-01-27,742.701,299.823,2.37621,0.596307,2.92172,2.47713,27.7578,18.5813,3.72191,,,,,,,,
2014-01-28,790.176,300.527,2.61394,0.619671,2.73107,2.62931,27.6708,20.74,3.93263,,,,,,,,
2014-01-29,793.384,301.239,2.61409,0.620311,2.68713,2.63374,27.6098,20.6192,3.92152,,,,,,,,
2014-01-30,799.474,301.82,2.63016,0.622477,3.10916,2.64885,27.7584,20.6442,3.92453,,,,,,,,
2014-01-31,803.238,302.2,2.6349,0.623773,3.2376,2.65797,27.4191,20.5516,3.91599,,,,,,,,
2014-02-01,813.22,303.481,2.66714,0.626816,3.33673,2.67964,28.1143,20.7715,3.93746,,,,,,,,
2014-02-02,814.491,303.887,2.65832,0.6269,3.2601,2.68025,28.0579,20.5447,3.91662,,,,,,,,
2014-02-03,806.997,304.324,2.60441,0.622893,3.11714,2.65177,28.3182,19.88,3.85418,,,,,,,,
2014-02-04,800.078,304.507,2.55562,0.619404,2.91387,2.62746,27.7477,19.2635,3.79528,,,,,,,,
2014-02-05,784.474,314.691,2.41198,0.59885,2.76997,2.49283,27.4286,18.2572,3.69632,,,,,,,,
2014-02-06,763.569,314.893,2.29436,0.587603,2.89816,2.42485,27.5522,17.0553,3.574,,,,,,,,
2014-02-07,711.571,314.327,2.02457,0.558263,2.28617,2.26379,26.9757,14.6096,3.30918,,,,,,,,
2014-02-08,677.682,314.016,1.84818,0.536633,2.53927,2.15811,26.685,13.0748,3.13171,,,,,,,,
2014-02-09,687.406,314.174,1.89107,0.542956,1.94299,2.18798,26.2389,13.2735,3.15657,,,,,,,,
2014-02-10,685.457,314.291,1.87511,0.541487,2.1776,2.18096,25.6144,13.0243,3.12781,,,,,,,,
2014-02-11,671.9,314.071,1.8028,0.532562,2.23076,2.13932,25.2192,12.3503,3.04683,,,,,,,,
2014-02-12,653.766,313.706,1.70906,0.520155,2.34118,2.08401,25.138,11.5399,2.94636,,,,,,,,
2014-02-13,612.918,313.444,1.50207,0.488604,2.18229,1.95543,24.9755,10.0162,2.74575,,,,,,,,
2014-02-14,668.789,313.988,1.775,0.530512,2.53793,2.12998,24.6772,11.7718,2.97754,,,,,,,,
2014-02-15,654.377,314.048,1.69854,0.520081,2.41578,2.08368,24.3395,11.1278,2.8956,,,,,,,,
2014-02-16,623.25,313.966,1.54047,0.496244,2.3843,1.98509,24.7011,9.97023,2.74139,,,,,,,,
2014-02-17,631.335,313.853,1.57787,0.502873,1.91027,2.01156,24.6933,10.1034,2.76032,,,,,,,,
2014-02-18,627.272,313.872,1.55433,0.499624,1.98554,1.9985,24.5959,9.84983,2.72622,,,,,,,,
2014-02-19,623.54,313.425,1.53501,0.497346,2.40638,1.98944,24.5455,9.61209,2.69394,,,,,,,,
2014-02-20,563.769,312.979,1.23959,0.444844,1.91598,1.8013,24.9,7.76427,2.42188,,,,,,,,
2014-02-21,580.324,313.04,1.31898,0.460577,1.68632,1.85383,24.5245,8.12858,2.47873,,,,,,,,
2014-02-22,607.125,313.04,1.44862,0.484389,2.07785,1.93945,24.7153,8.78839,2.57811,,,,,,,,
2014-02-23,610.082,313.091,1.46025,0.486806,1.93892,1.94858,24.2316,8.76571,2.57561,,,,,,,,
2014-02-24,542.267,311.278,1.1344,0.425969,1.94934,1.74207,24.1995,6.84361,2.27667,,,,,,,,
2014-02-25,533.708,308.809,1.10323,0.42139,1.6106,1.72828,24.131,6.55104,2.22847,,,,,,,,
2014-02-26,587.579,309.269,1.3631,0.473654,2.01582,1.89989,23.6561,7.84313,2.43948,,,,,,,,
2014-02-27,585.394,308.999,1.35166,0.472152,2.04114,1.89449,23.7383,7.69024,2.41666,,,,,,,,
2014-02-28,551.295,309.506,1.18097,0.438583,1.84186,1.78121,24.0106,6.73993,2.26337,,,,,,,,
2014-03-01,567.534,309.228,1.25984,0.455137,1.5027,1.83532,23.6496,7.05838,2.3171,,,,,,,,
2014-03-02,558.528,308.942,1.21567,0.446863,1.43249,1.80787,23.2307,6.75631,2.26779,,,,,,,,
2014-03-03,676.506,310.205,1.77979,0.54146,1.82555,2.18083,22.563,9.78643,2.73052,,,,,,,,
2014-03-04,674.511,310.414,1.76484,0.539795,1.82391,2.17294,22.1732,9.60577,2.7064,,,,,,,,
2014-03-05,670.339,310.991,1.73778,0.536069,1.88849,2.15549,21.8272,9.36825,2.67385,,,,,,,,
2014-03-06,667.713,311.628,1.71814,0.533291,2.07492,2.14266,22.2007,9.17835,2.64779,,,,,,,,
2014-03-07,631.77,321.671,1.49344,0.490843,1.87473,1.96403,22.1287,8.11741,2.49096,,,,,,,,
2014-03-08,621.524,321.963,1.44013,0.481978,1.85769,1.93042,21.5615,7.76249,2.4367,,,,,,,,
2014-03-09,640.579,328.13,1.49922,0.487761,2.02944,1.95221,21.7719,8.14851,2.49707,,,,,,,,
2014-03-10,628.151,328.739,1.43402,0.476656,1.64973,1.91079,21.2061,7.74333,2.43479,,,,,,,,
2014-03-11,633.734,329.191,1.4559,0.480553,1.86774,1.92512,21.5849,7.78798,2.44254,,,,,,,,
2014-03-12,634.647,329.909,1.4542,0.480169,2.01569,1.9237,21.9067,7.71805,2.43225,,,,,,,,
2014-03-13,643.432,330.333,1.49125,0.486608,1.81064,1.94783,22.0262,7.84034,2.45197,,,,,,,,
2014-03-14,628.309,330.092,1.41778,0.474634,1.4464,1.90344,21.5545,7.38915,2.38095,,,,,,,,
2014-03-15,636.219,330.261,1.45195,0.480901,1.80868,1.92641,21.4475,7.48964,2.39741,,,,,,,,
2014-03-16,634.169,330.421,1.43892,0.478971,1.85962,1.91928,21.3424,7.35658,2.37635,,,,,,,,
2014-03-17,622.76,330.478,1.38228,0.469333,1.7121,1.88442,21.2051,7.01415,2.32071,,,,,,,,
2014-03-18,614.31,330.732,1.33895,0.461619,1.52581,1.85742,20.511,6.75014,2.27668,,,,,,,,
2014-03-19,610.511,330.84,1.31847,0.458094,1.65503,1.84534,20.3307,6.59485,2.25027,,,,,,,,
2014-03-20,586.608,330.525,1.2057,0.436549,1.75184,1.77478,20.1446,6.02444,2.1506,,,,,,,,
2014-03-21,569.695,331.63,1.11959,0.417881,1.78039,1.71786,19.4963,5.62285,2.0776,,,,,,,,
2014-03-22,564.7,331.693,1.09458,0.412621,1.60706,1.70248,18.9523,5.46729,2.04862,,,,,,,,
2014-03-23,558.959,331.654,1.06674,0.406657,1.99278,1.68537,19.5593,5.29991,2.01726,,,,,,,,
2014-03-24,585.023,331.901,1.18645,0.432671,1.82427,1.76264,19.2547,5.74284,2.10017,,,,,,,,
2014-03-25,583.771,332.209,1.17763,0.430926,1.51463,1.75724,19.325,5.65537,2.08465,,,,,,,,
2014-03-26,579.244,332.299,1.1546,0.426323,1.51652,1.74314,18.9616,5.50741,2.05766,,,,,,,,
2014-03-27,483.164,331.401,0.709212,0.314102,1.3719,1.45794,19.2297,3.79337,1.7081,,,,,,,,
2014-03-28,498.661,330.965,0.783198,0.336293,1.41957,1.50669,19.2504,3.99989,1.75431,,,,,,,,
2014-03-29,489.517,330.773,0.740988,0.324287,1.39717,1.47992,19.0606,3.81621,1.71385,,,,,,,,
2014-03-30,458.966,330.193,0.600841,0.280573,1.04572,1.39,18.2452,3.32309,1.59942,,,,,,,,
2014-03-31,455.355,329.434,0.587347,0.276535,1.33,1.38224,18.5088,3.24025,1.5795,,,,,,,,
2014-04-01,479.008,329.284,0.698043,0.312572,1.32551,1.4547,18.8057,3.5511,1.65369,,,,,,,,
2014-04-02,439.011,328.688,0.514254,0.2513,1.3955,1.33565,19.2508,2.95505,1.50877,,,,,,,,
2014-04-03,449.441,328.59,0.5632,0.268893,1.47494,1.36779,19.716,3.06801,1.53757,,,,,,,,
2014-04-04,449.72,328.347,0.565489,0.269885,1.40657,1.36965,19.8967,3.04308,1.53153,,,,,,,,
2014-04-05,461.675,327.234,0.626153,0.291202,1.26312,1.41084,19.6332,3.17669,1.56503,,,,,,,,
2014-04-06,458.633,327.265,0.611613,0.286435,1.10581,1.40141,19.5681,3.10543,1.54762,,,,,,,,
2014-04-07,448.655,327.086,0.565811,0.270965,1.07981,1.37168,19.648,2.94378,1.50713,,,,,,,,
2014-04-08,452.803,326.853,0.585977,0.278156,0.965761,1.38534,19.0955,2.96993,1.51421,,,,,,,,
2014-04-09,442.838,326.892,0.539294,0.261825,1.1333,1.35469,19.6591,2.814,1.47429,,,,,,,,
2014-04-10,366.912,325.086,0.194561,0.113994,0.902974,1.12866,19.447,1.91544,1.21661,,,,,,,,
2014-04-11,421.944,324.366,0.453841,0.231257,1.12935,1.30082,19.2855,2.50989,1.39305,,,,,,,,
2014-04-12,424.274,324.301,0.464913,0.235634,1.07953,1.30827,19.1367,2.51447,1.39469,,,,,,,,
2014-04-13,416.362,324.266,0.428254,0.221194,1.22722,1.28402,19.9535,2.39962,1.36284,,,,,,,,
2014-04-14,461.108,324.42,0.635419,0.296433,1.39816,1.42133,20.1884,2.91507,1.50254,,,,,,,,
2014-04-15,521.615,324.898,0.913848,0.377131,1.48626,1.60547,20.2723,3.69278,1.69164,,,,,,,,
2014-04-16,531.482,326.367,0.952103,0.385931,1.3189,1.62848,20.2651,3.79492,1.71541,,,,,,,,
2014-04-17,499.838,326.669,0.803361,0.34645,1.31452,1.5301,20.7764,3.3235,1.60582,,,,,,,,
2014-04-18,483.02,326.364,0.726413,0.324327,1.19951,1.48001,21.0168,3.07353,1.54475,,,,,,,,
2014-04-19,504.366,326.489,0.824311,0.352673,1.24132,1.54481,20.9935,3.31819,1.60556,,,,,,,,
2014-04-20,501.557,326.314,0.811664,0.349398,1.37785,1.53704,21.3279,3.24582,1.58929,,,,,,,,
2014-04-21,498.085,326.351,0.794984,0.344788,1.31094,1.52622,21.6749,3.16842,1.57107,,,,,,,,
2014-04-22,489.504,326.168,0.755721,0.333675,1.15753,1.50077,20.8515,3.02983,1.53703,,,,,,,,
2014-04-23,490.633,326.738,0.757937,0.334048,1.2401,1.50161,20.8086,3.01354,1.53363,,,,,,,,
2014-04-24,503.292,326.924,0.815131,0.350428,1.16167,1.53948,20.6017,3.13924,1.56603,,,,,,,,
2014-04-25,466.426,326.611,0.645992,0.299758,1.29431,1.42808,20.875,2.67032,1.44497,,,,,,,,
2014-04-26,459.227,326.543,0.612856,0.288929,1.13886,1.40633,20.4357,2.56398,1.41651,,,,,,,,
2014-04-27,438.709,326.432,0.518512,0.255926,1.17853,1.34395,20.3074,2.31844,1.34752,,,,,,,,
2014-04-28,441.548,326.054,0.533246,0.261567,1.01679,1.35422,19.924,2.32691,1.35051,,,,,,,,
2014-04-29,447.71,325.929,0.562148,0.272009,1.15738,1.37364,20.5241,2.37017,1.36356,,,,,,,,
2014-04-30,448.876,325.88,0.567588,0.274009,0.928102,1.37743,20.0172,2.36051,1.36132,,,,,,,,
2014-05-01,460.195,325.916,0.619482,0.291786,1.21917,1.412,20.1192,2.45825,1.38968,,,,,,,,
2014-05-02,452.24,325.922,0.582605,0.279316,1.09335,1.38757,19.6339,2.35265,1.35989,,,,,,,,
2014-05-03,438.979,325.802,0.521875,0.257817,0.934153,1.34738,18.8201,2.19757,1.31453,,,,,,,,
2014-05-04,436.675,325.684,0.511698,0.254173,0.986202,1.34079,18.3463,2.15563,1.30224,,,,,,,,
2014-05-05,432.338,325.466,0.4926,0.247196,0.807132,1.32837,17.7862,2.09513,1.28402,,,,,,,,
2014-05-06,430.128,325.213,0.483542,0.243916,1.24297,1.3226,18.0908,2.05689,1.27225,,,,,,,,
2014-05-07,442.183,325.128,0.539383,0.26472,1.04507,1.36003,18.0057,2.15669,1.30252,,,,,,,,
2014-05-08,440.403,325.089,0.531267,0.261837,1.0908,1.35471,18.4534,2.12261,1.29195,,,,,,,,
2014-05-09,452.698,325.157,0.587465,0.281736,1.13868,1.39225,18.1359,2.22579,1.32251,,,,,,,,
2014-05-10,456.756,325.186,0.605877,0.288053,1.2067,1.4046,18.1903,2.24924,1.32881,,,,,,,,
2014-05-11,439.114,325.127,0.524809,0.259585,0.983293,1.35059,17.7725,2.06475,1.2723,,,,,,,,
2014-05-12,441.281,325.028,0.535144,0.263445,1.06388,1.35767,17.7196,2.07045,1.27338,,,,,,,,
2014-05-13,439.006,324.913,0.525109,0.259889,1.04335,1.35115,17.0054,2.03427,1.26169,,,,,,,,
2014-05-14,444.848,324.784,0.55247,0.269899,0.976957,1.36967,16.3044,2.07314,1.27329,,,,,,,,
2014-05-15,446.962,324.746,0.562265,0.273437,1.11629,1.37634,16.1229,2.07799,1.27415,,,,,,,,
2014-05-16,448.742,324.626,0.570903,0.276586,1.18322,1.38233,16.422,2.07973,1.27403,,,,,,,,
2014-05-17,449.222,324.631,0.57298,0.27735,1.12948,1.3838,16.2001,2.06981,1.27023,,,,,,,,
2014-05-18,446.963,324.666,0.562323,0.273617,1.11467,1.37668,15.9477,2.03464,1.25875,,,,,,,,
2014-05-19,447.405,324.594,0.564577,0.274496,1.08737,1.37835,15.8029,2.02461,1.25493,,,,,,,,
2014-05-20,490.336,325.011,0.759712,0.337167,1.252,1.50868,15.4341,2.4139,1.36956,,,,,,,,
2014-05-21,493.933,325.264,0.774749,0.341483,1.24356,1.51856,15.08,2.43145,1.3738,,,,,,,,
2014-05-22,526.814,325.825,0.92262,0.381518,1.29991,1.61686,15.3555,2.7451,1.4589,,,,,,,,
2014-05-23,523.699,326.072,0.906626,0.377369,1.23648,1.60609,15.1605,2.69351,1.44401,,,,,,,,
2014-05-24,527.691,326.496,0.922381,0.381275,1.16014,1.61623,15.2462,2.71611,1.44873,,,,,,,,
2014-05-25,573.312,327.402,1.12631,0.428929,1.31408,1.7511,14.9713,3.18413,1.56691,,,,,,,,
2014-05-26,584.848,327.792,1.17615,0.439526,1.3119,1.7842,15.1452,3.29217,1.59122,,,,,,,,
2014-05-27,573.928,330.592,1.11228,0.423985,1.10575,1.73606,14.7865,3.15244,1.55453,,,,,,,,
2014-05-28,579.189,330.996,1.1334,0.428519,1.38246,1.74984,15.3164,3.19206,1.56176,,,,,,,,
2014-05-29,570.349,331.174,1.09118,0.419349,1.13324,1.7222,14.8368,3.07766,1.5311,,,,,,,,
2014-05-30,620.846,333.388,1.30983,0.46301,1.45648,1.86223,15.2754,3.6252,1.65899,,,,,,,,
2014-05-31,627.892,334.049,1.33714,0.467983,1.29312,1.87964,14.5806,3.68645,1.67008,,,,,,,,
2014-06-01,630.075,334.611,1.3428,0.468935,1.53989,1.88301,14.7329,3.6925,1.66816,,,,,,,,
2014-06-02,663.506,335.879,1.48673,0.493782,1.78132,1.97543,15.5311,4.07316,1.74839,,,,,,,,
2014-06-03,672.388,336.71,1.52085,0.499233,1.65896,1.99694,15.8922,4.16022,1.76343,,,,,,,,
2014-06-04,643.887,337.116,1.38801,0.476437,1.60985,1.90999,16.7721,3.79635,1.68088,,,,,,,,
2014-06-05,661.504,337.737,1.46266,0.489441,1.3848,1.95864,15.9233,3.98893,1.7188,,,,,,,,
2014-06-06,650.133,337.892,1.40854,0.480273,1.24138,1.92409,15.8009,3.84186,1.68146,,,,,,,,
2014-06-07,656.8,338.217,1.43504,0.485054,1.39405,1.94195,15.571,3.90593,1.69084,,,,,,,,
2014-06-08,657.82,338.599,1.43574,0.485271,1.22187,1.94277,15.2904,3.90459,1.68564,,,,,,,,
2014-06-09,648.336,339.277,1.38812,0.476696,1.37696,1.91094,15.0301,3.78366,1.65374,,,,,,,,
2014-06-10,650.937,339.971,1.39477,0.477721,1.47499,1.91468,15.5347,3.80685,1.65277,,,,,,,,
2014-06-11,631.489,340.283,1.3045,0.461143,1.24761,1.85578,15.3439,3.57723,1.59618,,,,,,,,
2014-06-12,591.975,345.015,1.10527,0.417179,1.37373,1.71579,15.5339,3.13919,1.4898,,,,,,,,
2014-06-13,597.045,345.312,1.12554,0.421632,1.3092,1.729,15.9113,3.1888,1.49601,,,,,,,,
2014-06-14,575.559,345.217,1.02908,0.400206,1.37394,1.66724,15.9373,2.96161,1.43602,,,,,,,,
2014-06-15,589.725,345.347,1.09085,0.414393,1.49745,1.70763,15.7135,3.10767,1.46503,,,,,,,,
2014-06-16,590.567,345.573,1.09266,0.414846,1.47878,1.70895,15.7603,3.11573,1.46081,,,,,,,,
2014-06-17,609.08,345.785,1.17312,0.432283,1.4874,1.76144,15.8363,3.31463,1.50005,,,,,,,,
2014-06-18,607.63,345.953,1.16472,0.430652,1.27042,1.7564,15.9115,3.29927,1.48998,,,,,,,,
2014-06-19,595.751,346.014,1.11056,0.419198,1.31248,1.72176,16.1223,3.16988,1.4546,,,,,,,,
2014-06-20,591.532,346.14,1.09031,0.414842,1.44653,1.70894,16.5326,3.1248,1.43814,,,,,,,,
2014-06-21,592.764,346.269,1.09428,0.41584,1.4447,1.71186,16.8423,3.13768,1.43501,,,,,,,,
2014-06-22,599.635,346.464,1.1229,0.422208,1.40973,1.73073,17.2943,3.21168,1.44545,,,,,,,,
2014-06-23,589.552,346.727,1.07611,0.411882,1.35101,1.70034,17.5166,3.10413,1.41515,,,,,,,,
2014-06-24,579.974,346.944,1.03192,0.401793,1.41492,1.67166,17.7307,3.00058,1.38634,,,,,,,,
2014-06-25,562.237,346.86,0.953141,0.383071,1.36001,1.62093,17.836,2.81479,1.33844,,,,,,,,
2014-06-26,580.749,347.297,1.03233,0.401984,1.28087,1.6722,18.3285,2.99893,1.37676,,,,,,,,
2014-06-27,600.638,347.631,1.11785,0.42123,1.52067,1.7278,18.2198,3.20491,1.41791,,,,,,,,
2014-06-28,594.39,347.763,1.08875,0.414924,1.38572,1.70918,18.6787,3.13723,1.39729,,,,,,,,
2014-06-29,600.841,348.493,1.11298,0.419992,1.205,1.72411,18.4832,3.20237,1.40653,,,,,,,,
2014-06-30,638.946,349.269,1.27607,0.453368,1.07471,1.82938,18.8604,3.61655,1.48928,,,,,,,,
2014-07-01,642.957,349.886,1.28942,0.455818,1.0869,1.83762,18.5705,3.65716,1.49216,,,,,,,,
2014-07-02,651.298,350.981,1.31961,0.461106,1.13113,1.85565,17.8268,3.7468,1.50497,,,,,,,,
2014-07-03,646.413,351.589,1.29388,0.456093,1.13605,1.83855,17.4846,3.68543,1.48725,,,,,,,,
2014-07-04,630.636,351.778,1.2225,0.442184,1.31942,1.79271,17.2116,3.49879,1.44479,,,,,,,,
2014-07-05,630.468,351.979,1.21957,0.441719,1.20436,1.79121,17.8346,3.48817,1.4383,,,,,,,,
2014-07-06,634.673,352.171,1.23575,0.445115,1.12961,1.80217,18.0034,3.52128,1.44176,,,,,,,,
2014-07-07,622.855,352.379,1.18193,0.434251,1.16782,1.76757,18.0041,3.38315,1.40899,,,,,,,,
2014-07-08,624.894,352.502,1.18907,0.435901,1.16846,1.77274,18.412,3.39479,1.40769,,,,,,,,
2014-07-09,621.939,353.1,1.17242,0.432259,1.28306,1.76137,18.671,3.35232,1.3952,,,,,,,,
2014-07-10,616.523,353.317,1.14674,0.42692,1.13872,1.74496,18.2976,3.28461,1.37734,,,,,,,,
2014-07-11,634.494,353.585,1.22257,0.442729,1.22349,1.79446,18.5776,3.46945,1.41156,,,,,,,,
2014-07-12,636.924,353.787,1.23095,0.444538,1.23245,1.8003,18.4221,3.48633,1.41104,,,,,,,,
2014-07-13,629.876,353.948,1.19839,0.438067,1.23849,1.77957,18.4244,3.40099,1.38964,,,,,,,,
2014-07-14,619.197,354.032,1.15051,0.42824,1.02491,1.74898,18.0348,3.2803,1.36048,,,,,,,,
2014-07-15,621.935,354.235,1.1604,0.430431,1.20906,1.75571,17.7818,3.30228,1.3609,,,,,,,,
2014-07-16,616.352,354.334,1.13471,0.425111,1.08249,1.73947,17.3348,3.23631,1.34319,,,,,,,,
2014-07-17,624.259,354.618,1.16663,0.431937,1.30561,1.76037,17.2762,3.31283,1.35487,,,,,,,,
2014-07-18,630.75,354.875,1.19245,0.437376,1.31504,1.77739,17.3009,3.37492,1.36335,,,,,,,,
2014-07-19,629.173,354.915,1.18435,0.435903,1.34556,1.77274,17.2085,3.35087,1.35439,,,,,,,,
2014-07-20,625.249,355.093,1.16552,0.432077,1.16783,1.7608,16.4742,3.30271,1.34048,,,,,,,,
2014-07-21,621.305,355.515,1.14563,0.427794,1.15744,1.74762,15.7294,3.2556,1.32665,,,,,,,,
2014-07-22,619.823,355.668,1.13752,0.426178,1.05527,1.7427,14.9218,3.23502,1.31816,,,,,,,,
2014-07-23,619.773,356.056,1.13459,0.425506,1.08212,1.74066,14.2735,3.22988,1.31277,,,,,,,,
2014-07-24,602.88,356.144,1.06067,0.409262,1.02857,1.6928,13.5272,3.05356,1.27195,,,,,,,,
2014-07-25,601.579,356.252,1.0538,0.407804,1.16665,1.68863,13.0194,3.03801,1.26422,,,,,,,,
2014-07-26,594.703,356.291,1.02331,0.400892,0.946124,1.66915,12.4302,2.96489,1.2449,,,,,,,,
2014-07-27,591.575,356.381,1.00877,0.397573,1.072,1.65995,11.85,2.93015,1.23356,,,,,,,,
2014-07-28,587.493,356.379,0.990584,0.393389,1.04127,1.6485,11.299,2.88656,1.22033,,,,,,,,
2014-07-29,584.112,356.302,0.975771,0.390012,1.02604,1.63938,10.9749,2.85065,1.20866,,,,,,,,
2014-07-30,562.915,356.101,0.885384,0.367397,1.13858,1.58077,11.0689,2.64595,1.16044,,,,,,,,
2014-07-31,581.976,356.361,0.965252,0.387671,1.05154,1.63311,11.1553,2.82534,1.19517,,,,,,,,
2014-08-01,596.507,356.822,1.02471,0.401814,1.09609,1.67172,11.3263,2.96445,1.2203,,,,,,,,
2014-08-02,589.757,356.956,0.994624,0.394741,1.12231,1.65219,11.3977,2.89413,1.2019,,,,,,,,
2014-08-03,586.754,356.988,0.981007,0.391588,1.05245,1.64362,10.7741,2.86167,1.19124,,,,,,,,
2014-08-04,587.608,357.389,0.982247,0.391791,0.874417,1.64417,9.97514,2.8665,1.18846,,,,,,,,
2014-08-05,581.882,359.497,0.948191,0.382182,0.911504,1.6186,9.50403,2.80721,1.17246,,,,,,,,
2014-08-06,582.248,359.597,0.948754,0.382399,1.1053,1.61917,9.32481,2.80734,1.16881,,,,,,,,
2014-08-07,586.047,359.774,0.96358,0.3861,1.08278,1.62893,8.94295,2.84104,1.17202,,,,,,,,
2014-08-08,589.024,359.905,0.975074,0.388982,1.07218,1.63661,8.43906,2.86668,1.17355,,,,,,,,
2014-08-09,588.979,360.093,0.973495,0.388614,1.23148,1.63563,8.701,2.86286,1.16907,,,,,,,,
2014-08-10,589.374,360.249,0.973924,0.38876,1.19526,1.63602,8.57739,2.86323,1.16549,,,,,,,,
2014-08-11,573.441,360.244,0.905768,0.371787,1.19266,1.59182,8.69582,2.70748,1.12982,,,,,,,,
2014-08-12,568.308,360.264,0.883438,0.366076,1.12726,1.57748,8.4887,2.65586,1.11563,,,,,,,,
2014-08-13,548.37,360.183,0.798769,0.343176,0.904687,1.52248,8.61819,2.47047,1.07266,,,,,,,,
2014-08-14,505.107,359.43,0.618231,0.288408,1.03207,1.4053,8.71636,2.09507,0.984688,,,,,,,,
2014-08-15,500.323,359.24,0.598636,0.281985,0.935186,1.39273,8.95113,2.05377,0.972087,,,,,,,,
2014-08-16,521.748,359.338,0.688937,0.311281,0.931952,1.45197,8.48111,2.23171,1.01023,,,,,,,,
2014-08-17,497.765,359.34,0.587105,0.278092,0.954698,1.38522,8.10041,2.0302,0.960587,,,,,,,,
2014-08-18,468.958,358.396,0.468946,0.235761,1.04521,1.30849,8.03033,1.8017,0.902099,,,,,,,,
2014-08-19,486.794,358.322,0.544877,0.263916,1.01694,1.35854,8.52558,1.9407,0.93335,,,,,,,,
2014-08-20,515.12,358.507,0.664081,0.304033,0.975745,1.43685,9.13374,2.17191,0.984328,,,,,,,,
2014-08-21,519.308,358.43,0.681992,0.309792,0.958512,1.44884,9.89265,2.20606,0.988974,,,,,,,,
2014-08-22,516.159,358.448,0.668405,0.305547,0.904918,1.43998,10.4241,2.17807,0.979675,,,,,,,,
2014-08-23,497.126,358.175,0.58881,0.279509,0.897673,1.38794,11.1715,2.01947,0.940457,,,,,,,,
2014-08-24,508.431,358.209,0.636422,0.295461,0.826041,1.41937,11.2815,2.11095,0.958656,,,,,,,,
2014-08-25,501.61,358.167,0.607576,0.285965,0.763521,1.40049,11.5316,2.05319,0.942696,,,,,,,,
2014-08-26,511.852,358.267,0.650412,0.300058,0.98175,1.42869,12.0257,2.13535,0.958759,,,,,,,,
2014-08-27,510.162,358.228,0.643297,0.297815,0.953963,1.42413,12.4006,2.11828,0.952444,,,,,,,,
2014-08-28,506.285,356.632,0.633536,0.29559,0.96717,1.41963,12.8289,2.08349,0.942113,,,,,,,,
2014-08-29,508.867,356.461,0.645074,0.299499,0.953396,1.42755,12.6053,2.10197,0.943816,,,,,,,,
2014-08-30,501.276,356.439,0.612964,0.288935,1.00348,1.40634,12.899,2.03695,0.926728,,,,,,,,
2014-08-31,478.511,356.39,0.516826,0.255211,0.987664,1.34266,13.2467,1.85379,0.88187,,,,,,,,
2014-09-01,474.541,356.432,0.499802,0.248892,0.707793,1.33137,13.1271,1.82034,0.871833,,,,,,,,
2014-09-02,474.431,356.155,0.500468,0.2493,0.763901,1.33209,13.5983,1.81747,0.868926,,,,,,,,
2014-09-03,473.959,356.094,0.498718,0.248681,0.875906,1.33099,14.7043,1.81167,0.865378,,,,,,,,
2014-09-04,489.555,356.224,0.564096,0.272351,0.84439,1.37429,15.4179,1.92974,0.89104,,,,,,,,
2014-09-05,478.75,356.304,0.517998,0.255761,0.756735,1.34366,15.4848,1.84285,0.868674,,,,,,,,
2014-09-06,480.642,356.386,0.525644,0.258523,0.936074,1.34866,16.0271,1.85468,0.869408,,,,,,,,
2014-09-07,478.366,356.147,0.516988,0.255493,0.805364,1.34317,16.3431,1.83441,0.862625,,,,,,,,
2014-09-08,468.975,356.002,0.477857,0.240895,0.732454,1.31734,15.8615,1.75976,0.843128,,,,,,,,
2014-09-09,473.512,355.723,0.498192,0.248755,0.74882,1.33112,15.5755,1.79075,0.848692,,,,,,,,
2014-09-10,477.778,355.56,0.5169,0.255806,0.81125,1.34374,15.3346,1.82022,0.853724,,,,,,,,
2014-09-11,477.271,355.493,0.515021,0.255155,0.876044,1.34256,15.472,1.81348,0.85022,,,,,,,,
2014-09-12,473.997,355.262,0.502131,0.250498,0.787079,1.33422,15.739,1.78487,0.841837,,,,,,,,
2014-09-13,477.961,355.283,0.518799,0.25667,0.931144,1.3453,15.9007,1.81075,0.846303,,,,,,,,
2014-09-14,475.648,355.304,0.508907,0.253011,0.807744,1.33871,16.0648,1.79013,0.839668,,,,,,,,
2014-09-15,472.656,355.171,0.496798,0.248562,0.801434,1.33078,16.6205,1.76461,0.831887,,,,,,,,
2014-09-16,464.178,355.035,0.461535,0.23513,0.850319,1.30741,17.0963,1.69856,0.814555,,,,,,,,
2014-09-17,456.34,354.961,0.428744,0.222157,0.907635,1.28561,17.2711,1.63887,0.79847,,,,,,,,
2014-09-18,426.88,354.248,0.307226,0.170147,0.815762,1.20503,17.2518,1.43201,0.744854,,,,,,,,
2014-09-19,393.894,353.229,0.172054,0.103238,0.718165,1.11512,16.9425,1.21913,0.685506,,,,,,,,
2014-09-20,411.041,352.46,0.247914,0.14252,0.770268,1.16621,16.6631,1.32716,0.713429,,,,,,,,
2014-09-21,400.405,352.248,0.203846,0.120271,0.698313,1.13671,16.4621,1.25908,0.693144,,,,,,,,
2014-09-22,400.882,352.006,0.206937,0.121919,0.715315,1.13885,16.1787,1.26177,0.692152,,,,,,,,
2014-09-23,438.492,352.027,0.366122,0.197187,0.697782,1.24562,16.2212,1.50817,0.754976,,,,,,,,
2014-09-24,423.7,351.818,0.304416,0.169652,0.700402,1.20431,16.3423,1.4069,0.727528,,,,,,,,
2014-09-25,409.538,351.578,0.245512,0.141524,0.745453,1.16486,16.1231,1.31369,0.701352,,,,,,,,
2014-09-26,405.298,351.049,0.229832,0.13385,0.57418,1.15453,15.7451,1.28585,0.692278,,,,,,,,
2014-09-27,400.599,350.846,0.210824,0.124198,0.567011,1.14181,15.2843,1.25559,0.682483,,,,,,,,
2014-09-28,375.55,350.641,0.105576,0.0663272,0.515296,1.07104,15.046,1.10329,0.638239,,,,,,,,
2014-09-29,373.065,349.679,0.0991459,0.0626861,0.538989,1.06688,14.5007,1.08867,0.632473,,,,,,,,
2014-09-30,389.264,349.42,0.168964,0.102358,0.627367,1.11403,14.0441,1.1848,0.658281,,,,,,,,
2014-10-01,382.909,349.023,0.143739,0.0884975,0.624552,1.09709,14.3026,1.14615,0.645935,,,,,,,,
2014-10-02,372.526,348.666,0.101236,0.0640494,0.540483,1.06843,14.0355,1.08469,0.626904,,,,,,,,
2014-10-03,357.666,347.447,0.0433726,0.0285715,0.54855,1.02941,13.1693,0.999874,0.600497,,,,,,,,
2014-10-04,328.826,346.697,-0.0758779,-0.0543461,0.531514,0.948455,12.7107,0.845419,0.550888,,,,,,,,
2014-10-05,322.826,346.481,-0.100483,-0.0732735,0.572182,0.931729,12.952,0.81518,0.539694,,,,,,,,
2014-10-06,326.804,343.688,-0.0717552,-0.0516663,0.551338,0.950872,12.3471,0.835512,0.545179,,,,,,,,
2014-10-07,333.57,343.339,-0.0415309,-0.0292866,0.468038,0.971547,11.9814,0.870381,0.555262,,,,,,,,
2014-10-08,354.407,343.435,0.0466625,0.0309605,0.533913,1.03195,12.1768,0.982079,0.588603,,,,,,,,
2014-10-09,361.716,342.98,0.0797044,0.0517987,0.559561,1.05463,12.338,1.02239,0.599354,,,,,,,,
2014-10-10,358.89,342.637,0.0691665,0.045289,0.580928,1.04744,12.4044,1.00615,0.593309,,,,,,,,
2014-10-11,361.908,342.41,0.083,0.0538771,0.543795,1.05695,12.0128,1.02275,0.596922,,,,,,,,
2014-10-12,377.871,342.295,0.15148,0.0941496,0.583076,1.10394,11.7597,1.11425,0.621768,,,,,,,,
2014-10-13,391.994,342.845,0.209322,0.125382,0.632907,1.14336,11.2716,1.19703,0.64343,,,,,,,,
2014-10-14,400.881,342.972,0.246674,0.144454,0.550911,1.16884,10.6498,1.24982,0.656384,,,,,,,,
2014-10-15,394.626,342.234,0.223225,0.132764,0.619973,1.15309,10.1958,1.20908,0.644563,,,,,,,,
2014-10-16,382.321,342.186,0.171049,0.104979,0.588247,1.11729,9.52931,1.13276,0.622981,,,,,,,,
2014-10-17,382.201,341.82,0.172138,0.105654,0.563735,1.11814,8.69784,1.12991,0.621308,,,,,,,,
2014-10-18,391.293,341.891,0.210648,0.126253,0.665903,1.1445,8.23488,1.18223,0.634556,,,,,,,,
2014-10-19,388.684,341.885,0.199596,0.120406,0.536206,1.13689,7.67825,1.16401,0.628819,,,,,,,,
2014-10-20,381.191,341.752,0.168243,0.103462,0.54139,1.1154,7.0284,1.1174,0.615248,,,,,,,,
2014-10-21,385.205,341.687,0.185691,0.112972,0.610621,1.12736,6.74746,1.13879,0.620258,,,,,,,,
2014-10-22,380.779,341.512,0.1676,0.103121,0.627028,1.11498,6.49932,1.11078,0.611701,,,,,,,,
2014-10-23,357.345,341.078,0.0694553,0.0455218,0.558694,1.04769,6.42817,0.976789,0.57279,,,,,,,,
2014-10-24,357.488,340.608,0.0720978,0.0472183,0.588279,1.04956,6.2641,0.975992,0.57176,,,,,,,,
2014-10-25,345.811,340.32,0.0234611,0.0158781,0.55459,1.01613,5.95532,0.91199,0.551905,,,,,,,,
2014-10-26,353.082,340.203,0.0550468,0.036477,0.456506,1.03786,5.68522,0.949203,0.562289,,,,,,,,
2014-10-27,350.016,339.86,0.043422,0.0290151,0.575294,1.02988,5.84412,0.930445,0.556212,,,,,,,,
2014-10-28,354.654,339.743,0.0637724,0.042043,0.505719,1.04389,5.82861,0.953471,0.562364,,,,,,,,
2014-10-29,333.599,339.177,-0.0238661,-0.0167205,0.534009,0.983554,5.94624,0.84232,0.5279,,,,,,,,
2014-10-30,344.609,338.939,0.0242703,0.0164538,0.604675,1.01673,5.92175,0.897219,0.54418,,,,,,,,
2014-10-31,337.183,338.28,-0.00469764,-0.00325341,0.65391,0.996757,5.77897,0.85795,0.531361,,,,,,,,
2014-11-01,324.371,338.016,-0.0584545,-0.0420645,0.531887,0.959634,5.80859,0.793698,0.510165,,,,,,,,
2014-11-02,324.249,337.827,-0.0581969,-0.0418775,0.51818,0.959806,5.8209,0.792881,0.508971,,,,,,,,
2014-11-03,325.362,337.496,-0.052028,-0.037294,0.566689,0.964047,5.70215,0.79786,0.509714,,,,,,,,
2014-11-04,329.658,337.055,-0.0317325,-0.0224403,0.550253,0.978052,5.04559,0.818387,0.515419,,,,,,,,
2014-11-05,338.806,336.921,0.00808777,0.00556304,0.481682,1.00559,4.75947,0.86379,0.528646,,,,,,,,
2014-11-06,349.69,337.426,0.052644,0.0350707,0.554626,1.03635,5.07428,0.919319,0.54449,,,,,,,,
2014-11-07,342.133,337.156,0.0213732,0.0145477,0.528404,1.01476,5.01217,0.879261,0.531637,,,,,,,,
2014-11-08,345.716,337.169,0.0367161,0.0247228,0.544491,1.02535,4.90652,0.896879,0.536101,,,,,,,,
2014-11-09,363.61,336.932,0.114638,0.0733701,0.561356,1.07918,4.68922,0.990897,0.562639,,,,,,,,
2014-11-10,365.502,336.955,0.122709,0.0781054,0.553027,1.08472,4.79984,1.0001,0.564351,,,,,,,,
2014-11-11,367.825,336.855,0.133159,0.0841988,0.488624,1.09194,4.46206,1.01129,0.566713,,,,,,,,
2014-11-12,422.591,337.552,0.365681,0.201234,0.639872,1.25193,4.45579,1.33177,0.649519,,,,,,,,
2014-11-13,421.914,338.622,0.358215,0.197415,0.630246,1.24597,4.82265,1.32415,0.646919,,,,,,,,
2014-11-14,398.389,338.464,0.257779,0.150419,0.632308,1.17705,4.87716,1.17799,0.609448,,,,,,,,
2014-11-15,377.994,338.29,0.170836,0.105037,0.545627,1.11737,4.95923,1.05847,0.576984,,,,,,,,
2014-11-16,390.206,338.345,0.223201,0.132907,0.603931,1.15328,5.43562,1.12568,0.594291,,,,,,,,
2014-11-17,387.501,338.062,0.212828,0.127584,0.576316,1.14624,5.29302,1.10806,0.58886,,,,,,,,
2014-11-18,373.865,337.817,0.155227,0.0964194,0.595408,1.10671,5.86693,1.02962,0.566917,,,,,,,,
2014-11-19,377.613,337.525,0.172672,0.106163,0.551156,1.11877,6.27482,1.04831,0.571364,,,,,,,,
2014-11-20,356.181,337.001,0.0826404,0.0538499,0.509513,1.05691,6.18227,0.931103,0.537833,,,,,,,,
2014-11-21,350.749,336.704,0.0605339,0.0400436,0.462584,1.04171,5.8707,0.901408,0.528565,,,,,,,,
2014-11-22,352.456,336.619,0.0682791,0.0449327,0.565005,1.04705,5.81096,0.908635,0.530066,,,,,,,,
2014-11-23,367.773,336.628,0.134319,0.0846858,0.545013,1.09252,5.46478,0.987555,0.551947,,,,,,,,
2014-11-24,376.994,336.675,0.173931,0.106949,0.579679,1.11976,5.46123,1.03569,0.564579,,,,,,,,
2014-11-25,376.756,336.569,0.173403,0.106666,0.521566,1.1194,5.74539,1.03252,0.563023,,,,,,,,
2014-11-26,367.53,336.373,0.134477,0.0847735,0.529517,1.09263,5.34111,0.980977,0.548098,,,,,,,,
2014-11-27,369.53,336.313,0.143412,0.0898917,0.549756,1.09877,5.39978,0.98985,0.549935,,,,,,,,
2014-11-28,377.897,333.155,0.193221,0.118398,0.592279,1.1343,5.2462,1.03318,0.561197,,,,,,,,
2014-11-29,376.076,333.087,0.185704,0.114309,0.62775,1.12906,5.0478,1.02127,0.55732,,,,,,,,
2014-11-30,378.69,333.126,0.196886,0.12032,0.646762,1.13678,4.51795,1.03355,0.560011,,,,,,,,
2014-12-01,379.112,333.063,0.199027,0.121464,0.528223,1.13826,4.08558,1.0339,0.559454,,,,,,,,
2014-12-02,382.947,332.689,0.217275,0.131239,0.617612,1.15106,4.05794,1.05291,0.563916,,,,,,,,
2014-12-03,375.916,332.634,0.18716,0.115137,0.471171,1.13012,3.41187,1.01276,0.552412,,,,,,,,
2014-12-04,368.846,331.607,0.161074,0.10096,0.584297,1.1123,3.42389,0.973325,0.540917,,,,,,,,
2014-12-05,378.428,331.636,0.202457,0.123649,0.642746,1.1411,3.72472,1.02265,0.553816,,,,,,,,
2014-12-06,375.138,331.601,0.18842,0.116056,0.561567,1.13129,3.09723,1.00357,0.54787,,,,,,,,
2014-12-07,376.64,331.556,0.195163,0.119701,0.519943,1.13598,2.54529,1.01027,0.548929,,,,,,,,
2014-12-08,363.216,328.946,0.1484,0.0943512,0.650479,1.10418,2.40075,0.938748,0.528312,,,,,,,,
2014-12-09,351.107,328.871,0.096321,0.0633311,0.549567,1.06761,2.16899,0.876588,0.509718,,,,,,,,
2014-12-10,347.881,328.062,0.0858816,0.0569713,0.550646,1.06041,1.90332,0.860029,0.504077,,,,,,,,
2014-12-11,348.593,327.846,0.0899312,0.0595152,0.572677,1.06328,2.16037,0.863373,0.50415,,,,,,,,
2014-12-12,353.191,327.733,0.110387,0.0720781,0.554348,1.07768,1.98854,0.886145,0.50982,,,,,,,,
2014-12-13,349.243,327.646,0.0936786,0.0618386,0.56936,1.06591,1.6801,0.866266,0.503169,,,,,,,,
2014-12-14,356.08,327.613,0.123518,0.0799449,0.562668,1.08689,1.30449,0.900282,0.512032,,,,,,,,
2014-12-15,347.095,327.359,0.0856652,0.0568615,0.550228,1.06029,1.22415,0.855247,0.49818,,,,,,,,
2014-12-16,328.613,327.078,0.00666776,0.00467295,0.529776,1.00469,0.872907,0.766971,0.470821,,,,,,,,
2014-12-17,320.298,326.738,-0.0279759,-0.0201078,0.463602,0.980289,0.697212,0.72914,0.458122,,,,,,,,
2014-12-18,313.512,326.312,-0.0556231,-0.0408289,0.458237,0.960773,-0.030911,0.699133,0.447668,,,,,,,,
2014-12-19,318.243,326.004,-0.0337397,-0.0243881,0.495712,0.976192,-0.371393,0.721107,0.453655,,,,,,,,
2014-12-20,330.066,325.81,0.0185067,0.0128934,0.503853,1.01306,-0.512005,0.77636,0.469684,,,,,,,,
2014-12-21,320.993,324.962,-0.0172664,-0.0123646,0.4835,0.987786,-0.355007,0.734851,0.455997,,,,,,,,
2014-12-22,331.843,324.859,0.0303939,0.021045,0.62198,1.0215,-0.515915,0.785972,0.470583,,,,,,,,
2014-12-23,336.084,323.3,0.0556609,0.0380394,0.577278,1.03954,-0.458645,0.806692,0.475753,,,,,,,,
2014-12-24,323.032,323.158,-0.00054679,-0.000388621,0.567033,0.999612,-0.52608,0.745901,0.456501,,,,,,,,
2014-12-25,318.996,323.036,-0.0176029,-0.0126638,0.579331,0.987495,-0.496364,0.728064,0.450045,,,,,,,,
2014-12-26,329.21,322.977,0.0271721,0.018934,0.576719,1.0193,-0.299721,0.775988,0.463656,,,,,,,,
2014-12-27,315.968,322.823,-0.0298951,-0.0216953,0.55501,0.978765,-0.414716,0.71549,0.444275,,,,,,,,
2014-12-28,317.01,322.572,-0.0242632,-0.0175423,0.620175,0.98276,-0.322004,0.720773,0.445008,,,,,,,,
2014-12-29,313.066,322.314,-0.0403708,-0.0295427,0.595676,0.971305,-0.340553,0.703306,0.43876,,,,,,,,
2014-12-30,310.442,320.803,-0.045247,-0.0333762,0.559677,0.967702,-0.331073,0.691983,0.434388,,,,,,,,
2014-12-31,320.662,320.363,0.00130934,0.000934656,0.568462,1.00094,0.0785038,0.738484,0.447947,,,,,,,,
2015-01-01,314.776,320.303,-0.0241533,-0.017556,0.60774,0.982747,0.135127,0.711957,0.439015,,,,,,,,
2015-01-02,315.943,320.206,-0.0186396,-0.0134924,0.611031,0.986687,1.13908,0.717573,0.43993,,,,,,,,
2015-01-03,285.647,319.36,-0.147487,-0.118023,0.543857,0.894436,1.34566,0.587213,0.397177,,,,,,,,
2015-01-04,263.335,318.69,-0.242299,-0.21021,0.533553,0.826303,1.31238,0.499816,0.365686,,,,,,,,
2015-01-05,275.004,318.03,-0.188427,-0.156458,0.507515,0.864709,1.73143,0.54575,0.381375,,,,,,,,
2015-01-06,287.55,318.003,-0.133432,-0.105908,0.539652,0.904234,2.37647,0.597243,0.398204,,,,,,,,
2015-01-07,297.536,317.955,-0.089506,-0.068629,0.496402,0.935778,2.01133,0.639948,0.41142,,,,,,,,
2015-01-08,284.342,317.163,-0.143932,-0.115427,0.500014,0.896518,2.16821,0.58508,0.392626,,,,,,,,
2015-01-09,292.501,316.525,-0.105399,-0.082131,0.491982,0.924103,2.18874,0.619661,0.403307,,,,,,,,
2015-01-10,276.231,316.142,-0.17519,-0.144487,0.489764,0.873754,1.96806,0.553221,0.380362,,,,,,,,
2015-01-11,268.756,315.924,-0.207147,-0.175507,0.504865,0.850697,2.20304,0.524227,0.369593,,,,,,,,
2015-01-12,268.617,315.476,-0.205884,-0.174443,0.464393,0.851468,2.18001,0.524317,0.36893,,,,,,,,
2015-01-13,224.108,314.094,-0.395577,-0.40153,0.3478,0.713506,2.29698,0.365788,0.307507,,,,,,,,
2015-01-14,175.638,311.646,-0.598229,-0.774372,0.312325,0.56358,2.47215,0.225447,0.240878,,,,,,,,
2015-01-15,212.341,311.442,-0.436136,-0.466709,0.394845,0.681799,2.78862,0.330358,0.290969,,,,,,,,
2015-01-16,207.595,310.988,-0.455266,-0.498049,0.356812,0.667535,3.26284,0.316695,0.284238,,,,,,,,
2015-01-17,199.825,310.648,-0.48825,-0.554603,0.342063,0.643251,3.82762,0.294369,0.273399,,,,,,,,
2015-01-18,211.133,310.487,-0.437966,-0.470578,0.402189,0.680005,4.26593,0.32961,0.288631,,,,,,,,
2015-01-19,216.895,310.314,-0.412028,-0.430715,0.390332,0.698951,4.62675,0.348827,0.296249,,,,,,,,
2015-01-20,211.92,309.978,-0.432701,-0.462714,0.313988,0.683661,4.59495,0.333944,0.289215,,,,,,,,
2015-01-21,227.904,308.343,-0.35514,-0.352948,0.427894,0.739127,4.53889,0.387166,0.310731,,,,,,,,
2015-01-22,233.647,308.286,-0.329701,-0.31945,0.399191,0.757892,4.48617,0.407883,0.318243,,,,,,,,
2015-01-23,233.133,308.126,-0.331431,-0.321677,0.367317,0.756614,4.29647,0.407012,0.317227,,,,,,,,
2015-01-24,249.082,308.214,-0.261454,-0.237399,0.400396,0.808147,3.84289,0.465518,0.338553,,,,,,,,
2015-01-25,254.518,308.197,-0.237454,-0.210904,0.407324,0.825829,3.5691,0.486947,0.345546,,,,,,,,
2015-01-26,273.952,307.303,-0.147597,-0.12174,0.446836,0.891472,3.36582,0.56495,0.371456,,,,,,,,
2015-01-27,264.754,307.131,-0.187635,-0.160062,0.508243,0.862023,3.08591,0.528564,0.35855,,,,,,,,
2015-01-28,235.736,306.761,-0.314656,-0.301291,0.49956,0.768468,3.12511,0.420028,0.318933,,,,,,,,
2015-01-29,233.957,306.399,-0.321111,-0.309636,0.497238,0.763571,3.36979,0.414674,0.316216,,,,,,,,
2015-01-30,228.896,305.992,-0.341919,-0.336817,0.410949,0.748045,2.96907,0.397857,0.309085,,,,,,,,
2015-01-31,217.332,305.398,-0.390794,-0.405212,0.471232,0.711636,2.81824,0.359615,0.293223,,,,,,,,
2015-02-01,227.111,305.309,-0.347196,-0.344316,0.461763,0.743873,2.14676,0.393634,0.306135,,,,,,,,
2015-02-02,240.092,305.166,-0.28908,-0.271035,0.502801,0.78676,1.9311,0.440864,0.323305,,,,,,,,
2015-02-03,227.776,304.944,-0.342978,-0.33879,0.382623,0.746943,1.2437,0.397771,0.306437,,,,,,,,
2015-02-04,226.781,304.654,-0.346304,-0.343385,0.478702,0.744388,1.06395,0.395281,0.304822,,,,,,,,
2015-02-05,217.011,304.219,-0.388032,-0.401857,0.459706,0.713339,0.718248,0.362922,0.291449,,,,,,,,
2015-02-06,222.725,304.114,-0.362355,-0.365423,0.527138,0.732374,1.3891,0.383244,0.298863,,,,,,,,
2015-02-07,228.647,303.993,-0.335637,-0.32953,0.487442,0.752146,1.46661,0.40485,0.306529,,,,,,,,
2015-02-08,224.036,303.856,-0.355745,-0.35628,0.397878,0.737311,1.41,0.389645,0.300084,,,,,,,,
2015-02-09,220.768,303.549,-0.369146,-0.374963,0.479261,0.727292,1.632,0.379272,0.295457,,,,,,,,
2015-02-10,220.888,303.374,-0.368031,-0.37343,0.430081,0.728104,1.47677,0.380591,0.295368,,,,,,,,
2015-02-11,219.496,303.008,-0.372815,-0.380472,0.470236,0.72439,1.78316,0.376698,0.293262,,,,,,,,
2015-02-12,222.583,302.906,-0.358751,-0.360866,0.36035,0.734826,1.72014,0.38825,0.297133,,,,,,,,
2015-02-13,236.555,302.892,-0.296439,-0.280429,0.471172,0.780988,1.54759,0.43937,0.315482,,,,,,,,
2015-02-14,257.628,302.956,-0.202662,-0.175944,0.564174,0.85038,1.42112,0.521905,0.343204,,,,,,,,
2015-02-15,234.446,302.757,-0.305573,-0.291371,0.450746,0.774371,1.1631,0.43297,0.312029,,,,,,,,
2015-02-16,235.086,302.616,-0.302244,-0.287257,0.508478,0.776846,1.1393,0.436174,0.312588,,,,,,,,
2015-02-17,243.906,302.585,-0.262766,-0.240582,0.501838,0.806074,0.753929,0.47039,0.32399,,,,,,,,
2015-02-18,235.995,302.467,-0.297827,-0.281667,0.545518,0.780234,0.762296,0.44124,0.313187,,,,,,,,
2015-02-19,241.872,301.816,-0.268723,-0.247831,0.557543,0.801391,1.34294,0.464335,0.320671,,,,,,,,
2015-02-20,245.531,302.24,-0.25436,-0.230967,0.539953,0.81237,1.44442,0.479328,0.325195,,,,,,,,
2015-02-21,245.596,302.199,-0.254007,-0.23047,0.486392,0.812697,1.53768,0.480401,0.324955,,,,,,,,
2015-02-22,236.691,302.029,-0.293363,-0.276049,0.49987,0.783669,2.02451,0.44704,0.312879,,,,,,,,
2015-02-23,239.066,301.808,-0.281847,-0.262445,0.476044,0.792114,2.49163,0.456915,0.315719,,,,,,,,
2015-02-24,239.869,301.638,-0.277608,-0.257508,0.43513,0.795224,2.76176,0.46086,0.316478,,,,,,,,
2015-02-25,238.236,301.235,-0.283291,-0.264439,0.53366,0.790864,3.34185,0.455481,0.314028,,,,,,,,
2015-02-26,237.044,301.116,-0.288264,-0.270293,0.502341,0.78722,3.57385,0.451816,0.312168,,,,,,,,
2015-02-27,255.117,301.199,-0.207431,-0.18063,0.549364,0.847005,3.57575,0.524095,0.335614,,,,,,,,
2015-02-28,254.948,301.088,-0.207794,-0.180977,0.514152,0.846757,3.37739,0.524141,0.335041,,,,,,,,
2015-03-01,260.651,301.279,-0.183056,-0.15587,0.519163,0.865149,3.71926,0.548466,0.342163,,,,,,,,
2015-03-02,276.323,301.4,-0.113046,-0.0907537,0.621977,0.916797,3.81158,0.616658,0.362305,,,,,,,,
2015-03-03,282.706,301.025,-0.0826182,-0.064798,0.637725,0.939145,4.13975,0.645645,0.370222,,,,,,,,
2015-03-04,273.448,301.017,-0.124394,-0.10082,0.547901,0.908413,4.13894,0.604433,0.357682,,,,,,,,
2015-03-05,276.269,300.831,-0.110876,-0.0889077,0.523319,0.918351,4.84371,0.617185,0.360948,,,,,,,,
2015-03-06,273.318,300.845,-0.124318,-0.100715,0.582203,0.9085,4.86894,0.604136,0.356681,,,,,,,,
2015-03-07,276.403,300.503,-0.108887,-0.0871895,0.558407,0.919803,4.82385,0.618,0.360285,,,,,,,,
2015-03-08,275.338,300.098,-0.111927,-0.089927,0.621337,0.917493,4.38606,0.613577,0.35848,,,,,,,,
2015-03-09,290.13,299.792,-0.0436932,-0.0333008,0.606105,0.967772,4.29336,0.681494,0.377267,,,,,,,,
2015-03-10,292.32,300.4,-0.0365557,-0.0276398,0.645869,0.973104,4.79234,0.691999,0.379637,,,,,,,,
2015-03-11,296.693,300.593,-0.0176535,-0.0131453,0.665768,0.987025,4.66677,0.712853,0.384822,,,,,,,,
2015-03-12,295.8,301.395,-0.0253319,-0.0189122,0.566366,0.981439,4.59315,0.708655,0.383176,,,,,,,,
2015-03-13,285.911,300.94,-0.068086,-0.0525661,0.611644,0.950059,4.2574,0.662213,0.369917,,,,,,,,
2015-03-14,283.608,300.909,-0.0784101,-0.0610026,0.5454,0.942505,4.56165,0.651829,0.3665,,,,,,,,
2015-03-15,287.27,300.88,-0.0617072,-0.0473752,0.604601,0.954768,4.60212,0.668964,0.370783,,,,,,,,
2015-03-16,291.392,300.766,-0.0425184,-0.0321678,0.59776,0.968835,4.34894,0.688424,0.375639,,,,,,,,
2015-03-17,285.248,300.76,-0.0703902,-0.0543789,0.540242,0.948426,4.28179,0.659907,0.36728,,,,,,,,
2015-03-18,257.286,300.264,-0.195129,-0.167044,0.583646,0.856866,4.10727,0.537276,0.330942,,,,,,,,
2015-03-19,262.093,300.06,-0.172456,-0.14486,0.533714,0.873469,4.10395,0.55778,0.336775,,,,,,,,
2015-03-20,262.966,299.934,-0.167995,-0.140578,0.533062,0.876748,3.57649,0.561715,0.337545,,,,,,,,
2015-03-21,261.184,299.863,-0.175855,-0.148088,0.589446,0.871013,2.9481,0.554354,0.334913,,,,,,,,
2015-03-22,268.899,299.811,-0.140609,-0.114956,0.572041,0.896896,2.75263,0.58774,0.344435,,,,,,,,
2015-03-23,266.778,299.698,-0.149816,-0.123399,0.58145,0.890156,2.76826,0.57877,0.341356,,,,,,,,
2015-03-24,246.835,299.359,-0.239159,-0.212788,0.643654,0.824546,2.77065,0.49584,0.315547,,,,,,,,
2015-03-25,246.719,299.095,-0.238613,-0.21229,0.603733,0.824885,2.71922,0.495753,0.31511,,,,,,,,
2015-03-26,249.533,298.91,-0.225063,-0.197879,0.559126,0.834809,2.80076,0.507472,0.318406,,,,,,,,
2015-03-27,247.379,298.725,-0.234163,-0.20756,0.641539,0.828116,2.46917,0.499063,0.315368,,,,,,,,
2015-03-28,253.232,298.673,-0.207339,-0.179447,0.569553,0.847855,2.29197,0.52325,0.322521,,,,,,,,
2015-03-29,242.968,298.546,-0.253722,-0.228749,0.566073,0.813836,2.2218,0.482086,0.309176,,,,,,,,
2015-03-30,248.337,298.386,-0.22859,-0.201537,0.537635,0.832267,2.25817,0.503982,0.31572,,,,,,,,
2015-03-31,244.712,298.242,-0.244608,-0.218743,0.560696,0.820518,2.16019,0.489741,0.310836,,,,,,,,
2015-04-01,247.186,297.524,-0.230137,-0.203646,0.499429,0.830809,1.73614,0.500057,0.313694,,,,,,,,
2015-04-02,253.63,297.57,-0.200991,-0.173246,0.645646,0.852336,1.5829,0.526777,0.321568,,,,,,,,
2015-04-03,254.833,297.437,-0.194973,-0.167184,0.57186,0.856763,1.65842,0.532067,0.322787,,,,,,,,
2015-04-04,253.946,297.424,-0.199073,-0.171211,0.598422,0.853817,1.66653,0.52861,0.32136,,,,,,,,
2015-04-05,261.112,297.425,-0.166345,-0.13907,0.596215,0.877909,1.66546,0.558995,0.330103,,,,,,,,
2015-04-06,256.367,297.365,-0.187888,-0.159916,0.499144,0.862131,1.59866,0.53886,0.323796,,,,,,,,
2015-04-07,254.832,297.275,-0.194612,-0.166555,0.599272,0.857225,1.64718,0.532223,0.321555,,,,,,,,
2015-04-08,245.825,297.121,-0.23531,-0.208668,0.476008,0.827357,1.42488,0.495274,0.309919,,,,,,,,
2015-04-09,243.861,296.837,-0.243134,-0.21724,0.503255,0.821531,0.837626,0.487353,0.307178,,,,,,,,
2015-04-10,235.872,296.049,-0.276325,-0.255127,0.556805,0.796732,0.777868,0.45599,0.296878,,,,,,,,
2015-04-11,237.409,295.959,-0.268986,-0.246621,0.517026,0.802169,0.995115,0.462191,0.298572,,,,,,,,
2015-04-12,237.141,295.775,-0.269499,-0.247254,0.472941,0.801762,0.876124,0.46131,0.297995,,,,,,,,
2015-04-13,225.506,295.33,-0.321107,-0.309637,0.549116,0.76357,1.01081,0.417333,0.283172,,,,,,,,
2015-04-14,219.757,295.019,-0.346291,-0.342477,0.51234,0.744892,1.0796,0.39653,0.275769,,,,,,,,
2015-04-15,223.314,294.117,-0.325933,-0.317059,0.427529,0.759268,1.07285,0.409623,0.280038,,,,,,,,
2015-04-16,228.494,293.996,-0.301681,-0.286671,0.495946,0.777199,1.2903,0.42882,0.286325,,,,,,,,
2015-04-17,222.785,293.804,-0.327243,-0.318776,0.442582,0.758279,0.977042,0.407673,0.27898,,,,,,,,
2015-04-18,223.398,293.73,-0.324246,-0.314828,0.515239,0.760556,1.18069,0.410015,0.279555,,,,,,,,
2015-04-19,223.284,293.658,-0.324609,-0.315178,0.512509,0.760353,1.56937,0.40966,0.279222,,,,,,,,
2015-04-20,224.895,293.474,-0.316496,-0.304939,0.549549,0.766319,1.6636,0.415584,0.281041,,,,,,,,
2015-04-21,234.939,293.362,-0.269761,-0.248671,0.571589,0.800852,1.86792,0.453336,0.293368,,,,,,,,
2015-04-22,233.822,293.265,-0.274615,-0.254223,0.566136,0.797306,1.86409,0.448661,0.291752,,,,,,,,
2015-04-23,235.933,293.285,-0.26508,-0.243085,0.489641,0.80445,1.08129,0.456355,0.29416,,,,,,,,
2015-04-24,231.459,293.146,-0.285252,-0.266515,0.459134,0.789568,0.452795,0.438852,0.288369,,,,,,,,
2015-04-25,226.446,293.032,-0.308073,-0.29405,0.591713,0.772768,0.439906,0.419798,0.281928,,,,,,,,
2015-04-26,220.503,292.854,-0.334915,-0.328117,0.509988,0.752946,0.0303855,0.397989,0.274352,,,,,,,,
2015-04-27,227.326,292.697,-0.302755,-0.287565,0.501235,0.77666,-0.0428418,0.422909,0.282643,,,,,,,,
2015-04-28,225.549,292.587,-0.310637,-0.29722,0.556198,0.770879,-0.0223167,0.416237,0.280243,,,,,,,,
2015-04-29,225.669,292.491,-0.309786,-0.296107,0.462905,0.771542,-0.165596,0.416609,0.280201,,,,,,,,
2015-04-30,236.328,292.513,-0.260597,-0.237742,0.512164,0.807923,-0.431815,0.456808,0.293214,,,,,,,,
2015-05-01,232.747,292.413,-0.276883,-0.256356,0.558253,0.795953,0.0738805,0.443101,0.28856,,,,,,,,
2015-05-02,235.54,292.38,-0.263903,-0.241319,0.562089,0.805595,-0.201321,0.453861,0.291806,,,,,,,,
2015-05-03,240.464,292.403,-0.241263,-0.215994,0.551115,0.822373,-0.29606,0.473012,0.297674,,,,,,,,
2015-05-04,238.977,292.356,-0.248068,-0.223365,0.497992,0.817418,-0.789335,0.467095,0.295606,,,,,,,,
2015-05-05,236.023,292.224,-0.261315,-0.238114,0.59221,0.80768,-0.856463,0.455569,0.291736,,,,,,,,
2015-05-06,229.481,292.099,-0.29131,-0.272868,0.603219,0.785628,-0.432526,0.430726,0.283453,,,,,,,,
2015-05-07,237.131,292.026,-0.255505,-0.231496,0.546797,0.81202,-0.676043,0.459896,0.292682,,,,,,,,
2015-05-08,244.383,292.039,-0.221922,-0.195004,0.600483,0.836817,-0.285413,0.488312,0.301395,,,,,,,,
2015-05-09,242.706,292.017,-0.229734,-0.203171,0.513923,0.831137,-0.237153,0.481529,0.299092,,,,,,,,
2015-05-10,240.731,291.946,-0.238716,-0.212747,0.510907,0.824574,-0.622113,0.473619,0.296432,,,,,,,,
2015-05-11,242.25,291.69,-0.230564,-0.204089,0.630518,0.830503,-0.645395,0.479336,0.298071,,,,,,,,
2015-05-12,242.209,291.574,-0.230327,-0.203812,0.599468,0.830694,-0.303138,0.478902,0.297791,,,,,,,,
2015-05-13,236.55,291.455,-0.256308,-0.232105,0.633238,0.811619,-0.662814,0.456503,0.290621,,,,,,,,
2015-05-14,236.949,291.32,-0.253948,-0.229464,0.603808,0.813363,-0.810233,0.457804,0.290899,,,,,,,,
2015-05-15,237.485,291.263,-0.251303,-0.22645,0.578754,0.815362,-0.441059,0.459612,0.291343,,,,,,,,
2015-05-16,235.812,291.191,-0.258904,-0.234843,0.517215,0.80982,-0.750442,0.452947,0.289084,,,,,,,,
2015-05-17,236.964,291.147,-0.25345,-0.228655,0.674442,0.813898,-0.0172428,0.457015,0.290286,,,,,,,,
2015-05-18,232.884,291.008,-0.272022,-0.249585,0.559278,0.800266,-0.235843,0.44117,0.28509,,,,,,,,
2015-05-19,231.974,290.893,-0.27587,-0.253988,0.503969,0.797456,-0.562005,0.437451,0.283783,,,,,,,,
2015-05-20,234.19,290.847,-0.265412,-0.241927,0.568865,0.8052,-0.664088,0.445456,0.286294,,,,,,,,
2015-05-21,235.554,290.791,-0.258894,-0.2345,0.613042,0.810045,-0.728289,0.450248,0.287758,,,,,,,,
2015-05-22,240.323,290.728,-0.236358,-0.209738,0.558332,0.826625,-0.959016,0.468201,0.293369,,,,,,,,
2015-05-23,238.963,290.64,-0.242425,-0.216252,0.451818,0.822198,-0.683423,0.462502,0.291497,,,,,,,,
2015-05-24,240.712,290.62,-0.234247,-0.207338,0.594554,0.828269,0.0115571,0.468921,0.293414,,,,,,,,
2015-05-25,237.004,290.453,-0.250988,-0.225523,0.566894,0.815978,-0.404203,0.454331,0.28869,,,,,,,,
2015-05-26,236.796,290.359,-0.251645,-0.226199,0.580022,0.815528,-0.0898443,0.453236,0.288235,,,,,,,,
2015-05-27,237.204,290.222,-0.249204,-0.223514,0.557989,0.817318,0.0561764,0.454516,0.288528,,,,,,,,
2015-05-28,236.957,290.056,-0.249702,-0.224089,0.534837,0.816934,-0.180611,0.453408,0.288026,,,,,,,,
2015-05-29,236.647,290.004,-0.251045,-0.225474,0.624445,0.81601,0.316748,0.452074,0.287449,,,,,,,,
2015-05-30,232.789,289.109,-0.265109,-0.241936,0.544309,0.805194,0.531221,0.437362,0.282575,,,,,,,,
2015-05-31,229.451,288.928,-0.280114,-0.259218,0.585451,0.794144,0.349313,0.425145,0.278344,,,,,,,,
2015-06-01,223.283,288.567,-0.307607,-0.292383,0.510069,0.773765,0.360104,0.402872,0.270702,,,,,,,,
2015-06-02,225.321,288.351,-0.297139,-0.279735,0.587541,0.781412,0.488105,0.410405,0.273007,,,,,,,,
2015-06-03,225.213,288.159,-0.296889,-0.279494,0.558271,0.781559,0.902286,0.410052,0.272712,,,,,,,,
2015-06-04,223.54,288.042,-0.304378,-0.288546,0.552468,0.776069,0.733659,0.404101,0.270527,,,,,,,,
2015-06-05,224.731,287.968,-0.298558,-0.281391,0.545416,0.780402,0.11691,0.408513,0.271806,,,,,,,,
2015-06-06,225.161,287.913,-0.296437,-0.278703,0.706564,0.782043,0.733251,0.410094,0.272163,,,,,,,,
2015-06-07,223.412,287.676,-0.303733,-0.287652,0.588804,0.776608,0.485339,0.403802,0.269892,,,,,,,,
2015-06-08,228.774,287.649,-0.278401,-0.257346,0.636963,0.795326,0.906825,0.423304,0.276199,,,,,,,,
2015-06-09,229.371,287.608,-0.275528,-0.2539,0.616208,0.797512,1.48789,0.425358,0.276747,,,,,,,,
2015-06-10,228.588,287.452,-0.278642,-0.257509,0.689667,0.795223,1.46223,0.422327,0.275634,,,,,,,,
2015-06-11,229.584,287.293,-0.273306,-0.251362,0.554979,0.799129,1.09229,0.425959,0.276663,,,,,,,,
2015-06-12,229.811,287.294,-0.272369,-0.25013,0.586323,0.799917,0.86253,0.426797,0.276765,,,,,,,,
2015-06-13,233.015,287.163,-0.256696,-0.232376,0.667651,0.811441,0.924683,0.438746,0.280444,,,,,,,,
2015-06-14,232.507,287.073,-0.258809,-0.234684,0.622195,0.809924,0.755511,0.43675,0.279655,,,,,,,,
2015-06-15,236.791,287.058,-0.238538,-0.212286,0.618923,0.824888,1.09076,0.452876,0.284619,,,,,,,,
2015-06-16,251.433,287.308,-0.170315,-0.142685,0.540721,0.875132,0.0334893,0.510387,0.301988,,,,,,,,
2015-06-17,247.969,287.248,-0.186563,-0.1584,0.716652,0.863259,0.276286,0.496227,0.29761,,,,,,,,
2015-06-18,249.012,287.179,-0.181372,-0.153273,0.712598,0.867098,0.787526,0.500219,0.298641,,,,,,,,
2015-06-19,244.803,287.154,-0.201349,-0.172997,0.662251,0.852517,0.902986,0.483312,0.293385,,,,,,,,
2015-06-20,245.583,287.161,-0.197772,-0.169307,0.607969,0.855207,0.620047,0.486269,0.294109,,,,,,,,
2015-06-21,244.3,287.174,-0.204023,-0.175498,0.561935,0.850703,0.604311,0.48105,0.292368,,,,,,,,
2015-06-22,247.018,287.172,-0.191171,-0.162554,0.703577,0.860175,1.28649,0.491581,0.295408,,,,,,,,
2015-06-23,244.185,287.104,-0.204432,-0.175764,0.638678,0.850511,0.951209,0.480234,0.291817,,,,,,,,
2015-06-24,240.452,286.95,-0.221593,-0.19338,0.703365,0.837956,1.36865,0.465547,0.287163,,,,,,,,
2015-06-25,242.348,286.853,-0.2122,-0.183644,0.693167,0.844849,1.4504,0.472793,0.289231,,,,,,,,
2015-06-26,242.968,286.799,-0.209085,-0.180397,0.706338,0.847173,1.61391,0.474997,0.289773,,,,,,,,
2015-06-27,251.529,286.852,-0.168573,-0.140431,0.615254,0.876861,1.81006,0.508653,0.299762,,,,,,,,
2015-06-28,249.058,286.848,-0.180431,-0.151731,0.668417,0.868258,1.32858,0.498311,0.296604,,,,,,,,
2015-06-29,256.65,286.927,-0.144627,-0.117971,0.685996,0.894478,1.33174,0.528659,0.305411,,,,,,,,
2015-06-30,263.854,287.126,-0.111211,-0.0881974,0.732205,0.918951,1.29702,0.558191,0.31373,,,,,,,,
2015-07-01,258.043,287.105,-0.138947,-0.112626,0.668469,0.898775,1.56025,0.533365,0.306584,,,,,,,,
2015-07-02,254.747,287.007,-0.154309,-0.126635,0.754795,0.887599,1.56772,0.519418,0.302442,,,,,,,,
2015-07-03,256.087,286.577,-0.145915,-0.119062,0.795292,0.893606,1.68745,0.524402,0.303804,,,,,,,,
2015-07-04,260.509,286.603,-0.124932,-0.100163,0.766437,0.908956,2.023,0.541965,0.308809,,,,,,,,
2015-07-05,271.302,286.629,-0.0734146,-0.0564934,0.747952,0.946527,2.39242,0.586846,0.321332,,,,,,,,
2015-07-06,269.138,286.684,-0.084087,-0.0651934,0.947857,0.938797,2.07864,0.576541,0.318505,,,,,,,,
2015-07-07,266.47,286.794,-0.0974416,-0.0762712,0.696916,0.929134,1.98352,0.564279,0.315092,,,,,,,,
2015-07-08,270.576,286.846,-0.0780405,-0.0601301,0.85253,0.94328,1.77757,0.580953,0.319682,,,,,,,,
2015-07-09,269.68,286.596,-0.0811736,-0.0627257,0.704477,0.940977,1.3884,0.576198,0.318361,,,,,,,,
2015-07-10,285.559,286.853,-0.00621521,-0.0045337,0.86597,0.995487,1.16596,0.644948,0.336797,,,,,,,,
2015-07-11,293.917,286.984,0.0332971,0.0235884,0.859163,1.02416,1.55215,0.682039,0.346323,,,,,,,,
2015-07-12,311.482,287.43,0.115554,0.0772177,0.833142,1.08368,1.81242,0.764254,0.366633,,,,,,,,
2015-07-13,292.649,287.381,0.0253212,0.0180022,0.860832,1.01833,1.75595,0.67327,0.34414,,,,,,,,
2015-07-14,287.741,287.367,0.00179759,0.00129927,0.825413,1.0013,1.70697,0.649719,0.338058,,,,,,,,
2015-07-15,285.923,287.381,-0.00701456,-0.00510008,0.874091,0.994926,1.65245,0.640285,0.335618,,,,,,,,
2015-07-16,278.533,287.252,-0.0419614,-0.0313056,0.747863,0.969645,2.44612,0.60652,0.326662,,,,,,,,
2015-07-17,280.065,287.294,-0.0348058,-0.0258141,0.827938,0.974835,2.17088,0.612052,0.328174,,,,,,,,
2015-07-18,277.355,287.201,-0.0474253,-0.0355018,0.834169,0.965715,1.8037,0.599134,0.324723,,,,,,,,
2015-07-19,275.282,287.169,-0.0572768,-0.0431802,0.847864,0.958607,1.85458,0.58922,0.322027,,,,,,,,
2015-07-20,279.114,286.942,-0.0377351,-0.0280449,0.884913,0.97272,2.36766,0.604625,0.326232,,,,,,,,
2015-07-21,276.652,286.869,-0.0492715,-0.0369301,0.716496,0.964385,2.57791,0.592949,0.323083,,,,,,,,
2015-07-22,277.764,286.856,-0.0438651,-0.0327318,0.874524,0.968306,2.1304,0.59635,0.324109,,,,,,,,
2015-07-23,276.812,286.875,-0.0485728,-0.0363543,0.794597,0.964921,2.21413,0.590674,0.322727,,,,,,,,
2015-07-24,289.306,287.019,0.0110412,0.00790337,1.00459,1.00797,2.20745,0.643463,0.33699,,,,,,,,
2015-07-25,289.508,287.129,0.0114928,0.00821739,0.918832,1.00829,2.17411,0.642769,0.336921,,,,,,,,
2015-07-26,293.315,287.206,0.0295233,0.0208271,0.872311,1.02127,1.93122,0.658225,0.341037,,,,,,,,
2015-07-27,294.427,287.266,0.0346201,0.0243205,0.908419,1.02493,2.248,0.661495,0.342014,,,,,,,,
2015-07-28,295.41,287.32,0.0391298,0.0273867,0.834199,1.02816,2.40406,0.664267,0.342838,,,,,,,,
2015-07-29,289.856,287.241,0.0126504,0.00901983,0.917052,1.0091,2.56838,0.637814,0.336091,,,,,,,,
2015-07-30,288.236,287.157,0.00522209,0.00374287,0.806614,1.00376,2.5365,0.628952,0.333918,,,,,,,,
2015-07-31,284.597,287.186,-0.0125345,-0.00909493,0.899872,0.990987,2.71763,0.611504,0.329419,,,,,,,,
2015-08-01,281.669,287.156,-0.0265831,-0.0194807,0.916834,0.980892,2.71753,0.596846,0.325755,,,,,,,,
2015-08-02,282.423,287.152,-0.0229218,-0.0167456,0.89833,0.98353,2.42631,0.597169,0.326352,,,,,,,,
2015-08-03,282.185,287.131,-0.0239802,-0.0175259,0.935725,0.982776,2.39546,0.593871,0.325803,,,,,,,,
2015-08-04,285.287,287.017,-0.00839499,-0.00606637,0.821204,0.99397,2.31301,0.604563,0.329102,,,,,,,,
2015-08-05,282.339,286.981,-0.0225269,-0.0164418,0.796686,0.983824,1.76487,0.589678,0.325429,,,,,,,,
2015-08-06,278.996,286.935,-0.038545,-0.0284582,0.849188,0.972329,2.06307,0.5736,0.321314,,,,,,,,
2015-08-07,279.489,286.891,-0.0359525,-0.0264866,0.81764,0.974197,1.77658,0.573506,0.321619,,,,,,,,
2015-08-08,261.45,286.785,-0.123099,-0.096899,0.901549,0.911661,2.33553,0.500124,0.300648,,,,,,,,
2015-08-09,266.342,285.414,-0.0927118,-0.0716081,0.813344,0.933177,2.40848,0.517354,0.306049,,,,,,,,
2015-08-10,264.929,285.311,-0.0991272,-0.0769347,0.954842,0.928561,2.51058,0.510318,0.304204,,,,,,,,
2015-08-11,271.422,285.324,-0.0676422,-0.0512191,0.952356,0.951276,2.83698,0.533936,0.311423,,,,,,,,
2015-08-12,268.144,285.265,-0.0833396,-0.0638509,0.734614,0.939981,2.6386,0.519666,0.307434,,,,,,,,
2015-08-13,264.692,285.157,-0.0996643,-0.0773197,0.848067,0.92823,2.70697,0.505048,0.303259,,,,,,,,
2015-08-14,266.356,285.069,-0.0911678,-0.0702557,0.826994,0.934356,2.4835,0.510255,0.304944,,,,,,,,
2015-08-15,261.937,284.918,-0.112012,-0.0877369,0.786837,0.91934,2.34112,0.492298,0.299676,,,,,,,,
2015-08-16,258.931,284.694,-0.125625,-0.099499,0.785688,0.909505,2.36815,0.479677,0.296037,,,,,,,,
2015-08-17,258.009,284.563,-0.129539,-0.102919,0.836303,0.906685,2.43027,0.474887,0.294786,,,,,,,,
2015-08-18,217.886,283.713,-0.321281,-0.302117,0.679974,0.76798,2.25287,0.337937,0.248844,,,,,,,,
2015-08-19,227.218,283.363,-0.274165,-0.247098,0.787164,0.801862,2.01018,0.366537,0.259382,,,,,,,,
2015-08-20,235.524,283.068,-0.23228,-0.201867,0.787032,0.832039,2.24469,0.392803,0.268724,,,,,,,,
2015-08-21,232.801,282.778,-0.24429,-0.214678,0.858202,0.823263,2.36457,0.382906,0.265484,,,,,,,,
2015-08-22,230.639,282.605,-0.254139,-0.225314,0.816392,0.816117,2.62665,0.3749,0.262892,,,,,,,,
2015-08-23,228.673,282.58,-0.263755,-0.23574,0.688589,0.809232,2.13524,0.367633,0.260529,,,,,,,,
2015-08-24,211.956,281.807,-0.341938,-0.329554,0.74016,0.752132,2.14354,0.315123,0.2414,,,,,,,,
2015-08-25,222.655,280.395,-0.282786,-0.259327,0.678816,0.794075,2.12772,0.346903,0.253478,,,,,,,,
2015-08-26,226.117,279.797,-0.263037,-0.237402,0.824798,0.808145,2.02194,0.356933,0.257304,,,,,,,,
2015-08-27,224.94,279.713,-0.268518,-0.243501,0.700604,0.804181,2.06155,0.352371,0.255854,,,,,,,,
2015-08-28,232.171,279.728,-0.233256,-0.204836,0.820772,0.829989,1.93123,0.374394,0.263951,,,,,,,,
2015-08-29,229.826,279.598,-0.244243,-0.216562,0.841307,0.821988,2.32361,0.365917,0.261163,,,,,,,,
2015-08-30,229.02,279.54,-0.248039,-0.220596,0.78877,0.819272,2.10373,0.362403,0.260127,,,,,,,,
2015-08-31,230.689,279.488,-0.239701,-0.211531,0.83442,0.825402,2.08226,0.366759,0.261901,,,,,,,,
2015-09-01,227.956,279.362,-0.252641,-0.225513,0.810281,0.815985,2.19311,0.357325,0.258681,,,,,,,,
2015-09-02,229.502,279.239,-0.244558,-0.216717,0.849336,0.821884,2.13901,0.361531,0.260317,,,,,,,,
2015-09-03,227.107,279.01,-0.25533,-0.228538,0.769219,0.813975,2.28909,0.353232,0.257487,,,,,,,,
2015-09-04,231.178,278.956,-0.235157,-0.206674,0.838837,0.828724,3.1028,0.365161,0.261979,,,,,,,,
2015-09-05,235.903,278.956,-0.212002,-0.182505,0.80839,0.845663,3.09994,0.379394,0.267202,,,,,,,,
2015-09-06,240.805,278.961,-0.18797,-0.158448,0.811009,0.863224,3.49084,0.394341,0.272611,,,,,,,,
2015-09-07,240.634,278.965,-0.188928,-0.159294,0.857519,0.862594,3.1154,0.392846,0.272273,,,,,,,,
2015-09-08,244.175,279.005,-0.171748,-0.142644,0.780265,0.875163,3.19713,0.403537,0.276129,,,,,,,,
2015-09-09,238.722,278.941,-0.198411,-0.168473,0.83757,0.855818,2.81523,0.384849,0.269826,,,,,,,,
2015-09-10,238.75,278.713,-0.197248,-0.16738,0.963476,0.856619,2.70528,0.384003,0.269721,,,,,,,,
2015-09-11,240.845,278.687,-0.186872,-0.15712,0.900547,0.864214,3.38843,0.389822,0.271946,,,,,,,,
2015-09-12,236.352,278.614,-0.208799,-0.178812,0.757117,0.848312,3.29132,0.374544,0.266742,,,,,,,,
2015-09-13,230.549,278.498,-0.237009,-0.207979,0.828843,0.827829,3.59065,0.355585,0.260076,,,,,,,,
2015-09-14,230.949,278.373,-0.234527,-0.205345,0.837968,0.829638,3.7996,0.356015,0.26041,,,,,,,,
2015-09-15,230.399,278.277,-0.236891,-0.207805,0.882152,0.827948,4.22059,0.353656,0.259675,,,,,,,,
2015-09-16,229.043,278.189,-0.243277,-0.214569,0.780703,0.823337,4.25909,0.348861,0.258035,,,,,,,,
2015-09-17,233.203,278.172,-0.222706,-0.192832,0.808804,0.838341,4.49819,0.360985,0.2626,,,,,,,,
2015-09-18,233.175,278.133,-0.222759,-0.192809,0.827858,0.838357,4.54272,0.360346,0.262449,,,,,,,,
2015-09-19,232.242,278.072,-0.227183,-0.197342,0.702925,0.835184,4.13792,0.356966,0.26128,,,,,,,,
2015-09-20,231.362,278.005,-0.231309,-0.2016,0.719109,0.832224,3.73903,0.35372,0.260176,,,,,,,,
2015-09-21,226.773,277.96,-0.253956,-0.225715,0.728605,0.81585,3.28496,0.339354,0.254911,,,,,,,,
2015-09-22,230.626,277.908,-0.234703,-0.205016,0.883155,0.829864,3.98642,0.350446,0.259129,,,,,,,,
2015-09-23,230.132,277.627,-0.235877,-0.206381,0.888624,0.828925,4.07989,0.348436,0.258463,,,,,,,,
2015-09-24,234.32,277.636,-0.215223,-0.18486,0.803506,0.843981,4.31798,0.360664,0.263045,,,,,,,,
2015-09-25,235.538,277.601,-0.209097,-0.17858,0.948168,0.848478,4.31099,0.363937,0.26429,,,,,,,,
2015-09-26,234.592,277.562,-0.213708,-0.183168,0.847598,0.845188,4.49458,0.360558,0.263109,,,,,,,,
2015-09-27,233.243,277.522,-0.220323,-0.189839,0.855281,0.84045,4.47976,0.356007,0.26148,,,,,,,,
2015-09-28,240.017,277.468,-0.186431,-0.156032,0.845506,0.865028,4.08469,0.376484,0.268942,,,,,,,,
2015-09-29,237.336,277.433,-0.199709,-0.168945,1.01798,0.855472,4.45833,0.367589,0.265813,,,,,,,,
2015-09-30,236.74,277.39,-0.202561,-0.171709,0.865125,0.853454,4.42145,0.365207,0.265022,,,,,,,,
2015-10-01,238.23,277.308,-0.194818,-0.164035,0.877869,0.859081,4.43839,0.369288,0.266564,,,,,,,,
2015-10-02,237.937,277.303,-0.19634,-0.165445,0.813084,0.858041,4.28273,0.36788,0.266112,,,,,,,,
2015-10-03,239.736,277.312,-0.187501,-0.15674,0.861807,0.864499,4.28509,0.372904,0.267996,,,,,,,,
2015-10-04,239.517,277.277,-0.18851,-0.157652,0.909388,0.863817,4.02008,0.371475,0.267623,,,,,,,,
2015-10-05,240.961,277.272,-0.18136,-0.150692,0.915974,0.869042,4.01232,0.375236,0.269107,,,,,,,,
2015-10-06,246.94,277.319,-0.151798,-0.12302,0.872256,0.890456,3.87987,0.393281,0.275641,,,,,,,,
2015-10-07,243.734,277.119,-0.16689,-0.13697,0.807041,0.879531,3.72938,0.382362,0.271927,,,,,,,,
2015-10-08,243.03,276.993,-0.169859,-0.139749,0.848044,0.877386,3.82209,0.379448,0.271007,,,,,,,,
2015-10-09,244.449,276.998,-0.162859,-0.133155,0.768891,0.882492,3.72912,0.383153,0.272454,,,,,,,,
2015-10-10,245.956,276.968,-0.155242,-0.12609,0.983483,0.888029,3.47933,0.386983,0.273994,,,,,,,,
2015-10-11,248.528,276.961,-0.142393,-0.114405,0.907798,0.89734,2.97313,0.394173,0.276715,,,,,,,,
2015-10-12,246.094,276.617,-0.152931,-0.124032,0.875537,0.889655,3.16623,0.385603,0.273866,,,,,,,,
2015-10-13,250.471,276.695,-0.131444,-0.104697,0.861298,0.905226,2.88748,0.398477,0.27859,,,,,,,,
2015-10-14,253.142,276.505,-0.117155,-0.0922889,0.966751,0.915509,2.70869,0.406062,0.281407,,,,,,,,
2015-10-15,254.693,276.536,-0.10959,-0.0857626,1.06353,0.921012,2.52715,0.409987,0.282975,,,,,,,,
2015-10-16,262.737,276.698,-0.0700703,-0.053134,0.952949,0.949547,2.58806,0.435144,0.291737,,,,,,,,
2015-10-17,271.931,276.897,-0.0249375,-0.0182634,0.932613,0.982064,2.4239,0.464787,0.301749,,,,,,,,
2015-10-18,263.482,276.88,-0.0673074,-0.0508527,0.965167,0.951608,2.34419,0.435187,0.292198,,,,,,,,
2015-10-19,264.363,276.894,-0.0629769,-0.0474005,1.10258,0.954745,2.93799,0.436981,0.292999,,,,,,,,
2015-10-20,270.832,277.131,-0.0316679,-0.0232569,0.877335,0.977272,3.19505,0.457412,0.299977,,,,,,,,
2015-10-21,268.04,277.149,-0.0458172,-0.0339844,0.978206,0.967133,3.51866,0.446856,0.2967,,,,,,,,
2015-10-22,275.415,277.266,-0.00931466,-0.00672126,1.03446,0.993324,3.0527,0.47055,0.304662,,,,,,,,
2015-10-23,278.613,277.424,0.00598297,0.00426588,1.05446,1.00428,2.80399,0.480209,0.307991,,,,,,,,
2015-10-24,283.611,277.597,0.0302869,0.0212057,1.0457,1.02167,2.70714,0.49616,0.313297,,,,,,,,
2015-10-25,286.05,277.768,0.0417208,0.0289505,1.12816,1.02981,2.45565,0.503163,0.315765,,,,,,,,
2015-10-26,286.703,277.892,0.0444107,0.0307339,1.19615,1.03171,2.4386,0.503872,0.316261,,,,,,,,
2015-10-27,295.563,278.249,0.0872946,0.0585782,1.10623,1.06222,2.37453,0.533635,0.325786,,,,,,,,
2015-10-28,304.442,278.714,0.129765,0.0845086,1.07795,1.09231,2.40877,0.56415,0.335305,,,,,,,,
2015-10-29,314.879,279.378,0.179122,0.112747,1.21151,1.12707,1.80544,0.601229,0.346505,,,,,,,,
2015-10-30,328.492,280.415,0.242657,0.146358,1.43153,1.17145,2.10207,0.651578,0.361155,,,,,,,,
2015-10-31,314.12,280.712,0.16867,0.106352,1.17818,1.11901,2.02535,0.593351,0.345062,,,,,,,,
2015-11-01,329.854,281.201,0.245721,0.147498,1.2878,1.17302,2.29121,0.651481,0.362015,,,,,,,,
2015-11-02,364.617,282.561,0.414516,0.225047,1.42297,1.2904,2.24851,0.792316,0.399741,,,,,,,,
2015-11-03,400.923,284.646,0.587459,0.290023,1.58432,1.4085,2.20321,0.952917,0.439016,,,,,,,,
2015-11-04,405.482,286.76,0.599871,0.292791,1.60128,1.41401,2.08765,0.969537,0.443466,,,,,,,,
2015-11-05,384.341,287.779,0.487985,0.251242,1.42873,1.33554,2.08793,0.866684,0.419867,,,,,,,,
2015-11-06,372.975,287.822,0.430409,0.228308,1.37696,1.29585,2.36928,0.812219,0.407008,,,,,,,,
2015-11-07,386.505,288.603,0.494921,0.253299,1.49502,1.33922,2.39553,0.868012,0.42129,,,,,,,,
2015-11-08,372.4,288.492,0.424257,0.225316,1.31737,1.29085,2.73394,0.802068,0.405478,,,,,,,,
2015-11-09,380.496,289.055,0.462424,0.240319,1.44262,1.31634,2.65316,0.833371,0.413832,,,,,,,,
2015-11-10,337.831,287.942,0.252362,0.147672,1.25546,1.17326,2.71459,0.654187,0.367088,,,,,,,,
2015-11-11,308.922,287.001,0.110929,0.0709586,1.32061,1.07638,2.92606,0.544897,0.33541,,,,,,,,
2015-11-12,337.523,287.292,0.254271,0.148822,1.3835,1.17484,3.38554,0.647568,0.366124,,,,,,,,
2015-11-13,337.279,287.486,0.252133,0.147632,1.37461,1.1732,3.50413,0.643855,0.365523,,,,,,,,
2015-11-14,333.047,287.49,0.23075,0.136789,1.20584,1.15846,3.18178,0.625118,0.360612,,,,,,,,
2015-11-15,319.928,287.268,0.165483,0.102086,1.30533,1.11369,3.36752,0.574494,0.346117,,,,,,,,
2015-11-16,331.133,287.299,0.222177,0.132377,1.46095,1.15257,3.91394,0.612973,0.357921,,,,,,,,
2015-11-17,335.85,287.767,0.243782,0.143167,1.27671,1.16709,4.06607,0.627942,0.362691,,,,,,,,
2015-11-18,335.745,287.854,0.24288,0.14264,1.31114,1.16637,3.57491,0.624981,0.36225,,,,,,,,
2015-11-19,326.232,287.73,0.195322,0.11802,1.13314,1.13381,3.74053,0.587801,0.351685,,,,,,,,
2015-11-20,321.94,287.645,0.174045,0.106528,1.37269,1.11923,3.95209,0.570257,0.346768,,,,,,,,
2015-11-21,325.905,287.668,0.194117,0.117326,1.44661,1.13292,4.43003,0.582093,0.35074,,,,,,,,
2015-11-22,323.717,287.739,0.182714,0.111141,1.42024,1.12504,4.87133,0.571985,0.348092,,,,,,,,
2015-11-23,323.013,287.699,0.179403,0.109327,1.34295,1.12275,5.09638,0.567299,0.347045,,,,,,,,
2015-11-24,319.961,287.65,0.164203,0.100984,1.27363,1.11233,5.46066,0.554594,0.343485,,,,,,,,
2015-11-25,328.96,287.746,0.209513,0.125286,1.24239,1.14323,5.35534,0.583982,0.352843,,,,,,,,
2015-11-26,356.255,288.298,0.34556,0.190755,1.59865,1.23572,5.97442,0.681987,0.381747,,,,,,,,
2015-11-27,359.269,288.634,0.359247,0.196606,1.21865,1.24472,6.17761,0.690605,0.384597,,,,,,,,
2015-11-28,356.567,288.735,0.345078,0.190236,1.40056,1.23493,6.65283,0.677372,0.381334,,,,,,,,
2015-11-29,371.708,289.048,0.420594,0.222378,1.41299,1.28597,6.3375,0.732756,0.397116,,,,,,,,
2015-11-30,377.39,289.664,0.446465,0.232455,1.5597,1.30286,6.72686,0.751831,0.402762,,,,,,,,
2015-12-01,362.532,289.619,0.371173,0.201123,1.54332,1.25176,6.93952,0.690732,0.386523,,,,,,,,
2015-12-02,359.222,289.672,0.35414,0.193613,1.47425,1.2401,7.15819,0.675186,0.382621,,,,,,,,
2015-12-03,361.21,289.748,0.363953,0.19784,1.30676,1.24663,7.20252,0.679668,0.384361,,,,,,,,
2015-12-04,363.242,289.906,0.373579,0.201891,1.41574,1.25296,7.37324,0.684224,0.386142,,,,,,,,
2015-12-05,389.363,290.499,0.503721,0.253913,1.73465,1.34033,7.86136,0.782327,0.413461,,,,,,,,
2015-12-06,393.319,291.045,0.521171,0.260028,1.59083,1.3514,8.09321,0.794401,0.417203,,,,,,,,
2015-12-07,395.347,291.544,0.529025,0.26256,1.47725,1.35604,8.25476,0.798689,0.41889,,,,,,,,
2015-12-08,413.799,292.286,0.619355,0.293653,1.83903,1.41573,8.86617,0.870598,0.437928,,,,,,,,
2015-12-09,417.633,293.468,0.632927,0.297307,1.77931,1.4231,9.55038,0.882295,0.441464,,,,,,,,
2015-12-10,415.73,293.857,0.621352,0.293155,2.27094,1.41474,10.6889,0.869879,0.438938,,,,,,,,
2015-12-11,453.861,295.162,0.809055,0.349665,1.8338,1.53767,10.5685,1.03103,0.478576,,,,,,,,
2015-12-12,435.856,295.437,0.715868,0.322168,1.7805,1.47529,10.4834,0.945766,0.459022,,,,,,,,
2015-12-13,434.403,295.678,0.707221,0.319346,1.55433,1.46918,10.3549,0.93448,0.45693,,,,,,,,
2015-12-14,442.992,296.617,0.746249,0.330423,2.17125,1.49348,11.3494,0.966531,0.465379,,,,,,,,
2015-12-15,464.618,297.693,0.850967,0.359274,2.13181,1.56073,11.5888,1.05719,0.487453,,,,,,,,
2015-12-16,454.142,297.934,0.79629,0.343963,1.85257,1.5243,11.2543,1.00437,0.47585,,,,,,,,
2015-12-17,456.24,298.364,0.804731,0.346037,1.76619,1.52914,11.4219,1.00787,0.477431,,,,,,,,
2015-12-18,463.176,299.041,0.836569,0.354369,1.94994,1.54887,11.9217,1.03258,0.484054,,,,,,,,
2015-12-19,461.4,299.455,0.825331,0.350986,1.80099,1.5408,12.4916,1.01867,0.481571,,,,,,,,
2015-12-20,442.154,299.467,0.727181,0.322708,1.81027,1.47647,12.6974,0.930173,0.460913,,,,,,,,
2015-12-21,437.64,299.517,0.703917,0.31561,1.61553,1.46115,12.6067,0.906138,0.455652,,,,,,,,
2015-12-22,435.268,299.679,0.691002,0.311508,1.61637,1.45245,12.579,0.891337,0.452636,,,,,,,,
2015-12-23,442.666,300.115,0.726464,0.322027,1.71833,1.47499,12.7706,0.916673,0.459762,,,,,,,,
2015-12-24,455.879,300.615,0.791178,0.340582,1.55404,1.51649,12.6735,0.966532,0.472884,,,,,,,,
2015-12-25,455.719,301.148,0.787601,0.339181,1.82078,1.51327,13.1027,0.960327,0.472119,,,,,,,,
2015-12-26,418.222,300.777,0.598481,0.280818,1.76124,1.39047,12.8733,0.804522,0.432779,,,,,,,,
2015-12-27,422.706,300.806,0.621272,0.28838,2.12852,1.40524,13.8534,0.81747,0.436916,,,,,,,,
2015-12-28,421.053,300.786,0.612981,0.285634,1.56065,1.39984,13.9143,0.806783,0.43471,,,,,,,,
2015-12-29,431.34,300.941,0.664645,0.302312,1.68154,1.43331,14.3697,0.842095,0.444807,,,,,,,,
2015-12-30,426.044,300.986,0.637456,0.293532,1.721,1.41549,14.3846,0.817195,0.438837,,,,,,,,
2015-12-31,429.677,301.322,0.654272,0.298726,1.49251,1.42598,14.2061,0.826751,0.442064,,,,,,,,
2016-01-01,434.678,301.437,0.679163,0.306529,1.4348,1.44202,14.1365,0.841615,0.446681,,,,,,,,
2016-01-02,434.44,301.515,0.677548,0.305969,1.53912,1.44086,14.5854,0.836483,0.445911,,,,,,,,
2016-01-03,430.136,301.684,0.654759,0.298632,1.52223,1.42579,14.8112,0.81587,0.440982,,,,,,,,
2016-01-04,433.449,301.871,0.670733,0.303561,1.91056,1.43588,14.9448,0.824308,0.443859,,,,,,,,
2016-01-05,432.67,302.023,0.666001,0.301955,1.65149,1.43257,15.0779,0.817142,0.442545,,,,,,,,
2016-01-06,430.678,302.14,0.655257,0.298456,1.47486,1.42543,15.0874,0.805525,0.44,,,,,,,,
2016-01-07,459.209,303.378,0.794314,0.339346,1.63666,1.51365,14.4674,0.910821,0.468564,,,,,,,,
2016-01-08,454.134,303.706,0.766759,0.331243,1.90021,1.49531,14.3916,0.886071,0.462818,,,,,,,,
2016-01-09,449.845,303.82,0.744281,0.324613,1.63997,1.48063,13.0704,0.864787,0.457892,,,,,,,,
2016-01-10,448.58,304.407,0.734839,0.321399,1.89055,1.47362,13.4127,0.855302,0.456055,,,,,,,,
2016-01-11,449.033,304.804,0.735113,0.321198,1.83419,1.47318,13.624,0.852446,0.455966,,,,,,,,
2016-01-12,441.768,304.968,0.69726,0.309664,1.80013,1.44857,14.2155,0.820752,0.448062,,,,,,,,
2016-01-13,432.311,304.886,0.649485,0.294752,1.53005,1.41794,13.4606,0.782079,0.437969,,,,,,,,
2016-01-14,429.823,304.863,0.636924,0.290725,1.36424,1.40989,12.9766,0.769246,0.434956,,,,,,,,
2016-01-15,367.823,303.773,0.326523,0.174134,1.07,1.21085,12.8687,0.561041,0.371879,,,,,,,,
2016-01-16,388.071,303.845,0.429437,0.217037,1.31172,1.2772,12.9387,0.62189,0.391967,,,,,,,,
2016-01-17,382.482,303.793,0.401278,0.205732,1.37207,1.25902,12.7873,0.60155,0.385952,,,,,,,,
2016-01-18,384.865,303.662,0.414186,0.210991,1.57824,1.26741,12.5334,0.606434,0.387983,,,,,,,,
2016-01-19,378.162,303.538,0.380689,0.197333,1.19072,1.24585,11.9102,0.583027,0.380869,,,,,,,,
2016-01-20,420.623,304.301,0.593448,0.276547,1.50981,1.38226,11.9281,0.717949,0.423174,,,,,,,,
2016-01-21,409.298,304.256,0.535944,0.25664,1.32229,1.34524,11.732,0.676876,0.411351,,,,,,,,
2016-01-22,381.046,302.482,0.400938,0.20618,1.57783,1.25973,11.7619,0.584312,0.382597,,,,,,,,
2016-01-23,386.371,302.549,0.427861,0.216947,1.62294,1.27705,12.3007,0.598281,0.387572,,,,,,,,
2016-01-24,403.447,302.868,0.513472,0.249298,1.61502,1.33209,12.1659,0.649558,0.404289,,,,,,,,
2016-01-25,391.986,302.988,0.454431,0.227045,1.48354,1.29374,12.0001,0.610648,0.392422,,,,,,,,
2016-01-26,391.143,303.026,0.450006,0.225281,1.45948,1.29079,10.7698,0.605694,0.391199,,,,,,,,
2016-01-27,394.628,303.088,0.467554,0.231964,1.42449,1.30202,10.8565,0.614234,0.394297,,,,,,,,
2016-01-28,378.901,302.721,0.389176,0.201056,1.28694,1.25165,10.6282,0.56442,0.378236,,,,,,,,
2016-01-29,379,302.377,0.391525,0.202172,1.48763,1.2534,10.6635,0.562711,0.377988,,,,,,,,
2016-01-30,377.263,302.473,0.382256,0.198244,1.63448,1.24726,11.2243,0.555552,0.375914,,,,,,,,
2016-01-31,366.342,302.287,0.327476,0.17485,1.53329,1.2119,11.6772,0.522023,0.364717,,,,,,,,
2016-02-01,371.223,301.706,0.355484,0.187265,1.3799,1.23041,11.5168,0.534051,0.369251,,,,,,,,
2016-02-02,372.928,301.627,0.364697,0.191192,1.54699,1.23639,11.6626,0.53698,0.370618,,,,,,,,
2016-02-03,368.098,301.4,0.341249,0.181198,1.51494,1.2213,11.2072,0.521244,0.365502,,,,,,,,
2016-02-04,389.723,301.81,0.449871,0.225578,1.50259,1.29129,11.0242,0.581957,0.386609,,,,,,,,
2016-02-05,384.398,301.755,0.423007,0.214995,1.65456,1.27388,11.3978,0.563984,0.380975,,,,,,,,
2016-02-06,374.632,301.592,0.373956,0.194964,1.71164,1.24218,12.0134,0.533672,0.370967,,,,,,,,
2016-02-07,375.154,301.617,0.376591,0.196017,1.50555,1.24381,12.092,0.533155,0.371155,,,,,,,,
2016-02-08,370.814,301.459,0.355254,0.187037,1.24941,1.23007,12.7356,0.51896,0.366545,,,,,,,,
2016-02-09,373.512,301.328,0.369831,0.193257,1.49378,1.23955,12.7399,0.524682,0.368888,,,,,,,,
2016-02-10,379.083,301.472,0.397718,0.204732,1.41002,1.25744,12.716,0.538508,0.374056,,,,,,,,
2016-02-11,377.639,301.535,0.390103,0.201527,1.64062,1.25239,12.8576,0.53254,0.372302,,,,,,,,
2016-02-12,382.294,301.646,0.413481,0.210958,1.47563,1.26736,13.4352,0.543813,0.376552,,,,,,,,
2016-02-13,389.598,301.803,0.450202,0.225349,1.36969,1.2909,13.9697,0.562744,0.383391,,,,,,,,
2016-02-14,406.151,302.206,0.533081,0.255926,1.51696,1.34395,14.6731,0.609174,0.399286,,,,,,,,
2016-02-15,399.268,302.29,0.497417,0.242888,1.36314,1.32081,14.7243,0.586424,0.392144,,,,,,,,
2016-02-16,407.035,302.765,0.534869,0.25617,1.26017,1.34439,14.59,0.607009,0.39938,,,,,,,,
2016-02-17,415.324,303.396,0.5742,0.269495,1.44175,1.36892,14.289,0.629342,0.407102,,,,,,,,
2016-02-18,421.29,303.727,0.60316,0.279053,1.59144,1.38707,15.0373,0.644808,0.412525,,,,,,,,
2016-02-19,419.627,304.098,0.592758,0.275312,1.35833,1.3799,15.0786,0.637028,0.410478,,,,,,,,
2016-02-20,440.196,304.676,0.695326,0.307862,1.47159,1.4448,15.5986,0.697925,0.430132,,,,,,,,
2016-02-21,438.719,304.886,0.686649,0.305054,1.24992,1.43896,15.1358,0.690173,0.428226,,,,,,,,
2016-02-22,437.535,305.139,0.679254,0.302595,1.23532,1.43389,14.4293,0.683379,0.426614,,,,,,,,
2016-02-23,420.033,305.031,0.590038,0.273792,1.26815,1.37702,14.2201,0.62711,0.409134,,,,,,,,
2016-02-24,423.995,305.277,0.609105,0.279998,1.1094,1.38889,14.0539,0.636029,0.412571,,,,,,,,
2016-02-25,424.091,305.387,0.609068,0.279901,1.45513,1.3887,14.5936,0.633418,0.412243,,,,,,,,
2016-02-26,431.762,305.662,0.647028,0.29206,1.33607,1.41255,14.4665,0.653476,0.419262,,,,,,,,
2016-02-27,432.948,305.802,0.652402,0.293674,1.40461,1.41578,14.6791,0.654072,0.419973,,,,,,,,
2016-02-28,433.102,306.101,0.651657,0.293235,1.27916,1.4149,14.3262,0.651513,0.419685,,,,,,,,
2016-02-29,437.776,306.74,0.672347,0.299322,1.28163,1.42719,13.4822,0.662495,0.423765,,,,,,,,
2016-03-01,432.808,307.312,0.643928,0.289958,1.3419,1.40837,12.8525,0.644532,0.418521,,,,,,,,
2016-03-02,423.08,307.323,0.593994,0.273604,1.45868,1.37666,12.9115,0.613038,0.408703,,,,,,,,
2016-03-03,419.269,307.448,0.573827,0.266705,1.24161,1.36371,12.3408,0.599256,0.404621,,,,,,,,
2016-03-04,407.99,307.309,0.51672,0.246773,1.38497,1.32762,12.3668,0.564887,0.393362,,,,,,,,
2016-03-05,397.314,307.279,0.462149,0.22661,1.30373,1.29301,12.2715,0.532915,0.382721,,,,,,,,
2016-03-06,403.705,307.346,0.494665,0.238687,1.30539,1.31352,11.6201,0.547395,0.388516,,,,,,,,
2016-03-07,413.229,307.67,0.541929,0.255449,1.1999,1.34309,10.6341,0.570645,0.397299,,,,,,,,
2016-03-08,411.426,307.694,0.532601,0.252127,1.38151,1.33712,9.99979,0.562811,0.395189,,,,,,,,
2016-03-09,412.541,307.599,0.538883,0.25438,1.50894,1.34117,9.88559,0.562966,0.395881,,,,,,,,
2016-03-10,416.341,307.785,0.557491,0.260739,1.40343,1.3527,9.20965,0.570399,0.399142,,,,,,,,
2016-03-11,419.512,307.946,0.572998,0.265942,1.45727,1.36229,8.82242,0.575864,0.401791,,,,,,,,
2016-03-12,410.264,307.933,0.525616,0.249427,1.28131,1.33232,7.63347,0.547854,0.392564,,,,,,,,
2016-03-13,411.806,308.007,0.53319,0.252057,1.18664,1.337,6.68969,0.549104,0.393668,,,,,,,,
2016-03-14,415.027,308.186,0.548868,0.257431,1.36498,1.34668,6.19756,0.554788,0.396369,,,,,,,,
2016-03-15,415.266,308.283,0.549655,0.257625,1.44438,1.34703,5.49484,0.552586,0.39622,,,,,,,,
2016-03-16,417.024,308.449,0.557884,0.260358,1.36723,1.35201,5.18677,0.554383,0.397517,,,,,,,,
2016-03-17,418.605,308.618,0.565173,0.262747,1.27162,1.35639,5.14215,0.555678,0.398642,,,,,,,,
2016-03-18,408.902,308.593,0.51548,0.245312,1.1967,1.32505,4.91084,0.527526,0.389042,,,,,,,,
2016-03-19,409.124,308.544,0.516921,0.245843,1.19596,1.32598,4.05141,0.525392,0.388895,,,,,,,,
2016-03-20,412.057,308.605,0.531725,0.251061,1.29152,1.33522,3.79886,0.530216,0.391318,,,,,,,,
2016-03-21,411.602,308.774,0.528564,0.249824,1.22687,1.33302,2.99999,0.526306,0.390523,,,,,,,,
2016-03-22,416.582,309.02,0.552937,0.258199,1.32033,1.34807,3.18092,0.536343,0.394876,,,,,,,,
2016-03-23,417.378,309.122,0.556553,0.259372,1.33027,1.3502,3.42226,0.535674,0.395258,,,,,,,,
2016-03-24,413.56,309.251,0.536312,0.252224,1.29882,1.3373,3.35435,0.523338,0.391279,,,,,,,,
2016-03-25,416.373,309.444,0.549821,0.25681,1.29695,1.34555,3.62762,0.527859,0.393573,,,,,,,,
2016-03-26,416.823,309.611,0.551328,0.257213,1.35889,1.34628,3.12459,0.526421,0.39363,,,,,,,,
2016-03-27,425.455,309.902,0.594244,0.271599,1.27657,1.37287,2.83636,0.545659,0.401395,,,,,,,,
2016-03-28,422.917,310.112,0.580169,0.266731,1.52686,1.36376,2.64199,0.536443,0.398622,,,,,,,,
2016-03-29,415.864,310.14,0.5438,0.254226,1.38416,1.34089,2.80657,0.516141,0.391611,,,,,,,,
2016-03-30,412.778,310.168,0.527832,0.248583,1.28459,1.33082,3.03733,0.505973,0.38835,,,,,,,,
2016-03-31,415.957,310.324,0.543405,0.25395,1.09075,1.34039,2.76438,0.511153,0.39098,,,,,,,,
2016-04-01,417.201,310.436,0.549278,0.255907,1.34817,1.34392,2.28805,0.511565,0.391787,,,,,,,,
2016-04-02,419.763,310.555,0.561884,0.260167,1.23082,1.35166,2.33205,0.515179,0.393827,,,,,,,,
2016-04-03,420.074,310.652,0.563015,0.260482,1.25681,1.35223,1.94516,0.513245,0.393752,,,,,,,,
2016-04-04,419.541,310.737,0.559894,0.259341,1.46474,1.35015,1.95845,0.509318,0.392888,,,,,,,,
2016-04-05,422.501,310.914,0.574262,0.264112,1.3747,1.3589,2.06188,0.513865,0.395292,,,,,,,,
2016-04-06,421.907,311.218,0.569684,0.262354,1.38829,1.35566,2.62531,0.509769,0.394369,,,,,,,,
2016-04-07,421.467,311.926,0.563808,0.259905,1.22588,1.35118,2.57426,0.506066,0.393593,,,,,,,,
2016-04-08,418.643,311.921,0.549336,0.254924,1.25946,1.34214,2.0162,0.496685,0.390598,,,,,,,,
2016-04-09,418.759,311.963,0.549768,0.255029,1.41469,1.34233,2.2441,0.494388,0.390349,,,,,,,,
2016-04-10,421.954,312.364,0.564214,0.25972,1.51883,1.35084,2.36198,0.499344,0.392966,,,,,,,,
2016-04-11,423.273,312.495,0.570373,0.261719,1.3448,1.3545,2.89558,0.499885,0.393829,,,,,,,,
2016-04-12,427.428,312.78,0.590324,0.268227,1.31152,1.36654,3.39924,0.507113,0.397323,,,,,,,,
2016-04-13,424.873,312.849,0.57686,0.263664,1.4416,1.35807,3.50515,0.498486,0.394582,,,,,,,,
2016-04-14,425.857,312.935,0.581532,0.265163,1.44146,1.36085,3.60386,0.498196,0.39513,,,,,,,,
2016-04-15,430.724,313.128,0.605624,0.273021,1.23371,1.37556,3.498,0.507048,0.399271,,,,,,,,
2016-04-16,432.216,313.265,0.612611,0.275213,1.22689,1.37972,3.47741,0.507922,0.400276,,,,,,,,
2016-04-17,429.34,313.299,0.597658,0.270277,1.39259,1.37038,3.89945,0.498599,0.397241,,,,,,,,
2016-04-18,429.657,313.386,0.598855,0.270613,1.18026,1.37101,4.1268,0.496774,0.397165,,,,,,,,
2016-04-19,437.569,313.652,0.638248,0.283193,1.34317,1.39508,4.16403,0.512545,0.404092,,,,,,,,
2016-04-20,442.662,313.936,0.663033,0.290798,1.49158,1.41004,4.69737,0.521794,0.4084,,,,,,,,
2016-04-21,452.165,314.343,0.709869,0.304805,1.39178,1.43845,4.60438,0.541523,0.416752,,,,,,,,
2016-04-22,448.134,314.6,0.687767,0.297978,1.30386,1.42446,4.3853,0.529105,0.412632,,,,,,,,
2016-04-23,453.915,314.941,0.715748,0.306166,1.3272,1.44127,4.32804,0.540008,0.417538,,,,,,,,
2016-04-24,463.383,315.259,0.762799,0.319657,1.24031,1.46985,3.94726,0.559739,0.425812,,,,,,,,
2016-04-25,465.316,315.921,0.769261,0.321062,1.19649,1.47289,3.7777,0.561359,0.427149,,,,,,,,
2016-04-26,469.609,316.461,0.788511,0.326117,1.43256,1.48394,3.98329,0.568656,0.430643,,,,,,,,
2016-04-27,445.741,316.232,0.666779,0.290548,1.16016,1.40954,3.36521,0.509685,0.408362,,,,,,,,
2016-04-28,451.06,316.481,0.692847,0.298361,1.22643,1.42523,2.95953,0.519232,0.412831,,,,,,,,
2016-04-29,457.01,316.739,0.722131,0.306932,1.45106,1.44286,3.03508,0.530214,0.417861,,,,,,,,
2016-04-30,449.9,316.774,0.685336,0.295903,1.31773,1.42026,3.57149,0.511225,0.410962,,,,,,,,
2016-05-01,455.011,317.122,0.70983,0.303045,1.41206,1.43481,3.72669,0.520236,0.415221,,,,,,,,
2016-05-02,444.933,317.115,0.657996,0.287275,1.39585,1.40307,3.96098,0.49498,0.405639,,,,,,,,
2016-05-03,451.629,317.261,0.691701,0.297519,1.35991,1.42353,4.28172,0.507502,0.411344,,,,,,,,
2016-05-04,448.368,317.362,0.674404,0.292184,1.49001,1.4128,4.14543,0.497863,0.407983,,,,,,,,
2016-05-05,449.336,317.474,0.678806,0.293459,1.38346,1.41535,4.09512,0.497597,0.408472,,,,,,,,
2016-05-06,461.694,317.903,0.74019,0.311443,1.48237,1.45231,3.91742,0.52274,0.419289,,,,,,,,
2016-05-07,461.362,318.119,0.737325,0.310478,1.36916,1.45028,4.22742,0.519467,0.418573,,,,,,,,
2016-05-08,461.379,318.269,0.736622,0.310179,1.52969,1.44965,4.78033,0.51697,0.418175,,,,,,,,
2016-05-09,463.462,318.476,0.746259,0.312833,1.55997,1.45525,4.82999,0.519162,0.419646,,,,,,,,
2016-05-10,451.08,318.5,0.682396,0.293916,1.40037,1.41626,4.55015,0.489541,0.408045,,,,,,,,
2016-05-11,453.896,318.714,0.695754,0.297825,1.18462,1.42415,4.35842,0.493435,0.410198,,,,,,,,
2016-05-12,455.607,318.883,0.703659,0.300093,1.24106,1.42876,4.25637,0.494929,0.411348,,,,,,,,
2016-05-13,457.242,318.998,0.711453,0.302343,1.35959,1.43337,4.16908,0.496245,0.412425,,,,,,,,
2016-05-14,458.12,319.234,0.714718,0.303164,1.28836,1.43506,3.91266,0.495982,0.412817,,,,,,,,
2016-05-15,460.858,319.367,0.728076,0.307016,1.24886,1.44303,3.99605,0.499803,0.414881,,,,,,,,
2016-05-16,455.224,319.353,0.699126,0.29847,1.24976,1.42546,4.00959,0.485704,0.409418,,,,,,,,
2016-05-17,453.546,320.421,0.68497,0.293519,1.24314,1.41547,3.55143,0.480309,0.407522,,,,,,,,
2016-05-18,454.486,320.565,0.689055,0.294666,1.34891,1.41777,3.81154,0.480369,0.40798,,,,,,,,
2016-05-19,437.724,320.481,0.603234,0.267848,1.01794,1.36584,3.4232,0.443995,0.392582,,,,,,,,
2016-05-20,442.397,320.701,0.626151,0.275083,1.27545,1.37947,2.96518,0.452106,0.396412,,,,,,,,
2016-05-21,444.078,320.787,0.634356,0.277633,1.20966,1.38434,2.82819,0.45433,0.397557,,,,,,,,
2016-05-22,440.559,320.816,0.616149,0.271798,1.56157,1.37324,3.39332,0.446004,0.394051,,,,,,,,
2016-05-23,444.205,321.008,0.63396,0.277342,1.53663,1.38378,3.86018,0.452109,0.396952,,,,,,,,
2016-05-24,445.674,321.108,0.641009,0.279501,1.25694,1.38793,4.20122,0.453717,0.397903,,,,,,,,
2016-05-25,450.55,321.396,0.664593,0.286657,1.19114,1.40185,4.65846,0.46234,0.401884,,,,,,,,
2016-05-26,454.434,321.637,0.683307,0.292224,1.17353,1.41288,4.41731,0.468863,0.404971,,,,,,,,
2016-05-27,471.82,322.908,0.766153,0.315612,1.25227,1.46116,5.02322,0.503792,0.420052,,,,,,,,
2016-05-28,530.911,324.768,1.06023,0.388282,1.34588,1.63474,5.28548,0.635069,0.472121,,,,,,,,
2016-05-29,527.55,325.759,1.03752,0.382505,1.4746,1.61945,5.09415,0.624029,0.468604,,,,,,,,
2016-05-30,533.493,326.782,1.06245,0.387467,1.45752,1.63257,4.88713,0.635335,0.473342,,,,,,,,
2016-05-31,530.944,327.544,1.04506,0.383091,1.27679,1.62098,4.60523,0.626497,0.470547,,,,,,,,
2016-06-01,537.614,328.315,1.07498,0.389311,1.45246,1.63749,4.31988,0.639419,0.475912,,,,,,,,
2016-06-02,538.771,329.334,1.07529,0.388731,1.40162,1.63594,4.14098,0.639124,0.47639,,,,,,,,
2016-06-03,570.176,330.331,1.23078,0.420651,1.52243,1.72607,3.91467,0.712323,0.503543,,,,,,,,
2016-06-04,574.266,330.972,1.24777,0.423661,1.28252,1.73509,3.5641,0.719092,0.506532,,,,,,,,
2016-06-05,575.138,331.589,1.24847,0.423462,1.82953,1.73449,3.68116,0.717789,0.506678,,,,,,,,
2016-06-06,585.857,332.638,1.29734,0.43222,1.85732,1.76125,3.86807,0.74102,0.515476,,,,,,,,
2016-06-07,578.469,333.126,1.25629,0.424124,1.5068,1.73649,3.36931,0.718785,0.508349,,,,,,,,
2016-06-08,583.098,333.88,1.27542,0.427403,1.55833,1.74643,3.0162,0.726645,0.511781,,,,,,,,
2016-06-09,577.102,334.305,1.24194,0.420717,1.76215,1.72627,3.29679,0.708198,0.505899,,,,,,,,
2016-06-10,579.815,334.912,1.25204,0.422382,1.54101,1.73125,3.46787,0.711253,0.507654,,,,,,,,
2016-06-11,605.45,335.786,1.37772,0.445395,1.7378,1.80308,3.5322,0.771405,0.529418,,,,,,,,
2016-06-12,670.392,338.618,1.6933,0.494896,1.79535,1.97979,3.34584,0.940383,0.585375,,,,,,,,
2016-06-13,704.322,342.838,1.8427,0.513237,2.07179,2.05439,3.59714,1.03223,0.614092,,,,,,,,
2016-06-14,684.948,343.943,1.73635,0.497856,1.64724,1.99146,3.39839,0.97099,0.59634,,,,,,,,
2016-06-15,695.001,346.086,1.77458,0.502035,1.91739,2.00817,3.36884,0.994234,0.604211,,,,,,,,
2016-06-16,767.42,351.343,2.1127,0.542176,2.06767,2.18425,3.5256,1.20525,0.666111,,,,,,,,
2016-06-17,750.015,352.794,2.01393,0.529618,2.0135,2.12593,3.14126,1.14479,0.649993,,,,,,,,
2016-06-18,758.289,354.083,2.04619,0.53305,2.14978,2.14156,3.79451,1.16338,0.656135,,,,,,,,
2016-06-19,766.767,355.081,2.0808,0.536911,2.42298,2.15941,4.15469,1.1825,0.662425,,,,,,,,
2016-06-20,722.497,355.421,1.85297,0.508066,2.10632,2.03279,4.39843,1.04403,0.623246,,,,,,,,
2016-06-21,669.604,355.623,1.58342,0.468906,1.76823,1.8829,3.4969,0.892107,0.576816,,,,,,,,
2016-06-22,594.833,353.625,1.21569,0.405505,1.35713,1.6821,2.48647,0.701004,0.511775,,,,,,,,
2016-06-23,627.678,354.236,1.37713,0.43564,1.5504,1.77192,2.22068,0.777068,0.539332,,,,,,,,
2016-06-24,664.127,355.17,1.5545,0.465207,1.50798,1.86988,1.90613,0.865828,0.569867,,,,,,,,
2016-06-25,668.873,355.955,1.57297,0.467828,1.90077,1.87909,2.31061,0.874268,0.573148,,,,,,,,
2016-06-26,630.434,355.551,1.38076,0.436023,1.60999,1.77312,2.19768,0.773418,0.539509,,,,,,,,
2016-06-27,652.245,356.251,1.48554,0.453808,1.67223,1.83086,2.29824,0.824231,0.557425,,,,,,,,
2016-06-28,647.219,356.475,1.45799,0.44922,1.66586,1.81561,2.33078,0.808409,0.552395,,,,,,,,
2016-06-29,638.586,356.463,1.41367,0.441793,1.6172,1.79145,2.28247,0.783811,0.544314,,,,,,,,
2016-06-30,674.285,357.78,1.58444,0.469394,1.74888,1.88464,2.76323,0.870114,0.57395,,,,,,,,
2016-07-01,677.512,358.37,1.5961,0.471051,1.81018,1.89054,2.95674,0.874731,0.575901,,,,,,,,
2016-07-02,702.739,359.159,1.71639,0.488916,1.79951,1.95663,3.13049,0.937137,0.596492,,,,,,,,
2016-07-03,662.55,359.163,1.51428,0.457908,1.74839,1.84471,3.43827,0.82967,0.561621,,,,,,,,
2016-07-04,679.842,359.705,1.59633,0.4709,1.75379,1.89,4.10687,0.869946,0.575485,,,,,,,,
2016-07-05,668.166,360.193,1.53428,0.460923,1.65146,1.85502,3.65554,0.836995,0.564835,,,,,,,,
2016-07-06,677.651,360.735,1.5773,0.467669,1.61269,1.87853,3.02159,0.857446,0.572069,,,,,,,,
2016-07-07,640.053,360.432,1.39062,0.436871,1.48752,1.77579,3.21782,0.7619,0.539631,,,,,,,,
2016-07-08,665.052,361.061,1.51048,0.457093,1.63128,1.84194,3.49762,0.819111,0.559956,,,,,,,,
2016-07-09,651.942,361.479,1.44205,0.445536,1.34874,1.80354,3.22648,0.783878,0.548198,,,,,,,,
2016-07-10,649.959,361.801,1.42932,0.443348,0.855891,1.79646,3.33811,0.775969,0.545818,,,,,,,,
2016-07-11,650.273,362.259,1.42731,0.442912,0.784784,1.79505,3.12648,0.773692,0.54537,,,,,,,,
2016-07-12,670.023,362.81,1.52092,0.458512,0.808448,1.84676,3.28139,0.818081,0.561181,,,,,,,,
2016-07-13,658.334,362.964,1.46089,0.448662,0.716542,1.81377,2.85411,0.786322,0.550666,,,,,,,,
2016-07-14,660.906,363.2,1.47104,0.450451,0.786153,1.81967,3.14771,0.789032,0.552089,,,,,,,,
2016-07-15,666.759,363.445,1.49727,0.454908,0.759096,1.83455,2.95472,0.799525,0.55624,,,,,,,,
2016-07-16,665.276,363.667,1.48743,0.453358,0.880387,1.82935,3.08225,0.792565,0.554269,,,,,,,,
2016-07-17,681.09,364.423,1.56006,0.464941,0.855016,1.86895,3.25088,0.826989,0.566679,,,,,,,,
2016-07-18,675.119,364.632,1.52808,0.4599,0.841517,1.85151,2.84444,0.809,0.560961,,,,,,,,
2016-07-19,674.66,365.229,1.52133,0.458648,0.727316,1.84723,2.118,0.80442,0.559834,,,,,,,,
2016-07-20,667.305,365.319,1.48331,0.452546,0.842452,1.82664,1.84162,0.783627,0.553002,,,,,,,,
2016-07-21,666.852,365.485,1.47884,0.451924,0.746413,1.82456,1.98943,0.779195,0.551901,,,,,,,,
2016-07-22,650.563,365.414,1.39803,0.438312,0.706176,1.78035,2.47029,0.738523,0.537733,,,,,,,,
2016-07-23,657.378,365.494,1.42975,0.444012,0.724831,1.7986,2.3583,0.75091,0.542665,,,,,,,,
2016-07-24,661.394,366.29,1.44418,0.446185,0.690405,1.80566,2.35626,0.75688,0.545274,,,,,,,,
2016-07-25,655.12,366.457,1.41141,0.440626,0.722438,1.78771,1.62967,0.739702,0.53941,,,,,,,,
2016-07-26,654.626,366.691,1.40661,0.439847,0.710927,1.78523,1.29949,0.735682,0.538317,,,,,,,,
2016-07-27,656.275,367.052,1.41164,0.440704,0.707133,1.78796,0.866685,0.736438,0.538983,,,,,,,,
2016-07-28,656.196,367.239,1.40911,0.440352,0.751219,1.78684,0.66226,0.733311,0.538232,,,,,,,,
2016-07-29,657.558,367.483,1.41332,0.44114,0.8133,1.78936,0.601295,0.733402,0.538661,,,,,,,,
2016-07-30,655.362,367.709,1.40028,0.438922,0.656307,1.78228,-0.0741415,0.725542,0.536181,,,,,,,,
2016-07-31,624.804,367.338,1.25246,0.412075,0.809571,1.7009,-0.271402,0.656859,0.510566,,,,,,,,
2016-08-01,606.509,366.872,1.16502,0.395109,0.780627,1.65319,-0.395239,0.616586,0.495039,,,,,,,,
2016-08-02,526.981,364.278,0.790768,0.308745,0.682819,1.44664,-0.604287,0.463673,0.429707,,,,,,,,
2016-08-03,570.347,364.539,0.999825,0.360847,0.79628,1.56457,-0.936281,0.540939,0.464567,,,,,,,,
2016-08-04,583.542,365.22,1.06008,0.374133,0.750655,1.59778,-0.778725,0.563873,0.474789,,,,,,,,
2016-08-05,581.28,365.26,1.04839,0.371627,0.82559,1.59141,-0.323963,0.557181,0.472428,,,,,,,,
2016-08-06,590.795,365.313,1.09375,0.381659,0.823801,1.61723,-0.161099,0.573081,0.479625,,,,,,,,
2016-08-07,594.732,365.465,1.11149,0.385496,0.739303,1.62733,-0.366049,0.578519,0.482278,,,,,,,,
2016-08-08,591.629,365.495,1.09571,0.382223,0.735244,1.61871,-0.441429,0.570242,0.479227,,,,,,,,
2016-08-09,587.932,365.407,1.07764,0.378488,0.612385,1.60898,-1.17514,0.560736,0.475705,,,,,,,,
2016-08-10,589.969,365.232,1.08778,0.38093,0.74829,1.61532,-1.17304,0.56225,0.476824,,,,,,,,
2016-08-11,589.586,365.206,1.08549,0.380572,0.742496,1.61439,-1.28875,0.559279,0.475988,,,,,,,,
2016-08-12,587.192,365.236,1.07321,0.377994,0.734387,1.6077,-0.926955,0.552463,0.473535,,,,,,,,
2016-08-13,585.364,365.292,1.06358,0.375957,0.800525,1.60245,-0.999598,0.546772,0.471546,,,,,,,,
2016-08-14,571.387,365.218,0.995962,0.360822,0.781028,1.56451,-0.719115,0.518919,0.4598,,,,,,,,
2016-08-15,566.564,365.078,0.972928,0.355628,0.693487,1.5519,-1.15717,0.508103,0.455442,,,,,,,,
2016-08-16,578.415,365.291,1.02863,0.368462,0.654617,1.58343,-1.43257,0.527354,0.464471,,,,,,,,
2016-08-17,573.664,365.234,1.00551,0.363331,0.591406,1.57067,-1.73502,0.516555,0.460169,,,,,,,,
2016-08-18,573.263,365.267,1.00297,0.362828,0.739647,1.56943,-0.993828,0.513602,0.459362,,,,,,,,
2016-08-19,573.958,365.352,1.00547,0.363453,0.740243,1.57098,-0.906326,0.512651,0.459435,,,,,,,,
2016-08-20,581.797,366.041,1.03944,0.370843,0.754993,1.58943,-0.482615,0.524479,0.465211,,,,,,,,
2016-08-21,580.792,366.141,1.03365,0.369583,0.792193,1.58625,-0.0786141,0.520386,0.463913,,,,,,,,
2016-08-22,584.972,366.261,1.05269,0.373883,0.772867,1.59714,0.342033,0.52573,0.46675,,,,,,,,
2016-08-23,582.628,366.269,1.04088,0.37135,0.715852,1.59071,0.667917,0.519353,0.464385,,,,,,,,
2016-08-24,578.702,366.188,1.02192,0.367224,0.734744,1.58034,1.26696,0.510195,0.460769,,,,,,,,
2016-08-25,576.033,366.834,1.00552,0.363173,0.625472,1.57028,1.47266,0.503364,0.458164,,,,,,,,
2016-08-26,578.875,366.966,1.01807,0.36607,0.638012,1.57746,1.73691,0.506151,0.45994,,,,,,,,
2016-08-27,570.201,366.899,0.976307,0.356545,0.685425,1.55411,1.96666,0.489035,0.452582,,,,,,,,
2016-08-28,575.105,366.962,0.999125,0.361922,0.729496,1.56721,2.01042,0.495411,0.456,,,,,,,,
2016-08-29,573.429,366.837,0.991258,0.360276,0.712741,1.56317,2.72384,0.490474,0.454202,,,,,,,,
2016-08-30,575.696,367.033,1.00077,0.362454,0.787199,1.56851,2.87609,0.492318,0.455524,,,,,,,,
2016-08-31,572.273,367.293,0.98268,0.358186,0.63928,1.55808,2.63263,0.484534,0.452351,,,,,,,,
2016-09-01,572.222,367.304,0.981964,0.358109,0.667743,1.5579,2.5442,0.482609,0.451847,,,,,,,,
2016-09-02,576.847,367.415,1.00316,0.363063,0.735278,1.57001,2.45515,0.48852,0.455029,,,,,,,,
2016-09-03,600.374,367.777,1.11351,0.38742,0.63017,1.63244,2.29536,0.527055,0.473075,,,,,,,,
2016-09-04,610.539,368.092,1.16003,0.397103,0.909569,1.65866,2.34557,0.542871,0.480555,,,,,,,,
2016-09-05,607.527,368.307,1.14395,0.39376,0.707632,1.64951,1.972,0.535427,0.477661,,,,,,,,
2016-09-06,612.995,368.681,1.16763,0.398559,0.69344,1.66267,2.03802,0.542945,0.481429,,,,,,,,
2016-09-07,615.66,368.964,1.17832,0.400701,0.777908,1.66862,2.3375,0.545619,0.482987,,,,,,,,
2016-09-08,630.55,369.46,1.24625,0.414067,0.754452,1.70668,3.14923,0.570106,0.494107,,,,,,,,
2016-09-09,622.978,369.704,1.2082,0.406553,0.734925,1.68507,3.1959,0.554358,0.487627,,,,,,,,
2016-09-10,624.753,369.894,1.21501,0.407935,0.804113,1.689,3.41372,0.555259,0.488469,,,,,,,,
2016-09-11,608.247,369.958,1.1354,0.391762,0.827648,1.64409,3.58902,0.524266,0.475049,,,,,,,,
2016-09-12,607.707,370.022,1.13193,0.391118,0.821323,1.64236,3.6248,0.521311,0.474115,,,,,,,,
2016-09-13,608.694,370.423,1.13412,0.391446,0.832179,1.64324,3.62202,0.521024,0.474373,,,,,,,,
2016-09-14,609.413,370.586,1.13615,0.391897,0.787335,1.64446,4.10515,0.520281,0.47442,,,,,,,,
2016-09-15,607.07,370.714,1.1238,0.389339,0.773754,1.63757,4.51658,0.514348,0.47209,,,,,,,,
2016-09-16,607.806,370.967,1.12548,0.389662,0.698961,1.63844,5.02074,0.513683,0.472155,,,,,,,,
2016-09-17,607.381,371.069,1.1224,0.389068,0.818507,1.63684,4.84718,0.511035,0.471321,,,,,,,,
2016-09-18,611.533,371.221,1.14077,0.392968,0.732589,1.64736,4.73027,0.51602,0.474032,,,,,,,,
2016-09-19,608.871,371.306,1.12711,0.390173,0.668706,1.63981,4.25431,0.509526,0.471465,,,,,,,,
2016-09-20,608.372,371.846,1.12159,0.388784,0.758036,1.63608,3.75538,0.506623,0.470576,,,,,,,,
2016-09-21,596.946,371.794,1.06715,0.377172,0.817194,1.60558,3.56769,0.485772,0.461258,,,,,,,,
2016-09-22,595.565,371.794,1.0601,0.375728,0.692341,1.60187,3.26633,0.481589,0.459715,,,,,,,,
2016-09-23,602.379,371.922,1.09122,0.382578,0.675181,1.61964,2.87661,0.490727,0.464488,,,,,,,,
2016-09-24,602.687,371.878,1.09235,0.382966,0.824116,1.62066,3.30231,0.489279,0.46424,,,,,,,,
2016-09-25,600.61,372.186,1.08057,0.38032,0.914408,1.61374,3.96489,0.483998,0.462159,,,,,,,,
2016-09-26,606.779,372.409,1.10813,0.386253,0.763605,1.62934,4.1196,0.492042,0.466416,,,,,,,,
2016-09-27,605.152,372.596,1.09901,0.384293,0.830636,1.62415,4.38522,0.487502,0.464679,,,,,,,,
2016-09-28,604.686,372.686,1.09584,0.383671,0.735452,1.62251,4.15874,0.484806,0.463838,,,,,,,,
2016-09-29,605.203,372.769,1.09733,0.384058,0.710949,1.62353,3.90068,0.483699,0.46375,,,,,,,,
2016-09-30,608.866,372.858,1.11363,0.387618,0.710003,1.63297,4.28954,0.487627,0.466069,,,,,,,,
2016-10-01,615.408,373.034,1.14306,0.393843,0.792887,1.64974,4.7049,0.496158,0.470579,,,,,,,,
2016-10-02,611.749,373.1,1.12489,0.390108,0.707582,1.63964,4.70251,0.488326,0.467289,,,,,,,,
2016-10-03,612.59,373.477,1.12649,0.390331,0.75848,1.64023,5.27657,0.487732,0.467441,,,,,,,,
2016-10-04,610.008,373.829,1.11211,0.387174,0.789894,1.63178,4.92515,0.481668,0.464986,,,,,,,,
2016-10-05,612.148,374.005,1.12079,0.389029,0.837213,1.63674,5.50761,0.483079,0.46613,,,,,,,,
2016-10-06,611.761,374.161,1.11767,0.388387,0.806015,1.63502,5.91456,0.480525,0.46535,,,,,,,,
2016-10-07,617.906,374.358,1.14503,0.39415,0.722763,1.65057,5.76528,0.488224,0.46953,,,,,,,,
2016-10-08,619.301,374.551,1.15008,0.395204,0.855278,1.65345,5.90713,0.488453,0.470095,,,,,,,,
2016-10-09,617.101,374.648,1.13869,0.39289,0.806493,1.64715,6.32385,0.483045,0.467935,,,,,,,,
2016-10-10,618.085,374.811,1.14191,0.393593,0.625972,1.64906,6.02032,0.48262,0.46819,,,,,,,,
2016-10-11,642.981,375.634,1.2541,0.415793,0.72964,1.71172,5.69141,0.520078,0.486516,,,,,,,,
2016-10-12,636.598,376.317,1.22021,0.408862,0.747996,1.69165,5.52709,0.507678,0.481166,,,,,,,,
2016-10-13,635.444,376.514,1.21312,0.407479,0.663615,1.6877,5.1117,0.503789,0.479777,,,,,,,,
2016-10-14,639.586,376.748,1.23066,0.41095,0.709649,1.69765,4.83069,0.508277,0.482382,,,,,,,,
2016-10-15,637.284,376.875,1.21855,0.408623,0.738045,1.69097,4.64417,0.502515,0.480129,,,,,,,,
2016-10-16,642.913,377.106,1.24301,0.413441,0.681497,1.70486,4.51134,0.509253,0.483844,,,,,,,,
2016-10-17,639.138,377.71,1.22177,0.409032,0.651387,1.69214,4.13618,0.501179,0.480486,,,,,,,,
2016-10-18,635.577,378.118,1.20251,0.405078,0.803017,1.68089,4.51037,0.493553,0.477299,,,,,,,,
2016-10-19,629.641,378.271,1.17339,0.399227,0.641412,1.66452,4.799,0.482405,0.472344,,,,,,,,
2016-10-20,628.599,378.386,1.16733,0.398049,0.686348,1.66127,4.89096,0.478859,0.471068,,,,,,,,
2016-10-21,630.906,378.847,1.1753,0.399519,0.842679,1.66533,4.95678,0.480411,0.4723,,,,,,,,
2016-10-22,654.509,379.247,1.28264,0.420563,0.793989,1.72581,5.25794,0.514842,0.489433,,,,,,,,
2016-10-23,651.962,379.473,1.26889,0.417953,0.764161,1.71807,5.63743,0.508689,0.486998,,,,,,,,
2016-10-24,650.027,379.818,1.25746,0.415689,0.75653,1.71142,5.11918,0.503547,0.485027,,,,,,,,
2016-10-25,655.793,380.319,1.28111,0.420062,0.741939,1.72432,4.01047,0.510324,0.488794,,,,,,,,
2016-10-26,675.11,381.178,1.36592,0.435384,0.758193,1.77112,3.64798,0.538438,0.502626,,,,,,,,
2016-10-27,686.523,382.218,1.41302,0.443256,0.904563,1.79616,3.33053,0.554309,0.510538,,,,,,,,
2016-10-28,690.391,382.666,1.42775,0.445725,0.85332,1.80416,3.3076,0.558059,0.512824,,,,,,,,
2016-10-29,715.445,383.578,1.53835,0.463861,0.866945,1.86519,3.54003,0.596536,0.530801,,,,,,,,
2016-10-30,699.333,383.7,1.46189,0.451335,0.954947,1.82261,3.6903,0.56739,0.518244,,,,,,,,
2016-10-31,698.898,384.351,1.45563,0.450062,0.835025,1.81839,3.32765,0.564128,0.517321,,,,,,,,
2016-11-01,730.578,385.386,1.59587,0.472492,0.855184,1.8957,3.42893,0.613549,0.540115,,,,,,,,
2016-11-02,740.367,386.114,1.63605,0.478484,0.8009,1.91748,2.8956,0.627125,0.546681,,,,,,,,
2016-11-03,689.939,386.023,1.40249,0.440498,0.870169,1.7873,3.01631,0.542206,0.508866,,,,,,,,
2016-11-04,705.432,386.482,1.47057,0.452134,0.666299,1.82526,2.07935,0.564274,0.519688,,,,,,,,
2016-11-05,706.819,386.705,1.47467,0.452894,0.846102,1.8278,1.5955,0.563988,0.520105,,,,,,,,
2016-11-06,715.897,387.05,1.51355,0.45935,0.892105,1.84962,1.75388,0.576002,0.526164,,,,,,,,
2016-11-07,706.181,387.308,1.4664,0.451547,0.839745,1.82331,1.01851,0.558087,0.518423,,,,,,,,
2016-11-08,711.836,388.046,1.48774,0.454866,0.979666,1.83441,0.631069,0.564598,0.521965,,,,,,,,
2016-11-09,721.502,388.812,1.52724,0.461107,0.863563,1.85566,0.974282,0.577515,0.528428,,,,,,,,
2016-11-10,713.408,389.178,1.48713,0.45448,0.975508,1.83311,1.29526,0.562267,0.521892,,,,,,,,
2016-11-11,715.703,389.579,1.49452,0.45567,0.949352,1.83712,1.45972,0.563526,0.522961,,,,,,,,
2016-11-12,703.848,389.68,1.43857,0.446358,0.962044,1.80622,2.08426,0.542803,0.51371,,,,,,,,
2016-11-13,703.626,389.825,1.43572,0.445978,0.812804,1.80498,2.13178,0.540126,0.512963,,,,,,,,
2016-11-14,705.644,390.163,1.44224,0.447082,0.986928,1.80859,2.35564,0.540912,0.513846,,,,,,,,
2016-11-15,712.347,390.667,1.46934,0.451578,0.903693,1.82341,2.52197,0.548898,0.51813,,,,,,,,
2016-11-16,742.05,392.076,1.59703,0.471631,1.03128,1.89262,3.21905,0.592933,0.539086,,,,,,,,
2016-11-17,735.318,392.789,1.56159,0.465825,0.949906,1.87205,2.89916,0.579649,0.533561,,,,,,,,
2016-11-18,749.579,393.566,1.62141,0.47495,0.900892,1.90458,3.14635,0.599563,0.543252,,,,,,,,
2016-11-19,751.214,393.945,1.62547,0.475588,0.866271,1.9069,3.35241,0.599433,0.543778,,,,,,,,
2016-11-20,730.351,394.025,1.52876,0.460499,0.759515,1.85356,2.85588,0.564073,0.528056,,,,,,,,
2016-11-21,736.507,394.499,1.55312,0.464364,0.831904,1.86694,2.59522,0.571048,0.531878,,,,,,,,
2016-11-22,747.998,395.224,1.6004,0.471624,0.814584,1.89259,2.38575,0.586395,0.539529,,,,,,,,
2016-11-23,741.24,396.459,1.56265,0.465141,0.885357,1.86965,2.66237,0.573321,0.534022,,,,,,,,
2016-11-24,737.355,397.532,1.53876,0.460868,0.970109,1.85483,3.47999,0.564852,0.530598,,,,,,,,
2016-11-25,739.685,397.831,1.54651,0.462161,0.913366,1.85929,3.89829,0.565953,0.531648,,,,,,,,
2016-11-26,734.653,398.131,1.521,0.458069,0.912778,1.84525,3.94726,0.555792,0.527414,,,,,,,,
2016-11-27,727.741,398.366,1.48739,0.452599,0.851098,1.82681,3.90304,0.542997,0.521849,,,,,,,,
2016-11-28,730.082,398.773,1.49482,0.453797,0.97223,1.83082,4.10637,0.544107,0.522923,,,,,,,,
2016-11-29,731.646,399.058,1.49926,0.454575,0.88546,1.83343,3.70365,0.544056,0.523437,,,,,,,,
2016-11-30,742.204,399.589,1.54302,0.461618,0.856338,1.85742,3.84419,0.557394,0.530368,,,,,,,,
2016-12-01,753.675,400.34,1.58972,0.468815,0.894179,1.88258,3.92362,0.572186,0.537925,,,,,,,,
2016-12-02,772.302,401.405,1.66695,0.480249,0.897295,1.924,4.34302,0.598023,0.550549,,,,,,,,
2016-12-03,766.11,404.504,1.62355,0.472003,1.07012,1.89395,4.70018,0.585747,0.545477,,,,,,,,
2016-12-04,766.38,404.79,1.6218,0.471815,0.921593,1.89328,5.71919,0.583451,0.545012,,,,,,,,
2016-12-05,752.671,405.138,1.55725,0.461732,0.929791,1.85781,6.03892,0.560108,0.534632,,,,,,,,
2016-12-06,759.117,405.518,1.58287,0.465803,0.925464,1.87197,5.99982,0.567062,0.538571,,,,,,,,
2016-12-07,764.988,406.048,1.60518,0.46921,1.08212,1.88398,6.74413,0.573145,0.542087,,,,,,,,
2016-12-08,767.659,406.762,1.6123,0.470127,0.98024,1.88725,6.74741,0.574395,0.543329,,,,,,,,
2016-12-09,771.902,407.14,1.62786,0.47255,0.848967,1.89591,6.55558,0.577994,0.545675,,,,,,,,
2016-12-10,775.475,407.822,1.63902,0.4741,0.834741,1.9015,6.05327,0.580571,0.54754,,,,,,,,
2016-12-11,770.496,408.097,1.614,0.470345,1.17488,1.88802,6.34081,0.570454,0.543375,,,,,,,,
2016-12-12,778.507,408.694,1.64529,0.475028,0.990349,1.90486,5.98742,0.579644,0.548362,,,,,,,,
2016-12-13,778.931,409.236,1.64307,0.474618,1.13149,1.90338,6.52412,0.577658,0.547999,,,,,,,,
2016-12-14,776.964,409.733,1.63041,0.472648,0.882574,1.89627,6.0592,0.572498,0.54596,,,,,,,,
2016-12-15,776.177,410.38,1.62234,0.471281,0.806457,1.89136,5.77389,0.56909,0.544755,,,,,,,,
2016-12-16,782.23,410.892,1.64516,0.474717,0.851858,1.90374,5.19624,0.575738,0.548342,,,,,,,,
2016-12-17,789.603,411.422,1.67365,0.47895,0.931901,1.9192,5.34111,0.584303,0.552839,,,,,,,,
2016-12-18,790.633,412.019,1.67373,0.478874,0.914362,1.91892,5.11716,0.583525,0.552889,,,,,,,,
2016-12-19,790.279,412.387,1.66874,0.478175,0.979357,1.91635,5.15053,0.580719,0.551973,,,,,,,,
2016-12-20,799.778,413.228,1.70504,0.483321,0.906208,1.93544,5.68105,0.592566,0.557925,,,,,,,,
2016-12-21,828.484,415.184,1.82075,0.498863,1.08156,1.99546,6.03347,0.63343,0.57722,,,,,,,,
2016-12-22,858.501,417.172,1.9415,0.514069,1.12081,2.05791,6.418,0.67744,0.597354,,,,,,,,
2016-12-23,915.562,420.461,2.17431,0.540762,1.14234,2.17752,6.41252,0.767227,0.636178,,,,,,,,
2016-12-24,891.155,421.081,2.06114,0.527489,1.00273,2.11635,5.85142,0.723844,0.618386,,,,,,,,
2016-12-25,896.003,421.869,2.07565,0.529165,1.21411,2.12389,5.83395,0.728709,0.620911,,,,,,,,
2016-12-26,903.201,422.898,2.09923,0.531779,1.05433,2.13574,5.7833,0.737328,0.62505,,,,,,,,
2016-12-27,925.951,424.467,2.18799,0.541588,1.187,2.18144,5.98924,0.77158,0.639906,,,,,,,,
2016-12-28,979.961,427.499,2.40548,0.563759,1.31995,2.29231,5.82295,0.860413,0.676249,,,,,,,,
2016-12-29,973.463,429.628,2.36316,0.55866,1.19912,2.26583,6.05818,0.845762,0.670797,,,,,,,,
2016-12-30,961.183,430.965,2.29958,0.551631,1.23845,2.23031,6.30685,0.821632,0.661392,,,,,,,,
2016-12-31,968.971,431.73,2.32548,0.554445,1.17622,2.24439,6.32985,0.831887,0.665798,,,,,,,,
2017-01-01,997.257,433.225,2.4363,0.565584,1.27515,2.30194,6.34505,0.877818,0.684232,,,,,,,,
2017-01-02,1017.08,435.534,2.50637,0.571779,1.3244,2.33524,5.97788,0.909952,0.696795,,,,,,,,
2017-01-03,1032.61,437.971,2.55691,0.57586,1.38652,2.35771,5.79777,0.934586,0.706374,,,,,,,,
2017-01-04,1134.5,443.561,2.96212,0.609024,1.41995,2.5577,5.72609,1.1236,0.774822,,,,,,,,
2017-01-05,1000.5,447.242,2.36693,0.552981,1.14536,2.23704,5.61562,0.870948,0.68231,,,,,,,,
2017-01-06,892.464,445.864,1.90787,0.500412,1.17471,2.00165,5.15315,0.6909,0.607832,,,,,,,,
2017-01-07,903.453,446.084,1.95092,0.506245,1.02003,2.0253,5.0319,0.70555,0.614499,,,,,,,,
2017-01-08,912.485,446.629,1.98408,0.510535,1.24627,2.04305,5.49202,0.716757,0.61981,,,,,,,,
2017-01-09,903.509,447.164,1.94065,0.50508,1.00571,2.02053,5.8764,0.700048,0.6129,,,,,,,,
2017-01-10,906.499,447.671,1.9483,0.506154,1.18731,2.02492,5.31218,0.702192,0.614112,,,,,,,,
2017-01-11,788.315,445.764,1.45322,0.434536,0.987995,1.76846,5.47546,0.529539,0.53343,,,,,,,,
2017-01-12,807.11,445.726,1.5316,0.44775,1.13689,1.81077,5.13643,0.553302,0.545502,,,,,,,,
2017-01-13,826.747,446.006,1.61189,0.460529,1.01538,1.85367,5.66191,0.578711,0.558098,,,,,,,,
2017-01-14,820.045,445.944,1.58214,0.456195,1.15353,1.8389,6.32398,0.567562,0.55291,,,,,,,,
2017-01-15,824.547,446.127,1.59872,0.458943,1.12546,1.84824,6.92493,0.571939,0.555277,,,,,,,,
2017-01-16,830.838,446.315,1.62275,0.462814,1.14698,1.86155,7.17686,0.57894,0.558836,,,,,,,,
2017-01-17,906.027,447.891,1.9306,0.505654,1.16911,2.02287,7.36812,0.686101,0.60861,,,,,,,,
2017-01-18,881.26,448.155,1.82271,0.491461,1.07881,1.96642,7.2284,0.647081,0.591218,,,,,,,,
2017-01-19,902.264,448.879,1.90538,0.502497,1.28041,2.01004,7.49408,0.675902,0.60452,,,,,,,,
2017-01-20,895.175,449.242,1.87153,0.498151,1.37811,1.99263,7.57809,0.663088,0.598996,,,,,,,,
2017-01-21,924.468,450.034,1.98816,0.513197,1.36196,2.05422,7.52037,0.704648,0.617777,,,,,,,,
2017-01-22,922.467,450.786,1.97369,0.511325,1.3058,2.04635,7.69925,0.699129,0.615624,,,,,,,,
2017-01-23,919.116,451.411,1.95413,0.508864,1.03213,2.0361,8.19334,0.69143,0.61258,,,,,,,,
2017-01-24,887.743,451.889,1.81866,0.490969,1.07624,1.96452,8.11557,0.642826,0.590918,,,,,,,,
2017-01-25,895.69,452.669,1.84607,0.494614,1.08567,1.97868,8.5389,0.652053,0.595444,,,,,,,,
2017-01-26,916.667,453.571,1.92694,0.505196,1.15533,2.021,8.64065,0.680429,0.608593,,,,,,,,
2017-01-27,920.454,454.074,1.93781,0.506685,1.27108,2.0271,8.93863,0.683515,0.610307,,,,,,,,
2017-01-28,922.775,454.417,1.94318,0.507554,1.13905,2.03068,9.10105,0.684509,0.611044,,,,,,,,
2017-01-29,915.632,455.701,1.90553,0.50231,1.24144,2.00928,9.2197,0.671511,0.605527,,,,,,,,
2017-01-30,920.313,456.218,1.92001,0.50428,1.07594,2.01727,9.29505,0.675932,0.60783,,,,,,,,
2017-01-31,968.499,457.416,2.11085,0.527707,1.13961,2.11733,9.20651,0.745692,0.638784,,,,,,,,
2017-02-01,987.533,458.629,2.18065,0.535581,1.53676,2.15323,9.9052,0.77223,0.650437,,,,,,,,
2017-02-02,1007.7,460.031,2.25381,0.543486,1.28154,2.19051,9.84103,0.80094,0.662791,,,,,,,,
2017-02-03,1015.3,461.721,2.27379,0.545238,1.22485,2.19895,9.95288,0.809803,0.666846,,,,,,,,
2017-02-04,1033.79,462.767,2.34071,0.552357,1.20519,2.23392,10.2593,0.836112,0.678015,,,,,,,,
2017-02-05,1014.57,463.452,2.2549,0.543202,1.30566,2.18915,10.6747,0.802042,0.664476,,,,,,,,
2017-02-06,1023.32,464.609,2.28154,0.545978,1.03541,2.20254,10.9715,0.812583,0.669259,,,,,,,,
2017-02-07,1053.62,466.389,2.39305,0.557348,1.28641,2.25911,10.7688,0.857657,0.688084,,,,,,,,
2017-02-08,1052.37,467.562,2.37825,0.555705,1.24172,2.25076,11.0999,0.851918,0.686272,,,,,,,,
2017-02-09,982.752,467.905,2.09029,0.523883,1.34101,2.10032,11.744,0.740003,0.640003,,,,,,,,
2017-02-10,996.65,469.244,2.13757,0.529179,1.1829,2.12395,11.796,0.757989,0.648163,,,,,,,,
2017-02-11,1011.38,469.652,2.19163,0.53563,1.1348,2.15346,11.5764,0.777322,0.656826,,,,,,,,
2017-02-12,1006.3,470.227,2.16492,0.532715,1.13674,2.14002,11.4426,0.766379,0.652626,,,,,,,,
2017-02-13,999.953,471.074,2.13224,0.528904,1.31433,2.12271,11.1003,0.753668,0.647623,,,,,,,,
2017-02-14,1012.21,471.889,2.17455,0.533805,1.3779,2.14502,11.0012,0.769082,0.654657,,,,,,,,
2017-02-15,1013.9,472.32,2.17574,0.534157,1.13448,2.14665,10.6367,0.768455,0.654844,,,,,,,,
2017-02-16,1036.81,473.303,2.25954,0.543499,1.25949,2.19058,10.6034,0.799955,0.668695,,,,,,,,
2017-02-17,1058.67,475.118,2.33527,0.551212,1.28555,2.22822,10.8339,0.830093,0.68182,,,,,,,,
2017-02-18,1060.67,475.952,2.33527,0.551271,1.28689,2.22852,10.4947,0.828689,0.682131,,,,,,,,
2017-02-19,1058.79,476.641,2.32039,0.549823,1.13974,2.22135,9.90347,0.821582,0.67995,,,,,,,,
2017-02-20,1088.69,477.753,2.42996,0.561166,1.29297,2.27877,9.63901,0.864237,0.698136,,,,,,,,
2017-02-21,1128.86,479.688,2.57596,0.575067,1.24887,2.35331,9.28584,0.924288,0.722811,,,,,,,,
2017-02-22,1129.7,482.135,2.56359,0.573219,1.24866,2.34312,9.08633,0.920868,0.722272,,,,,,,,
2017-02-23,1188.86,484.95,2.7792,0.592089,1.42587,2.45151,9.05241,1.01432,0.758917,,,,,,,,
2017-02-24,1185.49,488.396,2.74506,0.588022,1.54296,2.42731,8.94495,1.0031,0.755593,,,,,,,,
2017-02-25,1151.6,488.988,2.60305,0.575386,1.53324,2.35508,8.88545,0.941552,0.732889,,,,,,,,
2017-02-26,1181.71,489.93,2.71068,0.585406,1.67392,2.412,8.70529,0.986051,0.750892,,,,,,,,
2017-02-27,1194.15,491.45,2.74622,0.588453,1.36678,2.42986,8.43096,1.00141,0.757624,,,,,,,,
2017-02-28,1188.4,492.61,2.7122,0.585484,1.44315,2.41245,7.99774,0.986358,0.752813,,,,,,,,
2017-03-01,1228.46,495.115,2.85056,0.596963,1.40237,2.48116,7.88585,1.04802,0.776964,,,,,,,,
2017-03-02,1262.93,498.058,2.96422,0.605633,1.56965,2.53571,7.97638,1.10112,0.797483,,,,,,,,
2017-03-03,1289.36,501.439,3.04395,0.611096,1.53854,2.57133,7.025,1.14075,0.812848,,,,,,,,
2017-03-04,1268.94,502.705,2.95127,0.603839,1.32247,2.52423,6.71887,1.09841,0.798688,,,,,,,,
2017-03-05,1276.27,504.03,2.96545,0.605077,1.47907,2.53214,6.66257,1.10454,0.80201,,,,,,,,
2017-03-06,1282.25,506.269,2.97078,0.605173,1.43352,2.53275,6.52237,1.10827,0.804468,,,,,,,,
2017-03-07,1234.48,507.228,2.77666,0.589115,1.48449,2.43377,6.14546,1.02129,0.773279,,,,,,,,
2017-03-08,1152.14,507.536,2.45565,0.559484,1.28485,2.27007,6.21033,0.884831,0.720632,,,,,,,,
2017-03-09,1193.46,508.52,2.60295,0.573909,1.38602,2.34692,6.01689,0.944169,0.745338,,,,,,,,
2017-03-10,1098.53,507.966,2.24005,0.537595,1.34352,2.16261,5.75214,0.795873,0.685079,,,,,,,,
2017-03-11,1176.82,509.179,2.52657,0.567328,1.37348,2.31122,5.11874,0.908378,0.732803,,,,,,,,
2017-03-12,1231.75,510.564,2.72207,0.585497,1.49314,2.41253,5.06135,0.989464,0.765814,,,,,,,,
2017-03-13,1239.4,514.104,2.73036,0.585198,1.40337,2.41079,5.2446,0.996011,0.769369,,,,,,,,
2017-03-14,1246.54,515.503,2.74468,0.586451,1.51632,2.4181,5.3256,1.00171,0.772593,,,,,,,,
2017-03-15,1258.65,517.861,2.77376,0.588559,1.39231,2.43048,4.94204,1.01525,0.778877,,,,,,,,
2017-03-16,1178.02,518.77,2.46294,0.559626,1.40246,2.27079,4.50807,0.884433,0.727894,,,,,,,,
2017-03-17,1072.08,517.862,2.06707,0.516957,1.2834,2.07021,4.80192,0.728803,0.661522,,,,,,,,
2017-03-18,962.569,516.787,1.66067,0.463117,1.17375,1.8626,4.78616,0.584863,0.593205,,,,,,,,
2017-03-19,1020.22,517.526,1.87003,0.492731,1.30585,1.97134,4.79111,0.653848,0.627906,,,,,,,,
2017-03-20,1037.76,517.642,1.93191,0.501191,1.09436,2.00478,4.58894,0.673195,0.637846,,,,,,,,
2017-03-21,1111.82,519.654,2.19546,0.532609,1.22305,2.13954,4.91942,0.768682,0.682403,,,,,,,,
2017-03-22,1037.3,519.988,1.91512,0.498711,1.27656,1.99486,5.05768,0.665974,0.63582,,,,,,,,
2017-03-23,1028.17,519.804,1.8793,0.494439,1.1771,1.978,5.24931,0.651331,0.629394,,,,,,,,
2017-03-24,935.063,519.214,1.53572,0.444729,1.27187,1.80092,5.62142,0.5365,0.571708,,,,,,,,
2017-03-25,968.543,519.899,1.65487,0.463216,0.995389,1.86295,5.35233,0.573176,0.591441,,,,,,,,
2017-03-26,962.958,520.363,1.63071,0.45962,1.23436,1.85055,5.17011,0.56422,0.587305,,,,,,,,
2017-03-27,1042.92,521.8,1.91716,0.499673,1.06264,1.99869,4.57837,0.658868,0.63523,,,,,,,,
2017-03-28,1045.16,522.74,1.91913,0.499848,1.25,1.99939,4.16071,0.658715,0.635752,,,,,,,,
2017-03-29,1039.69,523.174,1.89466,0.496798,1.10678,1.98727,4.11542,0.648913,0.631589,,,,,,,,
2017-03-30,1037.99,523.803,1.88343,0.495367,1.31179,1.98164,4.35167,0.643814,0.629727,,,,,,,,
2017-03-31,1081.74,525.822,2.03299,0.513912,1.12433,2.05724,4.26777,0.695873,0.655381,,,,,,,,
2017-04-01,1089.52,526.691,2.05485,0.516587,1.10688,2.06862,3.87501,0.702503,0.659194,,,,,,,,
2017-04-02,1105.56,527.509,2.10681,0.52286,1.34276,2.09582,4.35764,0.719789,0.667974,,,,,,,,
2017-04-03,1144.66,529.318,2.23853,0.537578,1.54596,2.16253,5.01772,0.767672,0.690618,,,,,,,,
2017-04-04,1141.92,530.324,2.22069,0.535587,1.09527,2.15325,4.65769,0.760117,0.687989,,,,,,,,
2017-04-05,1135.81,531.409,2.19058,0.532133,1.4103,2.13736,4.79883,0.748203,0.683346,,,,,,,,
2017-04-06,1194.6,533.4,2.39137,0.55349,1.34473,2.23959,4.7811,0.823292,0.717663,,,,,,,,
2017-04-07,1191.73,535.255,2.36938,0.550859,1.47605,2.22647,4.81759,0.815021,0.714899,,,,,,,,
2017-04-08,1184.42,535.933,2.33576,0.547514,1.23952,2.21001,4.71076,0.800819,0.709484,,,,,,,,
2017-04-09,1213.63,537.333,2.4307,0.557253,1.47229,2.25863,4.62599,0.836217,0.725915,,,,,,,,
2017-04-10,1211.65,538.57,2.41393,0.555507,1.35803,2.24975,4.80381,0.828925,0.723663,,,,,,,,
2017-04-11,1229.78,540.063,2.46816,0.560847,1.56341,2.27711,4.84292,0.849238,0.733405,,,,,,,,
2017-04-12,1216.11,541.396,2.4093,0.554815,1.31333,2.24626,4.73338,0.825954,0.724188,,,,,,,,
2017-04-13,1172.56,541.587,2.24874,0.538115,1.1323,2.16504,4.2778,0.763807,0.697256,,,,,,,,
2017-04-14,1174.33,542.36,2.24799,0.538155,1.24056,2.16523,4.52064,0.762122,0.697317,,,,,,,,
2017-04-15,1175.56,542.757,2.24667,0.5383,1.33855,2.16591,4.71486,0.759718,0.697054,,,,,,,,
2017-04-16,1173.69,543.061,2.23473,0.537305,1.29938,2.16125,4.45497,0.753339,0.694958,,,,,,,,
2017-04-17,1191.9,544.829,2.28848,0.542891,1.24649,2.18766,4.12133,0.772775,0.704728,,,,,,,,
2017-04-18,1202.13,546.01,2.31584,0.545799,1.3284,2.20167,3.70405,0.781918,0.709752,,,,,,,,
2017-04-19,1209.56,546.98,2.33391,0.547786,1.30802,2.21134,3.94419,0.787422,0.713105,,,,,,,,
2017-04-20,1235.8,548.571,2.41554,0.556101,1.28902,2.25277,3.83469,0.817497,0.727506,,,,,,,,
2017-04-21,1247.34,549.631,2.44704,0.559356,1.57212,2.2694,3.83709,0.828273,0.733211,,,,,,,,
2017-04-22,1243.55,550.204,2.42652,0.557554,1.3594,2.26016,3.72019,0.818747,0.72991,,,,,,,,
2017-04-23,1250,550.965,2.44114,0.559228,1.44005,2.26875,3.08036,0.82273,0.732614,,,,,,,,
2017-04-24,1257.24,552.461,2.45576,0.560576,1.17304,2.27571,3.17779,0.827697,0.735766,,,,,,,,
2017-04-25,1279.86,554.205,2.52273,0.566981,1.42319,2.30937,2.9656,0.852995,0.747885,,,,,,,,
2017-04-26,1296.49,555.914,2.56851,0.571215,1.48864,2.33217,3.60143,0.870389,0.756453,,,,,,,,
2017-04-27,1345.89,558.469,2.7239,0.585056,1.48224,2.40996,3.78095,0.932542,0.784061,,,,,,,,
2017-04-28,1347.99,561.408,2.71391,0.583521,1.37173,2.40108,3.84743,0.930017,0.784064,,,,,,,,
2017-04-29,1357.72,562.844,2.73538,0.585448,1.75426,2.41224,3.80718,0.938167,0.788495,,,,,,,,
2017-04-30,1381.96,564.899,2.80405,0.591232,1.55605,2.44638,3.96276,0.966348,0.80131,,,,,,,,
2017-05-01,1436.94,568.95,2.96988,0.604055,1.60481,2.5256,4.31038,1.03852,0.831846,,,,,,,,
2017-05-02,1463.82,572.456,3.04029,0.60893,1.71881,2.55708,4.11286,1.07123,0.84602,,,,,,,,
2017-05-03,1519.41,576.101,3.20637,0.620839,1.48855,2.6374,3.05781,1.14693,0.876677,,,,,,,,
2017-05-04,1539.83,581.62,3.24559,0.622283,1.91574,2.64748,3.73355,1.17058,0.886961,,,,,,,,
2017-05-05,1529.85,585.922,3.18619,0.617007,1.45976,2.61101,3.07428,1.14822,0.879734,,,,,,,,
2017-05-06,1573.29,589.011,3.31026,0.625617,1.95052,2.67106,3.31654,1.20654,0.903167,,,,,,,,
2017-05-07,1526.27,590.394,3.13697,0.613178,1.87655,2.58517,3.09256,1.12832,0.874712,,,,,,,,
2017-05-08,1685.09,597.492,3.62999,0.645424,2.22644,2.82027,3.63689,1.36597,0.964013,,,,,,,,
2017-05-09,1719.23,603.235,3.70819,0.649125,1.95182,2.85002,3.49412,1.41206,0.981774,,,,,,,,
2017-05-10,1782.5,608.378,3.8825,0.658694,1.92757,2.92992,3.57445,1.50744,1.01603,,,,,,,,
2017-05-11,1835.49,615.564,4.01324,0.664632,1.80593,2.9818,3.13161,1.5871,1.04428,,,,,,,,
2017-05-12,1704.66,617.972,3.55987,0.637481,1.90808,2.75848,3.3639,1.35973,0.96812,,,,,,,,
2017-05-13,1779.84,621.225,3.77788,0.650966,2.03821,2.86505,3.97995,1.4721,1.00897,,,,,,,,
2017-05-14,1794.59,623.157,3.80181,0.652759,2.12629,2.87984,4.2294,1.48647,1.01546,,,,,,,,
2017-05-15,1736.88,625.746,3.59074,0.63973,2.12617,2.7757,4.41188,1.3833,0.981042,,,,,,,,
2017-05-16,1757.03,628.593,3.63071,0.642241,1.66665,2.79518,4.28627,1.40629,0.990627,,,,,,,,
2017-05-17,1808.75,634.333,3.76115,0.649297,2.00863,2.85141,4.65898,1.48057,1.01791,,,,,,,,
2017-05-18,1894.25,638.445,4.00114,0.662956,1.92225,2.96697,4.7863,1.6127,1.06402,,,,,,,,
2017-05-19,1967.55,644.653,4.1915,0.672357,2.29618,3.0521,4.92143,1.72764,1.10306,,,,,,,,
2017-05-20,2048.12,650.22,4.40242,0.682528,2.39516,3.14989,5.242,1.85885,1.14597,,,,,,,,
2017-05-21,2045.22,654.942,4.3524,0.67977,2.12362,3.12276,4.89266,1.84069,1.14211,,,,,,,,
2017-05-22,2078.94,665.345,4.39841,0.67996,2.1381,3.12461,4.90481,1.88782,1.15864,,,,,,,,
2017-05-23,2257.29,678.395,4.87693,0.699465,2.66008,3.3274,5.37147,2.20849,1.25543,,,,,,,,
2017-05-24,2415.01,690.962,5.28057,0.713888,2.59676,3.49514,5.88581,2.50762,1.34026,,,,,,,,
2017-05-25,2319.6,703.536,4.9127,0.6967,2.62718,3.29706,6.32506,2.29547,1.28462,,,,,,,,
2017-05-26,2279.42,710.755,4.7348,0.688186,2.4129,3.20704,6.17458,2.19948,1.25975,,,,,,,,
2017-05-27,2044.3,710.965,4.00286,0.652221,2.36665,2.87539,6.56543,1.75648,1.12761,,,,,,,,
2017-05-28,2225.7,715.645,4.50389,0.678463,2.51989,3.11006,6.97563,2.0664,1.22516,,,,,,,,
2017-05-29,2284.72,720.385,4.6339,0.684694,2.35881,3.17152,6.72707,2.16068,1.25505,,,,,,,,
2017-05-30,2167.26,723.374,4.25182,0.666227,2.64087,2.99605,7.01025,1.92983,1.18814,,,,,,,,
2017-05-31,2299.43,731.646,4.58559,0.681814,2.55557,3.14282,7.10907,2.15545,1.25799,,,,,,,,
2017-06-01,2399.89,740.283,4.81862,0.691534,2.75181,3.24185,7.3865,2.32911,1.31018,,,,,,,,
2017-06-02,2479.42,746.389,4.99266,0.698967,2.43206,3.32189,8.13929,2.46578,1.35069,,,,,,,,
2017-06-03,2549.55,753.192,5.13304,0.704579,3.26907,3.385,8.08441,2.58575,1.38587,,,,,,,,
2017-06-04,2524.99,758.218,5.009,0.699715,2.70151,3.33017,9.00519,2.51591,1.36956,,,,,,,,
2017-06-05,2685.32,767.591,5.38882,0.714153,2.91359,3.49837,9.12332,2.82181,1.45328,,,,,,,,
2017-06-06,2871.34,778.702,5.82084,0.728802,2.85634,3.68734,9.26378,3.19864,1.55038,,,,,,,,
2017-06-07,2706.76,783.288,5.30401,0.710618,2.92722,3.45564,9.03911,2.81895,1.45825,,,,,,,,
2017-06-08,2802.56,791.683,5.4941,0.717515,3.01489,3.54001,9.55714,2.99609,1.50644,,,,,,,,
2017-06-09,2804.87,799.318,5.43007,0.715025,2.7499,3.50908,9.72077,2.97538,1.50427,,,,,,,,
2017-06-10,2916.33,809.247,5.64975,0.722512,2.65828,3.60376,10.2362,3.18868,1.56044,,,,,,,,
2017-06-11,2974.21,817.048,5.72679,0.725289,2.79503,3.64019,10.1345,3.28732,1.58772,,,,,,,,
2017-06-12,2665.43,825.721,4.84712,0.690211,2.51332,3.22801,9.85396,2.6183,1.41976,,,,,,,,
2017-06-13,2707.14,835.241,4.89393,0.691467,2.44181,3.24115,9.51535,2.67833,1.43878,,,,,,,,
2017-06-14,2443.82,836.984,4.17588,0.657511,2.1825,2.9198,9.15929,2.16546,1.29612,,,,,,,,
2017-06-15,2409.89,838.595,4.06027,0.652019,2.34558,2.87372,9.71374,2.08921,1.27547,,,,,,,,
2017-06-16,2476.36,843.984,4.19285,0.659184,2.32593,2.93413,9.63824,2.18848,1.30789,,,,,,,,
2017-06-17,2652.76,848.258,4.60278,0.680235,2.43428,3.1273,9.89017,2.49052,1.39801,,,,,,,,
2017-06-18,2508.21,854.071,4.19397,0.65949,2.2967,2.93678,9.72654,2.20882,1.31904,,,,,,,,
2017-06-19,2589.64,861.137,4.35459,0.667469,2.46429,3.00724,9.56261,2.33565,1.35895,,,,,,,,
2017-06-20,2733.23,868.926,4.66323,0.682088,2.37126,3.14552,9.92016,2.58056,1.43114,,,,,,,,
2017-06-21,2639.26,872.423,4.39087,0.669444,2.31614,3.02521,10.0892,2.38683,1.37896,,,,,,,,
2017-06-22,2686.65,878.727,4.46312,0.672928,2.33208,3.05743,9.72565,2.4532,1.40066,,,,,,,,
2017-06-23,2685.87,883.049,4.4215,0.671224,2.67202,3.04159,9.54725,2.43164,1.39721,,,,,,,,
2017-06-24,2562.19,883.786,4.09263,0.655066,2.31793,2.89911,9.26272,2.19528,1.33005,,,,,,,,
2017-06-25,2497.73,884.498,3.91257,0.645879,1.88536,2.8239,8.96674,2.07,1.29389,,,,,,,,
2017-06-26,2426.37,884.963,3.7199,0.635272,2.12595,2.74177,8.52682,1.93853,1.25434,,,,,,,,
2017-06-27,2530.35,888.745,3.9403,0.648765,2.04049,2.8471,7.91621,2.09182,1.30536,,,,,,,,
2017-06-28,2562.79,893.042,3.9859,0.651536,2.46806,2.86973,8.27719,2.129,1.31931,,,,,,,,
2017-06-29,2540.44,896.61,3.90313,0.647065,1.86625,2.83339,7.39824,2.07567,1.30507,,,,,,,,
2017-06-30,2452.71,900.55,3.66772,0.632835,2.30553,2.72357,7.22433,1.9201,1.25742,,,,,,,,
2017-07-01,2412.37,901.467,3.55392,0.626314,2.40738,2.67604,7.12105,1.8435,1.23423,,,,,,,,
2017-07-02,2518.87,904.586,3.77815,0.640876,2.86889,2.78456,7.52829,1.99433,1.28604,,,,,,,,
2017-07-03,2551.93,909.205,3.82507,0.643719,2.61827,2.80677,7.13024,2.03105,1.3002,,,,,,,,
2017-07-04,2599.74,912.666,3.90759,0.64894,2.39298,2.84852,6.61226,2.09132,1.32178,,,,,,,,
2017-07-05,2608.1,917.657,3.89479,0.648152,2.33043,2.84214,6.09224,2.08832,1.32324,,,,,,,,
2017-07-06,2603.2,920.559,3.8567,0.646373,2.21023,2.82784,5.78629,2.06422,1.31798,,,,,,,,
2017-07-07,2495.78,924.049,3.58584,0.629755,2.20157,2.70092,5.34897,1.88296,1.26101,,,,,,,,
2017-07-08,2553.49,926.393,3.69428,0.637206,2.50188,2.75638,4.87558,1.95597,1.28749,,,,,,,,
2017-07-09,2506.17,927.133,3.56876,0.63006,2.0475,2.70314,4.44516,1.87023,1.26105,,,,,,,,
2017-07-10,2319.37,925.275,3.1391,0.601066,2.68951,2.50668,4.79358,1.59088,1.16476,,,,,,,,
2017-07-11,2319.17,926.162,3.1251,0.600649,2.34997,2.50406,4.94061,1.58026,1.16238,,,,,,,,
2017-07-12,2374.89,927.403,3.23475,0.609496,2.44931,2.56079,5.14647,1.64591,1.18795,,,,,,,,
2017-07-13,2343.74,928.859,3.15011,0.603685,2.13442,2.52324,5.3215,1.59234,1.17007,,,,,,,,
2017-07-14,2214.83,928.462,2.85478,0.580797,1.77969,2.38548,5.49994,1.41298,1.10362,,,,,,,,
2017-07-15,1989.63,924.71,2.35761,0.535236,1.45697,2.15163,4.96016,1.13377,0.989645,,,,,,,,
2017-07-16,1910.75,921.939,2.18443,0.517499,1.78998,2.07253,5.19965,1.04022,0.948765,,,,,,,,
2017-07-17,2215.75,928.24,2.83535,0.581071,1.87798,2.38704,5.18513,1.39045,1.09813,,,,,,,,
2017-07-18,2303.76,931.615,3.01138,0.595611,2.16734,2.47287,5.44145,1.49376,1.13954,,,,,,,,
2017-07-19,2257.07,933.44,2.89547,0.586436,1.91004,2.41801,5.37541,1.42509,1.11432,,,,,,,,
2017-07-20,2823.9,947.59,4.08177,0.664439,2.58386,2.98008,5.59039,2.21503,1.39117,,,,,,,,
2017-07-21,2666.14,951.091,3.71315,0.64327,2.30754,2.80324,5.65337,1.96129,1.31072,,,,,,,,
2017-07-22,2829.75,957.063,4.03243,0.661786,2.5302,2.95671,6.08147,2.19418,1.38817,,,,,,,,
2017-07-23,2753.24,959.887,3.84222,0.651362,2.63082,2.8683,6.07486,2.06408,1.34778,,,,,,,,
2017-07-24,2755.16,964.297,3.81783,0.650003,2.70766,2.85717,6.53152,2.05267,1.34587,,,,,,,,
2017-07-25,2558.69,972.237,3.36812,0.620026,2.08155,2.63176,7.06339,1.75778,1.24737,,,,,,,,
2017-07-26,2522.32,974.791,3.27254,0.613535,2.02935,2.58756,7.29183,1.69624,1.22717,,,,,,,,
2017-07-27,2665.15,983.83,3.5396,0.630854,2.23542,2.70895,7.87937,1.88014,1.29398,,,,,,,,
2017-07-28,2793.83,1006.44,3.74432,0.639765,2.27132,2.77597,7.76568,2.05063,1.35359,,,,,,,,
2017-07-29,2706.45,1021.13,3.51453,0.622706,2.29179,2.65045,8.79839,1.91029,1.30853,,,,,,,,
2017-07-30,2749.38,1043.69,3.54045,0.620391,2.1694,2.63429,8.83511,1.95545,1.32651,,,,,,,,
2017-07-31,2862.61,1074.39,3.69293,0.624681,2.21761,2.6644,8.69411,2.10253,1.37819,,,,,,,,
2017-08-01,2727.39,1085.6,3.37542,0.601965,2.16122,2.51234,7.88105,1.89369,1.31037,,,,,,,,
2017-08-02,2690.15,1095.04,3.26546,0.592946,2.16429,2.45668,7.92451,1.82801,1.28981,,,,,,,,
2017-08-03,2789.75,1108.65,3.42558,0.602597,2.02916,2.51634,7.95518,1.95029,1.33476,,,,,,,,
2017-08-04,2860.27,1131.93,3.5049,0.604259,2.68219,2.5269,8.69855,2.03372,1.36561,,,,,,,,
2017-08-05,3237.42,1153.82,4.19837,0.643598,2.98162,2.80582,9.41388,2.58405,1.54219,,,,,,,,
2017-08-06,3230.12,1177.33,4.11031,0.635516,2.3412,2.7436,9.73168,2.55099,1.53526,,,,,,,,
2017-08-07,3392.56,1204.15,4.35153,0.64506,2.67094,2.81738,9.84533,2.79026,1.60876,,,,,,,,
2017-08-08,3425.68,1224.76,4.34595,0.642476,2.87172,2.79701,10.482,2.82071,1.62072,,,,,,,,
2017-08-09,3347.22,1238.31,4.13713,0.630047,2.34831,2.70305,9.57072,2.67074,1.58,,,,,,,,
2017-08-10,3437.03,1250.23,4.26067,0.636247,2.32937,2.74912,9.21686,2.79234,1.61866,,,,,,,,
2017-08-11,3660.52,1263.95,4.63319,0.654707,2.64987,2.89609,8.91507,3.13963,1.71983,,,,,,,,
2017-08-12,3871.08,1281.64,4.96279,0.668918,2.6115,3.0204,8.84763,3.47898,1.81434,,,,,,,,
2017-08-13,4063.8,1298.9,5.24905,0.680374,2.98483,3.12865,9.06262,3.79806,1.89996,,,,,,,,
2017-08-14,4304.6,1322.28,5.60227,0.692822,2.75966,3.25544,9.31653,4.22083,2.00744,,,,,,,,
2017-08-15,4160.03,1335.33,5.25566,0.67901,3.09533,3.11536,8.9641,3.9052,1.93518,,,,,,,,
2017-08-16,4364.68,1351.56,5.54801,0.690342,2.75944,3.22936,8.66696,4.25769,2.02522,,,,,,,,
2017-08-17,4308.52,1370.61,5.35631,0.681882,3.71596,3.14349,8.63355,4.10919,1.99411,,,,,,,,
2017-08-18,4108.51,1380.82,4.92986,0.663912,2.92932,2.97541,8.67045,3.70181,1.89684,,,,,,,,
2017-08-19,4160.33,1397.26,4.95007,0.664147,2.98497,2.9775,8.30615,3.76125,1.91601,,,,,,,,
2017-08-20,4085.81,1414.11,4.74679,0.653898,2.5094,2.88932,7.89899,3.59537,1.87706,,,,,,,,
2017-08-21,3992.63,1421.54,4.53275,0.643959,2.15904,2.80866,7.17732,3.40338,1.8298,,,,,,,,
2017-08-22,4074.33,1433.6,4.61845,0.648139,1.69919,2.84203,6.10302,3.51304,1.86267,,,,,,,,
2017-08-23,4146.92,1447.52,4.68286,0.650941,3.06712,2.86485,5.58119,3.60745,1.89119,,,,,,,,
2017-08-24,4325.82,1457.58,4.93209,0.663051,2.02335,2.96781,4.74279,3.88985,1.96783,,,,,,,,
2017-08-25,4353.13,1466.93,4.91966,0.663018,2.02674,2.96752,4.12633,3.90349,1.97529,,,,,,,,
2017-08-26,4341.98,1475.11,4.84508,0.660267,2.09159,2.94349,3.14948,3.84899,1.96529,,,,,,,,
2017-08-27,4344.9,1482.31,4.79754,0.658838,3.06687,2.93116,3.02072,3.81987,1.9617,,,,,,,,
2017-08-28,4379.76,1492.94,4.79777,0.659128,2.55767,2.93365,2.05996,3.8454,1.97248,,,,,,,,
2017-08-29,4600.46,1513.93,5.08285,0.670918,3.08014,3.03875,1.90574,4.2026,2.06658,,,,,,,,
2017-08-30,4586.63,1525.47,4.99633,0.667409,3.43389,3.00669,2.11847,4.13827,2.05512,,,,,,,,
2017-08-31,4740.36,1545.72,5.16536,0.673924,3.41434,3.06677,2.40553,4.3781,2.11851,,,,,,,,
2017-09-01,4918.17,1565.05,5.36768,0.681782,3.74629,3.1425,2.57486,4.66669,2.19223,,,,,,,,
2017-09-02,4595.02,1573.69,4.79602,0.657524,3.27287,2.91991,2.78344,4.03544,2.04298,,,,,,,,
2017-09-03,4625.3,1581.44,4.79139,0.658089,3.0703,2.92473,1.90443,4.0504,2.05121,,,,,,,,
2017-09-04,4374.75,1589.88,4.35203,0.636578,3.2746,2.75162,1.25441,3.59086,1.93529,,,,,,,,
2017-09-05,4454.05,1597.91,4.43043,0.641246,3.71856,2.78743,1.75027,3.68876,1.96545,,,,,,,,
2017-09-06,4607.52,1609.87,4.61332,0.650599,3.13909,2.86204,1.74629,3.91123,2.02802,,,,,,,,
2017-09-07,4635.11,1628.73,4.59054,0.64861,3.40248,2.84584,1.44954,3.92187,2.035,,,,,,,,
2017-09-08,4345.46,1629.84,4.11899,0.624934,3.14765,2.66619,2.15487,3.41695,1.90314,,,,,,,,
2017-09-09,4335.59,1632.75,4.07286,0.623409,3.01083,2.6554,2.5428,3.37243,1.89415,,,,,,,,
2017-09-10,4261.84,1639.93,3.92639,0.615206,2.40343,2.59879,2.37473,3.23115,1.8574,,,,,,,,
2017-09-11,4212.55,1642.61,3.82572,0.610067,2.97428,2.56454,2.64572,3.13116,1.83148,,,,,,,,
2017-09-12,4164.32,1645.31,3.72858,0.604903,3.15283,2.53102,2.70587,3.03512,1.80617,,,,,,,,
2017-09-13,3887.12,1641.54,3.30797,0.577698,2.95347,2.36797,3.14782,2.62363,1.68202,,,,,,,,
2017-09-14,3247.47,1627.63,2.37887,0.4988,2.2481,1.99521,3.27323,1.81863,1.40224,,,,,,,,
2017-09-15,3699.22,1634.5,3.01955,0.55815,2.63271,2.26321,3.81108,2.34219,1.59369,,,,,,,,
2017-09-16,3711.23,1637.87,3.01954,0.558672,2.46535,2.26589,3.28543,2.33973,1.59524,,,,,,,,
2017-09-17,3711.86,1638.94,3.00642,0.558457,2.55266,2.26479,3.35586,2.32334,1.5919,,,,,,,,
2017-09-18,4080.43,1645.9,3.51271,0.596636,2.01561,2.47915,3.18342,2.7861,1.74584,,,,,,,,
2017-09-19,3925.74,1648.71,3.27025,0.580026,2.36859,2.3811,3.84576,2.55984,1.67576,,,,,,,,
2017-09-20,3895.78,1650.99,3.20935,0.576209,1.75611,2.35966,4.39876,2.50222,1.65914,,,,,,,,
2017-09-21,3617.24,1649.38,2.80301,0.544023,2.43897,2.19309,6.40169,2.14207,1.53709,,,,,,,,
2017-09-22,3619.21,1651.33,2.79263,0.543731,1.91884,2.19169,6.42992,2.1294,1.53451,,,,,,,,
2017-09-23,3775.6,1654.13,2.99842,0.56189,2.37705,2.28253,7.84706,2.30026,1.5972,,,,,,,,
2017-09-24,3676.9,1654.45,2.84766,0.550042,2.013,2.22243,8.98576,2.16497,1.55197,,,,,,,,
2017-09-25,3918.74,1672.62,3.14878,0.573174,1.84226,2.34287,9.93423,2.44008,1.65025,,,,,,,,
2017-09-26,3890.09,1676.38,3.09019,0.569063,2.0098,2.32052,9.97768,2.385,1.63444,,,,,,,,
2017-09-27,4207.79,1685.23,3.50359,0.599498,2.30348,2.49687,10.7514,2.76767,1.76374,,,,,,,,
2017-09-28,4187.77,1692.02,3.44937,0.595962,2.74215,2.47502,11.3344,2.7197,1.75121,,,,,,,,
2017-09-29,4155.01,1696.24,3.38207,0.591761,2.58163,2.44955,11.4018,2.6563,1.73344,,,,,,,,
2017-09-30,4334.54,1705.14,3.59789,0.606615,2.18788,2.54204,11.2641,2.8676,1.80402,,,,,,,,
2017-10-01,4382.09,1710.45,3.63633,0.609672,2.07383,2.56195,10.8434,2.90731,1.81943,,,,,,,,
2017-10-02,4386.88,1719.42,3.61165,0.608053,2.38191,2.55137,10.7345,2.88928,1.81706,,,,,,,,
2017-10-03,4306.56,1724.4,3.47896,0.599588,2.83318,2.49743,11.658,2.76012,1.77956,,,,,,,,
2017-10-04,4216.68,1727.75,3.33769,0.590258,2.02194,2.44056,11.5685,2.62185,1.73833,,,,,,,,
2017-10-05,4319.42,1739.69,3.44253,0.59724,1.92384,2.48287,10.5233,2.72639,1.77647,,,,,,,,
2017-10-06,4365.92,1745.58,3.47947,0.60018,2.45916,2.50113,10.6637,2.76042,1.79132,,,,,,,,
2017-10-07,4438.86,1750.41,3.55183,0.605663,2.46983,2.5359,10.5498,2.82857,1.81689,,,,,,,,
2017-10-08,4600.74,1759.21,3.73372,0.617625,2.92805,2.61523,10.5032,3.0106,1.87858,,,,,,,,
2017-10-09,4777.53,1776.15,3.92066,0.628228,2.67257,2.68982,10.3555,3.21572,1.94597,,,,,,,,
2017-10-10,4741.08,1787.93,3.83575,0.622885,2.6187,2.65171,10.9464,3.1355,1.92638,,,,,,,,
2017-10-11,4814.97,1795.05,3.89964,0.627193,2.29785,2.68236,10.4629,3.20232,1.95158,,,,,,,,
2017-10-12,5393.67,1813.9,4.58833,0.663698,2.81386,2.97352,9.9996,3.97662,2.18049,,,,,,,,
2017-10-13,5614.08,1840.44,4.79821,0.672174,2.58693,3.0504,9.10978,4.26437,2.26365,,,,,,,,
2017-10-14,5785.74,1853.45,4.95804,0.679651,2.74548,3.1216,8.84722,4.48238,2.32668,,,,,,,,
2017-10-15,5689.87,1865.08,4.78445,0.672209,3.69926,3.05073,8.94527,4.29055,2.28211,,,,,,,,
2017-10-16,5756.15,1882.24,4.80728,0.673003,3.31156,3.05813,9.56778,4.34573,2.3026,,,,,,,,
2017-10-17,5590.42,1894.89,4.55225,0.661048,3.00857,2.95027,9.60438,4.05817,2.23048,,,,,,,,
2017-10-18,5583.87,1904.69,4.4994,0.658895,2.74844,2.93165,10.1064,4.00843,2.22208,,,,,,,,
2017-10-19,5708.31,1922.69,4.59513,0.663177,3.28459,2.96892,9.88885,4.14729,2.26566,,,,,,,,
2017-10-20,6000.88,1936.98,4.89258,0.677217,3.44216,3.09806,10.4265,4.53724,2.37542,,,,,,,,
2017-10-21,6030.21,1947.87,4.87478,0.676981,2.93544,3.0958,9.04628,4.53547,2.38066,,,,,,,,
2017-10-22,5996.6,1967.17,4.77371,0.671953,3.44255,3.04834,9.57366,4.43982,2.36109,,,,,,,,
2017-10-23,5888.25,2003.14,4.5685,0.659808,3.15118,2.93951,8.7348,4.23912,2.31231,,,,,,,,
2017-10-24,5517.78,2013.79,4.09427,0.635035,2.8635,2.73999,8.33357,3.68735,2.16127,,,,,,,,
2017-10-25,5736.02,2025.66,4.30596,0.646852,3.27059,2.83167,8.61194,3.94633,2.2409,,,,,,,,
2017-10-26,5900.32,2036.69,4.45186,0.654817,3.24679,2.89701,9.09374,4.13524,2.29903,,,,,,,,
2017-10-27,5771.95,2044.91,4.26554,0.645715,1.82762,2.82259,8.48713,3.91937,2.24315,,,,,,,,
2017-10-28,5762.39,2050.15,4.22047,0.644219,1.48648,2.81072,7.1758,3.86933,2.23362,,,,,,,,
2017-10-29,6174.73,2063.16,4.63913,0.66587,2.86575,2.99285,7.12386,4.39897,2.38707,,,,,,,,
2017-10-30,6119.26,2076.86,4.52784,0.660603,2.69353,2.9464,7.5957,4.27698,2.35934,,,,,,,,
2017-10-31,6428.51,2093.63,4.81657,0.674322,2.63942,3.07052,8.21566,4.67178,2.47188,,,,,,,,
2017-11-01,6726.41,2120.6,5.07319,0.684736,3.09812,3.17194,8.48724,5.0612,2.57932,,,,,,,,
2017-11-02,7043.78,2155.49,5.33359,0.693987,3.09552,3.26783,7.88643,5.4906,2.69348,,,,,,,,
2017-11-03,7198.63,2181.63,5.42092,0.696939,2.49476,3.29966,8.12956,5.67306,2.74495,,,,,,,,
2017-11-04,7420.5,2198.94,5.58474,0.703667,2.78971,3.37459,8.90049,5.96273,2.82152,,,,,,,,
2017-11-05,7371.14,2220.52,5.45504,0.698755,2.98353,3.31956,8.79525,5.8202,2.79482,,,,,,,,
2017-11-06,6985.26,2232.84,4.99045,0.68035,2.64985,3.12842,8.77444,5.17235,2.64118,,,,,,,,
2017-11-07,7118.2,2252.14,5.06536,0.683609,3.1425,3.16064,8.52638,5.3149,2.68395,,,,,,,,
2017-11-08,7451.21,2273.3,5.33913,0.694909,3.01421,3.27771,8.51458,5.7615,2.80156,,,,,,,,
2017-11-09,7117.74,2294.41,4.93193,0.677649,3.0363,3.10221,8.34861,5.2024,2.66875,,,,,,,,
2017-11-10,6620.57,2307.71,4.37903,0.651434,2.20372,2.86889,8.51043,4.45572,2.47564,,,,,,,,
2017-11-11,6346.72,2320.25,4.06242,0.634417,1.4042,2.73536,7.99618,4.05476,2.36695,,,,,,,,
2017-11-12,5829.1,2360.25,3.48182,0.595092,1.28629,2.4697,7.84849,3.3886,2.16834,,,,,,,,
2017-11-13,6519.45,2391.02,4.11698,0.633249,2.50222,2.72664,8.14669,4.19787,2.41866,,,,,,,,
2017-11-14,6592.37,2405.35,4.14799,0.635131,2.30085,2.74071,7.01919,4.25071,2.43916,,,,,,,,
2017-11-15,7257.37,2438.51,4.73581,0.663995,2.98575,2.97615,6.49726,5.09933,2.67775,,,,,,,,
2017-11-16,7833.7,2482.46,5.21024,0.683105,3.19763,3.15562,6.26212,5.87947,2.88215,,,,,,,,
2017-11-17,7729.03,2521.28,5.02583,0.673791,3.43657,3.06552,6.21775,5.66524,2.83558,,,,,,,,
2017-11-18,7796.15,2541.55,5.02623,0.674,2.80353,3.06748,5.59021,5.70576,2.85207,,,,,,,,
2017-11-19,8018.32,2564.51,5.1688,0.680169,3.3636,3.12665,4.81629,5.97483,2.92494,,,,,,,,
2017-11-20,8269.87,2597.31,5.32435,0.685931,3.75781,3.18402,5.39514,6.29106,3.00796,,,,,,,,
2017-11-21,8092,2629.89,5.08068,0.675001,3.60172,3.07693,4.94445,5.96264,2.93482,,,,,,,,
2017-11-22,8249.6,2649.47,5.16104,0.678837,3.11663,3.11368,4.7213,6.13497,2.98334,,,,,,,,
2017-11-23,8071.67,2667.86,4.93723,0.669478,3.20885,3.02552,4.47316,5.81401,2.91065,,,,,,,,
2017-11-24,8232.42,2699.75,5.01033,0.672058,3.08232,3.04932,3.5511,5.98934,2.96008,,,,,,,,
2017-11-25,8760.17,2739.29,5.39844,0.687301,3.40461,3.19797,2.79606,6.71477,3.14059,,,,,,,,
2017-11-26,9319.9,2783.25,5.79597,0.701365,3.52092,3.34857,3.36099,7.52414,3.33124,,,,,,,,
2017-11-27,9730.73,2835.38,6.04155,0.708616,4.04222,3.4319,4.89068,8.11936,3.46751,,,,,,,,
2017-11-28,9932.19,2900.71,6.08638,0.707949,3.75023,3.42406,4.4399,8.36979,3.52848,,,,,,,,
2017-11-29,9800.03,2955.21,5.85705,0.698449,4.06085,3.31619,4.04907,8.06481,3.47095,,,,,,,,
2017-11-30,9996.71,2993.4,5.92287,0.700561,3.95806,3.33958,3.74292,8.30511,3.52979,,,,,,,,
2017-12-01,10809,3042.31,6.48042,0.718538,4.63346,3.55287,3.39387,9.60392,3.80463,,,,,,,,
2017-12-02,10934.9,3084.36,6.46283,0.717934,4.0807,3.54527,3.27771,9.72205,3.83686,,,,,,,,
2017-12-03,11213.9,3115.01,6.57604,0.72222,4.52185,3.59997,3.60653,10.1136,3.92233,,,,,,,,
2017-12-04,11562.1,3164.49,6.72183,0.726306,4.73587,3.65371,3.63011,10.6355,4.03122,,,,,,,,
2017-12-05,11736.8,3212.82,6.72593,0.72626,4.67053,3.6531,3.68444,10.8423,4.07899,,,,,,,,
2017-12-06,13992.1,3322.78,8.25146,0.762525,5.79157,4.21097,4.12774,15.235,4.84639,,,,,,,,
2017-12-07,17032.3,3611.09,10.0841,0.787985,5.61675,4.71666,4.05818,22.2967,5.87827,,,,,,,,
2017-12-08,16298.5,3749.48,9.19677,0.769949,5.43792,4.34686,4.12336,20.1716,5.60516,,,,,,,,
2017-12-09,15050,3796.1,8.08356,0.747768,5.51944,3.9646,4.18876,17.0068,5.15798,,,,,,,,
2017-12-10,15475,3860.63,8.17369,0.750525,5.27494,4.00841,4.76777,17.7827,5.28524,,,,,,,,
2017-12-11,16873.5,3964.57,8.87444,0.765042,5.90497,4.25607,6.52978,20.8959,5.7424,,,,,,,,
2017-12-12,17433.9,4112.48,8.9418,0.764111,5.48599,4.23927,7.92686,22.0418,5.91187,,,,,,,,
2017-12-13,16515.2,4196.18,8.10238,0.745919,6.09744,3.93576,8.40796,19.5393,5.58058,,,,,,,,
2017-12-14,16602.9,4257.72,7.96096,0.743556,6.00017,3.89948,9.73839,19.5151,5.59047,,,,,,,,
2017-12-15,17702,4340.12,8.43213,0.754823,5.75499,4.07869,10.1759,21.9192,5.93918,,,,,,,,
2017-12-16,19640.5,4432.76,9.35423,0.774305,6.35182,4.43077,10.5292,26.6394,6.56527,,,,,,,,
2017-12-17,19250.5,4527.46,8.84713,0.764813,6.61717,4.25193,10.5854,25.2762,6.41132,,,,,,,,
2017-12-18,18982,4596.18,8.45954,0.757867,6.31167,4.12996,11.6875,24.2799,6.29888,,,,,,,,
2017-12-19,17653.3,4638.89,7.51771,0.737223,4.46274,3.80551,11.9462,20.7576,5.8371,,,,,,,,
2017-12-20,16453.6,4711.45,6.68273,0.713653,3.99854,3.49226,11.5835,17.833,5.42144,,,,,,,,
2017-12-21,15633.8,4735.31,6.12281,0.697111,3.65302,3.30154,11.5052,15.9257,5.13365,,,,,,,,
2017-12-22,14305.7,4752.47,5.31139,0.667792,3.88591,3.01016,12.1108,13.2002,4.68187,,,,,,,,
2017-12-23,14910.9,4779.73,5.57025,0.679446,3.59878,3.1196,12.2923,14.1976,4.86346,,,,,,,,
2017-12-24,14026.3,4795.14,5.02727,0.658133,3.66686,2.92512,12.9764,12.438,4.55983,,,,,,,,
2017-12-25,14080.9,4806.6,5.00331,0.658645,3.24264,2.9295,13.3605,12.4121,4.56245,,,,,,,,
2017-12-26,15727.1,4857.23,5.79589,0.691156,3.77242,3.23788,13.2841,15.3238,5.07844,,,,,,,,
2017-12-27,15389,4914.75,5.52445,0.680632,4.01333,3.13119,12.8172,14.5245,4.9524,,,,,,,,
2017-12-28,14289.5,4927.13,4.89334,0.655191,3.52756,2.90016,13.3597,12.4031,4.58334,,,,,,,,
2017-12-29,14571.7,4955.03,4.97989,0.659957,3.94311,2.9408,13.6724,12.7662,4.65834,,,,,,,,
2017-12-30,12948.7,4975.63,4.09975,0.615744,3.09728,2.60243,13.784,9.98434,4.12624,,,,,,,,
2017-12-31,13921.5,4994.67,4.55307,0.641226,3.65774,2.78727,13.9825,11.4205,4.42172,,,,,,,,
2018-01-01,13464.7,4997.58,4.28667,0.628837,3.35695,2.69424,14.4943,10.573,4.2628,,,,,,,,
2018-01-02,14754.3,5043.45,4.8729,0.658171,3.99093,2.92544,14.5371,12.5603,4.65559,,,,,,,,
2018-01-03,15010.3,5070.59,4.94278,0.662193,3.69275,2.96027,14.4532,12.8648,4.72056,,,,,,,,
2018-01-04,15070.3,5118.95,4.9045,0.660329,3.92751,2.94402,14.6751,12.8293,4.72363,,,,,,,,
2018-01-05,16997.2,5210.73,5.74331,0.693436,3.73416,3.26196,14.168,16.1383,5.3092,,,,,,,,
2018-01-06,17103.6,5267.62,5.70305,0.692017,4.3643,3.24693,14.5297,16.1631,5.32396,,,,,,,,
2018-01-07,16231.7,5334.49,5.19948,0.671353,3.95269,3.04278,14.601,14.4,5.03539,,,,,,,,
2018-01-08,14937.4,5331.89,4.54654,0.643052,3.69195,2.80153,14.4336,12.0695,4.61855,,,,,,,,
2018-01-09,14378.6,5344.86,4.24497,0.628276,3.47928,2.69017,14.0652,11.0702,4.43124,,,,,,,,
2018-01-10,14669.1,5366.72,4.33873,0.634148,3.55991,2.73334,13.1279,11.4018,4.50593,,,,,,,,
2018-01-11,13186.8,5373.56,3.62314,0.592503,3.68491,2.45401,12.814,9.12134,4.03776,,,,,,,,
2018-01-12,13789.4,5391.51,3.86978,0.609012,3.52149,2.55762,12.3288,9.87038,4.20874,,,,,,,,
2018-01-13,14231.2,5408.48,4.03841,0.619957,3.01852,2.63128,11.6237,10.4041,4.32951,,,,,,,,
2018-01-14,13681.1,5415.96,3.76038,0.604127,2.99555,2.52606,11.6172,9.51819,4.14884,,,,,,,,
2018-01-15,13591.7,5419.23,3.69644,0.601284,2.85895,2.50805,11.5108,9.29932,4.10861,,,,,,,,
2018-01-16,11431,5389.97,2.72171,0.528479,2.53242,2.1208,11.3816,6.51575,3.44509,,,,,,,,
2018-01-17,11159.6,5381.33,2.59379,0.517785,2.57973,2.07376,10.8256,6.15172,3.35327,,,,,,,,
2018-01-18,11246,5371.83,2.62713,0.522336,2.67472,2.09352,11.1923,6.18985,3.36917,,,,,,,,
2018-01-19,11440.3,5371.17,2.70395,0.530503,2.57828,2.12994,11.6829,6.34639,3.4171,,,,,,,,
2018-01-20,12768.4,5385.68,3.27331,0.578203,3.08008,2.37081,12.3862,7.82897,3.80197,,,,,,,,
2018-01-21,11422.4,5372.28,2.67254,0.529671,2.8737,2.12617,12.4519,6.20828,3.39103,,,,,,,,
2018-01-22,10737.4,5361.47,2.36715,0.500671,2.39801,2.00269,12.7165,5.4376,3.17835,,,,,,,,
2018-01-23,10849.4,5350.69,2.41341,0.506821,2.55136,2.02766,12.7359,5.5013,3.20212,,,,,,,,
2018-01-24,11225.9,5351.95,2.56916,0.52325,2.60749,2.09754,13.1498,5.83599,3.30345,,,,,,,,
2018-01-25,11130.5,5351.17,2.5192,0.519232,2.30735,2.08001,13.3761,5.68453,3.26572,,,,,,,,
2018-01-26,11035.6,5362.49,2.46475,0.514071,2.23166,2.05792,13.5128,5.53481,3.22838,,,,,,,,
2018-01-27,11321,5368.35,2.57724,0.525804,2.30556,2.10883,13.6978,5.76864,3.3021,,,,,,,,
2018-01-28,11616,5392.49,2.68468,0.535769,2.36645,2.1541,13.7074,6.01455,3.37805,,,,,,,,
2018-01-29,11132.6,5389.69,2.46923,0.515862,2.11327,2.06553,13.9091,5.47184,3.22799,,,,,,,,
2018-01-30,9959.55,5356.99,1.97403,0.462125,2.12189,1.85917,14.1453,4.33903,2.87974,,,,,,,,
2018-01-31,10050.1,5351.65,2.01,0.467503,1.4947,1.87794,13.6614,4.37494,2.89773,,,,,,,,
2018-02-01,9039.87,5327.22,1.58522,0.410697,1.83056,1.69692,13.4967,3.50603,2.59939,,,,,,,,
2018-02-02,8786.08,5287.98,1.49096,0.398141,1.85963,1.66152,13.7492,3.28342,2.51966,,,,,,,,
2018-02-03,9132.1,5282.39,1.63761,0.421558,1.80975,1.72878,13.6391,3.51659,2.61179,,,,,,,,
2018-02-04,8250.53,5282.54,1.26067,0.359733,1.83369,1.56185,14.4034,2.84685,2.35351,,,,,,,,
2018-02-05,6849.54,5235.38,0.685038,0.23566,1.57623,1.30832,14.6047,1.95001,1.94915,,,,,,,,24
2018-02-06,7738.64,5225.24,1.06535,0.324786,1.62984,1.48101,14.7965,2.47153,2.19658,,,,,,,,21.3333
2018-02-07,7624.6,5205.05,1.02433,0.317335,1.32776,1.46485,14.9054,2.38316,2.15876,,,,,,,,23.4286
2018-02-08,8218.58,5198.84,1.27654,0.367429,1.32555,1.58085,14.8406,2.749,2.32092,,,,,,,,23.4286
2018-02-09,8660.45,5198.06,1.4612,0.399793,1.43462,1.66609,14.8492,3.02979,2.43925,,,,,,,,27.5714
2018-02-10,8530.29,5196.98,1.40447,0.390762,1.49141,1.64139,14.3133,2.91663,2.39629,,,,,,,,29.5714
2018-02-11,8096.73,5191.16,1.22255,0.358857,1.48941,1.55972,14.4229,2.60782,2.26867,,,,,,,,30.5714
2018-02-12,8907.67,5198.08,1.5581,0.416449,1.79334,1.71365,14.9306,3.13187,2.48926,,,,,,,,35
2018-02-13,8523.97,5189.89,1.3982,0.391142,1.68849,1.64242,15.0226,2.84692,2.37581,,,,,,,,38.8571
2018-02-14,9467.3,5203.02,1.78467,0.450423,2.03661,1.81958,15.4058,3.48388,2.63158,,,,,,,,41.5714
2018-02-15,10106.7,5223.6,2.03875,0.483157,1.58498,1.93482,15.1715,3.93771,2.80153,,,,,,,,47.4286
2018-02-16,10189.3,5232.04,2.06469,0.486518,1.90605,1.94749,15.1738,3.97003,2.81657,,,,,,,,50.7143
2018-02-17,11085.6,5244.87,2.42546,0.526875,1.95851,2.11361,14.6886,4.65817,3.05556,,,,,,,,53.5714
2018-02-18,10452.1,5249.45,2.15501,0.497761,1.99775,1.99108,14.4803,4.10578,2.87288,,,,,,,,58.1429
2018-02-19,11139.4,5267.2,2.42519,0.527154,2.11772,2.11485,13.976,4.62319,3.05304,,,,,,,,61.7143
2018-02-20,11245.9,5285.22,2.45439,0.530032,1.85236,2.12781,13.3403,4.67174,3.07342,,,,,,,,67.2857
2018-02-21,10458.9,5286.87,2.12435,0.494508,2.05422,1.97827,13.3023,4.01005,2.85035,,,,,,,,67.1429
2018-02-22,9878.16,5350.9,1.85553,0.458309,1.70342,1.84607,12.9607,3.55096,2.68475,,,,,,,,63.2857
2018-02-23,10159.1,5358.81,1.96291,0.47251,1.73282,1.89577,12.4754,3.72872,2.75349,,,,,,,,59.2857
2018-02-24,9686.6,5353.7,1.76821,0.447309,1.61257,1.80933,12.04,3.3665,2.61835,,,,,,,,53.1429
2018-02-25,9603.23,5352.68,1.73122,0.442617,1.8768,1.7941,11.9231,3.28565,2.58883,,,,,,,,48.8571
2018-02-26,10312.4,5359.6,2.0125,0.480274,1.65537,1.92409,11.362,3.76148,2.77234,,,,,,,,44.5714
2018-02-27,10654.1,5368.39,2.1424,0.49612,1.93144,1.9846,11.1423,3.98655,2.85623,,,54560.1,,,,,40.2857
2018-02-28,10307,5374.54,1.99464,0.478556,1.80221,1.91775,10.9311,3.70633,2.75558,,,54560.1,,,,,38.4286
2018-03-01,10923.6,5387.49,2.23287,0.506804,2.02309,2.02759,10.5611,4.13529,2.91224,,,54560.1,,,,,37.5714
2018-03-02,11014.1,5396.13,2.25982,0.510069,1.9196,2.04111,11.1505,4.17704,2.9281,,,54560.1,,,,,38.7143
2018-03-03,11425.7,5403.12,2.41561,0.527107,2.28468,2.11465,11.2121,4.46463,3.02889,,,54560.1,,,,,42.2857
2018-03-04,11462.6,5414.14,2.41896,0.527669,1.87585,2.11716,10.6318,4.46408,3.03004,,,54560.1,,,,,43.8571
2018-03-05,11540.7,5432.21,2.43582,0.529298,1.89261,2.12449,10.5029,4.49502,3.042,,,54560.1,,,,,46.4286
2018-03-06,10677,5427.33,2.08836,0.491682,1.82508,1.96727,9.85215,3.82243,2.80658,,,54560.1,,,,,48.5714
2018-03-07,9903.09,5419.79,1.77996,0.452717,1.69667,1.82721,9.29041,3.26843,2.59614,,,54560.1,,,,,48
2018-03-08,9330.48,5409.57,1.55406,0.420226,1.64286,1.72481,9.03796,2.8844,2.43961,,,54560.1,,,,,48.1429
2018-03-09,9278.14,5379.51,1.54267,0.420195,1.46715,1.72472,8.94335,2.83519,2.41959,,,54560.1,,,,,46.7143
2018-03-10,8786.56,5369.74,1.35008,0.388869,1.32815,1.63631,8.98764,2.52856,2.28553,,,54560.1,,,,,44.2857
2018-03-11,9513.54,5376.15,1.63193,0.434895,1.56563,1.76958,9.10942,2.94686,2.46812,,,54560.1,,,,,43.7143
2018-03-12,9147.89,5370.64,1.48755,0.412909,1.57822,1.70331,9.3637,2.70979,2.36711,,,54560.1,,,,,41.7143
2018-03-13,9160.54,5366.38,1.49187,0.414185,1.5452,1.70702,9.28342,2.70249,2.36425,,,54560.1,,,,,39.1429
2018-03-14,8222.13,5349.76,1.1281,0.349346,1.26037,1.53692,8.6165,2.16645,2.11679,,,54560.1,,,,,39.5714
2018-03-15,8268.59,5343.22,1.14756,0.353793,1.26376,1.54749,8.10639,2.18017,2.12347,,,54560.1,,,,,38.5714
2018-03-16,8376.9,5337.02,1.19103,0.362889,1.38248,1.56958,7.36917,2.22654,2.14593,,,54560.1,,,,,38
2018-03-17,7881.66,5329.18,0.999047,0.32385,1.23876,1.47896,7.67332,1.96234,2.01417,,,54560.1,,,,,36.8571
2018-03-18,8189.02,5327.19,1.11886,0.349472,1.30026,1.53721,7.56246,2.10858,2.08756,,,54560.1,,,,,35.2857
2018-03-19,8537.02,5326.9,1.25344,0.376023,1.38681,1.60262,7.76229,2.2809,2.17083,,,54560.1,,,,,33.5714
2018-03-20,8895.55,5327.16,1.39134,0.401143,1.18066,1.66985,7.28393,2.4649,2.25626,,,54560.1,,,,,33
2018-03-21,8879.59,5327.16,1.38319,0.400067,1.40574,1.66685,7.21791,2.44374,2.24651,,,54560.1,,,,,32.4286
2018-03-22,8710.66,5322.4,1.31751,0.388978,1.29336,1.6366,7.46621,2.34014,2.19824,,,54560.1,,,,,33
2018-03-23,8771.75,5321.68,1.33973,0.393316,1.20786,1.6483,6.77088,2.36074,2.20809,,,54560.1,,,,,32.2857
2018-03-24,8610.99,5322.42,1.2754,0.381904,1.38614,1.61787,6.87402,2.26359,2.16221,,,54560.1,,,,,32.4286
2018-03-25,8440.61,5315.74,1.21045,0.370219,1.17246,1.58785,6.74434,2.16457,2.1142,,,54560.1,,,,,32.5714
2018-03-26,8171.18,5304.03,1.10942,0.350886,1.25738,1.54056,6.84958,2.01934,2.04173,,,54560.1,,,,,32.8571
2018-03-27,7837.27,5296.44,0.982211,0.324198,1.21846,1.47972,6.46516,1.84899,1.95361,,,54560.1,,,,,31
2018-03-28,7933.64,5289.26,1.02122,0.333312,1.09271,1.49995,6.55196,1.88576,1.97289,,,54560.1,,,,,29.2857
2018-03-29,7108.57,5269.43,0.709753,0.258722,1.09949,1.34902,6.43678,1.50745,1.76367,,,54560.1,,,,,26.7143
2018-03-30,6832.15,5252.4,0.609282,0.231223,1.12332,1.30077,6.44595,1.38673,1.69128,,,54560.1,,,,,24.4286
2018-03-31,6922.28,5249.11,0.644893,0.241708,0.897424,1.31875,6.03839,1.41749,1.70973,,,54560.1,,,,,22.1429
2018-04-01,6804.52,5242.14,0.60184,0.22961,1.11352,1.29804,5.74629,1.36348,1.67688,,,54560.1,,,,,20.1429
2018-04-02,7033.26,5238.15,0.691026,0.255232,1.1055,1.3427,5.30618,1.44856,1.72932,,,54560.1,,,,,17.2857
2018-04-03,7420.8,5235.03,0.840755,0.294547,1.21537,1.41753,5.69655,1.60421,1.82039,,,54560.1,,,,,17
2018-04-04,6780.54,5224,0.598371,0.22956,0.999154,1.29796,5.54065,1.333,1.65962,,,54560.1,,,,,16.7143
2018-04-05,6798.42,5217,0.607581,0.232617,1.06057,1.30313,5.47063,1.33368,1.6603,,,54560.1,,,,,16.5714
2018-04-06,6610.49,5206.62,0.539075,0.21237,0.910424,1.26963,5.23813,1.25576,1.61086,,,54560.1,,,,,17.5714
2018-04-07,6886.47,5203.26,0.645958,0.244423,1.23356,1.32349,5.2406,1.35663,1.67437,,,54560.1,,,,,18.1429
2018-04-08,7010,5201.9,0.693441,0.257931,1.12019,1.34758,5.24527,1.39919,1.70057,,,54560.1,,,,,18.2857
2018-04-09,6736.89,5192.86,0.591833,0.229191,0.980807,1.29734,5.12305,1.28606,1.63072,,,54560.1,,,,,19.7143
2018-04-10,6816.72,5186.35,0.624569,0.239173,1.10438,1.31436,4.94535,1.31029,1.64639,,,54560.1,,,,,19.1429
2018-04-11,6944.79,5185.79,0.673428,0.253283,1.10183,1.33919,4.64032,1.35351,1.67358,,,99.6348,,,,,18.8571
2018-04-12,7904.33,5192.84,1.03712,0.343038,1.19617,1.52216,4.40611,1.74367,1.90033,,,99.6348,,,,,19
2018-04-13,7919.06,5197.27,1.04009,0.343701,1.28001,1.5237,4.75398,1.74102,1.8994,,,99.6348,,,,,19.5714
2018-04-14,8006.42,5197.7,1.07227,0.350809,1.07183,1.54038,4.89739,1.77018,1.91582,,,99.6348,,,,,19.5
2018-04-15,8342.27,5200.71,1.19804,0.376583,1.32454,1.60406,5.25644,1.91194,1.99139,,,99.6348,,,,,20
2018-04-16,8046.98,5199.08,1.08499,0.35391,1.10238,1.54777,5.02114,1.77013,1.91637,,,99.6348,,,,,
2018-04-17,7887.74,5196.42,1.02441,0.341203,1.23783,1.51792,5.15802,1.69241,1.87406,,,99.6348,,,,,
2018-04-18,8162.83,5199.18,1.12694,0.363067,1.2614,1.57002,5.02643,1.80368,1.93483,,,99.6348,,,,,
2018-04-19,8272.97,5215.83,1.1613,0.369534,1.41737,1.58613,5.8638,1.84362,1.95627,,,99.6348,,,,,
2018-04-20,8839.5,5226.42,1.37074,0.408743,1.16241,1.69131,5.65552,2.09381,2.08513,,,99.6348,,,,,
2018-04-21,8863.54,5232.98,1.37565,0.409606,1.34849,1.69378,5.74695,2.09402,2.0857,,,99.6348,,,,,26.6
2018-04-22,8800.96,5235.78,1.34922,0.40509,1.34306,1.68093,6.3723,2.05344,2.06594,,,99.6348,,,,,27.3333
2018-04-23,8930.78,5242.93,1.39387,0.412937,1.29926,1.70339,6.20129,2.10318,2.0913,,,99.6348,,,,,27.4286
2018-04-24,9652.21,5259.17,1.65781,0.455133,1.45406,1.83531,6.55119,2.44277,2.25455,,,99.6348,,,,,27.8571
2018-04-25,8855.51,5256.88,1.35632,0.406372,1.02959,1.68456,6.13071,2.04555,2.06344,,,99.6348,,,,,33.5714
2018-04-26,9264.73,5272.79,1.50245,0.430874,1.23127,1.75708,6.13493,2.22731,2.15346,,,99.6348,,,,,36.7143
2018-04-27,8981.33,5270.65,1.39481,0.413155,1.19873,1.70403,6.26612,2.08296,2.08251,,,99.6348,,,,,40.8571
2018-04-28,9341.82,5275.14,1.52644,0.43532,1.121,1.77092,6.0814,2.24205,2.16075,,,99.6348,,,,,44
2018-04-29,9397,5277.59,1.54403,0.438375,1.38745,1.78055,5.98585,2.25716,2.16813,,,0,,,,,48.2857
2018-04-30,9228.73,5281.4,1.47754,0.427721,1.33256,1.7474,6.68907,2.16748,2.12408,,,0,,,,,52.7143
2018-05-01,9072.17,5282.97,1.41653,0.417672,1.33117,1.71725,6.56775,2.08597,2.08297,,,0,,,,,56.5714
2018-05-02,9204.13,5293.83,1.45985,0.424842,1.19347,1.73865,6.59111,2.13844,2.1081,,,0,,,,,54.8571
2018-05-03,9750.7,5302.04,1.65827,0.45624,1.35929,1.83905,6.27392,2.38941,2.22771,,,0,,,,,56
2018-05-04,9696.64,5308.5,1.63321,0.452542,1.23202,1.82662,6.27855,2.3528,2.20985,,,0,,,,,56.1429
2018-05-05,9795.93,5312.5,1.66609,0.457682,1.44703,1.84394,6.45321,2.3904,2.2269,,,0,,,,,57.4286
2018-05-06,9595.09,5313.55,1.58873,0.446222,1.20291,1.80578,6.74817,2.28327,2.17585,,,0,,,,,58.2857
2018-05-07,9339.51,5313.71,1.49181,0.43105,1.2783,1.75762,6.34403,2.15425,2.11272,,,0,,,,,57.8571
2018-05-08,9212.37,5313.18,1.44301,0.423256,1.16558,1.73387,6.05138,2.08793,2.0789,,,0,,,,,58.7143
2018-05-09,9293.04,5318.72,1.46888,0.427666,1.34932,1.74723,6.23589,2.11644,2.09201,,,0,,,,,58.8571
2018-05-10,9037.53,5319.73,1.3724,0.411374,1.25948,1.69887,6.1272,1.99414,2.0296,,,0,,,,,60
2018-05-11,8419.76,5312.36,1.14592,0.369061,0.965696,1.58494,5.90255,1.72479,1.88646,,,0,,,,,57.8571
2018-05-12,8485.78,5312.1,1.16919,0.374,1.26093,1.59744,6.24081,1.74519,1.89681,,,0,,,,,55.1429
2018-05-13,8695.83,5312.67,1.24502,0.389055,1.15615,1.63681,6.00081,1.82573,1.93918,,,0,,,,,51.2857
2018-05-14,8671.07,5340.61,1.2243,0.384089,1.02607,1.62361,5.92023,1.80876,1.92912,,,0,,,,,49
2018-05-15,8488.46,5340.06,1.15622,0.370904,1.10843,1.58958,5.50725,1.72709,1.88409,,,0,,,,,45.8571
2018-05-16,8327.76,5333.79,1.09849,0.359517,1.32914,1.56132,5.90775,1.65642,1.84416,,,0,,,,,42.8571
2018-05-17,8050.52,5351.78,0.989324,0.335225,0.945709,1.50427,5.35407,1.54328,1.77872,,,0,,,,,38.2857
2018-05-18,8233.09,5348.64,1.05645,0.350349,1.08188,1.53929,5.11049,1.60893,1.81489,,,0,,,,,37.7143
2018-05-19,8229.48,5350.01,1.05368,0.349897,1.12267,1.53822,4.23478,1.6028,1.80995,,,0,,,,,35.8571
2018-05-20,8511.45,5351.89,1.15503,0.371213,1.0834,1.59036,4.43371,1.70958,1.86763,,,0,,,,,34.7143
2018-05-21,8398.62,5353.42,1.11218,0.362584,1.16269,1.56883,4.19498,1.66026,1.83864,,,0,,,,,34.8571
2018-05-22,8007.53,5348.44,0.970369,0.332074,1.06385,1.49717,3.7628,1.50586,1.74907,,,0,,,,,33.4286
2018-05-23,7520.87,5341.14,0.794919,0.289824,1.06982,1.4081,3.85423,1.32604,1.63918,,,0,,,,,32.5714
2018-05-24,7575.62,5341.47,0.814212,0.294913,0.949598,1.41827,3.41014,1.34294,1.64749,,,0,,,,,32
2018-05-25,7425.38,5336.22,0.760904,0.281354,1.14301,1.3915,4.33692,1.28761,1.61131,,,0,,,,,30.2857
2018-05-26,7326.3,5333.63,0.725334,0.271989,1.03597,1.3736,4.71716,1.25117,1.58639,,,0,,,,,29.1429
2018-05-27,7338.19,5331.25,0.730097,0.273492,1.0483,1.37645,4.832,1.25319,1.58554,,,0,,,,,27.2857
2018-05-28,7110.82,5322.58,0.650193,0.251482,0.964562,1.33597,5.28566,1.17474,1.53316,,,0,,,,,24.5714
2018-05-29,7453.63,5320.66,0.77504,0.286166,0.899402,1.40089,4.96756,1.28778,1.6036,,,0,,,,,22.5714
2018-05-30,7374.67,5318.35,0.746747,0.278836,1.11158,1.38665,4.77439,1.25755,1.5832,,,0,,,,,24.2857
2018-05-31,7478.74,5315.79,0.784983,0.289213,1.09902,1.40689,4.82869,1.28949,1.60207,,,0,,,,,24
2018-06-01,7519.84,5313.47,0.800235,0.293407,1.07691,1.41524,5.1827,1.30056,1.60739,,,0,,,,,23.8571
2018-06-02,7637.45,5313.74,0.842225,0.304252,0.999622,1.4373,5.20478,1.3383,1.62898,,,0,,,,,24.4286
2018-06-03,7702.16,5314.78,0.864709,0.309962,1.0791,1.4492,5.47401,1.35836,1.63919,,,0,,,,,27.4286
2018-06-04,7486.65,5311.46,0.78738,0.290543,1.17494,1.40953,5.54912,1.28152,1.5899,,,0,,,,,30.1429
2018-06-05,7611.15,5308.67,0.832918,0.302514,1.13987,1.43372,5.93267,1.32235,1.61284,,,0,,,,,31.5714
2018-06-06,7650.78,5308.13,0.846876,0.306197,0.960919,1.44133,6.32559,1.33401,1.61773,,,0,,,,,32.1429
2018-06-07,7665.95,5306.98,0.852199,0.30772,0.935203,1.4445,6.71348,1.33734,1.61742,,,0,,,,,34
2018-06-08,7622.6,5304.08,0.837034,0.304165,0.941506,1.43712,6.53228,1.32056,1.60481,,,0,,,,,36.2857
2018-06-09,7556.17,5301.9,0.813314,0.298335,0.919019,1.42518,6.62526,1.29588,1.5874,,,0,,,,,38
2018-06-10,6744.74,5287.83,0.525404,0.216006,0.727787,1.27552,6.9868,1.03179,1.41405,,,-0.000777621,,,,,35.7143
2018-06-11,6849.45,5278.92,0.566127,0.229293,0.813748,1.29751,6.60214,1.06315,1.43307,,,-0.000777621,,,,,32
2018-06-12,6526.7,5269.5,0.453016,0.192624,0.802062,1.23858,6.76029,0.964805,1.36281,,,-0.000777621,,,,,31
2018-06-13,6306.51,5251.36,0.380092,0.167311,0.763392,1.20093,7.0792,0.900759,1.31425,,,-0.000777621,,,,,27.7143
2018-06-14,6629.77,5248.19,0.497488,0.20839,0.857305,1.26325,7.5034,0.995477,1.37884,,,-0.000777621,,,,,24.7143
2018-06-15,6399.67,5241.46,0.416921,0.18098,0.826383,1.22097,6.97819,0.92795,1.32836,,,-0.000777621,,,,,22.7143
2018-06-16,6495.32,5240.03,0.451714,0.193261,0.908503,1.23956,7.84153,0.956305,1.34554,,,-0.000777621,,,,,20.2857
2018-06-17,6450.69,5237.11,0.43656,0.188132,0.852108,1.23173,8.22919,0.943588,1.33365,,,-0.000777621,,,,,20.1429
2018-06-18,6703.81,5235.03,0.528157,0.219096,0.923461,1.28057,8.7596,1.0194,1.3832,,,-0.000777621,,,,,21.8571
2018-06-19,6732.51,5232.61,0.539133,0.222785,0.875205,1.28665,8.98838,1.02884,1.38633,,,-0.000777621,,,,,23.7143
2018-06-20,6753.21,5230.05,0.547268,0.225545,0.876547,1.29123,9.19227,1.03593,1.38779,,,-0.000777621,,,,,25.8571
2018-06-21,6720.37,5231.22,0.534845,0.221587,0.955006,1.28467,9.70407,1.02677,1.37827,,,-0.000777621,,,,,28.7143
2018-06-22,6059.58,5218.66,0.30195,0.138774,0.763915,1.16114,9.68928,0.836065,1.24039,,,-0.000777621,,,,,29
2018-06-23,6174.23,5215.39,0.344201,0.155296,0.82371,1.18385,10.1759,0.869324,1.26143,,,-0.000777621,,,,,28.2857
2018-06-24,6146.49,5210.49,0.335921,0.152282,0.875031,1.17964,9.64245,0.863622,1.25336,,,-0.000777621,,,,,27.1429
2018-06-25,6243.54,5206.97,0.37191,0.166022,0.814821,1.19907,9.44206,0.894081,1.2707,,,-0.000777621,,,,,25.5714
2018-06-26,6096.13,5202.22,0.320645,0.146635,0.738924,1.17183,9.13035,0.855119,1.23834,,,-0.000777621,,,,,24
2018-06-27,6139.19,5158.96,0.35151,0.159667,0.616145,1.19001,8.58489,0.86967,1.24472,,,-0.000777621,,,,,21.7143
2018-06-28,5858.64,5149.26,0.254335,0.121083,0.76203,1.13776,9.12282,0.794515,1.18563,,,-0.000777621,,,,,19.2857
2018-06-29,6220.91,5148.31,0.384457,0.172419,0.77711,1.20834,8.82804,0.898777,1.25654,,,-0.000777621,,,,,17.5714
2018-06-30,6375.54,5147.73,0.439948,0.192581,0.742804,1.23852,8.53798,0.947175,1.28528,,,-0.000777621,,,,,18.2857
2018-07-01,6361.4,5135.94,0.438973,0.192641,0.771753,1.23861,8.21065,0.945892,1.27996,,,-0.000777621,,,,,20
2018-07-02,6608.37,5137.37,0.526733,0.222597,0.768196,1.28633,8.25547,1.02375,1.32704,,,-0.000777621,,,,,21.5714
2018-07-03,6498.31,5133.78,0.488431,0.209982,0.621016,1.26579,7.69905,0.99323,1.3024,,,-0.000777621,,,,,23
2018-07-04,6579.33,5134.58,0.516959,0.21959,0.725533,1.28138,7.18382,1.02201,1.31606,,,-0.000777621,,,,,25.1429
2018-07-05,6535.3,5132.79,0.501668,0.214605,0.735971,1.27325,6.51945,1.01214,1.30471,,,-0.000777621,,,,,27.5714
2018-07-06,6598.46,5128.55,0.525593,0.222765,0.866496,1.28661,6.50126,1.03552,1.31475,,,-0.000777621,,,,,30.1429
2018-07-07,6737.86,5128.6,0.5752,0.238838,0.861361,1.31378,6.41832,1.08312,1.33988,,,-0.000777621,,,,,31.8571
2018-07-08,6704.92,5123.52,0.565033,0.235857,0.866898,1.30866,6.5238,1.07557,1.33072,,,-0.000777621,,,,,33.4286
2018-07-09,6664.02,5122.28,0.550654,0.231353,0.740709,1.30099,6.35731,1.06524,1.32002,,,-0.000777621,,,,,35.1429
2018-07-10,6309.08,5116.67,0.425766,0.189,0.767459,1.23305,6.48027,0.957091,1.24734,,,-0.000777621,,,,,36
2018-07-11,6377.98,5112.75,0.451624,0.198375,0.702219,1.24747,6.53081,0.98062,1.25855,,,-0.000777621,,,,,35.4286
2018-07-12,6159.47,5106.43,0.375786,0.170963,0.707593,1.20622,6.3633,0.916808,1.21316,,,-0.000777621,,,,,34.8571
2018-07-13,6208.99,5100.93,0.395312,0.178459,0.722561,1.21723,6.10367,0.933861,1.22062,,,-0.000777621,,,,,34.1429
2018-07-14,6255.11,5099.26,0.41225,0.184785,0.676234,1.22667,5.64525,0.95057,1.22737,,,-0.000777621,,,,,33.4286
2018-07-15,6347.6,5099.26,0.445103,0.196663,0.685331,1.24481,5.51886,0.981585,1.24316,,,-0.000777621,,,,,32.5714
2018-07-16,6710.81,5100.63,0.573889,0.239937,0.653007,1.31568,4.47805,1.09944,1.31174,,,-0.000777621,,,,,32.1429
2018-07-17,7320.59,5108.25,0.788105,0.302209,0.942106,1.43309,4.20081,1.31063,1.42803,,,-0.000777621,,,,,32.4286
2018-07-18,7376.04,5110.19,0.806745,0.307191,1.03672,1.4434,3.99183,1.33207,1.43593,,,-0.000777621,,,,,34.2857
2018-07-19,7467.03,5113.75,0.837417,0.315156,1.02927,1.46019,3.79347,1.3671,1.45068,,,-0.000777621,,,,,35.8571
2018-07-20,7327.26,5114.46,0.787016,0.301995,0.908245,1.43265,3.49883,1.3182,1.42065,,,-0.000777621,,,,,38.4286
2018-07-21,7410.57,5116.6,0.815437,0.309553,0.816083,1.44834,2.61746,1.35073,1.43389,,,-0.000777621,,,,,40.4286
2018-07-22,7399.48,5117.8,0.810655,0.308358,1.08039,1.44583,2.78046,1.3492,1.42885,,,-0.000777621,,,,,42.4286
2018-07-23,7716.16,5122.94,0.920775,0.336076,1.02576,1.5062,2.4089,1.46961,1.48694,,,-0.000777621,,,,,43.5714
2018-07-24,8397.62,5133.6,1.15802,0.388684,1.0673,1.63581,2.06313,1.74388,1.6148,,,-0.000777621,,,,,45
2018-07-25,8202.72,5138.41,1.08636,0.373572,1.15783,1.59635,2.09718,1.66721,1.57399,,,-0.000777621,,,,,46.7143
2018-07-26,7913.93,5137.57,0.983627,0.350819,1.03921,1.5404,2.26158,1.55486,1.51542,,,-0.000777621,,,,,48
2018-07-27,8173.77,5142.23,1.07325,0.370886,1.08409,1.58954,2.92354,1.66087,1.56188,,,-0.000777621,,,,,48
2018-07-28,8190.36,5144.84,1.07739,0.371843,0.941609,1.59196,2.38197,1.66952,1.56176,,,-0.000777621,,,,,49.5714
2018-07-29,8229.61,5149.64,1.08877,0.374255,1.1069,1.59809,2.74163,1.68761,1.56594,,,-49.9093,,,,,50.7143
2018-07-30,8171.84,5151.46,1.0669,0.369608,0.86508,1.58631,2.94853,1.66521,1.55169,,,-49.9093,,,,,52
2018-07-31,7725.13,5150,0.909072,0.333344,0.895732,1.50002,3.14667,1.48995,1.46387,,,-74.8636,,,,,51.8571
2018-08-01,7596.7,5148.6,0.863735,0.322258,0.897395,1.47549,3.31369,1.44294,1.43662,,,-74.8636,,,,,49.7143
2018-08-02,7542.69,5146.83,0.844839,0.317641,0.907377,1.4655,4.08358,1.42436,1.42354,,,-74.8636,,,,,47.7143
2018-08-03,7411.34,5143.25,0.799378,0.30603,0.965572,1.44098,4.78469,1.37706,1.39596,,,-74.8636,,,,,46.1429
2018-08-04,7002.21,5137.71,0.656873,0.266273,0.965729,1.3629,5.50333,1.23018,1.31634,,,-74.8636,,,,,42.8571
2018-08-05,7031.59,5136.52,0.667368,0.269508,0.880575,1.36894,5.397,1.24132,1.3193,,,-74.8636,,,,,38.4286
2018-08-06,6929.99,5131.77,0.633004,0.259484,0.70986,1.35041,4.99521,1.20661,1.29774,,,-74.8636,,,,,34.4286
2018-08-07,6722.58,5126.78,0.561554,0.237379,0.792904,1.31127,4.80868,1.13659,1.25651,,,-74.8636,,,,,31.1429
2018-08-08,6267.39,5118.01,0.404363,0.18339,0.767895,1.22457,5.16382,0.989756,1.1693,,,-74.8636,,,,,28.8571
2018-08-09,6558.1,5113,0.508244,0.220353,0.76173,1.28263,4.96143,1.08491,1.22125,,,-74.8636,,,,,26
2018-08-10,6135.75,5106.82,0.361808,0.167695,0.840705,1.20148,5.52211,0.950744,1.14054,,,-74.8636,,,,,23.8571
2018-08-11,6313.75,5103.7,0.425393,0.191653,0.834629,1.23709,6.01356,1.00775,1.17149,,,-74.8636,,,,,22
2018-08-12,6314.69,5101.89,0.426253,0.19206,0.76036,1.23771,6.30922,1.00928,1.16953,,,-74.8636,,,,,21.2857
2018-08-13,6265.85,5100.01,0.40965,0.186062,0.729615,1.22859,6.86426,0.994926,1.15838,,,-74.8636,,,,,20.7143
2018-08-14,6184.83,5091.96,0.383921,0.176702,0.652574,1.21463,7.2479,0.970557,1.14134,,,-74.8636,,,,,19.4286
2018-08-15,6270.21,5086.46,0.415751,0.188789,0.78257,1.23273,8.34444,0.998829,1.155,,,-74.8636,,,,,18.7143
2018-08-16,6290.75,5085.41,0.423232,0.191605,0.769806,1.23702,8.57227,1.00679,1.15669,,,-74.8636,,,,,19
2018-08-17,6563.08,5087.74,0.517881,0.224793,0.772261,1.28998,8.50354,1.09692,1.20453,,,-74.8636,,,,,18.7143
2018-08-18,6399.29,5086.06,0.460857,0.205214,0.791928,1.2582,8.52341,1.04343,1.17233,,,-74.8636,,,,,19.5714
2018-08-19,6490.72,5087.77,0.492204,0.216147,0.727456,1.27575,8.73394,1.07402,1.1869,,,-74.8636,,,,,20.8571
2018-08-20,6272.95,5085.31,0.416567,0.189328,0.726662,1.23354,9.51157,1.00333,1.14502,,,-74.8636,,,,,21.5714
2018-08-21,6473.08,5086.01,0.48638,0.214283,0.739067,1.27272,9.1387,1.06823,1.17939,,,-74.8636,,,,,22
2018-08-22,6365.01,5085.38,0.448594,0.201041,0.784565,1.25163,9.32696,1.03301,1.1576,,,-74.8636,,,,,22.4286
2018-08-23,6516.41,5086.62,0.50109,0.219413,0.747513,1.28109,9.6506,1.08221,1.18297,,,-74.8636,,,,,22
2018-08-24,6697.73,5088.19,0.563902,0.240311,0.751986,1.31633,9.45668,1.14151,1.21363,,,-74.8636,,,,,22
2018-08-25,6745.44,5091.71,0.579185,0.245163,0.699588,1.32479,9.31055,1.1567,1.22001,,,-74.8636,,,,,21.7143
2018-08-26,6689.87,5093.79,0.558823,0.238582,0.887812,1.31334,9.30548,1.13658,1.20772,,,-74.8636,,,,,20.5714
2018-08-27,6839.16,5097.64,0.609545,0.25464,0.969376,1.34163,10.2546,1.187,1.23237,,,-74.8636,,,,,19.4286
2018-08-28,7092.97,5103.11,0.69618,0.28054,0.830546,1.38993,9.98692,1.2759,1.27569,,,-74.8636,,,,,19.4286
2018-08-29,7033.43,5108.88,0.673054,0.273629,0.747755,1.37671,10.0524,1.25369,1.26259,,,-74.8636,,,,,19.1429
2018-08-30,6966.96,5109.28,0.649427,0.266642,0.8201,1.36359,10.0601,1.229,1.24831,,,-74.8636,,,,,19.7143
2018-08-31,7025.14,5109.42,0.669452,0.272695,0.831767,1.37494,9.98048,1.24902,1.25637,,,-74.8636,,,,,19.4286
2018-09-01,7192.35,5111.43,0.72687,0.289325,0.82919,1.40711,9.5695,1.30814,1.28383,,,-74.8636,,,,,19.2857
2018-09-02,7286.67,5113.17,0.758857,0.298284,0.800624,1.42508,8.99468,1.3422,1.29818,,,-74.8636,,,,,19.1429
2018-09-03,7257.47,5113.62,0.748169,0.295399,0.796862,1.41924,8.23867,1.33147,1.29052,,,-74.8636,,,,,19.2857
2018-09-04,7358.81,5115.87,0.782371,0.304797,0.706752,1.43843,7.87661,1.36888,1.30603,,,-74.8636,,,,,20.2857
2018-09-05,6790.9,5109.48,0.5863,0.247599,0.683239,1.32908,8.17375,1.16667,1.20302,,,-74.8636,,,,,20
2018-09-06,6488.08,5103.12,0.482794,0.213461,0.741435,1.27139,8.25902,1.06572,1.14732,,,-58.2274,,,,,18.8571
2018-09-07,6408.65,5099.05,0.456413,0.204349,0.741878,1.25683,8.06813,1.04095,1.13125,,,-58.2274,,,,,18.8571
2018-09-08,6187.79,5095.83,0.380483,0.176469,0.706639,1.21428,8.17432,0.971732,1.09036,,,-58.2271,,,,,18.4286
2018-09-09,6249.25,5093.53,0.402615,0.184936,0.775045,1.2269,7.70668,0.992045,1.09926,,,-58.2271,,,,,17.7143
2018-09-10,6295.39,5090.97,0.419484,0.191318,0.646295,1.23658,6.95019,1.00735,1.10543,,,-58.2271,,,,,17.1429
2018-09-11,6278.42,5085.85,0.415264,0.189948,0.672987,1.23449,6.52319,1.00269,1.10052,,,-58.2263,,,,,16
2018-09-12,6327.54,5082.97,0.433275,0.196691,0.807658,1.24485,6.42665,1.01893,1.10718,,,-57.8086,,,,,15.5714
2018-09-13,6490.91,5076.73,0.492192,0.217871,0.729542,1.27856,6.41504,1.07255,1.13375,,,-57.8089,,,,,16.4286
2018-09-14,6494.7,5076.28,0.493528,0.218396,0.650656,1.27942,5.53086,1.07451,1.1324,,,-57.8082,,,,,17.2857
2018-09-15,6524.17,5075.88,0.503783,0.221988,0.692865,1.28533,5.14838,1.08516,1.13551,,,-57.8082,,,,,18.1429
2018-09-16,6497.4,5075.44,0.494493,0.218851,0.684701,1.28017,5.02738,1.07698,1.12885,,,-57.8082,,,,,20.2857
2018-09-17,6258.59,5072.55,0.412358,0.189506,0.640301,1.23382,4.65389,1.00041,1.08547,,,-57.8082,,,,,21.7143
2018-09-18,6340.35,5071.3,0.441113,0.200154,0.681758,1.25024,4.53604,1.02786,1.09773,,,-57.8071,,,,,22.1429
2018-09-19,6383.95,5070.23,0.456537,0.205786,0.753525,1.25911,4.31235,1.04336,1.10334,,,-55.642,,,,,23.5714
2018-09-20,6498.61,5068.86,0.496729,0.220009,0.75637,1.28207,4.53358,1.08246,1.12117,,,-55.6412,,,,,24.1429
2018-09-21,6741.14,5062.84,0.582897,0.248963,0.733144,1.33149,4.25477,1.16598,1.16093,,,-44.7608,,,,,25.2857
2018-09-22,6705.48,5062.17,0.570572,0.245069,0.784102,1.32462,4.28191,1.15446,1.15272,,,-38.8146,,,,,26.8571
2018-09-23,6703.14,5062.35,0.569527,0.244779,0.757951,1.32412,4.41797,1.15401,1.15026,,,-37.9817,,,,,28.2857
2018-09-24,6576.55,5061.04,0.525897,0.230441,0.733055,1.29945,4.56665,1.11095,1.12654,,,-37.9817,,,,,30.8571
2018-09-25,6416.44,5054.42,0.472532,0.212272,0.815691,1.26947,4.11209,1.05773,1.0972,,,-36.2989,,,,,33.1429
2018-09-26,6463.25,5053.66,0.488907,0.218093,0.675285,1.27892,2.84653,1.0731,1.10327,,,-36.2989,,,,,35
2018-09-27,6677.9,5054.98,0.562731,0.243029,0.717292,1.32105,2.70822,1.14571,1.13789,,,-32.7821,,,,,37.5714
2018-09-28,6623.13,5055.26,0.543491,0.236726,0.765694,1.31015,2.74212,1.12696,1.12656,,,-29.4865,,,,,39.1429
2018-09-29,6584.5,5053.76,0.53048,0.232477,0.750881,1.30289,2.54921,1.11386,1.11802,,,-27.926,,,,,39.4286
2018-09-30,6604.49,5053.27,0.53743,0.234872,0.806871,1.30697,2.49276,1.12002,1.11945,,,-27.9255,,,,,38.8571
2018-10-01,6561.81,5049.8,0.523715,0.230426,0.776323,1.29942,2.49817,1.10506,1.11027,,,-27.9251,,,,,37.7143
2018-10-02,6508.72,5047.36,0.506037,0.224524,0.667374,1.28953,2.54808,1.08683,1.09936,,,-24.5827,,,,,37.1429
2018-10-03,6464.46,5044.72,0.491502,0.219622,0.701327,1.28143,2.79059,1.0714,1.09,,,-24.5827,,,,,37
2018-10-04,6545.29,5043.96,0.519612,0.229375,0.733955,1.29765,3.38032,1.09779,1.1017,,,-5.58229,,,,,35.1429
2018-10-05,6585.15,5043.9,0.533278,0.234049,0.639554,1.30557,3.32476,1.11083,1.10648,,,-3.63839,,,,,34.4286
2018-10-06,6550.48,5043.05,0.521434,0.230125,0.611562,1.29891,3.01492,1.09904,1.09874,,,1.66233,,,,,34
2018-10-07,6564.57,5042.85,0.526236,0.231808,0.6959,1.30176,2.79697,1.10363,1.09919,,,1.66233,,,,,33.2857
2018-10-08,6604.69,5043.26,0.539817,0.236412,0.665565,1.30961,2.44399,1.11688,1.10398,,,1.66233,,,,,32
2018-10-09,6590.43,5042.55,0.534983,0.234868,0.639416,1.30696,2.00248,1.11183,1.09968,,,-0.000789259,,,,,31.7143
2018-10-10,6529.1,5042.05,0.513829,0.227758,0.701425,1.29493,2.38455,1.09096,1.08757,,,2.27568,,,,,30.5714
2018-10-11,6159.25,5018.08,0.394246,0.185277,0.730155,1.22741,2.69667,0.9708,1.02424,,,1.95631,,,,,29.1429
2018-10-12,6191.68,5016.02,0.406081,0.189877,0.609368,1.23438,2.01822,0.980804,1.02791,,,2.59789,,,,,25.7143
2018-10-13,6197.69,5014.5,0.408603,0.190908,0.6514,1.23595,1.75643,0.982254,1.02719,,,15.074,,,,,23
2018-10-14,6182.88,5012.52,0.40409,0.18929,0.525525,1.23349,1.80302,0.977186,1.02302,,,19.5172,,,,,21.4286
2018-10-15,6442.72,5012.75,0.493613,0.22195,0.778287,1.28527,2.20593,1.05983,1.0642,,,19.5172,,,,,20.5714
2018-10-16,6461.94,5009.67,0.501189,0.224742,0.65068,1.28989,2.24726,1.06472,1.06555,,,58.2542,,,,,19.5714
2018-10-17,6442.73,5007.32,0.495252,0.222795,0.6632,1.28666,2.49985,1.05705,1.06058,,,82.2971,,,,,18.8571
2018-10-18,6396.48,5004.98,0.479992,0.217541,0.658386,1.27802,2.42566,1.04055,1.05118,,,103.828,,,,,19.8571
2018-10-19,6383.08,5006.37,0.474785,0.215681,0.676201,1.27499,2.08091,1.03501,1.04721,,,103.408,,,,,21.4286
2018-10-20,6408.25,4981.46,0.491948,0.22265,0.68387,1.28642,1.76442,1.04225,1.04956,,,125.947,,,,,22.2857
2018-10-21,6415.34,4981.12,0.494394,0.223561,0.660738,1.28793,1.69025,1.04314,1.04895,,,134.644,,,,,22.7143
2018-10-22,6408.03,4979.45,0.492344,0.222936,0.741437,1.2869,1.44088,1.03937,1.04599,,,134.644,,,,,23.7143
2018-10-23,6395.99,4977.7,0.488692,0.221747,0.735302,1.28493,1.29545,1.03395,1.04226,,,151.272,,,,,23.7143
2018-10-24,6413.8,4976.72,0.495045,0.224061,0.54126,1.28876,0.657512,1.0384,1.04341,,,260.971,,,,,23.7143
2018-10-25,6402.32,4974.81,0.491639,0.222969,0.655291,1.28695,0.22374,1.03347,1.03979,,,327.203,,,,,23.5714
2018-10-26,6404.11,4969.69,0.493907,0.223984,0.684385,1.28863,0.683666,1.03262,1.03834,,,326.226,,,,,24.2857
2018-10-27,6409.41,4969.27,0.495761,0.22469,0.65106,1.28981,0.620133,1.03296,1.03745,,,791.577,,,,,26
2018-10-28,6406.63,4968.79,0.494862,0.22443,0.669362,1.28937,0.194331,1.0308,1.03527,,,791.964,,,,,28
2018-10-29,6263.04,4966.42,0.446172,0.207027,0.682454,1.26108,0.0489461,0.984657,1.01039,,,1677.3,,,,,29
2018-10-30,6272.17,4964.94,0.449739,0.208417,0.7208,1.26329,-0.247089,0.987072,1.0102,,,1670.5,,,,,30
2018-10-31,6306.32,4962.73,0.462164,0.213055,0.766858,1.27074,-0.365319,0.997416,1.01402,,,1720.8,,,,,31.2857
2018-11-01,6342.98,4959.95,0.475634,0.218041,0.728836,1.27884,-0.179116,1.00879,1.01822,,,1701.27,,,,,31.8571
2018-11-02,6348.17,4959.7,0.477407,0.21872,0.677536,1.27995,-0.304753,1.00999,1.01737,,,1679.55,,,,,32.8571
2018-11-03,6332.43,4959.22,0.472072,0.216854,0.760676,1.2769,-0.636303,1.00446,1.01317,,,1831.07,,,,,33.2857
2018-11-04,6420.42,4959.41,0.502138,0.227558,0.589423,1.29459,-0.903179,1.03213,1.02554,,,1843.81,,,,,34.1429
2018-11-05,6402.95,4958.77,0.496243,0.225548,0.688343,1.29124,-0.614829,1.02616,1.02106,,,1843.64,,,,,35.2857
2018-11-06,6441.15,4958.56,0.509322,0.230174,0.615643,1.29899,-0.835278,1.0384,1.02544,,,1871.62,,,,,36.8571
2018-11-07,6500.87,4959.3,0.529458,0.237133,0.631402,1.31084,-0.878653,1.05767,1.03322,,,1868.4,,,,,39.1429
2018-11-08,6406.75,4958.95,0.497139,0.225981,0.579535,1.29196,-0.761209,1.02723,1.01658,,,1866.87,,,,,42.2857
2018-11-09,6331.38,4958.47,0.471324,0.216843,0.601467,1.27688,-1.22534,1.0033,1.00298,,,1870.22,,,,,43.8571
2018-11-10,6353.11,4958.19,0.478778,0.219565,0.622492,1.28134,-1.93742,1.01067,1.00477,,,1861.32,,,,,46.1429
2018-11-11,6335.41,4958.01,0.472673,0.217414,0.691246,1.27781,-1.52018,1.0051,1.00033,,,1861.32,,,,,48
2018-11-12,6320.66,4957.32,0.467752,0.215695,0.660729,1.27501,-1.61444,1.00071,0.99637,,,1856.78,,,,,49.4286
2018-11-13,6267.94,4954.91,0.4504,0.209483,0.5618,1.26499,-1.47181,0.984259,0.986456,,,1830.98,,,,,51.4286
2018-11-14,5574.26,4943.91,0.21621,0.113082,0.562183,1.1275,-2.22336,0.779204,0.875956,,,1863.53,,,,,51.5714
2018-11-15,5538.56,4908.52,0.216089,0.113755,0.525912,1.12836,-2.42834,0.770043,0.869035,,,1876.25,,,,,48.2857
2018-11-16,5496.02,4901.1,0.204028,0.108244,0.518292,1.12138,-2.76913,0.758995,0.861068,,,1882.3,,,,,44.8571
2018-11-17,5501.09,4898.75,0.206567,0.109495,0.597602,1.12296,-2.91012,0.761068,0.860573,,,1902.43,,,,,40.8571
2018-11-18,5555.38,4897.53,0.225585,0.118417,0.51233,1.13432,-3.13013,0.776864,0.867758,,,1909.21,,,,,36.8571
2018-11-19,4792.2,4877.23,-0.0291573,-0.0177424,0.45336,0.982567,-3.36011,0.579198,0.747525,,,1910.53,,,,,33.4286
2018-11-20,4317.53,4837.04,-0.17817,-0.120326,0.428678,0.892598,-3.49064,0.471284,0.672625,,,1918.96,,,,,28.4286
2018-11-21,4549.32,4829.16,-0.0959785,-0.0615123,0.359985,0.942052,-4.20895,0.524406,0.707802,,,2010.29,,,,,23.5714
2018-11-22,4303.62,4818.71,-0.176683,-0.119689,0.396247,0.893105,-4.77233,0.470413,0.668726,,,2055.76,,,,,21.5714
2018-11-23,4289.89,4810.31,-0.178526,-0.121313,0.405309,0.891812,-4.34475,0.468481,0.665753,,,2068.33,,,,,20
2018-11-24,3806.32,4798.85,-0.340537,-0.260761,0.411988,0.793172,-4.04136,0.369851,0.590026,,,2102.95,,,,,18.7143
2018-11-25,3946.85,4786.74,-0.288204,-0.212801,0.380083,0.824538,-4.4131,0.398727,0.611087,,,2096.37,,,,,16.2857
2018-11-26,3700.29,4770.69,-0.367357,-0.289277,0.312104,0.775628,-4.75926,0.351465,0.572268,,,2096.01,,,,,14.7143
2018-11-27,3776.56,4756.04,-0.336204,-0.25936,0.37684,0.794054,-4.84243,0.36698,0.583397,,,2071.81,,,,,13.2857
2018-11-28,4208.48,4752.66,-0.186807,-0.129306,0.379099,0.8855,-5.25103,0.456585,0.649315,,,2085.75,,,,,13.1429
2018-11-29,4239.04,4755.97,-0.177469,-0.121946,0.340674,0.891309,-5.8908,0.464158,0.653219,,,2114.36,,,,,13.7143
2018-11-30,3973.33,4745.01,-0.264956,-0.194214,0.307975,0.837371,-6.87179,0.408728,0.611551,,,2186.05,,,,,14.7143
2018-12-01,4148.07,4748.99,-0.206348,-0.144867,0.395955,0.873464,-7.59777,0.446345,0.637668,,,2329.4,,,,,14.4286
2018-12-02,4098.75,4745.65,-0.222163,-0.157829,0.360678,0.863685,-8.08684,0.436635,0.629324,,,2339.74,,,,,15.2857
2018-12-03,3843.98,4759.52,-0.314464,-0.238176,0.339361,0.80764,-9.0338,0.384842,0.589529,,,2339.75,,,,,15.2857
2018-12-04,3892.95,4786.26,-0.306873,-0.229469,0.417417,0.813359,-9.09758,0.395554,0.596349,,,2460.24,,,,,15.4286
2018-12-05,3709.52,4727.08,-0.349612,-0.274311,0.375977,0.784738,-9.8428,0.360009,0.567618,,,1403.57,,,,,16.1429
2018-12-06,3511.97,4692.52,-0.405684,-0.336151,0.371355,0.748418,-9.92729,0.323595,0.536819,,,1356.85,,,,,15.4286
2018-12-07,3373,4678.16,-0.448583,-0.386945,0.302611,0.721009,-10.3817,0.299373,0.515048,,,1391.31,,,,,14.2857
2018-12-08,3407.95,4674.26,-0.435306,-0.371574,0.34217,0.72909,-10.523,0.306424,0.519848,,,1418.48,,,,,14
2018-12-09,3540.44,4672.41,-0.389193,-0.319725,0.359959,0.757733,-10.6415,0.331427,0.539483,,,1434.03,,,,,13.8571
2018-12-10,3413.59,4663.34,-0.429764,-0.366109,0.337771,0.732006,-10.73,0.308836,0.519618,,,1434.64,,,,,14.1429
2018-12-11,3352.56,4641.53,-0.443332,-0.384472,0.336221,0.722297,-11.5334,0.298598,0.509811,,,1425.65,,,,,14.5714
2018-12-12,3423.01,4635.38,-0.417058,-0.35418,0.331235,0.738454,-12.1358,0.311963,0.519987,,,1400.41,,,,,13.8571
2018-12-13,3260.34,4628.12,-0.470611,-0.419519,0.346439,0.704464,-12.4099,0.283711,0.494788,,,1384.52,,,,,14
2018-12-14,3198.95,4617.59,-0.488215,-0.443472,0.381042,0.692774,-12.3265,0.273779,0.485001,,,1376.59,,,,,13.8571
2018-12-15,3185.07,4612.84,-0.491458,-0.448267,0.389376,0.690481,-12.3218,0.272128,0.482433,,,1403.56,,,,,13.8571
2018-12-16,3195.41,4608.42,-0.486469,-0.442197,0.303542,0.693386,-12.6452,0.274604,0.483533,,,1404.55,,,,,13.7143
2018-12-17,3499.16,4605.81,-0.381075,-0.316264,0.465625,0.759726,-12.6784,0.330012,0.528942,,,1404.45,,,,,13.4286
2018-12-18,3659.53,4594.5,-0.322009,-0.255491,0.392241,0.796501,-12.5614,0.361676,0.552585,,,1358.37,,,,,14.5714
2018-12-19,3697.73,4589.23,-0.307092,-0.241097,0.463401,0.805739,-12.4127,0.370012,0.557744,,,1359.22,,,,,15.5714
2018-12-20,4067.74,4590.52,-0.180103,-0.12852,0.463677,0.886117,-12.6303,0.448479,0.612833,,,1096.72,,,,,17.4286
2018-12-21,3839.09,4583.05,-0.25634,-0.193787,0.455429,0.837671,-11.8938,0.40017,0.577736,,,990.165,,,,,21
2018-12-22,3964.95,4582.72,-0.212895,-0.155809,0.590037,0.865195,-11.2118,0.427546,0.595991,,,999.52,,,,,23.4286
2018-12-23,3942.67,4579.67,-0.219558,-0.161566,0.591976,0.860907,-11.1016,0.423479,0.591965,,,999.447,,,,,26
2018-12-24,4040.05,4577.43,-0.18525,-0.133015,0.525744,0.882601,-11.4242,0.445367,0.60588,,,970.341,,,,,27.1429
2018-12-25,3761.58,4572.75,-0.279678,-0.215645,0.51362,0.822609,-11.1807,0.386834,0.5635,,,967.687,,,,,28.5714
2018-12-26,3807.66,4570.55,-0.263077,-0.200357,0.515354,0.833086,-10.6275,0.397092,0.569771,,,911.937,,,,,29.2857
2018-12-27,3585.46,4564.41,-0.337651,-0.273033,0.540094,0.785526,-10.3551,0.352648,0.535957,,,859.052,,,,,29.5714
2018-12-28,3881.05,4552.43,-0.231605,-0.172988,0.563079,0.852523,-9.7412,0.413703,0.579492,,,851.907,,,,,27.5714
2018-12-29,3823.14,4549.66,-0.250667,-0.190033,0.460412,0.840313,-8.99592,0.401879,0.570212,,,852.344,,,,,27
2018-12-30,3825.41,4545.92,-0.248639,-0.188349,0.589274,0.841503,-7.59327,0.402718,0.569919,,,862.825,,,,,25.8571
2018-12-31,3687.2,4540.13,-0.294385,-0.231321,0.502258,0.812136,-7.08973,0.374643,0.54874,,,820.28,,,,,26
2019-01-01,3808.12,4538.32,-0.252067,-0.191748,0.500496,0.839104,-6.41482,0.400016,0.566112,,,822.49,,,,,24.7143
2019-01-02,3898.2,4537.68,-0.220786,-0.164045,0.521651,0.859073,-5.22942,0.419564,0.578855,,,650.684,,,,,25.2857
2019-01-03,3784.39,4532.9,-0.258473,-0.197789,0.52208,0.834871,-4.83195,0.395845,0.561342,,,661.181,,,,,25.8571
2019-01-04,3827.52,4531.08,-0.242988,-0.183815,0.51003,0.844727,-4.02736,0.405408,0.567116,,,628.025,,,,,29.7143
2019-01-05,3798.61,4529.89,-0.252605,-0.192511,0.556207,0.838567,-3.39292,0.399812,0.562218,,,973.671,,,,,31.4286
2019-01-06,4045.99,4528.42,-0.166668,-0.119236,0.515391,0.893467,-2.50428,0.454019,0.598146,,,975.227,,,,,32.5714
2019-01-07,4001.02,4525.23,-0.181129,-0.13102,0.51228,0.884158,-2.042,0.444423,0.590825,,,1010.1,,,,,34.4286
2019-01-08,3992.62,4522.75,-0.1832,-0.132776,0.615485,0.882787,-1.18699,0.442776,0.588918,,,1001.62,,,,,36.5714
2019-01-09,4004.26,4522.43,-0.179099,-0.129406,0.601574,0.885421,-0.239733,0.445614,0.589965,,,1018.22,,,,,38.2857
2019-01-10,3627.9,4480.18,-0.29463,-0.234922,0.520889,0.809767,0.816512,0.366166,0.533957,,,1039.36,,,,,38.8571
2019-01-11,3624.16,4475.59,-0.294388,-0.23493,0.49618,0.809762,1.81512,0.365822,0.532851,,,918.709,,,,,34.7143
2019-01-12,3617.02,4473.42,-0.296157,-0.236767,0.464043,0.808559,2.14547,0.364752,0.531249,,,893.483,,,,,32.7143
2019-01-13,3508.67,4470.59,-0.332709,-0.274155,0.448754,0.784834,2.34318,0.343639,0.514814,,,907.156,,,,,31.2857
2019-01-14,3666.95,4469.12,-0.277504,-0.218757,0.51214,0.820508,2.56253,0.375622,0.537473,,,668.225,,,,,28
2019-01-15,3581.29,4471.57,-0.308037,-0.248592,0.444899,0.800902,3.36016,0.358698,0.524381,,,566.963,,,,,26.2857
2019-01-16,3606.99,4470.11,-0.298693,-0.239293,0.453048,0.806911,3.24839,0.36432,0.527598,,,494.573,,,,,23.7143
2019-01-17,3640.13,4467.35,-0.286312,-0.22725,0.438174,0.81483,3.52983,0.37149,0.531893,,,460.455,,,,,22.4286
2019-01-18,3609.43,4465.01,-0.29618,-0.237041,0.473891,0.808381,3.80134,0.365773,0.526865,,,404.573,,,,,23.8571
2019-01-19,3687.3,4463.16,-0.268624,-0.210413,0.468281,0.826164,4.40146,0.382201,0.537669,,,390.87,,,,,25.1429
2019-01-20,3538.31,4460.81,-0.319457,-0.260716,0.532841,0.7932,4.78336,0.35247,0.515423,,,394.257,,,,,27.1429
2019-01-21,3535.62,4458.7,-0.319718,-0.26108,0.510852,0.792971,4.58225,0.352456,0.514513,,,361.514,,,,,29.1429
2019-01-22,3577.31,4449.47,-0.302132,-0.243803,0.449534,0.803986,4.16873,0.361347,0.52005,,,221.906,,,,,29.1429
2019-01-23,3551.89,4446.84,-0.310082,-0.251962,0.503142,0.798746,4.71744,0.356805,0.515835,,,173.168,,,,,30.4286
2019-01-24,3567.59,4445.23,-0.304144,-0.246003,0.562839,0.802566,5.07107,0.360529,0.517591,,,166.428,,,,,31.7143
2019-01-25,3561.35,4442.11,-0.30528,-0.247311,0.480241,0.801725,4.9529,0.359824,0.516165,,,158.329,,,,,32.5714
2019-01-26,3557.04,4439.75,-0.306011,-0.248158,0.523017,0.801181,4.90409,0.359412,0.515021,,,158.807,,,,,34
2019-01-27,3537.61,4437.65,-0.312074,-0.254419,0.476735,0.797182,4.66351,0.35598,0.511697,,,158.139,,,,,34.5714
2019-01-28,3435.05,4431.02,-0.345402,-0.289942,0.491718,0.775229,4.93025,0.336085,0.496379,,,161.339,,,,,35.2857
2019-01-29,3395.82,4426.95,-0.357663,-0.303644,0.490984,0.767081,4.33944,0.328922,0.490238,,,148.523,,,,,34.4286
2019-01-30,3437.9,4421.86,-0.341369,-0.286212,0.464528,0.777477,4.30862,0.337597,0.49583,,,149.523,,,,,32.8571
2019-01-31,3410.13,4418.78,-0.350001,-0.295779,0.526077,0.771737,4.26575,0.332672,0.491353,,,151.84,,,,,30
2019-02-01,3445.05,4415.92,-0.336958,-0.281815,0.543086,0.780144,4.08822,0.340113,0.495902,,,124.706,,,,,28.2857
2019-02-02,3461.94,4414.49,-0.330663,-0.27515,0.498723,0.784222,3.82598,0.344197,0.497848,,,123.223,,,,,25.5714
2019-02-03,3413.02,4412.81,-0.347126,-0.292933,0.472449,0.773435,3.53769,0.335299,0.490343,,,122.616,,,,,22.7143
2019-02-04,3411.39,4408.35,-0.346211,-0.292244,0.50436,0.773847,3.0914,0.33576,0.489639,,,119.551,,,,,21.5714
2019-02-05,3426.47,4406.14,-0.340273,-0.285913,0.507657,0.777657,2.90273,0.339486,0.491331,,,116.037,,,,,21.5714
2019-02-06,3367.51,4401.34,-0.35916,-0.307003,0.557796,0.765109,3.06384,0.328678,0.482421,,,116.057,,,,,20.4286
2019-02-07,3358.87,4397.65,-0.360955,-0.309263,0.591093,0.763789,2.7139,0.327769,0.480731,,,115.009,,,,,20.5714
2019-02-08,3612.48,4396.88,-0.272615,-0.217135,0.59634,0.821601,2.30903,0.379972,0.51651,,,111.363,,,,,22.5714
2019-02-09,3621.27,4396.46,-0.269462,-0.214065,0.551071,0.823679,1.95119,0.382825,0.517246,,,106.127,,,,,25.4286
2019-02-10,3642.02,4396.02,-0.262142,-0.207028,0.518303,0.828481,1.62793,0.388186,0.519686,,,106.564,,,,,28.4286
2019-02-11,3590.62,4393.96,-0.279346,-0.223733,0.530274,0.817172,1.75843,0.378201,0.511842,,,108.878,,,,,31.1429
2019-02-12,3587.9,4391.15,-0.27936,-0.223877,0.469084,0.817076,1.88111,0.378587,0.510947,,,105.546,,,,,33.5714
2019-02-13,3576.09,4381.26,-0.280081,-0.225155,0.56019,0.816224,1.91568,0.377062,0.508761,,,103.799,,,,,38.4286
2019-02-14,3561.92,4379.89,-0.284583,-0.229643,0.515933,0.813244,1.81017,0.375056,0.506247,,,97.9368,,,,,42.7143
2019-02-15,3565.01,4377.86,-0.282851,-0.22801,0.466252,0.814326,2.02955,0.376673,0.506188,,,96.1554,,,,,43.5714
2019-02-16,3584.74,4374.22,-0.274767,-0.220234,0.555404,0.819515,2.28186,0.381715,0.508487,,,95.3766,,,,,43.7143
2019-02-17,3622.76,4372.71,-0.261058,-0.207011,0.596789,0.828493,2.47099,0.390684,0.51337,,,95.0962,,,,,43.4286
2019-02-18,3866.13,4372.42,-0.176269,-0.130956,0.622792,0.884208,2.58384,0.445723,0.547282,,,94.0945,,,,,45.8571
2019-02-19,3895.44,4370.36,-0.165374,-0.121919,0.633721,0.89133,2.20721,0.453247,0.550848,,,85.2392,,,,,49.7143
2019-02-20,3931.61,4374.03,-0.154075,-0.112528,0.534647,0.898854,2.04836,0.462309,0.555373,,,81.8272,,,,,51.2857
2019-02-21,3892.26,4371.02,-0.166752,-0.123001,0.486327,0.890471,2.23249,0.453726,0.549236,,,80.7358,,,,,52.8571
2019-02-22,3948.3,4370.93,-0.147225,-0.10704,0.673202,0.90331,2.30171,0.467462,0.556551,,,72.6955,,,,,55.4286
2019-02-23,4110.15,4369.11,-0.0902237,-0.0630056,0.620244,0.940729,1.85479,0.50702,0.57873,,,82.9802,,,,,58.2857
2019-02-24,3754.18,4365.66,-0.213074,-0.162878,0.544157,0.859936,1.87043,0.423417,0.52807,,,82.8441,,,,,62.7143
2019-02-25,3822.02,4362.73,-0.188447,-0.141474,0.580094,0.87606,1.85477,0.43935,0.537057,,,84.4914,,,,,60.4286
2019-02-26,3796.18,4361.63,-0.197103,-0.148954,0.65029,0.870357,2.27493,0.433786,0.53288,,,82.9427,,,,,56.8571
2019-02-27,3799.38,4360.15,-0.195499,-0.147594,0.571939,0.871388,2.01372,0.434938,0.532784,,,81.2585,,,,,54
2019-02-28,3792.95,4358.1,-0.197062,-0.149002,0.609248,0.870321,2.22988,0.433889,0.531339,,,75.8128,,,,,51.1429
2019-03-01,3810.63,4357.03,-0.190555,-0.143388,0.663363,0.874593,2.64461,0.438344,0.53327,,,64.5169,,,,,48.4286
2019-03-02,3809.64,4355.8,-0.190496,-0.14336,0.542318,0.874615,2.32918,0.438488,0.532586,,,65.1271,,,,,45.2857
2019-03-03,3782.38,4355.15,-0.199813,-0.151431,0.598203,0.868485,2.12913,0.432647,0.528239,,,66.5947,,,,,41.7143
2019-03-04,3698.16,4350.39,-0.22757,-0.176366,0.550773,0.850076,2.18514,0.414043,0.515964,,,58.5454,,,,,40.1429
2019-03-05,3840.13,4350.72,-0.178178,-0.132961,0.624145,0.882643,2.4472,0.446936,0.535221,,,63.3601,,,,,39.4286
2019-03-06,3852,4349.77,-0.173729,-0.129223,0.539727,0.885565,2.42183,0.450138,0.536325,,,68.5115,,,,,39.8571
2019-03-07,3855.92,4349.16,-0.172174,-0.127917,0.601185,0.88659,2.31191,0.451521,0.53632,,,64.3849,,,,,42.2857
2019-03-08,3839.23,4347.18,-0.177335,-0.132303,0.61721,0.883156,1.86617,0.448016,0.533453,,,58.6658,,,,,44
2019-03-09,3910.36,4346.98,-0.152457,-0.111658,0.595663,0.899557,1.4131,0.465212,0.542773,,,58.606,,,,,46
2019-03-10,3903.91,4346.11,-0.154426,-0.11327,0.587304,0.898255,1.12771,0.464083,0.541318,,,58.6536,,,,,47.5714
2019-03-11,3851.57,4343.94,-0.171975,-0.127837,0.606663,0.886653,1.11616,0.452201,0.533516,,,58.0177,,,,,50.4286
2019-03-12,3858.91,4341.67,-0.168643,-0.125102,0.613819,0.888808,1.20577,0.454466,0.533988,,,61.6313,,,,,53.4286
2019-03-13,3851.96,4340.87,-0.170818,-0.126926,0.580074,0.88737,0.888575,0.453387,0.532482,,,63.7581,,,,,55.1429
2019-03-14,3853.78,4339.44,-0.169706,-0.12602,0.667523,0.888084,1.19208,0.454357,0.532193,,,64.4485,,,,,55
2019-03-15,3901.91,4338.8,-0.152691,-0.111968,0.668354,0.899306,1.09163,0.466353,0.538286,,,61.7147,,,,,55.1429
2019-03-16,3989.8,4336.44,-0.121167,-0.0868815,0.729544,0.920064,1.19586,0.488235,0.549835,,,61.3717,,,,,55
2019-03-17,3967.14,4336.42,-0.129099,-0.093084,0.650937,0.914843,1.44085,0.483333,0.546146,,,61.3616,,,,,55.4286
2019-03-18,3969.44,4335.33,-0.127933,-0.0921756,0.719553,0.915604,1.25489,0.484495,0.545895,,,58.008,,,,,55.4286
2019-03-19,3996.17,4335.72,-0.118744,-0.084969,0.784409,0.921685,1.13584,0.491658,0.548998,,,59.1369,,,,,55.4286
2019-03-20,4030.66,4335.56,-0.106645,-0.0756472,0.733157,0.929673,0.905586,0.500846,0.553155,,,56.0368,,,,,55.5714
2019-03-21,3976.27,4333.91,-0.125104,-0.0899418,0.64396,0.91748,0.71786,0.488135,0.545127,,,54.572,,,,,56.5714
2019-03-22,3983.89,4332.79,-0.122068,-0.0875777,0.727771,0.919474,1.2533,0.490709,0.545605,,,52.6225,,,,,56.7143
2019-03-23,3981.78,4332.1,-0.122585,-0.0879827,0.656301,0.919132,1.63241,0.490927,0.544752,,,52.8141,,,,,56.1429
2019-03-24,3970.67,4331.46,-0.126265,-0.0908639,0.678618,0.916705,1.35056,0.488738,0.542673,,,52.8652,,,,,54.1429
2019-03-25,3908.24,4329.33,-0.147391,-0.107745,0.660199,0.902735,1.65938,0.47395,0.533598,,,53.2713,,,,,52.7143
2019-03-26,3917.76,4327.73,-0.143518,-0.104644,0.60052,0.905269,1.66774,0.47669,0.534355,,,53.3024,,,,,50.8571
2019-03-27,4027.01,4328.27,-0.105479,-0.074811,0.687636,0.930396,1.84722,0.503939,0.548685,,,53.9458,,,,,49.2857
2019-03-28,4010.94,4327.97,-0.111013,-0.0790408,0.672127,0.926749,1.43449,0.500252,0.54593,,,51.8291,,,,,47.4286
2019-03-29,4089.46,4330.27,-0.0843355,-0.0588855,0.691021,0.944389,1.56587,0.52034,0.556034,,,51.0604,,,,,46.5714
2019-03-30,4091.89,4330.2,-0.0834716,-0.0582403,0.654912,0.944965,1.40399,0.52126,0.55578,,,49.3032,,,,,47.5714
2019-03-31,4094.32,4326.12,-0.0812007,-0.056615,0.655956,0.946419,0.860088,0.522199,0.555527,,,49.2286,,,,,49.2857
2019-04-01,4138.42,4326.4,-0.0658578,-0.0454227,0.649819,0.956551,1.17076,0.533877,0.560918,,,49.2415,,,,,51.5714
2019-04-02,4903.72,4343.73,0.196202,0.114198,0.889804,1.12892,1.44388,0.749472,0.663848,,,46.8396,,,,,54
2019-04-03,4960.23,4349.09,0.214126,0.123207,0.815369,1.14052,1.5902,0.766699,0.670686,,,42.6314,,,,,57.8571
2019-04-04,4911.27,4352.47,0.195798,0.11378,0.796732,1.12839,1.37556,0.751518,0.663269,,,41.2611,,,,,59.5714
2019-04-05,5033.23,4353.45,0.23819,0.135057,0.922274,1.15615,1.94378,0.788933,0.67891,,,-4.25871,,,,,60.8571
2019-04-06,5044.36,4354.52,0.24172,0.136753,0.813707,1.15842,1.97448,0.792097,0.679582,,,-4.16114,,,,,62
2019-04-07,5189.11,4356.16,0.291868,0.160519,0.850475,1.19121,2.12871,0.837771,0.698215,,,-5.5964,,,,,63.8571
2019-04-08,5283.42,4360.01,0.323564,0.174776,0.909927,1.21179,2.65565,0.868046,0.710011,,,-6.97045,,,,,64.2857
2019-04-09,5195.58,4362.37,0.291951,0.160368,0.798838,1.191,2.92213,0.839206,0.697339,,,-5.25728,,,,,64.8571
2019-04-10,5311.74,4366.37,0.331251,0.177978,0.916663,1.21651,3.09443,0.876807,0.712033,,,-5.19997,,,,,63.5714
2019-04-11,5050.67,4365.49,0.240087,0.135661,0.925573,1.15695,3.25924,0.792621,0.676215,,,0.0143144,,,,,64.1429
2019-04-12,5082.86,4367.9,0.250527,0.140661,0.897166,1.16368,3.63467,0.802542,0.679697,,,-0.717165,,,,,61.7143
2019-04-13,5074.79,4368.92,0.247345,0.139093,0.802426,1.16157,3.18087,0.799689,0.677793,,,0.596658,,,,,61.2857
2019-04-14,5156.8,4365.17,0.277396,0.153513,0.737982,1.18135,2.91216,0.825392,0.687901,,,-1.03721,,,,,58.7143
2019-04-15,5042.9,4364.05,0.237877,0.134614,0.859472,1.15555,2.54412,0.789212,0.671895,,,-0.704479,,,,,58
2019-04-16,5205.96,4366.53,0.294149,0.161244,0.88835,1.19224,2.39779,0.840781,0.692766,,,2.19005,,,,,56
2019-04-17,5226.35,4369.36,0.300303,0.163976,0.850301,1.19614,2.09862,0.84704,0.694621,,,9.59243,,,,,55.8571
2019-04-18,5278.5,4370.86,0.318046,0.17195,0.928798,1.20766,1.73787,0.863654,0.700681,,,17.4122,,,,,55.7143
2019-04-19,5289.95,4382.01,0.31815,0.171635,0.951612,1.2072,1.65766,0.866991,0.701328,,,16.1811,,,,,58.4286
2019-04-20,5313.97,4382.79,0.326287,0.175234,0.825242,1.21246,1.74858,0.874411,0.703636,,,16.9352,,,,,58.4286
2019-04-21,5295.73,4382.6,0.319962,0.172428,1.01885,1.20835,1.48967,0.867935,0.700351,,,16.1734,,,,,60
2019-04-22,5383.8,4384.4,0.350179,0.185632,0.858685,1.22795,1.14209,0.896526,0.711106,,,17.7403,,,,,60.1429
2019-04-23,5544.86,4389.2,0.404902,0.20842,0.767387,1.2633,0.78782,0.950311,0.731445,,,16.8166,,,,,62.7143
2019-04-24,5431.95,4384.46,0.366993,0.192838,1.0586,1.23891,0.811263,0.911439,0.715649,,,29.4979,,,,,63.2857
2019-04-25,5127.67,4381.47,0.261438,0.145524,0.877711,1.17031,0.864588,0.811932,0.674746,,,34.9799,,,,,62.4286
2019-04-26,5150.16,4376.67,0.271005,0.150188,0.932496,1.17673,0.728521,0.818818,0.676886,,,42.7345,,,,,59.5714
2019-04-27,5181.81,4376.02,0.282319,0.155503,0.852821,1.18414,0.702748,0.828622,0.680219,,,44.7408,,,,,56.7143
2019-04-28,5148.67,4376.23,0.27064,0.150026,1.00937,1.17651,0.730042,0.817761,0.675054,,,49.0111,,,,,53.5714
2019-04-29,5148.8,4374.2,0.271404,0.150443,1.01154,1.17708,1.04416,0.817268,0.674258,,,52.6923,,,,,50.8571
2019-04-30,5266.62,4376.68,0.311815,0.168978,0.89073,1.20334,1.22825,0.854465,0.688844,,,56.6332,,,,,47.1429
2019-05-01,5315.18,4363.86,0.333319,0.17898,1.0999,1.218,1.49981,0.869614,0.69434,,,58.471,,,,,45.1429
2019-05-02,5393.13,4364.5,0.36041,0.190729,1.20206,1.23568,1.58695,0.894535,0.70365,,,65.0205,,,,,44
2019-05-03,5658.43,4368.89,0.451802,0.227897,1.04398,1.29516,1.55745,0.983823,0.73732,,,66.7921,,,,,47.1429
2019-05-04,5774.71,4371.49,0.491587,0.242995,0.927017,1.32099,1.5321,1.02366,0.751497,,,69.3521,,,,,50.5714
2019-05-05,5728.35,4374.23,0.474344,0.236389,0.901192,1.30957,0.854526,1.00633,0.744505,,,70.247,,,,,54.4286
2019-05-06,5691.69,4380.27,0.459356,0.23041,1.04973,1.29939,1.03326,0.99253,0.738793,,,73.8105,,,,,56.5714
2019-05-07,5825.74,4384.54,0.504766,0.247386,0.905682,1.3287,0.916536,1.0387,0.755212,,,74.9137,,,,,60.4286
2019-05-08,5931.8,4389.82,0.540005,0.259952,1.1051,1.35126,0.849485,1.07562,0.767951,,,76.1087,,,,,62.1429
2019-05-09,6150.14,4395.2,0.614496,0.285349,1.13285,1.39929,1.10309,1.15471,0.79515,,,81.4551,,,,,64.8571
2019-05-10,6357.46,4400.45,0.685119,0.307829,0.977831,1.44473,0.758419,1.23202,0.82083,,,76.4404,,,,,66
2019-05-11,7325.08,4427.81,1.0139,0.395528,1.17219,1.65434,0.278102,1.63196,0.944355,,,78.5342,,,,,67.4286
2019-05-12,6942.62,4434.21,0.877567,0.361306,1.35166,1.56569,0.183419,1.46315,0.893759,,,79.0287,,,,,68.5714
2019-05-13,7798.91,4462.8,1.16659,0.427765,1.60477,1.74753,0.776011,1.84166,1.00245,,,79.3172,,,,,71.5714
2019-05-14,7955.56,4491.27,1.21079,0.435455,1.48964,1.77134,1.46199,1.91136,1.021,,,83.2647,,,,,72.8571
2019-05-15,8215.21,4522.11,1.29002,0.449544,1.50798,1.81667,1.69921,2.03249,1.05266,,,87.7435,,,,,74.8571
2019-05-16,7862.07,4549.81,1.15642,0.421296,1.41574,1.728,1.7152,1.85674,1.00586,,,89.2594,,,,,75.7143
2019-05-17,7326.92,4548.8,0.969584,0.379166,1.36436,1.61074,2.11171,1.60883,0.936006,,,90.4628,,,,,74.8571
2019-05-18,7277.99,4550.14,0.951703,0.374808,1.37368,1.59951,2.42547,1.58378,0.928388,,,91.1145,,,,,73.5714
2019-05-19,8219.74,4561.41,1.27562,0.445066,1.65243,1.80202,2.64399,2.0144,1.04687,,,91.8534,,,,,72.8571
2019-05-20,7981.14,4567.88,1.18956,0.427666,1.58446,1.74723,3.11358,1.89404,1.01491,,,93.0828,,,,,72.1429
2019-05-21,7983.81,4575.32,1.1873,0.426926,1.50672,1.74497,3.01135,1.89022,1.01368,,,95.8886,,,,,70.7143
2019-05-22,7667.9,4576.68,1.07632,0.403138,1.57914,1.67543,3.51902,1.73925,0.972107,,,100.226,,,,,69.5714
2019-05-23,7897.47,4584.4,1.15301,0.41951,1.53861,1.72268,4.46095,1.8402,0.999678,,,108.962,,,,,68.1429
2019-05-24,7987.1,4592.93,1.18064,0.424956,1.50613,1.739,4.27799,1.87724,1.00947,,,100.555,,,,,68
2019-05-25,8061.59,4598.53,1.20396,0.429575,1.39185,1.75308,4.23077,1.90733,1.01731,,,107.448,,,,,68.2857
2019-05-26,8731.52,4610.18,1.43184,0.472007,1.77519,1.89396,4.45954,2.23078,1.10007,,,111.082,,,,,67.8571
2019-05-27,8816.79,4623.02,1.45598,0.475657,1.8126,1.90715,4.98277,2.26744,1.10902,,,113.102,,,,,67.4286
2019-05-28,8719.13,4635.22,1.41688,0.468385,1.75842,1.88106,4.91047,2.21054,1.09497,,,113.319,,,,,67.8571
2019-05-29,8655.49,4702.23,1.37066,0.456734,1.8491,1.84072,4.85628,2.17168,1.08524,,,114.883,,,,,68.1429
2019-05-30,8271.62,4705.48,1.23575,0.43113,1.62469,1.75787,5.16761,1.97764,1.0355,,,120.033,,,,,69.2857
2019-05-31,8556.22,4714.79,1.33026,0.448963,1.23005,1.81476,4.4261,2.10962,1.06943,,,113.668,,,,,68.8571
2019-06-01,8554.81,4720,1.32713,0.448264,1.58701,1.81246,4.05756,2.10241,1.06756,,,114.119,,,,,67.8571
2019-06-02,8744.35,4725.41,1.38988,0.459605,1.40739,1.8505,3.9702,2.18831,1.08947,,,114.979,,,,,67.2857
2019-06-03,8173.4,4732.68,1.18925,0.420965,1.19613,1.72701,4.05092,1.90522,1.01676,,,113.757,,,,,66.7143
2019-06-04,7649.94,4703.69,1.01792,0.385133,1.44973,1.62637,4.76985,1.66369,0.950233,,,115.302,,,,,62.5714
2019-06-05,7798.54,4708.91,1.06699,0.396181,1.53591,1.65613,4.84053,1.72329,0.967241,,,117.428,,,,,56.2857
2019-06-06,7776.71,4709.33,1.05885,0.394432,1.5024,1.65134,5.44333,1.70815,0.963092,,,126.061,,,,,50.7143
2019-06-07,8023.95,4714.88,1.14172,0.412399,1.55914,1.70184,5.56888,1.81103,0.992201,,,128.894,,,,,45.8571
2019-06-08,7939.81,4716.2,1.11168,0.406005,1.21129,1.68352,5.15541,1.76514,0.980316,,,131.058,,,,,45.8571
2019-06-09,7634.07,4716.97,1.00557,0.382115,1.38048,1.61842,5.75732,1.62511,0.941178,,,131.044,,,,,45.7143
2019-06-10,7993.3,4726.65,1.12553,0.408674,1.5417,1.69111,6.46312,1.77342,0.983978,,,130.007,,,,,42.8571
2019-06-11,7922.48,4729.51,1.09962,0.403027,1.39097,1.67512,6.30915,1.73414,0.973796,,,135.808,,,,,45.5714
2019-06-12,8146.76,4736.25,1.17392,0.418633,1.30978,1.72008,5.63453,1.82395,0.999838,,,141.246,,,,,50.2857
2019-06-13,8232.78,4741.04,1.20123,0.424126,1.52394,1.73649,5.38536,1.853,1.00885,,,148.245,,,,,54.4286
2019-06-14,8698,4755.57,1.35542,0.453258,1.79923,1.82902,5.65606,2.05637,1.06418,,,151.946,,,,,60.1429
2019-06-15,8850.58,4761.49,1.40487,0.462015,1.57997,1.85879,5.72659,2.11685,1.08113,,,155.394,,,,,62
2019-06-16,9019.52,4774.86,1.45722,0.470608,1.43322,1.88896,5.42625,2.18672,1.1,,,157.727,,,,,64.5714
2019-06-17,9340.57,4787.19,1.56191,0.487484,1.51733,1.95116,5.2376,2.33235,1.1373,,,159.25,,,,,70
2019-06-18,9047.13,4793.03,1.4582,0.470215,1.7989,1.88756,5.20724,2.17579,1.0998,,,162.461,,,,,73.1429
2019-06-19,9285.06,4807.15,1.53372,0.48227,2.00077,1.93151,5.15117,2.27903,1.1269,,,163.553,,,,,76.2857
2019-06-20,9546.72,4819.47,1.61771,0.49517,1.67179,1.98087,5.22104,2.39547,1.15675,,,160.568,,,,,78.8571
2019-06-21,10083.5,4838,1.7932,0.520205,1.62982,2.08422,4.55958,2.65549,1.21973,,,162.74,,,,,81.2857
2019-06-22,10685.3,4863.85,1.98768,0.544809,1.82737,2.19688,3.99551,2.96238,1.29029,,,164.713,,,,,82.4286
2019-06-23,10794.4,4876.25,2.01826,0.548262,2.36216,2.21367,4.49573,3.00251,1.3012,,,164.873,,,,,83
2019-06-24,11004.2,4897.14,2.08,0.554975,2.34787,2.24707,5.01137,3.09784,1.32416,,,167.1,,,,,82.4286
2019-06-25,11726.3,4927.36,2.31206,0.579801,2.05876,2.37983,4.72976,3.49053,1.4085,,,166.035,,,,,83
2019-06-26,12863.5,5001.8,2.66824,0.611162,2.542,2.57176,4.47258,4.16621,1.54218,,,168.776,,,,,84.8571
2019-06-27,11109.8,5015.16,2.06578,0.548582,1.88426,2.21524,4.39785,3.08526,1.3296,,,170.111,,,,,86.4286
2019-06-28,12358.2,5061.35,2.46897,0.590447,2.39738,2.44168,4.37331,3.78733,1.47628,,,173.47,,,,,83.2857
2019-06-29,11944.4,5075.59,2.32046,0.575063,2.46431,2.35329,4.50087,3.51016,1.42425,,,178.647,,,,,82
2019-06-30,10842.6,5089.93,1.94107,0.530563,1.94942,2.13021,5.34214,2.87146,1.29064,,,182.748,,,,,81.1429
2019-07-01,10569.6,5092.33,1.84604,0.518208,1.78447,2.07558,5.42395,2.70852,1.25599,,,182.049,,,,,79
2019-07-02,10766.1,5102.4,1.90665,0.526067,2.00333,2.11,5.80972,2.78893,1.27714,,,183.811,,,,,75.5714
2019-07-03,11952,5126.15,2.29432,0.571106,2.41095,2.33158,6.46594,3.40935,1.41527,,,187.107,,,,,73.2857
2019-07-04,11177,5140.62,2.02635,0.540072,2.18216,2.17425,6.256,2.95842,1.32118,,,196.35,,,,,71
2019-07-05,10998.4,5143.28,1.96312,0.532361,2.42099,2.1384,6.39841,2.84393,1.29782,,,201.305,,,,,71.7143
2019-07-06,11208.2,5148.18,2.02923,0.540679,2.31665,2.17713,6.22626,2.93252,1.32027,,,209.23,,,,,71.4286
2019-07-07,11456.2,5154.5,2.10725,0.550069,2.03079,2.22256,6.02173,3.0418,1.34709,,,211.98,,,,,69.8571
2019-07-08,12319.6,5178.37,2.38406,0.579665,2.53158,2.37905,6.82969,3.49284,1.44598,,,204.242,,,,,71.1429
2019-07-09,12579.1,5199.74,2.45923,0.586636,2.22911,2.41918,6.73998,3.61448,1.47373,,,205.079,,,,,74.1429
2019-07-10,12106.8,5233.58,2.28691,0.567715,1.79361,2.31329,6.26678,3.32445,1.41583,,,193.277,,,,,74.7143
2019-07-11,11294.7,5236.19,2.01319,0.536402,1.67017,2.15704,6.3957,2.87385,1.31856,,,192.063,,,,,72.7143
2019-07-12,11813.3,5253.69,2.17655,0.555274,2.21339,2.24858,7.31235,3.12227,1.37665,,,190.062,,,,,67.8571
2019-07-13,11346.8,5255.82,2.01841,0.536803,1.82376,2.15891,7.34869,2.86034,1.31998,,,204.731,,,,,66.8571
2019-07-14,10283.1,5249.79,1.66628,0.489473,1.69618,1.95876,7.03763,2.33398,1.19425,,,204.72,,,,,66
2019-07-15,10926.4,5257.18,1.87462,0.518854,1.81049,2.07837,7.20196,2.61652,1.26679,,,197.747,,,,,57.7143
2019-07-16,9471.14,5248.56,1.39524,0.445836,1.7374,1.80452,7.94777,1.95425,1.09633,,,198.789,,,,,50.5714
2019-07-17,9674.88,5257.76,1.45834,0.456556,1.45651,1.84011,8.29898,2.02671,1.11812,,,183.424,,,,,41.4286
2019-07-18,10679.9,5278.9,1.78121,0.505716,1.46271,2.02313,7.97614,2.45326,1.23219,,,189.259,,,,,38.2857
2019-07-19,10532.2,5287.25,1.72794,0.497992,1.40687,1.992,7.30069,2.3698,1.21312,,,189.729,,,,,39.5714
2019-07-20,10862.6,5293.75,1.83264,0.512665,2.17116,2.05198,7.94356,2.50385,1.24906,,,186.598,,,,,35.1429
2019-07-21,10589.7,5299.78,1.73903,0.499534,1.77868,1.99814,8.6224,2.36416,1.21564,,,182.371,,,,,32.4286
2019-07-22,10318.6,5299.78,1.64832,0.486384,1.83621,1.94698,9.14168,2.23003,1.18256,,,184.385,,,,,36.1429
2019-07-23,9866.65,5296.02,1.49988,0.46324,1.58847,1.86303,8.59731,2.02627,1.12895,,,164.259,,,,,37
2019-07-24,9792.79,5314.23,1.46847,0.457332,1.53235,1.84275,7.95897,1.98361,1.1187,,,149.263,,,,,37.1429
2019-07-25,9897.19,5316,1.50088,0.462877,1.67108,1.86177,8.34094,2.01403,1.12881,,,137.302,,,,,37.4286
2019-07-26,9836.7,5318.92,1.47892,0.459278,1.83617,1.84938,8.53346,1.97756,1.12011,,,135.286,,,,,34.8571
2019-07-27,9446.67,5317.79,1.35065,0.437073,1.6143,1.77643,8.81787,1.81326,1.07401,,,126.563,,,,,36.7143
2019-07-28,9529.79,5318.42,1.37666,0.441917,1.87215,1.79185,8.98348,1.83455,1.08176,,,126.976,,,,,33
2019-07-29,9504.16,5415.27,1.33567,0.430222,1.79134,1.75507,8.7083,1.81318,1.07716,,,123.286,,,,,29.7143
2019-07-30,9589.11,5418.32,1.36141,0.43495,1.52639,1.76976,8.30956,1.83401,1.08508,,,123.96,,,,,27.1429
2019-07-31,10059,5423.17,1.51193,0.460864,1.92474,1.85482,8.79899,2.00483,1.13641,,,122.547,,,,,28.7143
2019-08-01,10400.3,5430.49,1.6193,0.477853,1.65085,1.91517,8.42824,2.12835,1.17305,,,121.035,,,,,30.8571
2019-08-02,10529.7,5436.96,1.65775,0.483655,1.98538,1.93669,7.93412,2.16688,1.18568,,,118.082,,,,,36.1429
2019-08-03,10810.4,5442.39,1.74553,0.496561,2.08248,1.98634,7.96768,2.26795,1.21527,,,115.401,,,,,38.1429
2019-08-04,10986.5,5447.92,1.79902,0.504126,2.03925,2.01664,7.53978,2.32591,1.23299,,,115.57,,,,,44.7143
2019-08-05,11790,5478.4,2.04734,0.535336,1.8707,2.15209,7.20792,2.65885,1.32087,,,115.073,,,,,51.1429
2019-08-06,11423.5,5498.32,1.91964,0.518683,2.03494,2.07763,7.63466,2.47802,1.27762,,,121.323,,,,,57.4286
2019-08-07,11967.3,5516.51,2.08701,0.539034,2.02088,2.16936,7.09393,2.69951,1.33611,,,119.463,,,,,59.4286
2019-08-08,11938.2,5534.3,2.06899,0.536422,1.86702,2.15714,6.88198,2.66611,1.33055,,,130.672,,,,,60
2019-08-09,11858.3,5541.73,2.03802,0.532672,1.9154,2.13983,7.24136,2.61074,1.31936,,,127.28,,,,,59.8571
2019-08-10,11303.7,5543.13,1.85645,0.50962,1.87196,2.03923,7.50172,2.35508,1.25552,,,124.956,,,,,59.5714
2019-08-11,11530.2,5549.55,1.92498,0.518694,1.93075,2.07768,6.85626,2.43233,1.27849,,,124.832,,,,,57.1429
2019-08-12,11384.7,5555.02,1.87414,0.512062,1.65453,2.04944,6.71033,2.35406,1.26022,,,120.94,,,,,54.8571
2019-08-13,10867.1,5560.96,1.70407,0.488274,1.86002,1.95417,6.92462,2.12971,1.20094,,,120.861,,,,,51.8571
2019-08-14,10024.4,5563.08,1.43161,0.445045,1.65777,1.80195,6.82774,1.80015,1.10606,,,117.374,,,,,47
2019-08-15,10310.1,5564.57,1.52149,0.460279,1.75791,1.85281,6.27209,1.89121,1.13575,,,116.262,,,,,40.1429
2019-08-16,10373.3,5567.1,1.53959,0.463325,1.65342,1.86333,6.28688,1.90107,1.14088,,,114.904,,,,,36
2019-08-17,10207.2,5566.92,1.48514,0.454607,1.41535,1.83354,6.64221,1.82779,1.12081,,,114.995,,,,,30.4286
2019-08-18,10331.3,5568.63,1.52298,0.460995,1.40902,1.85527,7.1839,1.85945,1.13263,,,114.132,,,,,26
2019-08-19,10884.6,5573.77,1.69656,0.487923,1.91568,1.95283,6.54096,2.04893,1.19133,,,110.562,,,,,23.4286
2019-08-20,10771.4,5581.25,1.65637,0.481845,1.77573,1.92993,6.3035,1.99212,1.17701,,,106.355,,,,,22.5714
2019-08-21,10096.8,5579.37,1.44052,0.447413,1.47776,1.80967,5.75061,1.73846,1.10156,,,103.255,,,,,22.5714
2019-08-22,10119.7,5578.92,1.4468,0.448708,1.53372,1.81392,5.97893,1.73427,1.10231,,,102.308,,,,,21.4286
2019-08-23,10414.1,5602.37,1.53179,0.462042,1.70954,1.85888,6.40026,1.82369,1.13257,,,95.927,,,,,21.7143
2019-08-24,10147.1,5603.04,1.44541,0.447818,1.73861,1.811,6.36661,1.7194,1.10178,,,93.5688,,,,,24.4286
2019-08-25,10100.4,5604.47,1.42896,0.445122,1.6733,1.8022,6.11073,1.69172,1.09499,,,92.0316,,,,,27.1429
2019-08-26,10362.6,5609.28,1.50949,0.458701,1.51623,1.84741,5.82267,1.76806,1.12163,,,91.2619,,,,,28.7143
2019-08-27,10168.2,5612.96,1.44541,0.44799,1.4656,1.81156,5.23822,1.69101,1.09886,,,89.3552,,,,,27.4286
2019-08-28,9724.8,5611.24,1.30435,0.422997,1.56606,1.73309,5.09753,1.53681,1.04932,,,85.4486,,,,,30.4286
2019-08-29,9482.31,5607.27,1.22795,0.40866,1.66573,1.69107,5.45433,1.45197,1.02161,,,89.8782,,,,,32.5714
2019-08-30,9577.68,5607.16,1.2574,0.41456,1.62931,1.70812,5.04866,1.47186,1.03032,,,90.0476,,,,,31.2857
2019-08-31,9605.02,5606.8,1.26535,0.416264,1.69274,1.7131,5.47153,1.4708,1.03169,,,90.2466,,,,,28.5714
2019-09-01,9762.94,5609.61,1.31352,0.425418,1.48085,1.74039,5.28508,1.50968,1.04704,,,90.2111,,,,,27.2857
2019-09-02,10377.3,5617.08,1.5042,0.458716,1.63772,1.84746,5.04877,1.69404,1.11118,,,88.851,,,,,25.4286
2019-09-03,10618.8,5625.37,1.57646,0.470243,1.84081,1.88766,5.32921,1.76149,1.13521,,,87.6518,,,,,27
2019-09-04,10577.2,5630.06,1.56046,0.46772,1.5183,1.87871,5.37115,1.7357,1.12897,,,85.5711,,,,,28.5714
2019-09-05,10580.2,5635.58,1.55829,0.467346,1.83806,1.87739,5.07895,1.7248,1.12749,,,80.9545,,,,,31.5714
2019-09-06,10330.8,5680.24,1.46444,0.450168,1.71534,1.81874,5.12952,1.63395,1.09919,,,81.9711,,,,,34.2857
2019-09-07,10494.5,5684.01,1.51349,0.458383,1.65143,1.84632,5.2361,1.67528,1.11484,,,83.9247,,,,,37
2019-09-08,10407.3,5686.63,1.48401,0.453591,1.92743,1.83013,5.35119,1.63709,1.10383,,,83.8449,,,,,39.7143
2019-09-09,10332.5,5688.03,1.45886,0.449499,1.57621,1.81653,5.01839,1.60338,1.09418,,,78.6732,,,,,41.5714
2019-09-10,10086,5687.71,1.38052,0.436076,1.91259,1.77329,5.43079,1.51836,1.06643,,,74.5488,,,,,41.5714
2019-09-11,10142.1,5704.69,1.39181,0.437526,1.93896,1.77786,6.0603,1.52613,1.07071,,,69.9588,,,,,40.8571
2019-09-12,10403.4,5708.88,1.47122,0.451246,1.70504,1.82231,5.9023,1.5952,1.09657,,,67.6396,,,,,40.5714
2019-09-13,10345.3,5712.23,1.45082,0.447845,1.60698,1.81109,5.81171,1.56728,1.08875,,,84.919,,,,,39.8571
2019-09-14,10363.5,5714.26,1.45468,0.448614,1.65992,1.81361,5.9813,1.56255,1.08895,,,84.0187,,10.95,,,39.8571
2019-09-15,10306.2,5715.87,1.43512,0.445393,1.56289,1.80308,5.96525,1.53534,1.08125,,,81.6847,,10.95,,,39.1429
2019-09-16,10257.8,5716.69,1.41866,0.442699,1.72113,1.79436,6.42927,1.51116,1.07452,,,79.182,,10.95,,,38.7143
2019-09-17,10195.6,5718.76,1.39751,0.439096,1.55036,1.78284,6.70743,1.48334,1.06635,,,77.8519,,10.95,,,38.7143
2019-09-18,10161.3,5725.54,1.38368,0.436536,1.81216,1.77473,7.05218,1.46398,1.06113,,,77.3983,,10.95,,,38.7143
2019-09-19,10268.4,5727.51,1.41537,0.44222,1.55533,1.79282,7.01529,1.48533,1.07066,,,74.7217,,10.95,,,37.5714
2019-09-20,10170.1,5728.88,1.38328,0.436696,1.56932,1.77524,7.47378,1.44752,1.05879,,,73.2994,,10.95,,,38
2019-09-21,9986.41,5728.83,1.32516,0.426337,1.6908,1.74318,7.83457,1.38697,1.03808,,,72.5775,,10.95,,,37.7143
2019-09-22,10047,5729.6,1.34284,0.429721,1.69808,1.75353,7.89114,1.39506,1.04279,,,71.0673,,10.95,,,37.5714
2019-09-23,9692.74,5727.16,1.23261,0.409129,1.12472,1.69242,7.31484,1.29052,1.00452,,,72.1514,,10.95,,,38
2019-09-24,8613.67,5713.13,0.901208,0.336737,1.37506,1.5077,7.50134,1.01355,0.891449,,,70.6566,,10.95,,,37.7143
2019-09-25,8424.16,5700.51,0.845941,0.323314,1.33538,1.47779,7.91403,0.964287,0.870638,,,71.7978,,10.95,,,34.4286
2019-09-26,8091.7,5680.22,0.74877,0.298019,1.40412,1.42454,8.78924,0.88512,0.835159,,,71.7377,,10.95,,,31.7143
2019-09-27,8186.78,5680.03,0.778093,0.306194,1.09624,1.44133,8.90064,0.901291,0.843834,,,68.447,,10.95,,,29.2857
2019-09-28,8201.98,5676.46,0.783675,0.307916,1.32187,1.44491,8.7797,0.899895,0.844262,,,66.2419,,10.95,,,28.5714
2019-09-29,8064.51,5674.41,0.741427,0.296372,1.11141,1.42121,8.78067,0.865483,0.829006,,,66.6458,,10.95,,,28
2019-09-30,8282.37,5673.06,0.809147,0.315044,1.09108,1.45995,8.29802,0.908037,0.85025,,,65.036,,10.95,,,26
2019-10-01,8314.55,5668.19,0.820354,0.31828,1.20434,1.46688,8.56219,0.910297,0.852398,,,63.9581,,10.95,,,25.8571
2019-10-02,8362.53,5667.19,0.835247,0.322311,1.25244,1.4756,8.77362,0.916068,0.856154,,,60.253,,7.69326,,,29.2857
2019-10-03,8254.34,5664.47,0.802303,0.313759,1.22695,1.45721,8.58799,0.887931,0.843941,,,58.7606,,4.61183,,,32.8571
2019-10-04,8165.69,5662.39,0.77524,0.306562,1.21303,1.44209,8.91377,0.864545,0.833762,,,56.2674,,3.0417,,,33.7143
2019-10-05,8141.63,5662.02,0.767678,0.30456,1.29842,1.43794,8.94618,0.855134,0.8302,,,55.0901,,-1.10751,,,33.5714
2019-10-06,7854.61,5659.37,0.679465,0.279484,1.18014,1.38789,8.93785,0.792074,0.799891,,,54.3395,,-3.29678,,,33.4286
2019-10-07,8226.02,5659.45,0.79415,0.312007,1.2845,1.4535,9.05043,0.864315,0.836595,,,51.1137,,-7.46446,,,33.4286
2019-10-08,8190.12,5659.62,0.78275,0.308969,1.33505,1.44711,8.72407,0.852436,0.831834,,,48.8005,,-7.46446,,,33.5714
2019-10-09,8598.33,5661.36,0.908127,0.341574,1.19286,1.51877,8.82307,0.93453,0.872099,,,48.5714,,-4.20772,,,33.2857
2019-10-10,8578.09,5661.21,0.90158,0.340038,1.39529,1.51524,8.47685,0.925185,0.868858,,,45.8459,,-1.12629,,,33.8571
2019-10-11,8289.85,5658.5,0.813065,0.317419,1.29735,1.46503,7.83265,0.859534,0.83854,,,40.1805,,0.44384,,,35.1429
2019-10-12,8323.75,5659.11,0.823069,0.320125,1.10971,1.47086,7.71787,0.862038,0.840842,,,40.4127,,4.59306,,,36.1429
2019-10-13,8291.25,5658.3,0.813011,0.317558,1.17919,1.46533,7.75712,0.850973,0.836441,,,40.0833,,6.78233,,,37
2019-10-14,8346.37,5684.08,0.821787,0.318975,1.12721,1.46838,7.39505,0.857896,0.840875,,,38.4815,,10.95,,,38.4286
2019-10-15,8160.71,5678.94,0.765838,0.304112,1.24839,1.43701,7.32205,0.816115,0.821087,,,36.0962,,10.95,,,38.4286
2019-10-16,8003.86,5675.59,0.718271,0.290893,1.14352,1.41022,6.57999,0.781255,0.804257,,,33.5036,,10.95,,,38.8571
2019-10-17,8072.49,5673.83,0.739778,0.29714,1.20871,1.42276,6.24893,0.790844,0.810093,,,31.5007,,10.95,,,38.7143
2019-10-18,7959.33,5671.55,0.705403,0.287434,1.26986,1.40338,5.85099,0.765183,0.797704,,,34.6084,,10.95,,,38.8571
2019-10-19,7948.48,5671.51,0.701882,0.286466,1.12478,1.40148,5.72782,0.760129,0.795588,,,35.0352,,10.95,,,39.2857
2019-10-20,8213.71,5672.44,0.783111,0.309393,1.19414,1.448,5.41388,0.808462,0.821053,,,34.9256,,10.95,,,39.1429
2019-10-21,8211.65,5670.29,0.782909,0.309483,1.29865,1.44819,4.97048,0.80479,0.819768,,,35.8995,,10.95,,,39.1429
2019-10-22,8029.21,5667.91,0.727248,0.294089,1.34832,1.41661,4.76468,0.766495,0.800516,,,36.3307,,10.95,,,39.1429
2019-10-23,7458.04,5656.48,0.554762,0.241559,1.24409,1.31849,5.76523,0.659054,0.742652,,,35.223,,10.95,,,38.1429
2019-10-24,7454.37,5645.37,0.55695,0.242677,0.983705,1.32044,5.44635,0.656243,0.741372,,,38.6421,,10.1994,,,35.2857
2019-10-25,8656.66,5656.71,0.923253,0.346547,1.18429,1.53033,5.0341,0.881512,0.859781,,,42.92,,8.91101,,,33
2019-10-26,9249.65,5672.79,1.10025,0.386702,1.28243,1.63053,4.25901,1.00204,0.917388,,,40.0492,,10.1928,,,34.7143
2019-10-27,9558.16,5678.79,1.1926,0.40587,1.08789,1.68313,4.0251,1.06528,0.946632,,,39.9732,,10.6392,,,36.5714
2019-10-28,9319.18,5687.82,1.11578,0.389665,1.23476,1.63845,3.52804,1.00809,0.921665,,,38.2448,,17.6555,,,38.7143
2019-10-29,9431.21,5696.14,1.14702,0.396033,1.23913,1.65572,3.50354,1.02776,0.931425,,,37.7782,,22.1987,,,40.8571
2019-10-30,9182.86,5697.21,1.0699,0.379582,1.2147,1.61182,3.68637,0.970027,0.905636,,,50.6962,,26.1947,,,43.7143
2019-10-31,9155.28,5699.02,1.06036,0.377515,1.1924,1.60646,3.39707,0.960027,0.901663,,,51.257,,30.2214,,,48
2019-11-01,9251.38,5708.01,1.08654,0.38301,1.18593,1.62077,3.03927,0.975875,0.909857,,,50.9939,,33.8354,,,51.5714
2019-11-02,9300.19,5709.97,1.10035,0.386037,1.22775,1.62876,2.90251,0.981892,0.913379,,,50.3669,,32.5536,,,51.2857
2019-11-03,9209.64,5709.82,1.07212,0.380017,1.25124,1.61295,2.53612,0.958724,0.90323,,,50.4638,,32.1072,,,52.1429
2019-11-04,9418.36,5713.33,1.13438,0.393384,1.22247,1.64849,2.135,0.998299,0.922403,,,45.7009,,25.0947,,,51.7143
2019-11-05,9330.79,5697.94,1.11171,0.389339,1.3197,1.63757,2.0148,0.975604,0.91255,,,45.2699,,20.5515,,,51.7143
2019-11-06,9354.93,5699.07,1.11818,0.390795,1.21152,1.64148,1.53679,0.976449,0.913634,,,46.6134,,16.7576,,,51.7143
2019-11-07,9210.75,5700.74,1.07305,0.381078,1.21865,1.61571,1.1926,0.942574,0.898309,,,46.5395,,15.2835,,,52.2857
2019-11-08,8791.33,5695.71,0.945981,0.352122,1.10181,1.5435,0.906033,0.855323,0.856252,,,47.7866,,13.0883,,,51.2857
2019-11-09,8810.78,5694.94,0.951779,0.353639,1.24074,1.54712,0.566434,0.855862,0.856994,,,46.9995,,13.0883,,,49.4286
2019-11-10,9042.89,5696.6,1.02174,0.370047,1.46535,1.58742,0.597017,0.89793,0.878371,,,46.6617,,13.0883,,,47
2019-11-11,8713.21,5695.72,0.920999,0.346312,1.283,1.52978,0.740457,0.830219,0.84522,,,46.9826,,13.0845,,,45.7143
2019-11-12,8788.96,5697.24,0.94328,0.351773,1.15609,1.54267,0.448623,0.841223,0.851427,,,47.9405,,13.0845,,,43.5714
2019-11-13,8766.73,5707.05,0.933137,0.34901,1.15184,1.53612,0.491901,0.833547,0.848141,,,47.6047,,11.2092,,,41.4286
2019-11-14,8645.44,5705.68,0.896255,0.340036,1.4193,1.51523,0.416644,0.807354,0.835301,,,48.0944,,9.40714,,,39.5714
2019-11-15,8465.88,5704,0.841754,0.326237,1.29717,1.4842,0.618123,0.771107,0.816886,,,47.2214,,9.27679,,,39
2019-11-16,8477.69,5703.47,0.845238,0.327238,1.21495,1.48641,0.387201,0.770288,0.81696,,,46.9982,,9.27679,,,39.4286
2019-11-17,8505.16,5703.55,0.853301,0.329401,1.26659,1.4912,0.268162,0.772331,0.818538,,,47.0685,,9.27679,,,39.2857
2019-11-18,8183.53,5699.43,0.756384,0.303549,1.10654,1.43585,0.131932,0.712485,0.786583,,,46.8169,,9.27679,,,39
2019-11-19,8116.82,5697.51,0.73646,0.298061,1.1506,1.42463,0.014037,0.698625,0.779184,,,46.8921,,9.27679,,,38
2019-11-20,8076.55,5694.28,0.724996,0.294961,1.10427,1.41836,-0.302084,0.689537,0.774342,,,45.8152,,10.95,,,37.1429
2019-11-21,7612.28,5685.2,0.586354,0.253153,1.00265,1.33896,-0.896757,0.610771,0.728946,,,45.5679,,10.95,,,35.5714
2019-11-22,7277.52,5670.28,0.488968,0.22085,0.922516,1.28345,-2.07199,0.55673,0.696073,,,46.3309,,8.90657,,,33
2019-11-23,7324.84,5663.28,0.505429,0.226838,1.21458,1.29339,-1.65084,0.56252,0.699773,,,47.2795,,4.2133,,,30.4286
2019-11-24,6943.38,5661.77,0.389816,0.18458,0.870979,1.22636,-1.85149,0.504318,0.662579,,,46.1779,,3.15918,,,28
2019-11-25,7139.04,5655.93,0.45105,0.207747,0.853631,1.26222,-1.9941,0.531963,0.680465,,,46.6384,,1.37928,,,25
2019-11-26,7165.44,5649.12,0.461086,0.211616,0.83521,1.26842,-1.89109,0.534797,0.682191,,,48.7938,,-4.95597,,,23.4286
2019-11-27,7526.86,5646.68,0.571632,0.249797,0.998149,1.33297,-1.75002,0.589163,0.715745,,,48.4761,,-7.76345,,,21.7143
2019-11-28,7436.34,5644.87,0.544581,0.240907,1.15425,1.31736,-1.5596,0.574036,0.7063,,,47.3797,,-7.76345,,,22
2019-11-29,7747.74,5645.01,0.639067,0.271398,1.0018,1.37249,-1.7763,0.622226,0.734984,,,46.6264,,-5.72002,,,23.5714
2019-11-30,7556.19,5641.17,0.581912,0.253437,0.903893,1.33947,-1.91712,0.591125,0.715958,,,47.1192,,-1.6486,,,25.7143
2019-12-01,7417.73,5639.52,0.540256,0.239725,0.977565,1.31531,-1.80136,0.569115,0.702011,,,47.3035,,-0.594481,,,26.2857
2019-12-02,7318.31,5635.05,0.511338,0.230007,1.00455,1.29871,-1.72355,0.553349,0.691795,,,47.1201,,0.753725,,,27.8571
2019-12-03,7306.45,5630.42,0.509075,0.22939,1.09081,1.29767,-1.59085,0.550756,0.689871,,,47.1268,,6.00936,,,28.8571
2019-12-04,7215.02,5625.9,0.482629,0.220252,1.13655,1.28247,-1.08559,0.536296,0.680454,,,47.3689,,7.13314,,,29.4286
2019-12-05,7404.09,5623.8,0.540606,0.240446,1.01114,1.31656,-1.23093,0.56424,0.697468,,,46.1438,,5.28666,,,27.8571
2019-12-06,7534.21,5621.73,0.580651,0.253839,1.02727,1.34019,-1.02785,0.58356,0.708886,,,44.4531,,4.77284,,,27.5714
2019-12-07,7512.06,5621.43,0.57393,0.25168,1.09269,1.33633,-0.689666,0.579462,0.705968,,,44.7488,,5.07188,,,26.7143
2019-12-08,7528.94,5621.24,0.579015,0.253382,1.04386,1.33937,-0.325157,0.58127,0.70672,,,45.251,,5.07188,,,27.1429
2019-12-09,7340.23,5618.72,0.522434,0.234531,1.01605,1.30639,-0.0333205,0.551891,0.688207,,,45.5797,,5.50357,,,27.7143
2019-12-10,7232.09,5615.68,0.490483,0.223506,0.99942,1.28784,-0.289287,0.535232,0.677292,,,46.5273,,6.58319,,,27.4286
2019-12-11,7200.46,5612.52,0.481781,0.220533,0.886272,1.28293,-0.655241,0.530085,0.673561,,,56.2534,,7.13903,,,26.8571
2019-12-12,7192.85,5609.82,0.480232,0.220084,0.890799,1.28219,-0.544457,0.528704,0.672082,,,38.9995,,7.12506,,,27.1429
2019-12-13,7244.9,5609.04,0.496202,0.225795,1.02366,1.29165,-0.295664,0.536127,0.676172,,,38.8854,,4.59738,,,26.1429
2019-12-14,7071.11,5607.26,0.443981,0.207018,0.991018,1.26106,-0.619911,0.510502,0.659211,,,38.5772,,3.71539,,,25.4286
2019-12-15,7111.29,5607.09,0.456167,0.211522,0.817593,1.26827,-1.12255,0.516073,0.66221,,,38.6277,,2.59009,,,24.4286
2019-12-16,6882.4,5602.68,0.388066,0.185941,1.00005,1.22841,-0.936899,0.483124,0.640191,,,39.2074,,-0.428927,,,23.2857
2019-12-17,6608.96,5595.1,0.307433,0.153407,0.861637,1.1812,-0.957709,0.445423,0.614102,,,40.1795,,-3.01735,,,22.8571
2019-12-18,7284.63,5590.65,0.513599,0.232542,0.901417,1.303,-0.948884,0.540799,0.676111,,,41.0617,,-6.12011,,,22.1429
2019-12-19,7146.17,5589.95,0.471784,0.217769,1.03457,1.2784,-0.783608,0.520202,0.662514,,,42.2719,,-4.25965,,,21.8571
2019-12-20,7184.22,5590.52,0.483096,0.221833,1.03196,1.28507,-0.359216,0.525329,0.665291,,,44.447,,-2.43794,,,22
2019-12-21,7140.3,5590.08,0.469876,0.217108,1.15505,1.27732,0.505207,0.518348,0.660482,,,45.4242,,-1.76691,,,21.4286
2019-12-22,7479.4,5591.15,0.572259,0.252461,1.16012,1.33772,1.36385,0.568041,0.691048,,,45.0971,,-1.08118,,,21.2857
2019-12-23,7321.75,5590.23,0.52469,0.23649,0.960098,1.30974,0.635584,0.543717,0.675711,,,44.8287,,1.93784,,,22.5714
2019-12-24,7235.63,5590.34,0.498493,0.227387,0.82877,1.29431,0.734584,0.530503,0.66701,,,44.1919,,4.52626,,,22.8571
2019-12-25,7191.17,5580.94,0.487813,0.223918,0.842765,1.28852,1.03284,0.5235,0.662168,,,42.4089,,8.55388,,,23.8571
2019-12-26,7194.64,5579.62,0.489216,0.224476,1.09841,1.28945,1.53685,0.523397,0.661744,,,42.6469,,7.88363,,,26.4286
2019-12-27,7237.15,5578.07,0.502505,0.229246,0.958324,1.29743,1.6304,0.529092,0.664905,,,41.8302,,6.92108,,,28.5714
2019-12-28,7306.64,5577.96,0.52352,0.23659,0.993122,1.30991,1.20243,0.538735,0.67053,,,41.6356,,5.38,,,30.5714
2019-12-29,7391.58,5571.66,0.551078,0.246215,1.04351,1.32664,1.47878,0.550799,0.677551,,,41.2377,,3.10933,,,33
2019-12-30,7229.4,5571.72,0.501901,0.229297,1.09161,1.29752,2.08353,0.526469,0.661942,,,40.71,,0.00276357,,,34
2019-12-31,7167.4,5569.86,0.483641,0.22289,0.944236,1.28682,2.12678,0.517225,0.655535,,,39.6918,,-2.16205,,,35.8571
2020-01-01,7170.63,5569.7,0.484626,0.223262,1.13168,1.28744,2.42214,0.517484,0.655102,,,38.304,,-5.31737,,,38
2020-01-02,6946.83,5568.35,0.417252,0.198432,0.887566,1.24755,2.18778,0.485613,0.633966,,,36.9015,,-5.49362,,,38
2020-01-03,7315.31,5570.24,0.528161,0.238551,1.11844,1.31329,2.00765,0.538372,0.666842,,,72.4343,,-4.52188,,,38
2020-01-04,7343.16,5569.3,0.536814,0.241567,1.11423,1.31851,2.4683,0.542257,0.668627,,,74.2136,,-3.10031,,,38.1429
2020-01-05,7345.53,5569.38,0.537445,0.241801,1.07987,1.31891,2.73957,0.542454,0.66809,,,73.0957,,-0.390081,,,38.4286
2020-01-06,7765.8,5573.14,0.663342,0.282348,0.944426,1.39343,2.48775,0.606047,0.705488,,,72.6433,,2.71649,,,38.5714
2020-01-07,8136.09,5577.57,0.773851,0.314465,1.2872,1.45872,2.68268,0.664967,0.738238,,,72.974,,4.8813,,,38.8571
2020-01-08,8059.7,5580.16,0.749786,0.307647,1.0276,1.44435,2.66206,0.652512,0.730433,,,72.0526,,8.3707,,,40.8571
2020-01-09,7817.14,5582.72,0.675537,0.285836,1.10041,1.40024,3.0637,0.613926,0.707621,,,70.5549,,9.21719,,,41.5714
2020-01-10,8129.82,5586.73,0.768672,0.31281,1.08439,1.4552,3.55823,0.664063,0.735043,,,69.645,,10.4278,,,42
2020-01-11,8032.01,5587.28,0.738781,0.304373,1.16979,1.43755,4.0068,0.648466,0.725336,,,69.1918,,11.4902,,,43.7143
2020-01-12,8164.55,5588.93,0.778144,0.315463,1.09958,1.46084,3.89684,0.670596,0.736421,,,68.2638,,11.4902,,,44.5714
2020-01-13,8121.93,5590.66,0.764558,0.311658,1.03417,1.45277,4.10349,0.663689,0.731701,,,68.8148,,11.4902,,,45.7143
2020-01-14,8830.17,5607.75,0.972968,0.364933,1.13804,1.57464,4.81097,0.784666,0.794504,,,68.2098,,12.3193,,,48
2020-01-15,8811.45,5617.1,0.964152,0.362523,1.18015,1.56868,4.85687,0.781399,0.791824,,,67.7617,,14.7374,,,48.4286
2020-01-16,8718.69,5622.11,0.934333,0.355166,1.22689,1.55079,5.41766,0.764758,0.782512,,,67.3645,,17.4831,,,50
2020-01-17,8912.54,5627.73,0.990768,0.368561,1.25127,1.58368,5.96757,0.798668,0.798901,,,66.661,,20.1828,,,51.8571
2020-01-18,8928.18,5629.94,0.994435,0.369419,1.0389,1.58584,5.76964,0.801062,0.799292,,,65.9627,,21.9253,,,52
2020-01-19,8687.35,5629.65,0.92161,0.351971,1.14648,1.54314,5.73507,0.758541,0.776768,,,64.2948,,28.2782,,,53.1429
2020-01-20,8636.26,5629.39,0.906003,0.348169,1.15283,1.53414,5.24238,0.749526,0.771247,,,64.1265,,29.3463,,,53
2020-01-21,8730.87,5631.38,0.933599,0.355004,1.17086,1.5504,4.88062,0.765813,0.778728,,,63.8106,,29.2067,,,52
2020-01-22,8647.9,5632.19,0.908079,0.348722,1.17996,1.53544,5.58619,0.751215,0.770378,,,59.2909,,27.2515,,,51.7143
2020-01-23,8366.38,5632.12,0.823112,0.326816,1.16125,1.48548,6.23156,0.70319,0.744401,,,54.786,,26.7116,,,50.8571
2020-01-24,8423.39,5634.6,0.839292,0.331077,1.11581,1.49494,6.65704,0.713129,0.748567,,,56.9713,,28.4331,,,48.8571
2020-01-25,8344.77,5635.44,0.815171,0.324675,1.19017,1.48077,6.34894,0.700304,0.740691,,,57.0207,,26.2816,,,47.4286
2020-01-26,8573.87,5637.16,0.883311,0.342519,1.06451,1.52096,6.46502,0.739491,0.760097,,,56.9507,,19.9286,,,45.8571
2020-01-27,8901.96,5641.55,0.980304,0.366257,0.995465,1.57793,6.60927,0.796965,0.788197,,,57.2577,,18.8605,,,46.1429
2020-01-28,9297.39,5648.98,1.09648,0.392412,1.14223,1.64585,6.51623,0.869125,0.822155,,,42.97,,23.5461,,,46.8571
2020-01-29,9311.95,5659.77,1.09715,0.392203,1.286,1.64529,6.31742,0.871452,0.822388,,,43.3368,,33.0789,,,47.5714
2020-01-30,9508.92,5670.11,1.15268,0.403706,1.27731,1.67703,6.65924,0.907753,0.838695,,,44.1071,,33.6537,,,48.7143
2020-01-31,9357.28,5680.28,1.1036,0.392956,1.15801,1.64733,6.28939,0.878444,0.824263,,,44.2356,,36.5618,,,50.8571
2020-02-01,9381.89,5682.62,1.1098,0.394298,1.215,1.65098,6.67257,0.881837,0.82537,,,43.5529,,44.8896,,,53.1429
2020-02-02,9339.39,5682.39,1.09664,0.391567,1.14317,1.64357,6.44012,0.87276,0.820581,,,43.5794,,50.0362,,,55.2857
2020-02-03,9279.81,5686.3,1.07714,0.38724,1.17311,1.63196,6.04245,0.861023,0.81431,,,44.1513,,54.0272,,,56.5714
2020-02-04,9161.63,5687.99,1.04078,0.379151,1.03126,1.6107,5.5616,0.838606,0.802926,,,43.4647,,57.0953,,,56.8571
2020-02-05,9628.14,5694.2,1.17813,0.408588,1.30232,1.69087,6.12313,0.925407,0.842717,,,43.6193,,49.1915,,,56.2857
2020-02-06,9739.28,5709.79,1.20613,0.413736,1.11653,1.70572,5.42611,0.945927,0.851332,,,43.606,,60.3845,,,56.8571
2020-02-07,9800.28,5732.12,1.21706,0.415106,1.15472,1.70971,5.52431,0.95668,0.855543,,,44.3061,,56.1816,,,57
2020-02-08,9911.29,5740.21,1.24718,0.420841,1.16566,1.72664,5.29351,0.977046,0.864096,,,44.0336,,56.827,,,56.8571
2020-02-09,10151.1,5746.74,1.31616,0.433879,1.31104,1.76641,5.22934,1.02323,0.883822,,,44.1776,,62.5402,,,56.7143
2020-02-10,9872.36,5761.62,1.22775,0.416389,1.01507,1.71347,4.51328,0.966435,0.858428,,,44.9786,,74.175,,,56.4286
2020-02-11,10272.2,5773.4,1.34284,0.43796,1.27832,1.77923,4.57008,1.04458,0.892001,,,44.7018,,72.4534,,,55.8571
2020-02-12,10360.1,5781.06,1.36594,0.44199,1.23412,1.79208,4.72199,1.06051,0.898425,,,44.6973,,95.3602,,,57
2020-02-13,10235.5,5787.62,1.326,0.434554,1.2082,1.76852,4.52155,1.03329,0.886432,,,44.9325,,92.7729,,,57.5714
2020-02-14,10361.6,5794.08,1.36082,0.440813,1.16863,1.78831,4.25183,1.05693,0.89615,,,45.4053,,98.1835,,,58.5714
2020-02-15,9911.72,5793.76,1.22622,0.415464,1.17329,1.71076,3.713,0.965594,0.85612,,,45.2565,,100.335,,,59.7143
2020-02-16,9952.05,5796.34,1.23679,0.417573,1.17572,1.71695,3.10533,0.972119,0.858479,,,45.2735,,95.6809,,,60.1429
2020-02-17,9683.08,5796.11,1.15627,0.401419,1.26206,1.67062,3.53159,0.919289,0.834203,,,45.7584,,88.6699,,,59
2020-02-18,10195.3,5811.76,1.30323,0.429957,1.2669,1.75425,3.4607,1.01782,0.877169,,,45.7525,,84.0644,,,59.1429
2020-02-19,9636,5812.03,1.13633,0.396842,1.12364,1.65794,3.44684,0.908428,0.827988,,,45.4759,,63.9217,,,57.5714
2020-02-20,9614.03,5811.36,1.12946,0.395534,1.00023,1.65435,3.16358,0.903594,0.825046,,,44.2571,,52.5352,,,54.5714
2020-02-21,9701.8,5813.59,1.15431,0.400772,1.23079,1.66881,2.86989,0.919742,0.831511,,,43.3421,,43.9981,,,51.8571
2020-02-22,9675.25,5815.16,1.14543,0.398966,1.17749,1.6638,2.2581,0.914162,0.828175,,,44.4785,,32.9908,,,48.8571
2020-02-23,9972.84,5819,1.23193,0.416515,1.16234,1.71384,1.77057,0.970754,0.852538,,,44.2054,,32.2066,,,47
2020-02-24,9648.01,5820.28,1.13468,0.396738,1.11444,1.65765,1.395,0.908209,0.823719,,,42.7703,,25.8527,,,46.5714
2020-02-25,9344.29,5826.74,1.0423,0.376438,1.10035,1.60369,1.30345,0.85172,0.796793,,,42.1773,,27.7361,,,45.2857
2020-02-26,8798.89,5821.22,0.882047,0.338414,0.977279,1.51152,1.47121,0.755059,0.749387,,,41.4817,,27.7268,,,44
2020-02-27,8779.03,5817.73,0.876926,0.337315,1.05216,1.50901,1.43701,0.751601,0.746801,,,41.5416,,28.1107,,,43.2857
2020-02-28,8750.59,5816.84,0.868511,0.335263,1.12519,1.50435,1.1671,0.746652,0.743494,,,41.7468,,28.9065,,,42.7143
2020-02-29,8582.09,5815.15,0.818899,0.322409,0.969575,1.47582,0.564764,0.717991,0.728319,,,41.4369,,36.822,,,42
2020-03-01,8541.77,5813.57,0.807233,0.319395,1.22608,1.46928,0.982785,0.710811,0.724048,,,41.2061,,35.4821,,,41
2020-03-02,8906.21,5816.9,0.913782,0.346871,1.07431,1.53109,0.667047,0.772218,0.754032,,,39.889,,33.6758,,,39.8571
2020-03-03,8768.81,5818.55,0.87239,0.336449,1.08413,1.50704,0.875365,0.748131,0.741516,,,40.1113,,29.6764,,,39
2020-03-04,8756.37,5804.31,0.872671,0.337132,1.17933,1.5086,1.11787,0.745513,0.739585,,,39.4384,,25.4459,,,38.8571
2020-03-05,9062.62,5806.01,0.962371,0.359345,1.18875,1.5609,1.63102,0.797952,0.764523,,,39.5576,,26.2614,,,39.1429
2020-03-06,9147.09,5808.47,0.986251,0.364992,1.13876,1.57478,1.13759,0.81244,0.770709,,,38.7107,,27.9599,,,39
2020-03-07,8898.31,5807.92,0.912636,0.347301,1.12002,1.5321,1.64623,0.768482,0.748851,,,38.7893,,23.8005,,,39
2020-03-08,8109.61,5803.69,0.680842,0.284344,1.02558,1.39732,1.71939,0.638078,0.681711,,,38.67,,25.8377,,,38.1429
2020-03-09,7896.39,5793.53,0.620783,0.266306,0.946693,1.36297,1.92597,0.60485,0.663055,,,36.5484,,25.383,,,35.1429
2020-03-10,7909.93,5787.32,0.626501,0.268347,0.833611,1.36677,1.56097,0.606893,0.663461,,,28.9705,,25.383,,,32
2020-03-11,7939.34,5772.71,0.639374,0.272898,0.75366,1.37532,1.8938,0.611291,0.665193,,,29.694,,25.3084,,,28.7143
2020-03-12,4959.31,5651.84,-0.204395,-0.139641,0.59707,0.877469,1.87917,0.239026,0.415206,,,30.1849,,22.8275,,,24.8571
2020-03-13,5627.69,5614.73,0.00382566,0.00230307,0.560747,1.00231,1.60282,0.308296,0.47077,,,30.9804,,-1.12112,,,20.7143
2020-03-14,5145.17,5596.04,-0.133098,-0.0876298,0.524901,0.919431,1.41232,0.258206,0.430076,,,33.1382,,-13.4252,,,16.4286
2020-03-15,5358.61,5589.78,-0.0682482,-0.0431398,0.508252,0.958644,1.41756,0.280508,0.44756,,,31.5428,,-28.9765,,,13.4286
2020-03-16,5012.93,5566.46,-0.163439,-0.110421,0.475447,0.90056,1.35045,0.245916,0.418376,,,32.8379,,-38.6496,,,12.2857
2020-03-17,5416.75,5557.61,-0.0415924,-0.0260028,0.530985,0.974656,1.33146,0.287541,0.451716,,,33.1993,,-42.1997,,,11.1429
2020-03-18,5392.49,5553.61,-0.0475829,-0.0298794,0.429907,0.970988,0.385497,0.285387,0.449333,,,32.505,,-48.7961,,,10.2857
2020-03-19,6203.55,5558.12,0.190611,0.104043,0.529171,1.11612,-0.117933,0.378008,0.516447,,,29.3456,,-52.4231,,,10
2020-03-20,6174.15,5548.53,0.184763,0.101329,0.536385,1.11275,-0.368297,0.374872,0.513536,,,30.4739,,-32.8794,,,9.85714
2020-03-21,6175.83,5547.93,0.185442,0.101671,0.610199,1.11318,-0.0722743,0.375558,0.513214,,,31.6425,,-26.2287,,,10
2020-03-22,5830.56,5546.54,0.0838856,0.0487119,0.589813,1.05121,-0.358542,0.335259,0.484107,,,30.5072,,-17.9759,,,9.85714
2020-03-23,6486.41,5548.26,0.277083,0.144634,0.578493,1.16909,-0.660226,0.415348,0.538058,,,30.7738,,-11.071,,,10
2020-03-24,6775.06,5557.77,0.359513,0.179671,0.711646,1.21902,-0.648677,0.453447,0.561458,,,31.3892,,-7.52093,,,10.5714
2020-03-25,6689.97,5556.18,0.334837,0.169476,0.48967,1.20406,-0.985656,0.442494,0.553875,,,31.7597,,-1.60902,,,10.8571
2020-03-26,6754.46,5557.44,0.353509,0.177219,0.858909,1.21539,-1.06299,0.451399,0.558676,,,32.5893,,2.25549,,,11.1429
2020-03-27,6490.8,5553.7,0.27675,0.144373,0.798856,1.16873,-1.17441,0.417221,0.536367,,,32.1211,,3.29047,,,11.5714
2020-03-28,6231.82,5550.55,0.201204,0.109321,0.667668,1.12274,-1.56581,0.38497,0.514503,,,31.7151,,-0.410156,,,11.4286
2020-03-29,5904.86,5545.07,0.106265,0.0609301,0.707121,1.06488,-1.81259,0.346077,0.48709,,,31.9034,,-4.863,,,11.5714
2020-03-30,6436.91,5543.71,0.263818,0.138762,0.749801,1.16112,-1.70133,0.411654,0.530488,,,31.9286,,-9.13965,,,11.5714
2020-03-31,6432.38,5541.05,0.263275,0.13857,0.809631,1.16086,-2.49749,0.411468,0.529627,,,31.8122,,-12.6257,,,11.5714
2020-04-01,6643.11,5525.21,0.330196,0.16828,0.804172,1.20233,-2.61692,0.439221,0.546461,,,31.4429,,-19.0221,,,11.4286
2020-04-02,6792.74,5525.61,0.374268,0.186542,0.821689,1.22932,-2.9235,0.459534,0.558233,,,4.63327,,-19.8883,,,11.4286
2020-04-03,6751.9,5524.95,0.362392,0.18172,0.704335,1.22208,-3.73725,0.454329,0.554346,,,41.4159,,-19.5798,,,11.7143
2020-04-04,6859.99,5525.39,0.394177,0.194549,0.850624,1.24154,-4.36398,0.469254,0.562676,,,42.095,,-15.4509,,,12.2857
2020-04-05,6790.81,5525.64,0.373671,0.186307,0.937598,1.22896,-4.29361,0.460111,0.556468,,,42.1614,,-11.1972,,,12.2857
2020-04-06,7298.17,5534.36,0.520896,0.241679,0.7367,1.3187,-5.06776,0.531584,0.597439,,,42.2004,,-6.00086,,,12.5714
2020-04-07,7187.59,5532.33,0.488812,0.230294,0.951394,1.2992,-5.37262,0.51576,0.587799,,,42.3562,,-4.84386,,,13.7143
2020-04-08,7372.19,5535.51,0.542337,0.249137,0.835747,1.3318,-5.84141,0.542646,0.602282,,,43.0812,,0.725724,,,15
2020-04-09,7299.58,5536.56,0.520547,0.241524,0.884336,1.31843,-5.64421,0.532103,0.595748,,,43.5026,,0.609654,,,16.1429
2020-04-10,6859.82,5514.61,0.397179,0.1961,0.879013,1.24394,-5.35739,0.470067,0.55932,,,44.1026,,0.394356,,,16.2857
2020-04-11,6883.18,5514.11,0.404214,0.198901,0.859756,1.24829,-5.63245,0.473133,0.560685,,,44.9047,,1.74647,,,16.7143
2020-04-12,6978.67,5514.37,0.432312,0.209824,0.838099,1.26554,-5.38515,0.486119,0.56791,,,44.5958,,3.04436,,,16.4286
2020-04-13,6863.58,5512.9,0.398762,0.196788,0.920174,1.245,-5.01257,0.469937,0.55801,,,45.2294,,2.53618,,,16.2857
2020-04-14,6875.54,5512.45,0.402421,0.198251,0.904782,1.24727,-4.51796,0.47132,0.558447,,,45.4748,,2.47616,,,15.5714
2020-04-15,6625.48,5509.64,0.329432,0.168416,0.876379,1.20252,-3.93524,0.437506,0.537636,,,45.4319,,0.994156,,,15.1429
2020-04-16,7127.79,5511.36,0.477198,0.226779,0.858447,1.29329,-3.6286,0.505956,0.577829,,,45.1491,,-0.976584,,,13.8571
2020-04-17,7081.4,5511.54,0.463417,0.221687,0.703162,1.28483,-2.88291,0.499074,0.573507,,,49.6611,,-1.62821,,,13.8571
2020-04-18,7262.79,5513,0.516498,0.240925,0.896549,1.31739,-2.03341,0.524582,0.587612,,,49.4033,,-5.27399,,,14.2857
2020-04-19,7150.24,5512.93,0.483271,0.228987,0.848427,1.297,-1.40769,0.508128,0.577938,,,49.2303,,-7.62287,,,15.1429
2020-04-20,6853.27,5509.19,0.396716,0.196123,0.860887,1.24397,-1.23398,0.466569,0.553409,,,49.8385,,-7.29682,,,15.7143
2020-04-21,6870.42,5507.86,0.402157,0.198322,0.7982,1.24738,-0.836269,0.468649,0.554266,,,50.016,,-6.82237,,,16
2020-04-22,7123.66,5509.34,0.476432,0.226614,0.727189,1.29302,-0.317239,0.503456,0.574135,,,49.4106,,-8.42842,,,16.1429
2020-04-23,7488.61,5514.51,0.582551,0.263613,0.828318,1.35798,-0.238128,0.555708,0.602936,,,64.6481,,-7.44694,,,17
2020-04-24,7506.44,5517.91,0.586748,0.26491,0.841361,1.36038,0.860119,0.557825,0.603759,,,63.6464,,-6.01301,,,17.7143
2020-04-25,7537.74,5519.19,0.595537,0.267792,0.797511,1.36573,0.787429,0.561924,0.60566,,,64.1968,,-2.36723,,,18.5714
2020-04-26,7684.07,5520.86,0.638131,0.281518,0.818373,1.39182,0.771499,0.583456,0.616782,,,64.7315,,-0.0684114,,,19.2857
2020-04-27,7777.49,5531.93,0.662329,0.288725,0.85204,1.40593,1.35734,0.597177,0.623633,,,65.4349,,1.96234,,,21.1429
2020-04-28,7769.9,5533.46,0.659552,0.287834,0.928982,1.40417,1.89164,0.595363,0.622379,,,64.7136,,3.87698,,,22.4286
2020-04-29,8761.84,5576.35,0.939169,0.363564,0.98524,1.57125,2.17511,0.755817,0.701044,,,64.5981,,7.8038,,,23.4286
2020-04-30,8652.41,5590,0.902636,0.353937,0.905338,1.54784,2.54439,0.735859,0.691517,,,74.9844,,15.5499,,,27
2020-05-01,8855.54,5599.46,0.959428,0.367688,0.967247,1.5815,2.77477,0.769499,0.70695,,,74.9837,,16.7224,,,29.8571
2020-05-02,8977.28,5604.38,0.993538,0.375715,1.0282,1.60183,3.13673,0.78931,0.715852,,,76.209,,16.7299,,,32.1429
2020-05-03,8896.8,5608.17,0.968434,0.369641,1.15489,1.5864,4.35024,0.773718,0.70863,,,76.4588,,17.6413,,,35.5714
2020-05-04,8881.95,5612.93,0.962384,0.368053,1.08281,1.58241,4.86679,0.769683,0.706648,,,76.7732,,17.7417,,,37.8571
2020-05-05,8985.88,5617.6,0.991297,0.374841,1.09419,1.59959,4.91674,0.786213,0.714103,,,76.7655,,17.7417,,,39.8571
2020-05-06,9266.81,5630.76,1.06972,0.392374,1.09823,1.64575,5.94281,0.834322,0.735574,,,78.5996,,19.0964,,,42.1429
2020-05-07,9993.75,5670.32,1.27132,0.432613,1.1292,1.76247,6.05287,0.968037,0.792312,,,79.736,,14.3657,,,42.8571
2020-05-08,9859.32,5682.45,1.22765,0.423647,1.03729,1.73505,6.42026,0.939982,0.780713,,,83.2387,,17.0154,,,45
2020-05-09,9577.34,5682.94,1.14414,0.406626,0.999201,1.68528,6.30016,0.884953,0.757488,,,84.5299,,24.614,,,47.2857
2020-05-10,8715.03,5679.6,0.89156,0.348298,1.13528,1.53444,6.19553,0.73117,0.688522,,,86.659,,25.5189,,,47.7143
2020-05-11,8591.65,5673.77,0.85682,0.339619,0.937912,1.51428,6.45849,0.70911,0.67803,,,90.4482,,25.4185,,,47.1429
2020-05-12,8817.25,5673.96,0.922701,0.356493,0.493773,1.55399,6.38231,0.745718,0.695057,,,90.7782,,25.4185,,,47
2020-05-13,9323,5683.83,1.06781,0.390343,0.426129,1.64027,5.6361,0.832513,0.734075,,,93.9037,,24.0638,,,46.8571
2020-05-14,9801.27,5693.48,1.2047,0.419108,0.429769,1.72149,4.77792,0.91871,0.770813,,,93.9689,,24.0638,,,45.5714
2020-05-15,9326.88,5695.1,1.06465,0.389388,0.448964,1.6377,4.02478,0.830756,0.732658,,,96.4552,,19.9497,,,44
2020-05-16,9395.48,5696.87,1.08377,0.393658,0.456379,1.64923,3.67068,0.841852,0.737191,,,97.541,,12.3436,,,41.8571
2020-05-17,9682.53,5700.47,1.16626,0.411263,0.381237,1.69855,3.33748,0.892586,0.758818,,,97.5987,,9.7723,,,40.7143
2020-05-18,9726.85,5711.29,1.1755,0.412832,0.481335,1.70309,2.71138,0.899237,0.76139,,,99.0241,,8.90464,,,42.1429
2020-05-19,9754.2,5719.42,1.18054,0.413645,0.434331,1.70545,2.09211,0.902792,0.762627,,,99.0494,,8.79473,,,43.7143
2020-05-20,9515.7,5720.71,1.10988,0.398813,0.424319,1.66338,1.38329,0.857878,0.743115,,,98.4734,,8.79473,,,45.2857
2020-05-21,9068.8,5717.63,0.979716,0.369527,0.461327,1.58611,0.941708,0.778156,0.707417,,,99.1453,,7.63622,,,46.5714
2020-05-22,9161.82,5717.86,1.00645,0.375903,0.395527,1.60231,0.451201,0.793195,0.713863,,,98.5074,,6.32853,,,46.2857
2020-05-23,9183.66,5719.47,1.01197,0.377213,0.425657,1.60568,0.0363871,0.795927,0.714755,,,98.0987,,4.96499,,,46.1429
2020-05-24,8806.23,5718.01,0.901837,0.350686,0.398399,1.54009,-0.966093,0.731043,0.684625,,,97.8585,,5.57126,,,46.5714
2020-05-25,8909.19,5714.57,0.932587,0.358576,0.435151,1.55903,-1.12038,0.747312,0.691863,,,100.062,,4.78452,,,45.2857
2020-05-26,8835.14,5713.92,0.910858,0.353274,0.42893,1.54625,-1.3821,0.733891,0.685356,,,100.965,,4.08956,,,43.7143
2020-05-27,9169.06,5717.83,1.00678,0.376399,0.496248,1.60359,-1.78689,0.789148,0.710457,,,100.983,,2.42511,,,41.8571
2020-05-28,9568.26,5721.86,1.12155,0.401995,0.492517,1.67223,-2.42382,0.857912,0.740531,,,100.624,,1.00698,,,40.7143
2020-05-29,9432.41,5724.56,1.0807,0.393097,0.471434,1.64771,-2.93118,0.832226,0.72918,,,101.249,,1.24528,,,41.5714
2020-05-30,9691.68,5727.42,1.1549,0.409037,0.595317,1.69215,-2.72553,0.876945,0.748349,,,101.364,,2.60881,,,42.7143
2020-05-31,9433.94,5727.78,1.07926,0.392854,0.5579,1.64705,-2.79967,0.829454,0.727615,,,102.406,,2.88825,,,43.8571
2020-06-01,10199.1,5747.41,1.29565,0.436481,0.539354,1.77456,-3.2346,0.967309,0.785687,,,101.75,,3.3969,,,45.1429
2020-06-02,9512.35,5745.7,1.09579,0.395974,0.484641,1.65556,-4.43196,0.839754,0.731939,,,101.858,,9.04011,,,47.5714
2020-06-03,9642.27,5749.73,1.1319,0.403696,0.529926,1.677,-5.01077,0.861088,0.741078,,,103.486,,10.634,,,48.8571
2020-06-04,9813.36,5755.67,1.17936,0.413486,0.586533,1.70499,-5.37937,0.890031,0.753346,,,104.569,,13.2106,,,50.7143
2020-06-05,9641.89,5756.66,1.12875,0.402954,0.683677,1.67491,-5.90069,0.857294,0.739328,,,104.802,,14.572,,,51.4286
2020-06-06,9668.67,5758.73,1.13543,0.404393,0.751208,1.67896,-5.66164,0.860104,0.740525,,,104.868,,14.572,,,52.2857
2020-06-07,9747.58,5760.62,1.15726,0.40902,0.614652,1.69211,-5.77238,0.872158,0.745702,,,106.486,,14.572,,,52.7143
2020-06-08,9769.34,5770.65,1.16013,0.40931,0.628099,1.69294,-5.69053,0.873741,0.746499,,,105.585,,15.7177,,,53.1429
2020-06-09,9779.42,5774.43,1.16143,0.409533,0.621623,1.69357,-6.36782,0.87303,0.746402,,,106.223,,10.8794,,,52.5714
2020-06-10,9888.44,5778.37,1.19133,0.415644,0.644719,1.71129,-6.72569,0.89002,0.753842,,,105.297,,10.95,,,53.4286
2020-06-11,9277.45,5774.88,1.01487,0.377536,0.682648,1.60652,-6.64319,0.781204,0.706472,,,105.484,,10.95,,,53.1429
2020-06-12,9456.16,5776.68,1.0657,0.38911,0.613686,1.63696,-5.95644,0.809318,0.719266,,,102.387,,10.2147,,,51
2020-06-13,9461.33,5777.7,1.06647,0.389336,0.596127,1.63756,-5.231,0.807949,0.718845,,,105.936,,9.44688,,,48.7143
2020-06-14,9342.96,5778.41,1.0316,0.381522,0.634067,1.61687,-4.63042,0.785908,0.709056,,,103.562,,9.29577,,,46.7143
2020-06-15,9441.38,5780.67,1.059,0.387731,0.520729,1.63327,-4.56491,0.800477,0.715718,,,103.03,,7.08689,,,44.4286
2020-06-16,9520.09,5783.68,1.08045,0.392477,0.57139,1.64603,-3.99503,0.811907,0.720867,,,102.648,,5.77211,,,42.5714
2020-06-17,9448.69,5784.42,1.05916,0.387807,0.522679,1.63347,-3.70871,0.797766,0.714656,,,106.158,,4.57043,,,40.2857
2020-06-18,9389.99,5798.79,1.03762,0.38245,0.464058,1.6193,-3.3539,0.785858,0.709421,,,103.58,,2.2777,,,38.5714
2020-06-19,9285.99,5798.25,1.00735,0.375591,0.534376,1.60152,-2.48513,0.766562,0.700784,,,103.045,,2.06314,,,38.7143
2020-06-20,9357.29,5799.61,1.02715,0.380204,0.516683,1.61344,-2.08101,0.776333,0.705378,,,106.473,,2.37135,,,38.7143
2020-06-21,9284.77,5800.86,1.00548,0.375229,0.54736,1.60059,-1.28469,0.762318,0.699136,,,106.386,,1.25294,,,38.2857
2020-06-22,9684.62,5806.3,1.11881,0.400462,0.560765,1.66795,-0.579221,0.827124,0.728414,,,106.063,,3.29412,,,38.4286
2020-06-23,9611.73,5809.31,1.09646,0.395602,0.616549,1.65454,0.401309,0.812594,0.722114,,,106.208,,4.7244,,,38.7143
2020-06-24,9292.94,5806.5,1.00497,0.375171,0.525664,1.60044,0.845019,0.757723,0.697392,,,104.509,,5.99314,,,40.4286
2020-06-25,9247.12,5805.45,0.991699,0.372189,0.532344,1.59284,1.34793,0.748454,0.69319,,,105.321,,8.28586,,,40.8571
2020-06-26,9159.44,5820.34,0.961813,0.364553,0.614446,1.5737,1.84862,0.732493,0.685867,,,105.901,,9.20452,,,41
2020-06-27,9002.17,5819.9,0.916338,0.3535,0.509748,1.54679,2.3647,0.705797,0.673364,,,106.133,,9.6641,,,41.7143
2020-06-28,9108.07,5820.35,0.946381,0.360967,0.562356,1.56486,3.0032,0.720648,0.680545,,,106.64,,10.666,,,42.1429
2020-06-29,9184.25,5821.94,0.967515,0.366095,0.549374,1.57752,2.78643,0.73084,0.685489,,,106.992,,10.8337,,,42.5714
2020-06-30,9143.97,5824.55,0.954844,0.363017,0.555563,1.5699,2.80714,0.722594,0.681741,,,107.115,,10.7182,,,43
2020-07-01,9241.34,5826.13,0.982053,0.369558,0.620111,1.58619,3.45976,0.736054,0.688248,,,106.707,,10.6511,,,41.8571
2020-07-02,9094.39,5825.76,0.939595,0.359412,0.619626,1.56107,4.50233,0.710965,0.676572,,,51.9283,,10.6511,,,41.7143
2020-07-03,9066.69,5826.19,0.931208,0.357407,0.615553,1.5562,5.17585,0.704687,0.673785,,,51.1563,,10.6824,,,41.8571
2020-07-04,9126.22,5826.95,0.947778,0.361515,0.598648,1.56621,5.68276,0.711829,0.677476,,,51.943,,10.6824,,,41.4286
2020-07-05,9079.61,5827.17,0.934024,0.358214,0.620134,1.55815,5.78298,0.702824,0.673292,,,52.5103,,10.95,,,41.1429
2020-07-06,9338.94,5830.14,1.00727,0.375717,0.604062,1.60184,5.33467,0.741519,0.691763,,,53.1591,,10.95,,,41
2020-07-07,9252.16,5831.15,0.981727,0.369752,0.627742,1.58668,5.61036,0.725872,0.68459,,,53.4554,,10.95,,,40.8571
2020-07-08,9434.57,5839.62,1.03125,0.38104,0.602063,1.61561,5.69651,0.752679,0.697318,,,53.4529,,10.95,,,41.1429
2020-07-09,9231.5,5840.84,0.972312,0.367292,0.641016,1.58051,6.41088,0.71887,0.68157,,,53.7798,,10.95,,,41.4286
2020-07-10,9285.22,5841.94,0.987053,0.370835,0.633996,1.58941,6.83972,0.725389,0.684791,,,54.2398,,10.95,,,41.4286
2020-07-11,9237.17,5842.45,0.972794,0.367506,0.612861,1.58104,6.6311,0.71603,0.68051,,,54.5808,,10.95,,,42
2020-07-12,9289.1,5843.32,0.987076,0.370949,0.601757,1.5897,6.48513,0.722174,0.683594,,,54.939,,10.95,,,42.4286
2020-07-13,9236.62,5843.82,0.971561,0.36732,0.579774,1.58058,6.41045,0.712157,0.678998,,,55.0129,,10.95,,,42.8571
2020-07-14,9260.36,5846.85,0.977146,0.368615,0.570641,1.58382,6.26862,0.713949,0.680007,,,54.7405,,10.95,,,42.8571
2020-07-15,9196.73,5849.07,0.957969,0.364006,0.544255,1.57234,6.72474,0.702386,0.674609,,,55.0202,,10.95,,,42.8571
2020-07-16,9132.59,5849.32,0.93923,0.359511,0.533461,1.56131,6.46683,0.690933,0.66919,,,51.0869,,10.95,,,42.7143
2020-07-17,9156.47,5849.41,0.945711,0.361172,0.464889,1.56537,6.28279,0.69277,0.670222,,,51.6376,,10.95,,,42.7143
2020-07-18,9175.91,5849.96,0.950787,0.362465,0.514036,1.56854,6.43013,0.693893,0.670927,,,51.9064,,10.95,,,42.7143
2020-07-19,9218.84,5851.57,0.96227,0.36526,0.52204,1.57545,6.03762,0.698554,0.673344,,,52.03,,10.95,,,42.7143
2020-07-20,9167.19,5851.77,0.947134,0.361662,0.559978,1.56657,6.09351,0.688836,0.668857,,,52.8467,,10.95,,,42.8571
2020-07-21,9388.57,5854.49,1.00923,0.376424,0.509686,1.60365,5.51372,0.720608,0.684268,,,52.846,,10.95,,,43
2020-07-22,9531.26,5859.24,1.04821,0.385261,0.597111,1.62671,5.32863,0.740683,0.693908,,,39.4585,,10.95,,,43.8571
2020-07-23,9609.17,5863.6,1.06877,0.389791,0.569509,1.63878,4.67094,0.750791,0.698812,,,41.4452,,10.95,,,45.5714
2020-07-24,9548.1,5865.97,1.05027,0.38564,0.671061,1.62771,4.85485,0.739489,0.693613,,,42.3694,,10.95,,,47.2857
2020-07-25,9702.45,5869.26,1.0929,0.395075,0.602796,1.6531,4.75456,0.761864,0.704049,,,43.5063,,10.95,,,48.8571
2020-07-26,9933.91,5873.69,1.15711,0.408723,0.687791,1.69125,4.48359,0.796709,0.720037,,,43.4391,,13.8406,,,50.8571
2020-07-27,11046.5,5900.19,1.46569,0.465877,0.722723,1.87223,4.60933,0.982106,0.799724,,,44.3885,,21.9759,,,52.8571
2020-07-28,10944.6,5917.6,1.43081,0.459313,0.698183,1.8495,4.32964,0.961309,0.791406,,,43.9789,,39.1368,,,57.4286
2020-07-29,11115.8,5928.89,1.47534,0.466624,0.724715,1.87485,4.52233,0.988634,0.802819,,,38.6987,,48.7146,,,60.4286
2020-07-30,11135.4,5939.65,1.47688,0.466597,0.663776,1.87476,4.45445,0.98922,0.803272,,,40.6577,,57.749,,,63.4286
2020-07-31,11338.2,5951.26,1.53016,0.475114,0.767111,1.90518,4.07834,1.02246,0.816912,,,40.6002,,64.5129,,,66.5714
2020-08-01,11797.6,5961.12,1.65653,0.494716,0.716407,1.97909,3.4224,1.10386,0.848958,,,40.8369,,68.5639,,,69.4286
2020-08-02,11094,5964.57,1.45492,0.462362,0.69519,1.85999,2.94745,0.973658,0.797378,,,42.3158,,72.5952,,,73
2020-08-03,11236.1,5983.89,1.48874,0.46744,0.810784,1.87772,2.90251,0.996114,0.80662,,,44.182,,68.9186,,,75.4286
2020-08-04,11202.7,5989.48,1.4767,0.465351,0.725088,1.87039,2.73137,0.987697,0.803257,,,43.4663,,55.4274,,,74.8571
2020-08-05,11721.4,6007.08,1.61742,0.487513,0.676744,1.95127,2.74368,1.07833,0.839422,,,43.1176,,47.0257,,,75.4286
2020-08-06,11769.3,6030.74,1.62302,0.487588,0.823575,1.95155,2.54523,1.08401,0.841813,,,41.5525,,42.3537,,,75.8571
2020-08-07,11599,6048.54,1.56865,0.478528,0.792428,1.91765,2.55228,1.04986,0.828618,,,41.3678,,38.0323,,,76.1429
2020-08-08,11743,6061.13,1.60458,0.483852,0.75117,1.93743,2.1383,1.07302,0.837879,,,40.8301,,33.9812,,,76.4286
2020-08-09,11680.5,6068.72,1.5836,0.480441,0.822453,1.92471,1.99184,1.05858,0.832402,,,40.0144,,27.8748,,,76.2857
2020-08-10,11870.4,6077.38,1.63345,0.488021,0.735753,1.95321,1.94459,1.08986,0.844889,,,40.6659,,30.8264,,,76.7143
2020-08-11,11392.6,6085.98,1.49529,0.465797,0.795021,1.87195,1.97432,1.001,0.809913,,,38.8281,,30.5942,,,78.4286
2020-08-12,11575.5,6092.92,1.54375,0.473637,0.825152,1.89983,1.9282,1.03029,0.821916,,,40.0927,,29.4182,,,78.4286
2020-08-13,11773.4,6102.63,1.59554,0.481662,0.787095,1.92924,1.80845,1.06267,0.834949,,,39.0589,,25.0558,,,77.8571
2020-08-14,11774.4,6111.62,1.59209,0.480941,0.895674,1.92656,1.75404,1.0599,0.833997,,,39.6518,,25.6933,,,78
2020-08-15,11866.9,6117.29,1.61525,0.484509,0.844514,1.9399,1.80018,1.07382,0.839519,,,42.4307,,27.7037,,,78.2857
2020-08-16,11899.6,6122.28,1.62178,0.485507,0.82596,1.94366,2.24733,1.07695,0.840801,,,41.0394,,30.3265,,,78.7143
2020-08-17,12315.8,6144.43,1.73087,0.501092,0.703933,2.00438,1.93714,1.15051,0.869115,,,42.1094,,29.2728,,,79.4286
2020-08-18,11992.7,6149.67,1.63749,0.487215,0.769525,1.95014,1.99384,1.08809,0.845276,,,44.0445,,39.8235,,,79.1429
2020-08-19,11736.8,6152.96,1.5637,0.475757,0.743916,1.90751,1.72529,1.03956,0.826239,,,46.1605,,46.4075,,,79.8571
2020-08-20,11867.5,6159.62,1.59721,0.480968,0.79682,1.92666,2.02471,1.06011,0.834419,,,46.6827,,47.6621,,,79.8571
2020-08-21,11524.7,6164.07,1.499,0.465142,0.822609,1.86966,1.94385,0.997291,0.809345,,,48.1313,,44.582,,,80.2857
2020-08-22,11682.3,6166.96,1.54114,0.47211,0.733121,1.89433,2.00132,1.0221,0.819422,,,49.3146,,42.5717,,,80.1429
2020-08-23,11665.6,6169.15,1.53477,0.471167,0.84663,1.89096,1.49955,1.01681,0.817267,,,49.291,,39.1334,,,79.2857
2020-08-24,11771.4,6175.87,1.56129,0.47535,0.812193,1.90603,1.41892,1.03293,0.823682,,,49.2802,,32.7767,,,78.5714
2020-08-25,11358.5,6177.98,1.44452,0.45609,0.674431,1.83854,0.984685,0.959705,0.793847,,,49.7086,,20.4873,,,77.5714
2020-08-26,11472,6182.14,1.47404,0.461113,0.756754,1.85568,0.656689,0.976938,0.800834,,,49.5889,,14.7561,,,77
2020-08-27,11314.7,6184.22,1.42868,0.453434,0.67932,1.8296,0.48576,0.9485,0.788918,,,49.5925,,13.5016,,,77
2020-08-28,11527.9,6191.57,1.485,0.462905,0.875936,1.86187,0.594412,0.982471,0.802828,,,51.3131,,13.5016,,,76
2020-08-29,11490.8,6192.37,1.47346,0.4611,0.783443,1.85563,0.81901,0.974269,0.799294,,,51.4123,,13.5016,,,76.1429
2020-08-30,11699,6197.72,1.52878,0.470234,0.695352,1.88762,0.572151,1.0079,0.812803,,,53.868,,13.5016,,,76
2020-08-31,11678.3,6205.69,1.51976,0.468616,0.820928,1.88188,0.980901,1.00231,0.8104,,,53.767,,13.7863,,,75.5714
2020-09-01,11970.4,6219.3,1.59587,0.480442,0.865282,1.92471,1.33444,1.05086,0.829657,,,45.5516,,14.6853,,,75.5714
2020-09-02,11414.5,6221.17,1.44017,0.454978,0.773354,1.83479,1.02931,0.95355,0.790202,,,46.8944,,18.1608,,,76.5714
2020-09-03,10261.5,6211.07,1.12271,0.39472,0.624064,1.65213,0.999044,0.769463,0.709601,,,48.9017,,19.8779,,,77.1429
2020-09-04,10472,6212.57,1.18006,0.406743,0.668279,1.68561,1.30644,0.79994,0.72335,,,49.6926,,19.8779,,,72.2857
2020-09-05,10128.6,6208.88,1.08551,0.386998,0.676706,1.63132,1.14515,0.747348,0.698876,,,50.995,,19.8779,,,66.8571
2020-09-06,10253.3,6208.85,1.11954,0.394454,0.730287,1.6514,1.07268,0.764571,0.706703,,,51.2317,,19.8779,,,62
2020-09-07,10367.9,6208.1,1.15094,0.401217,0.863623,1.67006,1.64495,0.78039,0.713814,,,51.2439,,19.5931,,,57.1429
2020-09-08,10108.6,6205.64,1.07945,0.386105,0.74721,1.62894,1.62548,0.740685,0.695213,,,54.1444,,16.9953,,,52.2857
2020-09-09,10223.1,6204.94,1.11082,0.393048,0.728464,1.64758,1.90817,0.756311,0.702321,,,53.1881,,12.6671,,,45.8571
2020-09-10,10334.6,6205.83,1.14089,0.399511,0.783046,1.66531,1.85018,0.771707,0.709205,,,56.1505,,10.95,,,40
2020-09-11,10387,6205.6,1.15489,0.402562,0.689072,1.67381,1.52634,0.778198,0.712018,,,56.156,,10.95,,,40.1429
2020-09-12,10437,6205.47,1.16819,0.405435,0.854435,1.6819,1.83171,0.784194,0.714655,,,56.9344,,10.95,,,40.1429
2020-09-13,10322.5,6205.61,1.13605,0.398828,0.806937,1.66342,1.52233,0.765429,0.706047,,,57.501,,10.95,,,39.7143
2020-09-14,10662.7,6208.8,1.22844,0.41771,0.906948,1.71736,1.5977,0.814804,0.728504,,,60.3423,,10.4738,,,39.4286
2020-09-15,10779.4,6213.52,1.25866,0.423574,0.814474,1.73483,1.32709,0.830727,0.73565,,,51.787,,7.33368,,,40.2857
2020-09-16,10968.3,6221.67,1.30778,0.43276,0.82488,1.76292,1.78854,0.857877,0.747697,,,61.7391,,4.94205,,,41
2020-09-17,10936.3,6225.56,1.29719,0.430743,0.946515,1.75668,2.18142,0.850658,0.744672,,,63.2468,,3.5077,,,42.4286
2020-09-18,10920.1,6230.47,1.29069,0.42945,0.877536,1.7527,2.58711,0.846122,0.742733,,,63.9379,,2.98476,,,43.5714
2020-09-19,11073.8,6236.16,1.33067,0.436854,0.80512,1.77574,2.45246,0.867902,0.75233,,,64.3583,,-0.0540721,,,44.5714
2020-09-20,10921.2,6238.34,1.2874,0.428787,0.758514,1.75066,2.43115,0.84207,0.741131,,,66.6614,,-2.88538,,,46.5714
2020-09-21,10455.4,6234.91,1.15974,0.403664,0.743314,1.67691,2.78076,0.770163,0.708744,,,66.6779,,-4.47287,,,47.8571
2020-09-22,10519.8,6240.68,1.17531,0.40677,0.666133,1.68569,2.76195,0.778081,0.712333,,,67.8708,,-1.33272,,,46.7143
2020-09-23,10233.3,6237.43,1.09704,0.390477,0.714493,1.64063,2.77777,0.734754,0.692187,,,67.8691,,-0.702938,,,46.7143
2020-09-24,10739,6241.69,1.23409,0.418785,0.724532,1.72053,3.35829,0.806937,0.725591,,,68.8307,,-0.207685,,,45.4286
2020-09-25,10683.6,6245.31,1.2173,0.415432,0.890309,1.71067,3.8953,0.796338,0.721051,,,68.9362,,-1.80576,,,45
2020-09-26,10742,6247.7,1.23205,0.418387,0.795126,1.71936,4.40577,0.802742,0.724191,,,68.5148,,1.23307,,,44.5714
2020-09-27,10758.8,6249.04,1.23566,0.41917,0.80805,1.72168,4.20399,0.802936,0.724521,,,69.1887,,4.06438,,,43.8571
2020-09-28,10727.4,6250.58,1.22601,0.417324,0.684525,1.71622,3.96662,0.794092,0.721607,,,69.9401,,6.12804,,,43.1429
2020-09-29,10841.1,6261.48,1.25353,0.422434,0.756777,1.7314,4.50208,0.80727,0.728451,,,68.8045,,6.12804,,,44
2020-09-30,10772.4,6263.17,1.23362,0.418589,0.832761,1.71995,4.51616,0.793037,0.72303,,,68.2443,,7.88989,,,44.8571
2020-10-01,10606.6,6262.88,1.18779,0.409531,0.652782,1.69357,4.10904,0.76516,0.71113,,,68.3175,,8.69404,,,45.7143
2020-10-02,10570.1,6263.82,1.177,0.407403,0.714451,1.68749,4.30283,0.756042,0.707911,,,68.8414,,9.67234,,,45
2020-10-03,10555.7,6264.28,1.17239,0.40655,0.793041,1.68506,4.81772,0.75045,0.70618,,,68.5886,,9.65926,,,44.2857
2020-10-04,10665.6,6265.9,1.20141,0.412514,0.839461,1.70217,5.09611,0.762513,0.712754,,,68.7469,,8.2065,,,43.5714
2020-10-05,10772.6,6269.17,1.22912,0.418047,0.752144,1.71835,5.33323,0.774694,0.719115,,,68.6817,,5.62877,,,43.4286
2020-10-06,10596.4,6269.59,1.18034,0.408327,0.688094,1.69012,5.20982,0.746512,0.706582,,,68.3923,,3.98616,,,43.7143
2020-10-07,10667.2,6273.35,1.19807,0.411903,0.80574,1.7004,4.68977,0.753435,0.71053,,,68.0902,,2.48476,,,42.8571
2020-10-08,10902.5,6278.88,1.26009,0.42409,0.884242,1.73638,4.91227,0.78352,0.725404,,,67.6097,,1.82698,,,43
2020-10-09,11074.1,6285.68,1.30428,0.432398,0.788579,1.7618,4.8258,0.805121,0.735999,,,69.5927,,2.76779,,,44
2020-10-10,11302.9,6289.85,1.36466,0.443517,0.811618,1.797,4.75128,0.835446,0.750356,,,69.6342,,2.78088,,,45.8571
2020-10-11,11378.3,6294.32,1.38315,0.446812,0.800577,1.8077,5.1102,0.843239,0.754508,,,70.249,,4.23363,,,47.7143
2020-10-12,11548.4,6300.79,1.42679,0.454401,0.865539,1.83285,4.76624,0.865143,0.764917,,,70.1885,,6.81137,,,49.1429
2020-10-13,11435,6305.53,1.39384,0.448575,0.955288,1.81348,5.013,0.844685,0.756546,,,70.5198,,8.45397,,,50.4286
2020-10-14,11417.1,6311.97,1.38641,0.447148,0.857058,1.8088,4.64071,0.838364,0.754511,,,69.6712,,9.95537,,,51.8571
2020-10-15,11502.6,6318.35,1.40704,0.450702,0.875732,1.8205,4.67949,0.846981,0.759297,,,69.3225,,10.7481,,,53.2857
2020-10-16,11339,6320.24,1.36134,0.44261,0.886959,1.79408,4.48896,0.819621,0.747658,,,68.9593,,10.95,,,53.8571
2020-10-17,11362.8,6322.06,1.36652,0.443618,0.901242,1.79733,4.01894,0.819616,0.748387,,,68.1186,,10.95,,,54.2857
2020-10-18,11489.6,6324.6,1.39936,0.449538,0.697383,1.81666,3.41133,0.834588,0.755884,,,67.0054,,10.95,,,54.2857
2020-10-19,11745.8,6343.38,1.46272,0.459945,0.743597,1.85166,3.29088,0.868658,0.771854,,,67.7628,,10.95,,,54.7143
2020-10-20,11929.5,6355.6,1.50812,0.467235,0.871097,1.877,3.31568,0.892276,0.783017,,,68.3495,,10.6237,,,54.7143
2020-10-21,12848.5,6381.44,1.74829,0.503331,0.848221,2.01342,2.8828,1.03041,0.842321,,,69.3712,,10.0907,,,55.8571
2020-10-22,12997.5,6433.81,1.77285,0.504996,0.905175,2.02019,3.13696,1.04961,0.851056,,,68.643,,10.0907,,,58.2857
2020-10-23,12953.4,6449.31,1.75523,0.502116,0.862941,2.0085,2.96558,1.03811,0.847143,,,67.5358,,10.0907,,,61.4286
2020-10-24,13113.9,6463.13,1.79319,0.507153,1.01424,2.02903,2.94809,1.05936,0.856591,,,67.0451,,10.0907,,,63.8571
2020-10-25,13041.6,6470.07,1.77027,0.503892,0.777548,2.01569,1.91676,1.04332,0.85084,,,66.0907,,10.0907,,,66.8571
2020-10-26,13080.7,6477.04,1.77731,0.504838,0.733994,2.01954,1.10617,1.0451,0.85235,,,67.478,,10.0907,,,69.7143
2020-10-27,13675.5,6500.7,1.92907,0.524647,0.691742,2.1037,0.480291,1.13684,0.890003,,,64.099,,10.1772,,,70.4286
2020-10-28,13290.3,6513.29,1.82041,0.509922,0.680171,2.04049,0.223415,1.06873,0.863876,,,62.1867,,10.383,,,71.7143
2020-10-29,13475.2,6530.05,1.86377,0.515403,0.745856,2.06357,-0.427561,1.09358,0.874815,,,62.217,,6.87655,,,70.8571
2020-10-30,13603.3,6539.5,1.89372,0.519271,0.774847,2.08017,-1.15278,1.10916,0.882038,,,61.8592,,3.76623,,,70.8571
2020-10-31,13807.2,6551.55,1.94316,0.525499,0.801586,2.10748,-1.04847,1.13715,0.894145,,,60.8543,,0.514859,,,70.8571
2020-11-01,13736.9,6562.73,1.91939,0.522255,0.883158,2.09317,-1.18834,1.11999,0.888485,,,59.5324,,-1.85895,,,70.2857
2020-11-02,13595.6,6581.07,1.87482,0.51594,0.665466,2.06586,-2.22647,1.09204,0.878259,,,59.006,,-2.72853,,,69.7143
2020-11-03,13996.9,6681.18,1.95327,0.522667,1.01039,2.09498,-2.99609,1.15198,0.903053,,,58.0862,,-5.41457,,,71.1429
2020-11-04,14129.1,6701.89,1.98092,0.525669,1.15908,2.10823,-3.15265,1.16837,0.910437,,,58.0669,,-8.43781,,,71.7143
2020-11-05,15606.5,6763.39,2.3552,0.566629,1.18394,2.30749,-3.1038,1.418,1.0043,,,56.7098,,-4.93136,,,72.4286
2020-11-06,15619,6793.25,2.34727,0.565065,1.23342,2.29919,-3.24227,1.41252,1.00377,,,56.7815,,0.139795,,,74.7143
2020-11-07,14866.4,6797.25,2.1434,0.542777,1.1204,2.18711,-3.94031,1.27303,0.954165,,,55.913,,6.97609,,,76.8571
2020-11-08,15500,6828.9,2.30014,0.559426,1.10477,2.26976,-4.3084,1.37663,0.993521,,,55.2264,,9.34989,,,78.2857
2020-11-09,15319.8,6846.8,2.24465,0.553076,1.46416,2.23752,-4.09495,1.3382,0.980685,,,54.7955,,10.2195,,,81
2020-11-10,15319.3,6862.59,2.23737,0.552029,1.164,2.23229,-4.43025,1.33154,0.979367,,,52.6774,,13.1453,,,83.7143
2020-11-11,15731.2,6882.66,2.33775,0.562484,1.1954,2.28563,-4.65213,1.39708,1.00437,,,53.0849,,16.4958,,,85.4286
2020-11-12,16289.8,6912.92,2.47352,0.575629,1.34686,2.35643,-5.22465,1.49043,1.03863,,,52.9887,,16.4958,,,87.5714
2020-11-13,16330.1,6935.53,2.47433,0.575291,1.17406,2.35455,-5.47687,1.49024,1.03979,,,50.8621,,14.5349,,,87.4286
2020-11-14,16102,6946.91,2.40768,0.568569,1.1833,2.31787,-5.95204,1.4417,1.02389,,,51.1904,,10.6516,,,87.7143
2020-11-15,15986.8,6954.3,2.37199,0.564996,1.24122,2.29883,-6.44655,1.41496,1.01521,,,50.7412,,10.6516,,,88.2857
2020-11-16,16743.1,6976.87,2.5605,0.583298,1.38648,2.3998,-6.66366,1.5448,1.06179,,,49.1729,,10.6516,,,88.2857
2020-11-17,17682.2,7024.02,2.78913,0.602763,1.43581,2.51739,-6.14687,1.7147,1.11977,,,47.4653,,10.6516,,,87.7143
2020-11-18,17804.7,7092.84,2.79788,0.601631,1.55489,2.51023,-5.7798,1.73027,1.12594,,,46.8742,,14.3118,,,88.4286
2020-11-19,17818.7,7114.86,2.79049,0.600708,1.2612,2.50443,-6.18227,1.72466,1.12524,,,45.8245,,17.2955,,,89.4286
2020-11-20,18663.8,7189.09,2.98514,0.614811,1.61753,2.59613,-5.82479,1.88259,1.17692,,,45.7394,,21.7232,,,89
2020-11-21,18706.6,7222.66,2.98124,0.613898,1.62803,2.58999,-5.81582,1.88178,1.17792,,,47.3196,,24.5994,,,89.1429
2020-11-22,18482.7,7237.39,2.91335,0.608423,1.65455,2.55378,-5.44973,1.82821,1.16216,,,47.0838,,35.2306,,,90.2857
2020-11-23,18373.3,7268.59,2.87115,0.604393,1.38781,2.52776,-5.9827,1.79871,1.15364,,,47.2002,,48.5661,,,90.2857
2020-11-24,19150.3,7315.55,3.05312,0.617992,1.33671,2.61775,-5.3987,1.94497,1.20068,,,47.9374,,57.0311,,,90.5714
2020-11-25,18748.4,7336.55,2.9379,0.608684,1.48907,2.55548,-4.63078,1.85545,1.1738,,,49.1041,,62.1103,,,91
2020-11-26,17113.7,7354.83,2.50825,0.570238,1.31451,2.32687,-3.61721,1.53872,1.06999,,,47.4958,,61.5951,,,90.8571
2020-11-27,17101.6,7372.84,2.49643,0.56888,1.34821,2.31954,-2.85283,1.52921,1.06778,,,46.3551,,57.2077,,,90.8571
2020-11-28,17745.4,7384.27,2.65395,0.583876,1.39774,2.40313,-2.14933,1.63856,1.10643,,,44.3691,,54.6299,,,90.2857
2020-11-29,18190.9,7399.08,2.75903,0.593253,1.394,2.45853,-1.32702,1.71381,1.13261,,,44.9132,,43.9987,,,89.5714
2020-11-30,19664.4,7456.49,3.11388,0.620813,1.13496,2.63722,-1.30336,1.99307,1.22257,,,51.9971,,31.679,,,89.2857
2020-12-01,18820.6,7489.58,2.8843,0.602054,1.45966,2.51291,-0.959753,1.81686,1.16844,,,53.034,,26.9037,,,90.2857
2020-12-02,19214.9,7529.41,2.96813,0.608147,1.28397,2.55198,0.0696072,1.88448,1.1912,,,51.5739,,18.1643,,,90
2020-12-03,19470.3,7561.41,3.01823,0.611644,1.55785,2.57496,0.759297,1.92558,1.20528,,,51.1318,,16.5017,,,89.8571
2020-12-04,18733,7577.14,2.82175,0.595519,1.37369,2.4723,0.83631,1.77429,1.15799,,,50.1228,,16.6023,,,90.7143
2020-12-05,19114.6,7587.89,2.9095,0.603032,1.40057,2.5191,1.04509,1.83865,1.17989,,,50.8014,,16.6023,,,91.5714
2020-12-06,19356.3,7598.97,2.96135,0.607417,1.33892,2.54723,1.28974,1.87624,1.19309,,,50.4758,,16.6023,,,92.4286
2020-12-07,19182.2,7619.57,2.90625,0.602778,1.46214,2.51749,1.98953,1.83328,1.18066,,,47.8413,,15.5865,,,93.2857
2020-12-08,18341,7631.22,2.68693,0.583925,1.34123,2.40341,2.53932,1.66798,1.1273,,,47.5146,,11.8968,,,93.2857
2020-12-09,18574.7,7668.01,2.73114,0.58718,1.31035,2.42236,2.03918,1.70246,1.14006,,,44.4857,,11.8968,,,92.4286
2020-12-10,18294.8,7679.31,2.6534,0.580247,1.20624,2.38235,2.20528,1.64332,1.12132,,,43.6366,,11.0909,,,92.7143
2020-12-11,18061.8,7692.28,2.58736,0.574112,1.26314,2.34804,2.58061,1.59392,1.10549,,,43.737,,10.95,,,92.2857
2020-12-12,18813.3,7715.63,2.7637,0.589884,1.25801,2.43834,2.82239,1.7205,1.14987,,,43.3924,,10.0208,,,91.8571
2020-12-13,19156.1,7774.02,2.82884,0.594175,1.51203,2.46412,3.58362,1.77483,1.16915,,,41.4065,,10.0208,,,91.2857
2020-12-14,19286.8,7795.03,2.85028,0.595835,1.41298,2.47424,4.13528,1.79043,1.17544,,,48.9759,,10.0208,,,91.4286
2020-12-15,19432.6,7822.88,2.8736,0.597435,1.37351,2.48407,4.51061,1.80863,1.18263,,,39.8034,,10.0208,,,90.8571
2020-12-16,21370.7,7903.52,3.32469,0.630171,1.54032,2.70395,4.70153,2.17585,1.29864,,,39.1178,,11.9007,,,91.7143
2020-12-17,22789.3,8027.27,3.63332,0.647761,1.47974,2.83898,4.23936,2.46011,1.3827,,,38.1123,,14.8193,,,91.4286
2020-12-18,23048.8,8166.9,3.65156,0.645669,1.81798,2.82222,3.8957,2.50287,1.39628,,,37.319,,19.883,,,92.2857
2020-12-19,23856.8,8207.01,3.82725,0.655988,1.88973,2.90688,4.54097,2.66556,1.44296,,,36.5315,,25.4309,,,92.7143
2020-12-20,23528.6,8253.22,3.72379,0.649225,1.77862,2.85083,4.21813,2.57773,1.42089,,,36.6947,,31.9284,,,92.8571
2020-12-21,22937.4,8289.91,3.56011,0.638586,1.56042,2.76691,3.79421,2.4362,1.38305,,,36.2123,,35.3586,,,92.4286
2020-12-22,23756.9,8390.17,3.72291,0.646832,1.69633,2.83151,3.25774,2.59815,1.43022,,,36.6949,,35.8777,,,92
2020-12-23,23307.3,8469.83,3.58374,0.636602,1.78788,2.7518,3.73735,2.48644,1.40098,,,35.9992,,34.0772,,,92.1429
2020-12-24,23707.6,8548.82,3.6498,0.639406,1.48562,2.7732,3.67654,2.55777,1.42283,,,36.7945,,32.0563,,,91.2857
2020-12-25,24669.2,8573.36,3.86209,0.652467,1.76395,2.87742,3.30215,2.75297,1.47818,,,38.2085,,28.7359,,,91.1429
2020-12-26,26478.1,8632.29,4.26474,0.673983,1.79752,3.06733,2.81699,3.15154,1.58398,,,37.7674,,24.4805,,,91.1429
2020-12-27,26430.9,8711.93,4.21762,0.670388,1.93383,3.03387,2.38617,3.12075,1.57857,,,37.5468,,22.4971,,,91
2020-12-28,27039.3,8913.99,4.29649,0.670333,2.13288,3.03336,2.19441,3.24434,1.61226,,,38.346,,25.3696,,,91
2020-12-29,27231.2,9056.21,4.29027,0.667433,2.03583,3.00691,1.92412,3.26882,1.62102,,,39.5803,,29.8842,,,91.4286
2020-12-30,28844.6,9161.42,4.62438,0.682387,2.43075,3.14849,2.6191,3.64239,1.71416,,,39.7421,,38.0795,,,91.1429
2020-12-31,29022.7,9239.96,4.62577,0.68163,2.3531,3.141,2.46209,3.66178,1.72182,,,39.5941,,43.4588,,,92.4286
2021-01-01,29380.7,9339.29,4.66366,0.682128,2.13128,3.14592,2.23306,3.72647,1.7401,,,40.6066,,44.5076,,,92.4286
2021-01-02,32022.7,9525.35,5.20482,0.702544,2.34671,3.36184,1.7822,4.39416,1.89324,,,44.8763,,50.1733,,,92.5714
2021-01-03,33277.8,9691.81,5.42267,0.708761,2.54231,3.4336,1.83526,4.70931,1.96394,,,49.7215,,64.6291,,,92.8571
2021-01-04,31802.1,9817.71,5.0264,0.691288,2.64933,3.23926,1.93023,4.26907,1.87357,,,50.4449,,80.5781,,,93.1429
2021-01-05,34013.2,9980.93,5.45954,0.706557,2.5605,3.40782,2.09652,4.84526,2.00023,,,49.4391,,84.3257,,,93.4286
2021-01-06,36643.3,10176,5.96815,0.722296,3.09517,3.60096,2.08332,5.57787,2.15092,,,53.4009,,99.8517,,,94
2021-01-07,39215.7,10479.7,6.42482,0.732767,3.12645,3.74205,2.02706,6.3342,2.29756,,,56.5262,,109.89,,,93.4286
2021-01-08,40775.4,10762.5,6.64952,0.736053,2.85053,3.78864,2.35561,6.79,2.38436,,,56.2748,,128.344,,,93.2857
2021-01-09,40370.7,10945.5,6.46258,0.728874,2.63972,3.68833,2.46694,6.59951,2.35619,,,60.0577,,135.185,,,93.1429
2021-01-10,38329.3,11026.4,5.95077,0.712326,2.85407,3.47615,2.7312,5.89912,2.23286,,,61.3118,,131.296,,,93.2857
2021-01-11,35269.5,11100.7,5.23479,0.685261,2.534,3.17723,3.20673,4.95495,2.05089,,,60.7137,,119.028,,,92.7143
2021-01-12,33712.5,11146.2,4.86047,0.669375,2.31986,3.02458,2.84186,4.49173,1.95686,,,61.0302,,115.948,,,91.4286
2021-01-13,37296.5,11237.5,5.5741,0.698698,2.62546,3.31893,2.89001,5.45137,2.16091,,,62.5782,,96.2082,,,89
2021-01-14,39045.5,11351.5,5.87936,0.709276,2.64782,3.43969,3.07174,5.92343,2.25799,,,63.0192,,89.7717,,,87.8571
2021-01-15,36710.3,11411.6,5.33621,0.689144,2.6153,3.21692,3.41085,5.19303,2.11906,,,63.2464,,79.3871,,,87.1429
2021-01-16,36177.3,11448.4,5.1839,0.683547,2.43668,3.16003,3.98387,5.0021,2.08448,,,64.0224,,70.7447,,,85.8571
2021-01-17,36069.9,11479.6,5.12373,0.68174,2.19136,3.14209,3.90159,4.93217,2.07452,,,64.8361,,57.9259,,,83.7143
2021-01-18,36594.3,11551.6,5.18589,0.684333,2.41564,3.1679,3.59172,5.03471,2.10084,,,63.6222,,57.2357,,,82.1429
2021-01-19,36250.1,11589.7,5.0764,0.680286,2.45045,3.1278,3.81905,4.89983,2.0773,,,63.7001,,68.7541,,,81.5714
2021-01-20,35515.5,11620,4.89134,0.672819,2.26531,3.05641,4.29476,4.66519,2.03153,,,63.1905,,69.5226,,,81.5714
2021-01-21,31023,11610.4,3.95749,0.625748,1.80744,2.672,4.53078,3.5331,1.77153,,,63.2278,,64.1813,,,80.4286
2021-01-22,32986.4,11632.5,4.33303,0.647354,2.09545,2.83571,4.36944,3.9641,1.88036,,,63.6253,,53.3201,,,73.5714
2021-01-23,32036.3,11646.2,4.11969,0.63647,2.24483,2.7508,4.89227,3.71095,1.82305,,,64.5623,,49.2067,,,72.1429
2021-01-24,32216.1,11656.6,4.13598,0.638175,2.00713,2.76377,5.03165,3.72481,1.83012,,,64.5216,,48.8089,,,70.8571
2021-01-25,32419.7,11673.6,4.15543,0.639924,2.02915,2.77719,5.28158,3.74345,1.8385,,,64.6423,,43.408,,,70.1429
2021-01-26,32640.6,11692.4,4.17764,0.641784,2.34094,2.79161,5.5759,3.76588,1.84782,,,64.1175,,26.3719,,,68.8571
2021-01-27,30358.9,11748.1,3.69795,0.613028,1.91644,2.58417,5.40123,3.23417,1.71576,,,65.389,,21.542,,,68.8571
2021-01-28,33511.3,11819,4.29062,0.647313,2.1552,2.83537,5.4486,3.9103,1.8906,,,68.3488,,17.6437,,,66
2021-01-29,34166.1,11899.3,4.38358,0.651723,2.29718,2.87128,4.79712,4.03278,1.92416,,,70.103,,28.6767,,,71.2857
2021-01-30,34349.9,11934.6,4.39202,0.652559,2.06149,2.87819,4.54905,4.04429,1.93109,,,72.1561,,33.508,,,71.5714
2021-01-31,33157.8,11969.8,4.13369,0.639006,2.10207,2.77013,4.5162,3.73941,1.86084,,,72.3877,,37.6554,,,72.7143
2021-02-01,33570.3,11995.9,4.19058,0.642662,1.75593,2.79847,4.4538,3.80311,1.8807,,,75.0391,,38.3684,,,73.1429
2021-02-02,35596.1,12056.4,4.54971,0.661301,2.38611,2.95248,4.48167,4.24142,1.99064,,,73.5733,,47.2191,,,73.8571
2021-02-03,37578.4,12115.7,4.89414,0.677587,2.46008,3.10161,4.15243,4.68755,2.09767,,,67.2558,,57.8244,,19.8246,73.8571
2021-02-04,37129.2,12188.6,4.76833,0.671726,2.58383,3.04623,4.19082,4.53838,2.06885,,,76.9765,,64.2392,,23.5292,77.4286
2021-02-05,38045.4,12295.4,4.89578,0.676824,2.78391,3.09429,4.0655,4.72509,2.11603,,,78.4714,,63.6674,,25.8274,78
2021-02-06,39341.7,12355,5.10061,0.685958,2.69713,3.18429,4.00045,5.00987,2.18409,,,83.7871,,67.9506,,29.3184,79.1429
2021-02-07,39003,12416.6,4.9962,0.68165,2.61318,3.1412,4.27014,4.88295,2.16131,,,84.3601,,77.4186,,30.6216,80.2857
2021-02-08,46121.9,12610.5,6.24617,0.726583,3.19259,3.65742,4.56288,6.76582,2.55081,,,91.3799,,90.34,,32.8918,81.1429
2021-02-09,46548.2,12863.8,6.227,0.723646,2.83013,3.61855,4.07532,6.82805,2.56934,,,91.4385,,104.711,,34.3916,83.8571
2021-02-10,45078.1,13002.7,5.88506,0.711552,2.72992,3.46683,3.63905,6.34621,2.48338,,,95.2991,,114.028,,38.034,85.8571
2021-02-11,47892.8,13136.3,6.32324,0.725716,2.60664,3.64585,3.44594,7.09797,2.63324,,,95.3576,,122.821,,41.3319,87.7143
2021-02-12,47525.2,13276.1,6.1802,0.720651,2.83464,3.57975,3.1504,6.92946,2.60789,,,96.1486,,129.563,,44.6095,89.2857
2021-02-13,47208.6,13306.7,6.06936,0.71813,3.09675,3.54774,3.09258,6.7787,2.58544,,,100.981,,137.415,,46.7926,90.4286
2021-02-14,48829.8,13360.6,6.29698,0.726384,3.00431,3.65475,2.77883,7.18931,2.66892,,,103.055,,140.222,,50.0943,91.7143
2021-02-15,48110.2,13508.5,6.09425,0.719218,3.02458,3.56148,2.54773,6.91896,2.62441,,,102.027,,132.947,,51.8918,93.1429
2021-02-16,49140.4,13602.8,6.2079,0.723185,2.45121,3.61252,2.57658,7.15625,2.67529,,,104.594,,127.008,,53.9156,93.1429
2021-02-17,52224.9,13764,6.65707,0.736449,2.95722,3.79433,2.53842,8.01237,2.83746,,,108.526,,123.491,,56.8943,93.5714
2021-02-18,51650.1,13923,6.47278,0.730436,2.88932,3.70969,2.32231,7.76666,2.80058,,,107.568,,127.583,,57.9046,93.2857
2021-02-19,55820.5,14276.8,7.05518,0.744237,3.46359,3.90987,2.31934,8.98725,3.02045,,,106.695,,124.696,,57.4947,93.4286
2021-02-20,55861.8,14404.9,6.9703,0.742133,3.28869,3.87797,2.60301,8.91678,3.01644,,,113.321,,126.665,,56.2109,93.2857
2021-02-21,57500.7,14527.4,7.15027,0.747354,3.25042,3.9581,2.67045,9.36049,3.09847,,,114.709,,123.77,,54.7816,92.7143
2021-02-22,53952.2,14633.2,6.4842,0.728774,2.86312,3.68696,1.98532,8.16754,2.90133,,,113.186,,126.903,,53.9234,92.8571
2021-02-23,48560.5,14763,5.535,0.695987,2.45151,3.28933,1.79663,6.56082,2.60626,,,113.042,,111.411,,52.3729,92.7143
2021-02-24,49567.3,14885.3,5.63934,0.699695,3.11524,3.32994,1.88713,6.77773,2.65505,,,112.977,,98.6077,,49.3135,90
2021-02-25,47568.1,14973.5,5.2659,0.68522,2.9173,3.17683,1.57871,6.19019,2.54301,,,115.557,,80.7546,,47.2422,88.2857
2021-02-26,46231.8,15080.2,5.00279,0.673813,2.51595,3.06572,1.62292,5.80001,2.46681,,,114.704,,66.4376,,45.1639,82.8571
2021-02-27,45834.5,15053.4,4.91482,0.67157,2.80401,3.04479,1.726,5.65378,2.44093,,,116.472,,50.2449,,44.0407,77.8571
2021-02-28,45359.5,15075.3,4.80856,0.667649,2.30664,3.00886,1.57382,5.49227,2.41102,,,114.988,,36.297,,40.8815,72.7143
2021-03-01,49634.4,15179.1,5.4342,0.694183,2.49567,3.26993,1.71124,6.52059,2.63306,,,116.722,,23.2731,,38.3245,64.7143
2021-03-02,48304.7,15235.1,5.18319,0.684604,2.6597,3.17061,1.64314,6.1244,2.55753,,,116.698,,21.2996,,36.039,62.4286
2021-03-03,50690.5,15298.1,5.50943,0.698206,2.95109,3.31352,2.26599,6.68672,2.67853,,,122.406,,19.5266,,34.0584,62.7143
2021-03-04,48472.8,15330.2,5.12774,0.683735,2.36825,3.16191,1.91311,6.06367,2.55636,,,119.081,,17.4406,,30.9577,63.4286
2021-03-05,48800.8,15389.4,5.13779,0.684649,2.76298,3.17107,2.02576,6.09583,2.56864,,,119.054,,17.4406,,29.2552,66.5714
2021-03-06,48970.5,15419.3,5.12799,0.685132,2.81491,3.17593,1.7611,6.08727,2.57255,,,119.447,,14.5846,,27.158,69.5714
2021-03-07,51086.5,15455,5.41015,0.697474,2.80705,3.3055,1.42872,6.56751,2.6784,,,120.254,,13.5365,,27.8794,72.5714
2021-03-08,52088.5,15548.7,5.51059,0.701495,3.02137,3.35002,1.2334,6.76846,2.7255,,,120.865,,13.9451,,27.7137,78.7143
2021-03-09,54739.1,15646.2,5.85188,0.714168,2.85237,3.49856,0.726743,7.40711,2.85841,,,119.889,,21.3199,,28.8416,79.1429
2021-03-10,56116,15750,5.99592,0.719332,3.09232,3.56293,0.158954,7.71346,2.92434,,,125.303,,24.697,,30.7544,77.7143
2021-03-11,57847.3,15928.1,6.17619,0.724652,2.80767,3.63177,0.147158,8.1207,3.00836,,,124.993,,37.7679,,35.3271,76.1429
2021-03-12,57334.6,16057.5,6.03416,0.719934,3.1398,3.57059,0.288221,7.90414,2.97559,,,125.884,,47.6932,,38.3079,75.1429
2021-03-13,61288.8,16173,6.53691,0.736118,3.17633,3.78958,0.606012,8.94443,3.17415,,,126.367,,54.7593,,45.4542,74.7143
2021-03-14,59905.6,16257.3,6.27196,0.728618,3.38144,3.68484,0.828237,8.46382,3.09608,,,126.034,,67.4761,,50.3952,75
2021-03-15,56121.1,16326.8,5.67777,0.709079,2.96569,3.43736,0.542933,7.35931,2.8946,,,129.578,,75.7272,,51.229,74.2857
2021-03-16,56500.4,16413.5,5.67914,0.709498,2.98481,3.44231,0.567441,7.39039,2.90825,,,130.309,,71.9559,,52.025,72.8571
2021-03-17,58683.1,16512.6,5.92919,0.718614,2.81148,3.55384,0.259692,7.89731,3.01439,,,129.635,,69.3139,,52.0343,73.2857
2021-03-18,57731.5,16558.5,5.74744,0.713181,3.06849,3.48652,0.697759,7.57258,2.95945,,,130.663,,59.4796,,49.174,73.1429
2021-03-19,58168.1,16603.2,5.76051,0.714565,2.98949,3.50342,0.836983,7.6161,2.97573,,,129.487,,52.0651,,48.2943,73.2857
2021-03-20,58247.9,16655,5.72354,0.714067,3.09252,3.49732,1.13936,7.56691,2.97372,,,129.171,,50.8738,,41.5,73.4286
2021-03-21,57447.9,16699.2,5.5694,0.709316,3.06812,3.44016,1.00138,7.2917,2.92692,,,133.379,,40.5626,,35.1205,72.7143
2021-03-22,54453.1,16750.1,5.12252,0.692395,2.79728,3.25092,0.793032,6.48834,2.7688,,,133.011,,37.6146,,32.1413,71.8571
2021-03-23,54563.6,16860.7,5.09234,0.69099,2.9683,3.23614,0.950136,6.45269,2.76888,,,134.08,,37.2999,,27.2057,71.1429
2021-03-24,52595.4,16909.4,4.79407,0.6785,2.68585,3.11042,1.36547,5.93861,2.66375,,,131.168,,38.2003,,21.0702,70.2857
2021-03-25,51547.1,16977.9,4.62049,0.670632,2.65059,3.03612,1.75711,5.65097,2.60556,,,128.766,,35.059,,19.1895,68.5714
2021-03-26,54817.9,17083.4,5.01457,0.68836,2.47731,3.20883,1.21538,6.32957,2.76537,,,129.158,,32.8611,,16.7849,66.1429
2021-03-27,56019.8,17136.8,5.13649,0.694093,2.94131,3.26897,1.24179,6.54527,2.82033,,,134.412,,26.9862,,16.6819,64.7143
2021-03-28,55713,17170.3,5.06203,0.691808,2.90634,3.24473,1.447,6.41074,2.79928,,,134.666,,24.184,,17.2346,64.8571
2021-03-29,57571.2,17247.4,5.26336,0.700416,2.83456,3.33796,1.18052,6.7781,2.88679,,,134.254,,18.5376,,19.0707,65.1429
2021-03-30,58684.5,17345.4,5.36173,0.704431,2.77714,3.3833,1.53209,6.97295,2.93664,,,132.364,,21.1297,,22.3192,66
2021-03-31,58792.2,17417.1,5.33275,0.703751,2.97288,3.37554,1.85196,6.92927,2.93604,,,131.876,,27.0539,,27.1266,67.5714
2021-04-01,58819,17526.6,5.28914,0.702025,2.73125,3.35598,1.82713,6.86652,2.93142,,,133.196,,38.7666,,29.3031,69.5714
2021-04-02,59031.5,17599.7,5.27432,0.70186,2.63231,3.35413,1.35311,6.84836,2.93603,,,126.276,,51.4503,,31.4733,72.4286
2021-04-03,57282.4,17615.2,5.02092,0.692485,2.37824,3.25188,1.69806,6.38656,2.84331,,,126.852,,64.0909,,32.7975,73.5714
2021-04-04,58202.2,17646.1,5.10356,0.696814,2.67836,3.2983,1.71036,6.52999,2.88314,,,126.71,,69.1543,,34.2034,73.5714
2021-04-05,58755.9,17696.3,5.13663,0.698816,2.8722,3.32023,1.92543,6.59049,2.90468,,,129.389,,73.4258,,35.992,73.4286
2021-04-06,58084.1,17987.5,4.98783,0.69032,2.60641,3.22914,2.23518,6.37873,2.86568,,,126.893,,78.4271,,36.857,73.8571
2021-04-07,56266.8,18021.9,4.73277,0.679707,2.7378,3.12214,2.43475,5.92964,2.7705,,,119.44,,76.0787,,36.4692,73.2857
2021-04-08,57963.3,18080.9,4.90829,0.688063,2.3957,3.20578,2.66752,6.23217,2.8483,,,120.25,,67.501,,36.6693,73.1429
2021-04-09,58051.8,18120.9,4.88752,0.687849,2.70661,3.20358,2.97974,6.18977,2.84692,,,116.26,,56.47,,36.7428,72.5714
2021-04-10,59651.6,18210.6,5.04342,0.694717,2.85558,3.27565,3.51125,6.47073,2.91945,,,115.167,,56.9295,,38.6187,72.1429
2021-04-11,59932.9,18252.6,5.04367,0.69545,2.63544,3.28354,3.49843,6.46601,2.92728,,,116.456,,65.5359,,40.6744,72.4286
2021-04-12,59905.9,18333.3,5.00236,0.693965,2.60206,3.2676,3.46871,6.39656,2.92004,,,119.409,,74.6298,,41.3564,72.8571
2021-04-13,63445.6,18472.9,5.37744,0.708839,2.70265,3.43453,3.2539,7.10193,3.0862,,,116.996,,77.6525,,43.4794,72.7143
2021-04-14,62869.5,18621.2,5.25861,0.703811,2.53323,3.37622,3.33076,6.9032,3.0519,,,124.425,,84.8922,,45.3078,73.1429
2021-04-15,63231.2,18739.6,5.25542,0.703633,3.22332,3.3742,3.71822,6.91228,3.06314,,,125.609,,94.1105,,46.9114,74
2021-04-16,61571.1,18790.9,5.0246,0.69481,1.87326,3.27665,3.65788,6.48863,2.97665,,,126.493,,108.58,,47.5612,75.1429
2021-04-17,60280.9,18840,4.84122,0.687464,1.61552,3.19963,2.73901,6.15839,2.90839,,,131.387,,104.161,,46.393,76
2021-04-18,56389.6,19051.5,4.34203,0.662144,2.05148,2.95984,2.48255,5.3376,2.71528,,,133.343,,96.7516,,42.9611,76.4286
2021-04-19,55798.1,19071.4,4.25208,0.658208,1.58384,2.92575,1.70144,5.17628,2.68152,,,138.506,,82.9602,,40.3415,76.4286
2021-04-20,56474.4,19109.3,4.30658,0.661628,2.10686,2.95533,1.43194,5.25143,2.70867,,,138.837,,69.0552,,36.4166,76.2857
2021-04-21,54025.8,19113.8,4.00764,0.64621,1.58605,2.82654,0.886112,4.76065,2.58621,,,140.226,,54.7753,,33.6277,76
2021-04-22,51882.1,19147.4,3.74405,0.630943,2.14699,2.70961,0.567033,4.35009,2.47885,,,140.906,,42.3267,,29.9481,74
2021-04-23,50954.9,19162,3.62376,0.623941,1.98319,2.65916,0.265317,4.15812,2.42993,,,140.205,,27.8534,,26.499,70.7143
2021-04-24,50279.9,19197.3,3.53102,0.618192,2.09339,2.61911,-0.0259988,4.01208,2.39323,,,140.235,,20.4464,,23.4978,65.1429
2021-04-25,48946.9,19195.7,3.36928,0.607826,1.97414,2.54989,0.408524,3.76841,2.32544,,,138.95,,16.2846,,22.7341,58.2857
2021-04-26,53943.3,19269.1,3.91168,0.642791,1.75349,2.79948,-0.0492732,4.53468,2.55787,,,141.543,,16.2846,,21.9922,51.5714
2021-04-27,55027,19358.3,4.00784,0.648204,2.2183,2.84256,-0.35538,4.67496,2.60419,,,139.044,,16.2846,,21.4813,48.2857
2021-04-28,54787.4,19392.4,3.96153,0.646043,2.19943,2.8252,-0.273846,4.59193,2.58783,,,134.59,,16.2846,,21.2955,46.2857
2021-04-29,53567.1,19458.4,3.80347,0.636747,1.84186,2.7529,-0.620317,4.35013,2.52533,,,132.783,,16.2846,,21.4126,44.4286
2021-04-30,57741.4,19567.2,4.23843,0.661123,2.34874,2.95092,-0.943151,5.00752,2.71676,,,128.6,,14.3231,,22.4844,43.8571
2021-05-01,57863.6,19599.3,4.23016,0.661284,2.24674,2.95233,-0.969751,4.98166,2.71715,,,131.811,,14.2852,,23.757,48.2857
2021-05-02,56572.6,19626.4,4.06796,0.653076,2.90618,2.88248,-0.63217,4.71777,2.65134,,,129.738,,16.1691,,24.3843,53.2857
2021-05-03,57243,19676.6,4.11926,0.656261,2.79826,2.90919,-0.439521,4.78544,2.67751,,,133.592,,22.1034,,24.7226,58.1429
2021-05-04,53724.1,19702.5,3.71741,0.633265,2.6716,2.72676,-0.329404,4.17709,2.50811,,,143.26,,27.2953,,24.3684,60.7143
2021-05-05,57342,19768.5,4.08885,0.655253,2.46199,2.90068,-0.701841,4.71415,2.67178,,,132.844,,30.8876,,25.1517,59.1429
2021-05-06,56527.4,19864.5,3.97422,0.648586,2.61474,2.84564,-0.71526,4.53891,2.6287,,,131.132,,41.2957,,25.626,61
2021-05-07,57341.1,19985.6,4.03318,0.65146,2.66981,2.86912,-0.918423,4.62765,2.66133,,,125.488,,45.7332,,25.5895,62.8571
2021-05-08,58736.1,20019.9,4.16269,0.659156,2.70413,2.93389,-0.748455,4.81078,2.72072,,,125.353,,50.8625,,26.4131,62.7143
2021-05-09,58288.4,20066.8,4.09287,0.655733,2.90129,2.90472,-0.74844,4.69595,2.69469,,,118.446,,53.4834,,27.3324,63.7143
2021-05-10,55902.9,20093.9,3.82051,0.640558,2.67885,2.78209,-1.11438,4.2825,2.57942,,,119.877,,57.5836,,27.3562,65.2857
2021-05-11,56612.1,20126.6,3.87816,0.644483,2.57856,2.81281,-1.08601,4.35394,2.60708,,,117.358,,56.8789,,28.4924,64.2857
2021-05-12,50972.4,20157.5,3.26588,0.604541,2.30915,2.52871,-1.10965,3.50125,2.34298,,,117.641,,56.4233,,26.9113,67.1429
2021-05-13,49368.6,20159.1,3.08741,0.591661,2.08318,2.44895,-0.824626,3.25839,2.26509,,,116.589,,46.7713,,26.3491,62.2857
2021-05-14,49997.4,20165.6,3.14449,0.596667,1.7489,2.47934,-0.680366,3.31529,2.2897,,,109.927,,45.4795,,25.6068,56.8571
2021-05-15,47048,20159.3,2.82752,0.571517,1.50566,2.33381,-1.54935,2.91383,2.15073,,,109.166,,39.6499,,23.5335,51.1429
2021-05-16,46022.5,20151.2,2.71443,0.562144,1.57512,2.28386,-0.856138,2.76735,2.10009,,,108.992,,36.3376,,21.6174,43.5714
2021-05-17,43492.4,20095.5,2.45003,0.537954,1.36035,2.16429,0.154524,2.45383,1.98117,,,107.96,,31.6886,,20.555,37.1429
2021-05-18,42789.8,20072.2,2.37444,0.530912,1.10372,2.1318,0.075839,2.35857,1.94578,,,107.376,,30.3912,,18.5904,31.4286
2021-05-19,37642.5,19928.1,1.849,0.470597,1.21063,1.88892,1.05386,1.81379,1.70889,,,105.72,,23.402,,17.6143,25
2021-05-20,40799.4,19882.2,2.1797,0.512684,1.17282,2.05206,1.14854,2.11646,1.84906,,,100.521,,22.6459,,16.0063,22.1429
2021-05-21,37174.3,19831.7,1.80485,0.466521,1.04739,1.87449,1.81323,1.746,1.68201,,,97.5338,,18.7986,,14.2038,21.1429
2021-05-22,37643.4,19795.3,1.85497,0.474135,1.11584,1.90163,1.65543,1.77921,1.70043,,,99.9333,,16.4666,,12.7096,19
2021-05-23,34774.2,19770.4,1.55767,0.431464,1.0552,1.7589,1.62594,1.50955,1.56833,,,101.4,,11.5391,,11.5675,18.1429
2021-05-24,38630.4,19823.9,1.94969,0.486832,1.23784,1.94868,1.4653,1.85209,1.73935,,,101.91,,3.73677,,10.0975,15.7143
2021-05-25,38269.8,19795.2,1.91265,0.482747,1.19409,1.93329,1.15815,1.80721,1.72027,,,103.153,,0.546926,,9.66125,15.8571
2021-05-26,39194.9,19806.7,2.00429,0.494659,1.20992,1.97886,1.75625,1.88404,1.75892,,,101.456,,4.39945,,9.33717,15.7143
2021-05-27,38510.9,19786.1,1.93303,0.486221,1.13753,1.94636,1.61121,1.80826,1.72536,,,104.459,,4.39945,,9.07891,18
2021-05-28,35596.7,19745.3,1.63455,0.445304,1.06722,1.80279,1.39902,1.53647,1.59226,,,103.735,,5.10103,,8.84177,18.2857
2021-05-29,34681.8,19725.8,1.54059,0.431235,1.0116,1.7582,1.57933,1.45069,1.54888,,,106.453,,6.9168,,8.22469,19.1429
2021-05-30,35652.2,19743.8,1.63686,0.44621,1.28771,1.80574,1.38984,1.52477,1.58968,,,100.238,,8.55273,,7.44078,18.5714
2021-05-31,37313,19748.7,1.80497,0.470729,1.31614,1.88939,1.2731,1.66109,1.66102,,,94.8903,,10.9696,,7.46311,19.7143
2021-06-01,36661.4,19764.5,1.7343,0.46089,1.29891,1.85491,0.5451,1.59505,1.62938,,,95.6492,,10.9696,,7.62373,19.4286
2021-06-02,37639.5,19757.2,1.83312,0.475093,1.55362,1.9051,0.143448,1.67202,1.67013,,,98.9827,,10.9696,,7.87415,19.5714
2021-06-03,39160.2,19786.4,1.98321,0.49473,1.42709,1.97914,-0.370546,1.79944,1.73473,,,97.3044,,10.9696,,8.03725,19.1429
2021-06-04,36884.4,19757.5,1.7511,0.464339,1.19513,1.86685,-0.4268,1.58803,1.63128,,,97.8903,,11.5205,,8.198,20
2021-06-05,35409.6,19740.2,1.60036,0.442519,1.14508,1.79378,-0.909259,1.45663,1.56358,,,97.1746,,11.5009,,7.69411,20.8571
2021-06-06,35720.6,19730.9,1.63128,0.447633,1.31959,1.81039,-1.06902,1.47528,1.57481,,,97.7523,,11.5009,,7.16325,21.8571
2021-06-07,33724.9,19692.7,1.43023,0.416077,1.10248,1.71256,-1.67517,1.30916,1.48452,,,99.5479,,11.5009,,5.77577,21.4286
2021-06-08,33475,19642.5,1.40859,0.413218,1.22316,1.70421,-2.21302,1.28442,1.47125,,,93.7975,,11.0324,,3.8679,20.4286
2021-06-09,37373,19694.2,1.79804,0.473035,1.15236,1.89766,-2.82599,1.59338,1.63992,,,94.119,,8.93426,,3.17919,19.1429
2021-06-10,36826,19680.3,1.74176,0.465586,1.06146,1.87121,-3.50529,1.53977,1.61332,,,93.531,,7.33003,,3.48818,18.7143
2021-06-11,37185.4,19689.3,1.77521,0.470509,0.952341,1.88861,-4.35554,1.56244,1.62645,,,91.5044,,6.12147,,4.0807,17.8571
2021-06-12,35669.2,19679.1,1.62066,0.448288,1.14599,1.81254,-5.15165,1.43132,1.55767,,,91.0208,,4.63049,,5.30908,18.4286
2021-06-13,38925.4,19696.9,1.94627,0.493985,1.24757,1.97622,-5.61653,1.69618,1.69709,,,88.0913,,3.37557,,6.66844,19.2857
2021-06-14,40455.6,19735.9,2.09411,0.512158,1.32268,2.04985,-5.37156,1.82195,1.76087,,,85.9839,,2.69021,,8.13776,21.1429
2021-06-15,40254.7,19752.2,2.06914,0.50932,1.27375,2.03799,-6.21773,1.79388,1.74922,,,85.6924,,3.05453,,9.53714,24.7143
2021-06-16,38265.5,19746,1.86664,0.483975,1.13441,1.93789,-6.99881,1.61269,1.66009,,,84.9202,,5.15271,,9.41614,27.4286
2021-06-17,38018.6,19724.5,1.84163,0.48119,1.18838,1.92749,-6.73727,1.58405,1.64672,,,82.8504,,6.75693,,9.34908,28.1429
2021-06-18,35714.3,19704.9,1.60992,0.448263,1.06254,1.81246,-7.54362,1.3919,1.54448,,,82.6272,,6.66824,,8.92525,28.7143
2021-06-19,35556,19698.2,1.59301,0.445995,0.877331,1.80504,-7.87636,1.37344,1.53522,,,79.6594,,6.22101,,7.6448,28
2021-06-20,35599.9,19696.1,1.59596,0.446737,0.894031,1.80746,-8.45294,1.37084,1.53471,,,79.5808,,5.99314,,5.88206,27.7143
2021-06-21,31715.2,19631.8,1.21165,0.380996,0.795442,1.6155,-8.7019,1.08394,1.36521,,,79.4234,,4.51609,,4.42978,27
2021-06-22,32394.6,19615.2,1.2804,0.39449,0.703432,1.6515,-9.3005,1.12634,1.39236,,,79.6153,,2.2812,,3.04468,23
2021-06-23,33610.5,19612.8,1.40122,0.416467,0.809045,1.7137,-9.86316,1.20751,1.44242,,,80.7026,,-1.03097,,3.80893,20.2857
2021-06-24,34659,19618.2,1.50419,0.433964,0.865996,1.76667,-10.3484,1.27865,1.48512,,,80.4452,,-3.46333,,2.76501,19.7143
2021-06-25,31683.5,19426.8,1.22485,0.386848,0.82817,1.63092,-11.0694,1.06449,1.35561,,,76.484,,-3.11475,,2.3981,20
2021-06-26,31890.7,19409.6,1.24631,0.39137,0.67386,1.64303,-11.5874,1.0741,1.36245,,,76.3029,,-4.54086,,3.0155,19.5714
2021-06-27,34506.5,19426.5,1.50439,0.437018,0.474931,1.77626,-12.5704,1.25204,1.47194,,,75.5414,,-9.97144,,3.91991,19.7143
2021-06-28,34376.2,19424,1.49024,0.434957,0.717091,1.76978,-13.3345,1.2371,1.46413,,,76.8584,,-8.83112,,4.88485,20
2021-06-29,35933.8,19427.1,1.64345,0.459365,0.765672,1.84968,-13.9612,1.34538,1.52808,,,75.2887,,-6.89725,,5.79473,22.1429
2021-06-30,35065.5,19420.5,1.55611,0.446163,0.729742,1.80559,-14.6667,1.27553,1.48885,,,71.7147,,-3.58508,,4.99126,24.1429
2021-07-01,33505.1,19396.6,1.40208,0.421085,0.759811,1.72737,-14.9823,1.1598,1.42045,,,72.121,,-1.15272,,4.92311,25
2021-07-02,33782.9,19347.2,1.43334,0.427309,0.717511,1.74614,-16.0806,1.17431,1.43006,,,66.2538,,-2.0003,,4.72455,24.1429
2021-07-03,34588.2,19350.6,1.51156,0.440544,1.03467,1.78745,-16.5585,1.22585,1.46191,,,66.49,,-0.976479,,4.70815,24.7143
2021-07-04,35355.6,19356.6,1.58553,0.452518,0.95607,1.82654,-17.1052,1.27599,1.49204,,,65.333,,3.97595,,4.64465,25.4286
2021-07-05,33911.8,19350.6,1.44178,0.429384,1.05056,1.75249,-17.3473,1.17007,1.42894,,,61.9203,,3.93225,,4.36618,26
2021-07-06,34124,19347,1.46186,0.433038,1.13473,1.76379,-17.9683,1.18093,1.4357,,,62.7944,,1.72854,,4.26727,25.2857
2021-07-07,33931.6,19347.5,1.44153,0.429808,0.975681,1.7538,-18.3635,1.16411,1.42545,,,62.2973,,0.510374,,4.04907,25.2857
2021-07-08,32819.7,19328.5,1.33245,0.411068,1.06433,1.69799,-18.8634,1.08586,1.37668,,,60.6991,,-2.77989,,3.93634,24.1429
2021-07-09,33914.9,19335.2,1.43872,0.429891,1.03461,1.75405,-18.9008,1.1558,1.42048,,,60.7895,,-5.55447,,4.07927,24
2021-07-10,33610.9,19333.1,1.40777,0.424797,1.257,1.73852,-18.4713,1.13176,1.40563,,,60.1898,,-4.36957,,4.03085,23.4286
2021-07-11,34258.4,19335.9,1.47004,0.435586,0.992941,1.77175,-18.0764,1.17203,1.43054,,,58.1284,,-3.22144,,4.40984,22.4286
2021-07-12,33135.2,19342.1,1.3577,0.416269,0.966373,1.71312,-18.3029,1.0932,1.38158,,,58.1832,,-2.55641,,4.68082,21.8571
2021-07-13,32642,19328.4,1.30949,0.407868,1.02554,1.68881,-18.5984,1.05806,1.359,,,53.0778,,-0.466209,,4.69689,21.8571
2021-07-14,32798.3,19316.6,1.32502,0.411049,1.28461,1.69793,-18.5836,1.06572,1.36349,,,51.9641,,-0.835068,,4.61678,20.8571
2021-07-15,31707.7,19291,1.21949,0.391598,0.933431,1.64365,-18.8242,0.993846,1.31623,,,50.6546,,1.23991,,4.61705,20.8571
2021-07-16,31455.7,19271.8,1.19583,0.387335,1.0828,1.63221,-18.7436,0.976127,1.30387,,,47.4637,,3.46865,,4.24768,21.1429
2021-07-17,31548,19349.8,1.19641,0.386654,1.03307,1.6304,-19.2388,0.979887,1.3058,,,45.3093,,3.47824,,4.07997,20.4286
2021-07-18,31707.7,19342.7,1.21194,0.389968,1.04335,1.63926,-19.2857,0.988106,1.31051,,,40.3948,,3.53841,,3.73466,20.2857
2021-07-19,30883.5,19329.6,1.13173,0.37411,1.19669,1.59773,-18.6338,0.935917,1.27461,,,40.4821,,2.08514,,3.14176,20.1429
2021-07-20,29766.7,19320.9,1.0226,0.350923,0.826536,1.54065,-18.6093,0.868287,1.22679,,,38.6255,,-1.42131,,2.70332,20
2021-07-21,32119.7,19329.1,1.25126,0.398214,1.05771,1.66172,-18.2325,1.00968,1.32183,,,38.1504,,-6.31679,,2.67935,18.4286
2021-07-22,32307,19339.8,1.26763,0.401374,1.12009,1.67049,-17.3153,1.02034,1.3276,,,38.0954,,-7.37102,,2.56889,18.5714
2021-07-23,33439.6,19302.4,1.38091,0.422768,1.02093,1.73241,-16.7751,1.09147,1.37211,,,37.7398,,-8.06348,,2.75719,18.7143
2021-07-24,34166.9,19307.6,1.45022,0.434903,1.18721,1.76961,-16.1668,1.13799,1.39985,,,38.2272,,-10.1101,,3.09739,19.7143
2021-07-25,35119.9,19312.7,1.54134,0.450092,1.20941,1.81848,-15.7228,1.20109,1.43672,,,37.2505,,-13.664,,3.28317,20.8571
2021-07-26,37444.8,19400.3,1.75761,0.481895,1.26104,1.93011,-14.7686,1.36395,1.52945,,,37.2488,,-15.1909,,3.75436,21.1429
2021-07-27,39126.5,19545.8,1.90498,0.500447,1.48879,2.00179,-12.6247,1.48763,1.59562,,,36.8277,,-11.8044,,4.33141,23
2021-07-28,39939.2,19637.4,1.97264,0.508318,1.39948,2.03383,-11.5465,1.54818,1.62616,,,36.1958,,-5.94955,,4.79847,28.7143
2021-07-29,40086.2,19870.1,1.96182,0.504314,1.4273,2.01741,-10.3951,1.55726,1.62955,,,36.2714,,-4.21351,,5.42682,32.8571
2021-07-30,41789.7,19907.8,2.1205,0.523619,1.53866,2.09916,-9.14724,1.68884,1.69604,,,34.3594,,-2.37526,,5.94225,37.1429
2021-07-31,41793.3,19919.1,2.11679,0.52339,1.46031,2.09815,-8.11561,1.68518,1.69345,,,34.2855,,0.817339,,6.27573,42.5714
2021-08-01,39969,19916.4,1.9381,0.501704,1.35748,2.00684,-6.55871,1.53878,1.61695,,,31.6931,,5.12387,,6.34196,47.2857
2021-08-02,39304.2,19921.7,1.8711,0.493141,1.23652,1.97293,-5.64586,1.48608,1.58755,,,31.4543,,8.50487,,6.64847,50.4286
2021-08-03,38288.8,19912.4,1.77204,0.479943,1.41961,1.92287,-4.1887,1.4082,1.54413,,,28.2556,,9.14351,,6.76252,52.7143
2021-08-04,39773.9,19929.8,1.91122,0.498922,1.18403,1.9957,-3.48609,1.51691,1.60149,,,27.8687,,9.31605,,6.81102,51.5714
2021-08-05,40941.7,19949.4,2.01917,0.512736,1.42955,2.05227,-2.41567,1.60423,1.64587,,,24.9731,,9.84953,,6.85691,51.5714
2021-08-06,42790.4,19987.8,2.19011,0.532891,1.48037,2.14083,-1.19128,1.74878,1.71739,,,25.3484,,10.4949,,6.87066,51.4286
2021-08-07,44484.9,20012.2,2.34678,0.550135,1.61098,2.22289,0.0372811,1.8857,1.78246,,,25.3467,,10.4949,,6.9079,52.7143
2021-08-08,43972.3,20025.4,2.2928,0.54459,1.50189,2.19582,0.971476,1.83819,1.75903,,,24.9,,10.4949,,7.15852,54.7143
2021-08-09,46265.6,20083.3,2.50246,0.565913,1.51553,2.30368,1.02301,2.02829,1.84767,,,22.7838,,10.4949,,7.44466,57.1429
2021-08-10,45488.8,20114.5,2.42119,0.557813,1.61193,2.26149,1.82305,1.95512,1.81363,,,21.7228,,10.4949,,7.67269,60.4286
2021-08-11,45676.3,20137.9,2.43276,0.559117,1.43781,2.26817,2.86009,1.96529,1.81808,,,21.1717,,10.95,,7.69029,64.4286
2021-08-12,44405.7,20152.9,2.30669,0.546164,1.43174,2.20344,3.69477,1.85214,1.7646,,,21.846,,10.95,,7.71632,67.2857
2021-08-13,47717.5,20197.1,2.61262,0.576736,1.44256,2.36259,3.70099,2.13187,1.893,,,21.2233,,10.95,,8.19497,69.8571
2021-08-14,47124.2,20244,2.54729,0.570412,1.63983,2.32781,4.89702,2.07274,1.86633,,,21.0073,,10.95,,8.52836,70.8571
2021-08-15,47074.4,20255.9,2.53696,0.569705,1.81082,2.32399,5.66283,2.06121,1.86123,,,21.4613,,10.95,,8.80362,70.4286
2021-08-16,45984.7,20273.7,2.42814,0.55912,1.55975,2.26819,6.46805,1.9613,1.81513,,,19.6134,,11.1546,,8.69153,71.4286
2021-08-17,44714.1,20281.2,2.30389,0.546425,1.61454,2.20471,7.42609,1.84957,1.76208,,,20.0201,,11.1546,,8.72342,71.5714
2021-08-18,44954.4,20307.5,2.32041,0.548264,1.27083,2.21368,7.02664,1.86462,1.76864,,,21.4253,,11.1546,,8.7954,72
2021-08-19,46646.9,20342,2.47229,0.563915,1.49948,2.29313,7.92993,2.00171,1.83217,,,19.3719,,11.1546,,9.24931,72
2021-08-20,49240.8,20393.8,2.70597,0.585835,1.63877,2.4145,8.39596,2.22344,1.93077,,,17.4791,,11.455,,9.11362,72
2021-08-21,49070.2,20418.2,2.68255,0.583899,1.7287,2.40326,8.55796,2.20173,1.92081,,,16.7644,,12.3262,,9.03111,72.2857
2021-08-22,49363.3,20440.3,2.7027,0.585921,1.67147,2.415,9.20898,2.22226,1.92901,,,15.447,,12.5771,,9.34583,73
2021-08-23,49590.9,20491.8,2.71392,0.586784,2.00805,2.42004,9.87858,2.23672,1.9346,,,16.2958,,14.6232,,9.68154,74
2021-08-24,47925.9,20499.1,2.5534,0.572274,1.51225,2.33795,10.1785,2.08399,1.86652,,,13.6265,,17.2641,,9.52262,75
2021-08-25,49002.3,20597.7,2.6395,0.579659,1.60072,2.37902,10.3516,2.17352,1.90522,,,14.406,,17.763,,9.84684,75
2021-08-26,47190.3,20627.1,2.4642,0.562896,1.40252,2.28779,9.53345,2.01128,1.83172,,,13.0601,,18.3817,,9.30376,75.7143
2021-08-27,49048.5,20650.7,2.62949,0.578974,1.45312,2.37515,9.49897,2.16938,1.90063,,,12.208,,18.0813,,9.31262,75.8571
2021-08-28,48852.5,20665.5,2.60518,0.576981,1.39387,2.36396,9.37538,2.14884,1.88985,,,13.1311,,19.0548,,9.50292,75.8571
2021-08-29,48948.3,20677.1,2.6082,0.577574,1.54009,2.36728,9.27727,2.15367,1.89037,,,15.3845,,18.8038,,9.05566,75.2857
2021-08-30,47125.8,20687.7,2.43502,0.561011,1.2797,2.27796,9.06394,1.99391,1.81697,,,11.7533,,17.2076,,8.82094,74.4286
2021-08-31,47219.2,20709.2,2.43759,0.561425,1.36392,2.28011,8.9136,1.99937,1.81756,,,11.0008,,17.555,,9.20863,73.5714
2021-09-01,48688.5,20750.5,2.56431,0.573812,1.33446,2.34638,9.05063,2.12272,1.87098,,,11.4075,,21.0107,,9.51682,73.2857
2021-09-02,49369.6,20786.9,2.61866,0.578954,1.46705,2.37504,8.5259,2.17964,1.89395,,,10.8382,,26.4726,,10.4884,73.1429
2021-09-03,49860.5,20815.2,2.65607,0.582532,1.46684,2.39539,8.89222,2.22001,1.90956,,,11.6166,,30.4149,,11.2865,73.5714
2021-09-04,49919.6,20836.5,2.65455,0.582598,1.53276,2.39577,8.94302,2.22229,1.9086,,,11.4399,,30.9139,,11.808,72.7143
2021-09-05,51747.6,20858,2.81375,0.596928,1.67473,2.48095,8.90341,2.38513,1.97511,,,11.0277,,30.9139,,13.2848,72.8571
2021-09-06,52640.6,20894.8,2.88568,0.603067,1.77951,2.51931,8.96983,2.4648,2.00574,,,12.6443,,31.1346,,14.9641,73.7143
2021-09-07,46854.4,20863.7,2.35883,0.554713,1.40489,2.24574,8.91624,1.95197,1.78234,,,13.833,,28.8229,,15.0153,74.5714
2021-09-08,46188,20865.8,2.29468,0.548242,1.2819,2.21357,9.26809,1.89625,1.75412,,,14.0091,,24.8683,,14.1505,71.1429
2021-09-09,46448.8,20903.2,2.31139,0.549974,1.24053,2.22209,8.89005,1.91736,1.76115,,,14.7749,,18.7877,,13.1439,67
2021-09-10,44765.3,20894.4,2.15686,0.533246,1.18403,2.14245,8.88334,1.78031,1.69459,,,15.2979,,14.9035,,11.5046,63
2021-09-11,45098.6,20900.2,2.18338,0.536567,1.29448,2.15781,9.0464,1.80531,1.70446,,,14.1851,,12.5599,,10.4838,57.1429
2021-09-12,46180.6,20913.1,2.27646,0.547146,1.31308,2.20822,9.58024,1.89126,1.74251,,,14.5434,,12.5599,,8.5782,51.2857
2021-09-13,44991.5,20908.2,2.16677,0.535287,1.37969,2.15186,9.27408,1.79336,1.69492,,,14.9688,,11.6848,,6.31412,46.2857
2021-09-14,47022.6,20943.9,2.34269,0.5546,1.51877,2.24518,8.92774,1.9563,1.76854,,,14.282,,11.0081,,5.55214,39.2857
2021-09-15,48167.2,20999.2,2.43655,0.564035,1.3114,2.29376,8.65503,2.0496,1.8086,,,15.2763,,11.0081,,5.17202,39.5714
2021-09-16,47797.3,21019.2,2.39775,0.560243,1.24321,2.27398,8.02129,2.01518,1.79177,,,14.8516,,11.0081,,5.40698,40.7143
2021-09-17,47213.8,21031.1,2.34082,0.554556,1.3239,2.24495,8.56871,1.96429,1.767,,,14.9033,,10.95,,6.1759,41
2021-09-18,48204,21045.9,2.42412,0.5634,1.42101,2.29043,8.31738,2.045,1.8011,,,15.0248,,10.95,,5.76291,43.7143
2021-09-19,47218.5,21052,2.33205,0.554157,1.43245,2.24294,8.23033,1.96046,1.7614,,,14.6101,,10.95,,5.60548,46.7143
2021-09-20,42855.5,21001.6,1.9454,0.509945,1.32882,2.04059,8.06057,1.61387,1.59614,,,15.0408,,10.95,,5.48511,47.5714
2021-09-21,40526.5,20963.1,1.73972,0.482732,0.940761,1.93323,7.39418,1.44275,1.50709,,,13.35,,10.95,,6.51092,47.1429
2021-09-22,43577.6,20991.7,2.00602,0.518292,1.09951,2.07594,6.38864,1.66704,1.61801,,,12.9673,,10.95,,6.26073,43.1429
2021-09-23,44861.3,21009.3,2.11569,0.531684,1.38949,2.13531,6.63236,1.76563,1.66302,,,13.9314,,10.563,,4.12508,39.4286
2021-09-24,42803.3,20992.9,1.93234,0.509549,1.18619,2.03894,6.32549,1.60691,1.58425,,,14.3754,,8.35146,,3.6749,37.2857
2021-09-25,42735.3,20993.3,1.92405,0.50876,1.14973,2.03567,6.25358,1.60177,1.57927,,,14.6727,,8.12354,,3.96987,34.1429
2021-09-26,43131.3,21137.3,1.94405,0.509931,1.11758,2.04053,6.00035,1.6317,1.59142,,,15.1172,,7.12089,,4.4483,30.4286
2021-09-27,42496.8,21138.2,1.88575,0.502593,1.2248,2.01043,6.07804,1.58449,1.56558,,,16.0595,,7.12089,,4.91647,27
2021-09-28,41223.8,21122.1,1.77294,0.487623,1.16222,1.95169,5.83424,1.49157,1.51636,,,15.2151,,6.37123,,4.12172,26.7143
2021-09-29,41453.9,21121.3,1.79142,0.490489,0.997597,1.96267,5.81374,1.50933,1.52249,,,14.7039,,5.52996,,4.85714,27.1429
2021-09-30,43781.5,21151.9,1.99139,0.516877,1.38184,2.06986,6.03806,1.68411,1.60546,,,15.4411,,5.87702,,6.89084,26.1429
2021-10-01,48078.1,21220.4,2.35983,0.558627,1.23896,2.26566,5.95524,2.0299,1.76014,,,14.4746,,7.02015,,7.20081,25.2857
2021-10-02,47792.4,21253.3,2.32836,0.555301,1.64759,2.24871,6.40391,2.00501,1.74685,,,14.5666,,6.45205,,7.49605,29
2021-10-03,48202.6,21268.4,2.3594,0.558771,1.3221,2.2664,6.11982,2.03902,1.75898,,,15.1789,,7.45471,,7.74955,32.1429
2021-10-04,49288.5,21310.8,2.44686,0.567632,1.40175,2.31284,5.98682,2.13094,1.79566,,,14.8235,,7.45471,,8.25159,36.1429
2021-10-05,51558,21377,2.63484,0.58538,1.53615,2.41185,5.81922,2.33018,1.87521,,,14.4226,,7.04335,,8.85705,41
2021-10-06,55419.8,21539.4,2.95149,0.61134,1.31511,2.57294,5.16661,2.68961,2.01222,,,14.7855,,7.88463,,9.45097,47.2857
2021-10-07,53805.2,21608.3,2.7993,0.598398,1.37019,2.49003,4.96323,2.53283,1.95029,,,14.668,,10.1066,,9.94912,55.2857
2021-10-08,53933.5,21642.7,2.80191,0.598716,1.16619,2.492,4.55946,2.54186,1.95164,,,14.8595,,13.2687,,10.3701,62
2021-10-09,55010.9,21672.9,2.88682,0.606026,1.48197,2.53824,4.74752,2.64101,1.98724,,,14.9341,,14.3628,,10.9715,64.5714
2021-10-10,54701.3,21705.8,2.8514,0.603194,1.55662,2.52012,4.89305,2.60759,1.9727,,,15.3562,,14.9315,,11.4037,67.7143
2021-10-11,57289.2,21770.1,3.0626,0.619997,1.49202,2.63156,4.65211,2.85506,2.06246,,,15.0507,,14.9315,,12.0704,70.1429
2021-10-12,56196.2,21828.7,2.95697,0.611563,1.33946,2.57442,4.29136,2.74338,2.01965,,,15.8189,,16.0925,,12.5949,72.8571
2021-10-13,57348.9,21888.1,3.04427,0.618335,1.71745,2.6201,4.30495,2.85317,2.05753,,,15.4423,,16.0925,,13.2585,73.1429
2021-10-14,57384,21953.2,3.03494,0.617433,1.38895,2.61392,3.92328,2.85268,2.05524,,,14.766,,14.9573,,13.881,72.2857
2021-10-15,61446.1,22072.8,3.3639,0.640777,1.52558,2.78379,3.96449,3.26568,2.19684,,,15.8163,,14.2552,,14.5822,71.8571
2021-10-16,60932.1,22116.4,3.30787,0.637032,1.42263,2.75506,4.15531,3.20666,2.17463,,,15.5289,,18.6115,,14.9589,72.7143
2021-10-17,61462.2,22148.2,3.34177,0.639645,1.71966,2.77504,4.04889,3.2579,2.18969,,,15.1463,,22.5095,,15.6042,73.8571
2021-10-18,61977.1,22307.7,3.36323,0.640065,1.59804,2.77828,3.81595,3.3077,2.20413,,,15.2913,,24.6287,,15.8502,74.8571
2021-10-19,64290.9,22413.2,3.54049,0.651378,1.7291,2.86844,3.62698,3.55333,2.28233,,,15.0185,,24.888,,16.2992,74.4286
2021-10-20,66061.8,22559.6,3.6669,0.658507,1.70138,2.92832,3.37789,3.74442,2.34096,,,14.4911,,27.664,,17.0887,76.1429
2021-10-21,62373.9,22627.2,3.3417,0.637233,1.58992,2.75659,3.92722,3.3327,2.20637,,,15.0347,,34.8678,,17.6838,78.1429
2021-10-22,60751,22642.7,3.19622,0.627286,1.64711,2.68302,4.60889,3.15706,2.14521,,,14.4398,,36.6684,,18.0517,78.7143
2021-10-23,61250.1,22664.3,3.22836,0.629971,1.51888,2.70249,4.02246,3.20429,2.15905,,,14.739,,33.4963,,18.6689,78.1429
2021-10-24,60865.4,22718.8,3.18399,0.626738,1.58717,2.67908,4.0647,3.15898,2.14174,,,14.4364,,32.7023,,19.0115,77.2857
2021-10-25,63031.7,22821.5,3.3476,0.637936,1.94616,2.76195,4.4843,3.38219,2.21405,,,14.6448,,33.5378,,19.6258,76.4286
2021-10-26,60394,22847.1,3.11862,0.621699,1.53144,2.6434,4.65081,3.10056,2.11771,,,14.104,,39.9332,,19.7561,76.5714
2021-10-27,58563.3,22843,2.96055,0.609943,1.54869,2.56373,4.48457,2.91207,2.04999,,,14.0409,,40.1034,,19.0808,75.2857
2021-10-28,60564.6,22902.3,3.11429,0.621853,1.55511,2.64448,4.50253,3.11045,2.11636,,,14.4161,,32.3405,,18.9491,72.7143
2021-10-29,62230.8,22969.9,3.23854,0.630892,1.77837,2.70923,4.98217,3.27924,2.17077,,,14.2644,,31.0052,,19.1675,72
2021-10-30,61742.9,22991.7,3.18887,0.627623,1.59346,2.68545,4.47438,3.22443,2.14999,,,15.2538,,32.0589,,19.2756,71.8571
2021-10-31,61433,23094.8,3.14745,0.624065,1.41729,2.66003,4.41838,3.18853,2.13548,,,15.6312,,32.6556,,19.3101,72
2021-11-01,61092.1,23147,3.10801,0.621114,1.4957,2.63931,3.6474,3.14986,2.11994,,,15.2766,,34.4356,,19.0129,72.2857
2021-11-02,63024.7,23293.8,3.24626,0.630403,1.64083,2.70565,3.81948,3.34774,2.18316,,,16.2372,,31.2503,,19.5294,71.8571
2021-11-03,62956,23380.5,3.22566,0.628621,1.66401,2.69267,3.96149,3.33555,2.17696,,,19.1881,,34.9489,,20.4497,72.2857
2021-11-04,61393.9,23393.2,3.09021,0.618966,1.43708,2.62444,3.64961,3.16678,2.11926,,,18.547,,40.3587,,20.9232,73.2857
2021-11-05,61005.8,23447.8,3.04736,0.615646,1.54287,2.60177,4.31148,3.12159,2.10222,,,19.3111,,41.0103,,20.9652,73.7143
2021-11-06,61455.1,23478.6,3.07432,0.617955,1.53934,2.61749,4.53584,3.16245,2.11402,,,19.2472,,44.0102,,20.8599,73.4286
2021-11-07,63043.8,23503.6,3.19324,0.627186,1.56367,2.6823,5.16997,3.32138,2.16489,,,19.0595,,42.9195,,21.1001,73.2857
2021-11-08,67541.8,23660.3,3.5339,0.649694,1.47358,2.85465,4.86469,3.80246,2.31519,,,20.1021,,43.0835,,22.2973,73.4286
2021-11-09,67095.6,23747.7,3.48136,0.646061,1.64283,2.82535,4.54624,3.74257,2.29579,,,19.6568,,45.6508,,22.7546,75
2021-11-10,64756.1,23798.2,3.28117,0.632495,1.54919,2.72105,4.61399,3.47739,2.21183,,,21.7689,,45.9633,,22.0388,74.8571
2021-11-11,64962.9,23855,3.28493,0.63279,1.64227,2.72324,5.04018,3.49034,2.21499,,,21.7133,,41.3704,,21.5362,75.4286
2021-11-12,64079,24178.5,3.18074,0.622676,1.45175,2.65024,4.63506,3.38886,2.18102,,,21.6741,,42.0123,,21.1556,75.5714
2021-11-13,64397.8,24200.2,3.19665,0.624208,1.5668,2.66105,5.1615,3.41573,2.18803,,,21.5534,,38.5108,,20.9004,75.7143
2021-11-14,65032.2,24221.6,3.23738,0.627544,1.61801,2.68488,5.43005,3.47605,2.2057,,,21.7375,,35.6984,,20.5058,75.8571
2021-11-15,63753.5,24277.2,3.1242,0.619203,1.52081,2.62607,5.75305,3.33365,2.15856,,,22.9409,,33.2951,,19.1208,75.4286
2021-11-16,60322.5,24312.1,2.84409,0.596965,1.4255,2.48117,5.58988,2.98013,2.0389,,,22.8621,,28.614,,17.536,73.5714
2021-11-17,60154.3,24347.5,2.8223,0.59525,1.40829,2.47066,5.75724,2.95928,2.02975,,,23.4893,,21.8213,,17.1422,70.2857
2021-11-18,56794.2,24295.5,2.55707,0.572218,1.28215,2.33764,5.73955,2.63458,1.91318,,,23.9857,,20.5809,,16.2821,67
2021-11-19,58014.1,24312.2,2.64688,0.580927,1.24309,2.38622,5.81425,2.74538,1.951,,,23.5938,,17.4306,,15.6388,61.2857
2021-11-20,59749.5,24337.7,2.77572,0.592671,1.35183,2.45502,5.58655,2.90693,2.00595,,,25.2287,,15.3962,,15.1714,57.1429
2021-11-21,59032.6,24344.6,2.71384,0.587608,1.21347,2.42488,5.13596,2.83366,1.97854,,,24.0976,,15.0301,,14.6136,53.5714
2021-11-22,56383.6,24313.5,2.50479,0.568783,1.23554,2.31902,5.40899,2.58188,1.88663,,,26.5565,,12.5345,,13.9206,50.4286
2021-11-23,57642.3,24334.3,2.59686,0.577839,1.18003,2.36877,5.21956,2.69502,1.92552,,,24.0615,,11.33,,13.8998,45
2021-11-24,57141.8,24348.4,2.55235,0.573896,1.38758,2.34684,4.65037,2.64551,1.90564,,,24.5727,,11.2703,,13.7702,43.5714
2021-11-25,59008.7,24536.6,2.678,0.584186,1.1841,2.40492,4.4082,2.81752,1.96459,,,24.9708,,11.8948,,14.2115,40.4286
2021-11-26,53800.6,24472.2,2.27505,0.545131,1.0941,2.19844,4.20922,2.33967,1.78829,,,25.1789,,13.3341,,13.6274,42.2857
2021-11-27,54635.9,24470.4,2.33642,0.552118,1.20105,2.23273,4.19307,2.41032,1.8131,,,25.6722,,13.3771,,13.0919,39.1429
2021-11-28,57248.6,24499.6,2.5322,0.572048,1.2206,2.33671,3.49585,2.64155,1.89665,,,25.949,,13.3771,,13.0413,36
2021-11-29,57920.7,24548.5,2.5759,0.57617,1.26751,2.35944,3.61287,2.69843,1.91573,,,26.1812,,13.9389,,13.0441,33.5714
2021-11-30,57097,24562.3,2.50704,0.569815,1.16819,2.32458,3.60494,2.61724,1.88536,,,25.2579,,14.7165,,13.0483,34.5714
2021-12-01,57180.6,24601.4,2.50626,0.56976,1.19361,2.32429,3.7327,2.61911,1.885,,,25.7392,,15.7502,,13.0082,33.4286
2021-12-02,56582.9,24599.2,2.45646,0.565255,1.33284,2.3002,3.43648,2.55882,1.86223,,,25.2162,,15.3716,,12.3472,33.4286
2021-12-03,53671.6,24563.8,2.23243,0.542332,1.3669,2.18499,3.28838,2.29702,1.76357,,,24.9517,,14.9169,,12.1459,31.1429
2021-12-04,49159.7,24467.7,1.89164,0.502281,1.15276,2.00917,3.56598,1.92334,1.61281,,,26.3345,,14.3097,,11.3622,31.7143
2021-12-05,49327.1,24457.9,1.90307,0.50417,1.23598,2.01682,3.33396,1.93145,1.61579,,,26.1399,,14.1675,,10.0084,30.4286
2021-12-06,50535.4,24442.3,1.99435,0.516333,1.30875,2.06754,3.30302,2.02256,1.65278,,,24.6786,,13.6057,,9.2077,28
2021-12-07,50574.5,24498.7,1.99064,0.515592,1.17032,2.06438,2.86712,2.02007,1.65146,,,24.7459,,12.363,,8.16601,25.8571
2021-12-08,50500.7,24494.4,1.98298,0.514968,1.27179,2.06172,3.31719,2.00873,1.64647,,,25.0118,,11.2244,,7.2972,25
2021-12-09,47937.8,24451.3,1.78902,0.489938,1.16881,1.96055,3.42261,1.80489,1.56053,,,23.1293,,10.9141,,6.59731,24.5714
2021-12-10,47437.2,24434.9,1.75039,0.484901,1.10466,1.94137,3.37839,1.7634,1.54188,,,25.8838,,9.92946,,6.24977,23.5714
2021-12-11,49321.8,24454.1,1.89023,0.504192,1.10948,2.01691,3.04119,1.90152,1.60066,,,25.4467,,10.4937,,6.8475,22.2857
2021-12-12,50136.6,24459.8,1.94948,0.512136,1.04372,2.04975,3.34833,1.96003,1.62458,,,25.4362,,10.6359,,7.10475,23.5714
2021-12-13,46785.3,24427.2,1.6959,0.477889,0.979474,1.9153,3.085,1.70299,1.5137,,,26.0988,,10.6359,,6.63219,25.2857
2021-12-14,48292.7,24453.5,1.80636,0.493639,1.05935,1.97488,2.73135,1.80949,1.56008,,,25.6959,,10.3423,,6.77918,24.7143
2021-12-15,48830.6,24465.1,1.84427,0.49898,1.01876,1.99593,2.3189,1.84459,1.57504,,,27.3242,,10.3423,,6.98814,24.7143
2021-12-16,47663.5,24458.9,1.75464,0.486843,0.81025,1.94872,1.89725,1.75275,1.53506,,,27.1138,,10.3423,,7.06409,24.7143
2021-12-17,46334.5,24431.2,1.65472,0.47272,1.0189,1.89653,1.7878,1.65253,1.49002,,,26.5009,,10.0648,,7.35604,24.5714
2021-12-18,46904.9,24435.7,1.69586,0.479038,0.885214,1.91953,1.62525,1.6893,1.5061,,,26.9545,,9.89489,,7.26768,25.7143
2021-12-19,46876.4,24437.1,1.69201,0.478691,1.02848,1.91825,1.81495,1.68332,1.50292,,,27.1868,,9.74263,,7.65544,26
2021-12-20,46954.8,24427.8,1.69702,0.479759,0.994345,1.92219,1.75008,1.68534,1.50317,,,27.9287,,9.74263,,8.29644,25.5714
2021-12-21,49082.1,24452.9,1.85342,0.501795,1.15987,2.00721,2.28833,1.83661,1.56887,,,29.4097,,10.3078,,9.09147,26.4286
2021-12-22,48692.1,24457.7,1.82183,0.497707,1.05612,1.99087,2.33016,1.80244,1.55404,,,28.4459,,10.3078,,9.63838,28.8571
2021-12-23,50713,24497.2,1.96852,0.516943,1.12782,2.07015,2.7052,1.94934,1.61603,,,26.6662,,9.98129,,10.3413,29.5714
2021-12-24,50783.8,24513.9,1.97032,0.517289,1.11986,2.07163,2.79961,1.94839,1.61578,,,26.4204,,10.2588,,10.537,32.1429
2021-12-25,50590.5,24510.2,1.95388,0.515517,1.08436,2.06406,3.13147,1.92721,1.60714,,,26.0187,,10.4287,,10.02,34.2857
2021-12-26,50798.3,24522,1.96632,0.517268,0.991267,2.07154,3.33892,1.93771,1.61126,,,25.4622,,10.5809,,9.77348,35.4286
2021-12-27,50796.4,24530.8,1.96328,0.517076,1.09322,2.07072,3.41982,1.93207,1.60871,,,27.798,,10.5809,,9.43792,37.5714
2021-12-28,47673,24500.2,1.73044,0.486079,0.928182,1.94582,3.64416,1.69757,1.50752,,,27.7481,,10.6235,,8.04256,39.5714
2021-12-29,46470.3,24477.9,1.64083,0.473257,0.978025,1.89846,3.75807,1.60888,1.46731,,,26.7115,,10.6235,,5.87216,37
2021-12-30,47102.5,24486.5,1.68578,0.480144,0.813366,1.92361,3.62303,1.64935,1.48505,,,26.8542,,10.95,,4.2764,35.2857
2021-12-31,46355.1,24482.7,1.62893,0.471846,1.00143,1.89339,3.96343,1.59437,1.45933,,,27.7643,,10.2668,,4.311,33.4286
2022-01-01,47560,24490.6,1.71647,0.485058,1.18427,1.94197,4.28078,1.67487,1.49502,,,27.1805,,10.2668,,4.96134,30.8571
2022-01-02,47352.6,24490.6,1.69947,0.482802,1.08199,1.9335,4.1835,1.65649,1.48628,,,30.7926,,10.2668,,5.26709,29.7143
2022-01-03,46453.4,24481.4,1.63189,0.472991,0.940059,1.8975,3.96647,1.59062,1.4559,,,30.1207,,10.2668,,5.80014,28.1429
2022-01-04,45906,24458.6,1.59158,0.467203,0.974948,1.87689,3.7215,1.5495,1.43663,,,30.0735,,10.2668,,6.72931,25.5714
2022-01-05,43530.9,24424.3,1.41685,0.43892,0.942931,1.78228,3.36902,1.39019,1.36035,,,29.6363,,10.2668,,8.38986,25.1429
2022-01-06,43145,24402.5,1.38887,0.434408,0.909715,1.76806,3.35457,1.36266,1.34636,,,30.1814,,10.2668,,9.58739,24.1429
2022-01-07,41512.8,24353.8,1.27073,0.413342,0.839587,1.70457,2.76856,1.25827,1.29361,,,29.8314,,10.95,,9.43102,22.7143
2022-01-08,41799.8,24344.8,1.29183,0.417586,0.869552,1.71699,2.5295,1.27254,1.30072,,,29.444,,10.95,,9.22953,21.1429
2022-01-09,41886.5,24341,1.29769,0.418882,0.853103,1.72082,2.37808,1.27485,1.30159,,,28.9503,,10.95,,9.02957,20.2857
2022-01-10,41817,24331.4,1.29243,0.418144,0.85778,1.71864,2.26877,1.26787,1.29761,,,28.268,,10.6644,,8.78659,19.4286
2022-01-11,42768.2,24327.2,1.36214,0.431185,0.97563,1.75804,2.33395,1.32259,1.32524,,,29.6935,,10.5285,,8.49288,19.1429
2022-01-12,43961,24347.1,1.44772,0.446167,0.881855,1.8056,2.27409,1.39345,1.36025,,,29.733,,8.93869,,8.22215,18.8571
2022-01-13,42626.9,24329.8,1.34963,0.429237,1.10031,1.75204,2.61721,1.30716,1.31711,,,30.1618,,7.18737,,7.9262,19.7143
2022-01-14,43102.6,24328.8,1.38386,0.435562,0.987843,1.77168,2.84125,1.33336,1.32992,,,30.1291,,4.82879,,7.79708,20.1429
2022-01-15,43206.7,24331.5,1.39037,0.436858,1.03322,1.77575,3.73821,1.33692,1.33124,,,30.3393,,4.04368,,7.67758,22
2022-01-16,43168.9,24334,1.38646,0.436307,1.08732,1.77402,3.93001,1.33156,1.32819,,,30.5709,,3.01959,,7.51577,21.7143
2022-01-17,42211.3,24311,1.31683,0.424065,0.977376,1.73631,4.39298,1.27012,1.29691,,,31.0616,,2.70027,,7.33492,21.5714
2022-01-18,42431.2,24303.2,1.33271,0.427233,0.82976,1.74591,4.01192,1.28035,1.30184,,,31.5657,,2.83605,,7.16965,22
2022-01-19,41787.7,24267.2,1.28726,0.419274,1.03875,1.72198,4.24883,1.23912,1.28031,,,30.7036,,4.16371,,6.89142,22.2857
2022-01-20,40756.1,24236.9,1.21301,0.405319,0.988948,1.68157,3.90527,1.17642,1.24699,,,31.459,,5.91503,,6.67848,22.7143
2022-01-21,36492.3,24090.6,0.91029,0.339843,0.701856,1.51479,3.69883,0.941642,1.11507,,,31.4114,,7.89552,,6.22678,22.4286
2022-01-22,34996.4,24049.8,0.803214,0.312793,0.673076,1.45517,3.31598,0.864855,1.068,,,30.5789,,7.79791,,5.97629,21
2022-01-23,36271.1,24046.4,0.896642,0.337037,0.733998,1.50838,3.3174,0.927556,1.10546,,,32.3166,,7.63163,,5.9861,19.5714
2022-01-24,36659.7,24018,0.926861,0.344839,0.7889,1.52634,3.21507,0.945858,1.11585,,,31.7882,,7.40721,,5.85056,18.2857
2022-01-25,36952.6,24012.6,0.948338,0.350177,0.805464,1.53888,3.44961,0.959443,1.12329,,,33.2383,,6.26632,,5.62163,16.5714
2022-01-26,36825.8,23996.1,0.939875,0.34839,0.686647,1.53466,3.22348,0.951272,1.11798,,,32.4426,,4.68472,,5.52906,16.4286
2022-01-27,37021.9,23981.6,0.954903,0.352233,0.695466,1.54376,3.26725,0.959882,1.12246,,,32.8116,,1.94154,,5.47456,15.8571
2022-01-28,37768.8,23956.2,1.01101,0.365715,0.833751,1.57658,3.37283,0.997129,1.1436,,,32.5279,,1.25341,,5.48314,16.5714
2022-01-29,38088.3,23917.5,1.03676,0.372051,0.813351,1.59249,3.90351,1.01205,1.15174,,,31.0646,,0.630094,,5.29837,18.1429
2022-01-30,37983.5,23896.7,1.03015,0.370866,0.794509,1.58949,3.75878,1.00452,1.14706,,,31.898,,1.56893,,4.92887,20.7143
2022-01-31,38462.7,23894.5,1.06486,0.378762,0.787776,1.60969,3.25948,1.02777,1.15999,,,30.0625,,0.620761,,4.62481,21.7143
2022-02-01,38788,24024.3,1.07864,0.380624,0.854886,1.61453,3.33898,1.04286,1.16824,,,29.3291,,-0.0185629,,4.50564,23.7143
2022-02-02,36942.3,24001.3,0.945095,0.350303,0.808855,1.53918,3.66788,0.944074,1.11121,,,29.7878,,0.763945,,4.42647,24.4286
2022-02-03,37057.7,23989.1,0.954022,0.352655,0.779619,1.54477,3.88667,0.948078,1.11323,,,28.9658,,1.52148,,4.36825,24.4286
2022-02-04,41079.9,24036.6,1.24346,0.414881,0.764474,1.70905,3.90663,1.16198,1.23238,,,28.3108,,1.17415,,4.43901,23.8571
2022-02-05,41508.6,24046.8,1.27324,0.420679,0.707503,1.72616,3.69596,1.18294,1.24353,,,29.5563,,2.5476,,4.37991,25.1429
2022-02-06,42358.2,24055.2,1.33375,0.4321,0.946337,1.76087,4.19944,1.22865,1.26723,,,27.5453,,2.79913,,4.26616,26.2857
2022-02-07,43889,24093.5,1.44151,0.451035,0.854865,1.82161,4.31783,1.31544,1.31119,,,28.9042,,2.86243,,4.31084,29.8571
2022-02-08,44167.4,24115.1,1.45919,0.454008,0.974407,1.83153,4.63362,1.32871,1.31765,,,26.7571,,4.64275,,4.13591,33
2022-02-09,44405.1,24131.9,1.47421,0.45655,0.890744,1.8401,4.79694,1.33965,1.32288,,,27.1562,,5.13883,,3.88205,36.7143
2022-02-10,43614.3,24140.8,1.41511,0.446495,0.918639,1.80667,4.6083,1.28939,1.29751,,,27.8036,,6.50925,,3.55022,41
2022-02-11,42357.3,24145.7,1.32259,0.429952,0.861872,1.75424,4.79317,1.2139,1.25838,,,27.4824,,5.88995,,3.1963,45.2857
2022-02-12,42173.5,24155,1.30779,0.427246,1.12957,1.74595,4.69399,1.20147,1.2512,,,27.5381,,6.02255,,2.90211,46.8571
2022-02-13,42195.6,24157.3,1.30844,0.427493,0.955176,1.7467,4.6226,1.20094,1.25014,,,26.433,,5.64702,,2.64184,47.8571
2022-02-14,42646.2,24160.3,1.34007,0.43347,0.935083,1.76513,4.05034,1.22485,1.26175,,,26.7286,,6.78921,,2.26992,48
2022-02-15,44511.9,24194.6,1.47181,0.456447,1.11612,1.83975,3.91858,1.33232,1.31511,,,25.7254,,5.62653,,2.15575,47.7143
2022-02-16,44065.7,24201.8,1.43799,0.450779,0.984611,1.82076,3.64128,1.3038,1.30011,,,24.9769,,6.19165,,2.05286,47.2857
2022-02-17,40610,24161.8,1.19009,0.405028,0.913511,1.68075,4.18958,1.10589,1.19655,,,25.2024,,6.80688,,2.0406,47.5714
2022-02-18,40044.2,24146.4,1.14968,0.397007,0.769338,1.65839,3.65736,1.07388,1.1783,,,23.7652,,7.05138,,2.03373,44.7143
2022-02-19,40095.9,24144.9,1.15294,0.39782,0.857426,1.66063,3.57618,1.0751,1.17825,,,23.5016,,6.46066,,2.19412,42
2022-02-20,38551.6,24129.9,1.04194,0.374089,0.797555,1.59767,3.79982,0.992824,1.13139,,,24.2839,,5.38073,,2.13867,39.5714
2022-02-21,37098,24099.7,0.938732,0.350379,0.656475,1.53936,3.79382,0.918701,1.08734,,,24.3343,,4.3118,,2.24177,36.5714
2022-02-22,38202.6,24098.7,1.01814,0.369187,0.835858,1.58526,3.95485,0.973589,1.11826,,,24.1605,,3.59916,,2.14054,32.8571
2022-02-23,37308.3,24092.2,0.953666,0.354239,0.805732,1.54856,3.84205,0.928226,1.09068,,,24.0287,,1.06721,,2.23094,29.1429
2022-02-24,38283.8,24092.9,1.02356,0.370676,0.728396,1.58901,3.33209,0.97689,1.11775,,,23.6018,,-1.47632,,2.3052,25
2022-02-25,39323.8,24093.7,1.098,0.3873,0.760165,1.63212,3.50924,1.03027,1.14661,,,23.3946,,-0.354467,,2.33868,24.5714
2022-02-26,39056.6,24085.5,1.07882,0.383318,0.704721,1.62158,3.40472,1.01585,1.13733,,,22.728,,0.077015,,2.05728,24.7143
2022-02-27,37664.8,24071,0.979169,0.360914,0.74002,1.56473,3.0175,0.944506,1.09539,,,23.1011,,0.320105,,2.09358,24.5714
2022-02-28,43179.3,24178,1.36782,0.440054,0.960381,1.78589,2.67818,1.23999,1.25405,,,24.0543,,-1.4563,,2.1028,23.8571
2022-03-01,44334.5,24212.1,1.44755,0.453877,1.037,1.83109,2.82545,1.30611,1.28581,,,23.0504,,0.125404,,2.21029,28.2857
2022-03-02,43984.6,24222.5,1.42068,0.449296,0.864014,1.81586,2.98411,1.28446,1.27391,,,22.5422,,2.10949,,2.34488,32.1429
2022-03-03,42492.8,24233.3,1.31188,0.429708,0.90887,1.75349,2.8726,1.19797,1.22904,,,22.7934,,4.65302,,2.34305,34.4286
2022-03-04,39106.4,24182.1,1.07177,0.381632,0.785814,1.61716,2.4706,1.01423,1.12962,,,21.2269,,5.31951,,2.22216,35.2857
2022-03-05,39383.9,24182.2,1.09117,0.385986,0.700968,1.62863,2.09646,1.02807,1.13615,,,20.2409,,5.04367,,2.24231,34.7143
2022-03-06,38399.3,24176.6,1.02047,0.37039,0.728594,1.58828,2.2304,0.9769,1.10632,,,19.7456,,4.95832,,2.178,34.1429
2022-03-07,38146.7,24162.6,1.00294,0.366589,0.818318,1.57875,2.76859,0.963888,1.09763,,,19.2891,,6.19395,,1.83802,34.5714
2022-03-08,38725.5,24145.5,1.04521,0.376496,0.831506,1.60384,2.39688,0.993345,1.11284,,,17.9914,,6.14227,,1.91891,30.2857
2022-03-09,41989.4,24192.3,1.27512,0.423848,0.841296,1.73565,2.41422,1.16734,1.20502,,,19.8646,,6.52203,,1.6889,26
2022-03-10,39482.3,24212.9,1.0935,0.38674,0.832062,1.63063,2.07268,1.032,1.1316,,,18.2799,,5.44585,,1.39665,24.4286
2022-03-11,38825.4,24185.8,1.04794,0.377063,0.779425,1.6053,1.98022,0.997957,1.11133,,,18.4872,,3.18953,,1.32353,22.8571
2022-03-12,38951.1,24185.9,1.05647,0.37907,0.884833,1.61049,2.10433,1.00426,1.11349,,,17.9454,,2.02361,,1.36856,22.8571
2022-03-13,37808.3,24180.6,0.974696,0.360443,0.832359,1.56358,2.08381,0.946271,1.07945,,,18.0357,,1.18437,,1.14065,22.7143
2022-03-14,39649,24192.1,1.10501,0.389843,0.885626,1.63892,1.49124,1.0403,1.13053,,,18.2781,,1.17613,,1.63618,22.7143
2022-03-15,39356.8,24184,1.08421,0.38552,0.799564,1.62739,1.18298,1.02491,1.12075,,,16.7206,,0.961566,,1.82425,22.7143
2022-03-16,41101.8,24215.3,1.20603,0.410846,0.931896,1.69735,1.2447,1.11741,1.16889,,,16.6256,,0.914377,,2.0996,23
2022-03-17,40966.4,24196.4,1.1971,0.409361,0.953357,1.69308,0.947957,1.10971,1.16351,,,16.8683,,1.99055,,2.12703,22.8571
2022-03-18,41826.1,24212.1,1.25666,0.421126,0.876397,1.72749,0.746153,1.15606,1.18635,,,16.9878,,3.81211,,2.40415,23.2857
2022-03-19,42193.2,24220.8,1.2815,0.425954,0.959074,1.74202,0.312884,1.17568,1.19516,,,16.93,,5.41311,,2.28681,24.1429
2022-03-20,41294.7,24218.8,1.21695,0.413514,0.933575,1.70507,0.711978,1.12571,1.16817,,,17.2755,,7.55008,,2.75542,25.5714
2022-03-21,41064.4,24221.8,1.19971,0.410152,0.923335,1.69535,0.705385,1.11287,1.16013,,,16.3002,,8.64263,,2.17043,26.5714
2022-03-22,42383.2,24245.1,1.29125,0.427953,0.928786,1.74811,0.526127,1.18502,1.19579,,,16.0014,,9.20248,,1.66429,27.2857
2022-03-23,42734.2,24261.1,1.31434,0.432279,0.912289,1.76143,0.806191,1.20421,1.20408,,,16.8806,,9.26208,,0.449015,28.2857
2022-03-24,43974.6,24286.6,1.39989,0.447713,0.926458,1.81065,0.462631,1.27462,1.23736,,,16.0361,,7.77898,,-0.228285,30.1429
2022-03-25,44347,24408.6,1.41678,0.449601,1.01966,1.81686,0.415662,1.29585,1.24614,,,15.9628,,7.45398,,0.149283,33.2857
2022-03-26,44519.9,24415.3,1.42766,0.451587,1.05657,1.82344,0.86839,1.30473,1.2493,,,15.7839,,6.54815,,0.742039,36.5714
2022-03-27,46777.2,24453.2,1.58406,0.477241,0.904296,1.91293,0.686349,1.43856,1.31082,,,15.0444,,5.14306,,0.991468,39.1429
2022-03-28,47223.7,24518.1,1.6099,0.480808,1.10866,1.92607,1.0427,1.46425,1.32149,,,15.0229,,6.24051,,1.8306,43.4286
2022-03-29,47463.7,24569,1.62205,0.482363,1.05889,1.93186,1.30901,1.47696,1.32635,,,14.899,,6.21934,,2.45367,47.7143
2022-03-30,47123.3,24588.7,1.59531,0.478205,0.940736,1.91646,0.920286,1.45377,1.31501,,,15.515,,6.37504,,3.92005,51.1429
2022-03-31,45562.2,24572.3,1.48492,0.460687,0.930894,1.85421,0.396866,1.3575,1.26971,,,15.1122,,7.85814,,5.29608,52.8571
2022-04-01,46250.3,24598.9,1.53062,0.468136,0.966283,1.88018,0.493618,1.39693,1.28711,,,15.2739,,8.45204,,5.26732,53.2857
2022-04-02,45939.9,24597.5,1.5077,0.464572,0.919725,1.86767,0.378637,1.37674,1.27672,,,12.2191,,9.35787,,5.33791,53.4286
2022-04-03,46440.5,24611,1.541,0.470054,0.957704,1.88698,0.541529,1.40547,1.28886,,,12.6298,,10.763,,5.49583,53.2857
2022-04-04,46663,24629.7,1.55425,0.47218,1.09433,1.89459,1.22759,1.41743,1.29325,,,12.4329,,10.763,,5.65426,52.1429
2022-04-05,45693,24629.5,1.48482,0.46098,0.984429,1.85522,1.38817,1.35769,1.26464,,,12.3027,,10.7841,,5.72464,51.7143
2022-04-06,43304.9,24592.3,1.31833,0.432114,0.965886,1.76092,1.09722,1.21867,1.19695,,,11.7159,,10.7788,,5.61533,50.7143
2022-04-07,43569,24590,1.3363,0.43561,0.895063,1.77182,1.07917,1.23259,1.20265,,,11.3075,,10.3836,,5.44775,48.1429
2022-04-08,42222.1,24566.3,1.24246,0.418165,0.842975,1.7187,1.01923,1.15624,1.16394,,,11.497,,10.2526,,5.23976,46.2857
2022-04-09,42681,24570.1,1.27378,0.424331,0.973875,1.73711,1.22171,1.17979,1.17504,,,12.0646,,10.215,,5.00389,43.1429
2022-04-10,42264.5,24565.2,1.24416,0.418773,0.883675,1.7205,1.27588,1.15565,1.16205,,,12.3665,,9.63892,,4.70263,41.1429
2022-04-11,39544,24522.9,1.05545,0.379858,0.810164,1.61253,0.965146,1.01109,1.08587,,,11.5361,,9.13016,,4.25919,38.2857
2022-04-12,40096.4,24553.4,1.09163,0.387641,0.918357,1.63303,0.898713,1.03862,1.09963,,,10.9163,,6.32446,,3.78689,33.5714
2022-04-13,41152.8,24562.2,1.16463,0.403145,0.863616,1.67545,1.13424,1.09296,1.12715,,,10.4992,,4.6391,,3.45505,30.2857
2022-04-14,39916.5,24577.6,1.07629,0.384274,0.826717,1.6241,1.32902,1.02744,1.0919,,,10.0571,,4.1465,,3.14223,29.4286
2022-04-15,40527.3,24582.6,1.11828,0.39343,0.962786,1.64862,1.32809,1.0581,1.10719,,,9.90904,,2.23563,,2.8449,27.2857
2022-04-16,40439.6,24580.4,1.11178,0.392171,0.815082,1.6452,1.21,1.05235,1.10338,,,9.80303,,1.41792,,2.64413,27
2022-04-17,39704.8,24576.4,1.06009,0.381021,0.984977,1.61556,1.60742,1.01346,1.08197,,,9.55885,,1.50166,,2.33833,26.1429
2022-04-18,40818.9,24581,1.1373,0.397803,0.822882,1.66059,1.4324,1.07021,1.1109,,,9.26835,,-0.902489,,2.19444,25
2022-04-19,41489.7,24591.4,1.18296,0.407288,0.774072,1.68716,0.934139,1.10516,1.1277,,,9.4534,,0.924128,,2.20675,26
2022-04-20,41395.6,24595.5,1.17552,0.405843,0.996788,1.68306,1.0496,1.09963,1.1237,,,9.19222,,2.23453,,2.15956,26.2857
2022-04-21,40457.5,24636.3,1.10653,0.391058,1.02841,1.64219,1.30033,1.05001,1.09683,,,8.8095,,1.5732,,2.1173,26.1429
2022-04-22,39738,24613.5,1.05734,0.380605,0.807585,1.61448,1.00602,1.01286,1.07597,,,9.55732,,1.46725,,2.02947,26.7143
2022-04-23,39582.5,24612,1.04614,0.37821,0.971439,1.60826,1.41539,1.00507,1.07041,,,8.37483,,-0.726141,,1.89758,26.1429
2022-04-24,39511.6,24610,1.04091,0.377145,1.01752,1.60551,1.5987,1.00197,1.06716,,,8.90171,,-3.73796,,1.87696,25.5714
2022-04-25,40473.7,24610.1,1.10762,0.39195,0.987577,1.6446,1.35807,1.05159,1.09176,,,8.06351,,-2.88621,,1.88474,25.4286
2022-04-26,38072.8,24569,0.942501,0.354683,0.803105,1.54963,1.56353,0.931031,1.02573,,,8.17589,,-1.90712,,1.88,25.4286
2022-04-27,39218.5,24571.5,1.02189,0.373471,1.00502,1.5961,1.41869,0.988395,1.05528,,,7.19955,,-4.22295,,1.89804,24.5714
2022-04-28,39748,24573.6,1.05823,0.381765,0.791733,1.61751,1.1933,1.01566,1.06819,,,6.99969,,-4.30382,,1.97819,24.1429
2022-04-29,38609.5,24550.8,0.980052,0.364125,0.874196,1.57264,1.74488,0.959055,1.03631,,,7.82597,,-2.37448,,2.09869,23.7143
2022-04-30,37714.1,24532.8,0.91857,0.349506,0.854882,1.53729,2.22062,0.915813,1.01105,,,7.56968,,-0.833191,,2.08265,23.1429
2022-05-01,38459.2,24537.2,0.969831,0.361993,0.971225,1.56738,2.49946,0.953119,1.02975,,,7.99732,,1.75836,,2.16245,22.8571
2022-05-02,38566.1,24502.2,0.979349,0.364669,0.934763,1.57398,2.96286,0.959176,1.03134,,,7.5906,,3.76737,,2.22246,23.5714
2022-05-03,37704.4,24467.8,0.921428,0.351064,0.858356,1.54098,3.09621,0.917934,1.00707,,,7.11229,,3.76737,,2.20368,23.5714
2022-05-04,39641.9,24488.9,1.05439,0.382247,0.879837,1.61877,2.56694,1.01566,1.0575,,,6.76785,,6.07261,,2.35886,23.5714
2022-05-05,36502,24443,0.838849,0.330365,0.872377,1.49335,2.55465,0.862351,0.972581,,,5.94164,,7.7026,,2.20384,24
2022-05-06,36043,24418.1,0.808419,0.322529,0.780569,1.47608,2.44658,0.84207,0.959212,,,5.17138,,5.74072,,2.25235,23.8571
2022-05-07,35508.7,24406.8,0.771834,0.312652,0.775965,1.45487,2.6228,0.818738,0.943883,,,5.38592,,5.75881,,2.42673,24.2857
2022-05-08,34058.9,24379.1,0.672817,0.284208,0.808352,1.39705,2.91481,0.754839,0.904305,,,4.96801,,6.01134,,2.28703,23.7143
2022-05-09,30457.9,24221.7,0.433408,0.204748,0.724748,1.25746,2.8544,0.605103,0.807822,,,1.75781,,6.06348,,2.07551,21.2857
2022-05-10,30990.7,24170,0.473968,0.22009,0.729543,1.2822,2.9906,0.627818,0.821058,,,-0.384974,,6.06348,,1.97261,18.8571
2022-05-11,28796.6,24019.2,0.331947,0.165901,0.643955,1.1989,3.37994,0.543463,0.762131,,,-1.23314,,5.464,,1.70958,17.5714
2022-05-12,29030.7,23961.1,0.352215,0.174628,0.60566,1.21157,3.23412,0.553722,0.767523,,,-10.6441,,-0.0342579,,1.85869,15.4286
2022-05-13,29285.9,23915.1,0.373112,0.183394,0.688944,1.22458,3.60459,0.564988,0.773457,,,-11.0812,,0.659764,,1.85582,13.7143
2022-05-14,30051.9,23954.8,0.423518,0.202888,0.656487,1.25453,3.7588,0.596296,0.792841,,,-11.7938,,2.14907,,1.74575,11.7143
2022-05-15,31182.6,23961.4,0.501523,0.23158,0.589893,1.30137,3.43732,0.643266,0.821776,,,-12.202,,2.6706,,1.68374,10.5714
2022-05-16,29889.6,23934.3,0.413554,0.199242,0.760468,1.24882,4.1847,0.592406,0.786865,,,-12.0831,,2.34851,,1.80271,11
2022-05-17,30438.2,23917.5,0.452766,0.214229,0.694382,1.27264,3.86358,0.615815,0.800448,,,-11.6336,,1.51397,,1.91378,10.7143
2022-05-18,28771.2,23878.6,0.339691,0.170054,0.598417,1.2049,4.20743,0.551655,0.755827,,,-12.2383,,0.428197,,1.85929,10.7143
2022-05-19,30257.9,23857.7,0.4443,0.211522,0.573227,1.26827,4.62099,0.611571,0.794034,,,-12.254,,5.02688,,1.8698,10.8571
2022-05-20,29224.2,23821.8,0.374998,0.184861,0.581078,1.22679,4.29911,0.571924,0.766109,,,-12.0904,,6.67913,,1.76238,11.2857
2022-05-21,29420.1,23816.4,0.388925,0.190471,0.616993,1.23529,3.81552,0.581132,0.770435,,,-12.9805,,5.12533,,1.80054,11.8571
2022-05-22,30331.9,23820.9,0.45184,0.214658,0.575023,1.27333,3.88545,0.61923,0.793467,,,-12.7427,,4.18697,,1.93634,12.4286
2022-05-23,29088.3,23785.5,0.367958,0.182298,0.72305,1.22294,3.76172,0.570942,0.760144,,,-12.8384,,4.50905,,1.98736,11.8571
2022-05-24,29643.7,23782.8,0.406641,0.19771,0.552951,1.24643,3.13671,0.594387,0.773846,,,-12.9348,,3.24975,,2.17612,12.4286
2022-05-25,29577.3,23771.4,0.402785,0.196295,0.66218,1.24424,3.01554,0.593185,0.771303,,,-13.0326,,4.99628,,2.31216,12.2857
2022-05-26,29332.5,23749.1,0.387315,0.19035,0.643196,1.2351,2.97265,0.584945,0.764124,,,-13.1956,,5.28249,,2.22269,12.1429
2022-05-27,28612,23707.3,0.340209,0.171423,0.614195,1.20689,2.46586,0.558292,0.744592,,,-13.1474,,5.28249,,2.29152,12
2022-05-28,29045.5,23707.5,0.370231,0.183782,0.668664,1.22516,2.73757,0.577061,0.755092,,,-13.7535,,6.76913,,2.3823,12
2022-05-29,29430.1,23710.3,0.396666,0.19435,0.681989,1.24123,2.42765,0.594073,0.764293,,,-13.9932,,7.84604,,2.59891,12
2022-05-30,31736,23726.8,0.555351,0.252369,0.760182,1.33756,2.25813,0.692465,0.823282,,,-13.7542,,7.84604,,2.8298,12
2022-05-31,31831.4,23749,0.560343,0.253914,0.723049,1.34033,1.65347,0.698245,0.824861,,,-13.528,,9.93989,,2.86522,12.5714
2022-06-01,29825.9,23705.2,0.424297,0.205216,0.6314,1.2582,1.03025,0.614663,0.772083,,,-13.3271,,10.2695,,3.0769,13.4286
2022-06-02,30504.3,23655.8,0.474682,0.224509,0.594147,1.28951,0.55627,0.64461,0.788807,,,-12.6968,,9.47081,,3.28114,13.5714
2022-06-03,29662.7,23630.4,0.418067,0.203364,0.661379,1.25528,0.592469,0.611139,0.766246,,,-13.1502,,8.01618,,3.57105,13.2857
2022-06-04,29792.4,23608,0.428562,0.207583,0.645881,1.26196,0.184079,0.617938,0.768795,,,-13.2645,,7.07026,,3.94656,13.4286
2022-06-05,29915.4,23602.5,0.437421,0.211026,0.681287,1.26747,0.258151,0.624486,0.771163,,,-13.3879,,6.12851,,4.14232,12.8571
2022-06-06,31333.7,23595.6,0.536094,0.246958,0.733343,1.32795,0.222242,0.686324,0.806858,,,-12.8998,,5.90388,,4.33555,13.2857
2022-06-07,31175,23568.5,0.526907,0.243994,0.787811,1.32274,0.00503386,0.680694,0.801916,,,-13.2395,,4.1342,,4.40157,13.1429
2022-06-08,30228.5,23553.1,0.462359,0.220831,0.839195,1.28342,0.19618,0.641405,0.776752,,,-13.4694,,4.1342,,4.29573,13.1429
2022-06-09,30064.5,23521.1,0.453167,0.217646,0.684688,1.27819,-0.0784932,0.635852,0.771732,,,-13.6938,,5.49961,,4.29325,12.8571
2022-06-10,29070.4,23498.5,0.385851,0.191669,0.666604,1.23712,-0.34369,0.595761,0.745452,,,-13.6422,,6.5784,,3.81118,13.2857
2022-06-11,28360.8,23472.6,0.338479,0.172356,0.681166,1.20825,-0.114518,0.568368,0.726523,,,-14.0036,,6.48329,,3.27325,13
2022-06-12,26830.3,23440.5,0.234717,0.126343,0.531721,1.14461,-0.745312,0.509998,0.686648,,,-14.2635,,6.43443,,2.66837,13.5714
2022-06-13,22316.3,23188.4,-0.0603944,-0.0390831,0.463587,0.962387,-1.07865,0.354124,0.570633,,,-14.3147,,5.19145,,1.57655,13.2857
2022-06-14,22072.9,23022.6,-0.0657646,-0.0430254,0.503832,0.958749,-0.599542,0.347575,0.563929,,,-14.9656,,4.81623,,0.598756,12.2857
2022-06-15,22520.8,22920.3,-0.0276635,-0.0177375,0.581342,0.982572,-1.15572,0.362999,0.574876,,,-15.5733,,2.7314,,0.248008,10.8571
2022-06-16,20310.2,22817.8,-0.173666,-0.123464,0.378487,0.890104,-1.51386,0.296415,0.518032,,,-16.3324,,0.957395,,-1.27525,10.2857
2022-06-17,20464.9,22727.5,-0.156704,-0.110556,0.346525,0.90045,-2.0222,0.302159,0.52156,,,-16.8733,,-0.576022,,-1.59162,9.71429
2022-06-18,19013.9,22642,-0.251311,-0.190815,0.465338,0.839761,-1.78496,0.261956,0.484211,,,-17.258,,-0.137449,,-2.85718,8.85714
2022-06-19,20492.3,22640.3,-0.1488,-0.104822,0.42775,0.905123,-1.58114,0.305478,0.521442,,,-17.3277,,-0.350139,,-3.14052,7.71429
2022-06-20,20571.6,22620.8,-0.141957,-0.0996093,0.426365,0.909414,-1.45977,0.309042,0.52304,,,-17.4354,,-0.11242,,-3.2321,7.42857
2022-06-21,20688.5,22580.7,-0.131098,-0.0914632,0.487305,0.916201,-1.17833,0.313683,0.525586,,,-17.6856,,1.35436,,-5.14563,7.57143
2022-06-22,20003.2,22535.5,-0.17546,-0.126598,0.405264,0.887628,-1.7606,0.294218,0.507776,,,-17.3412,,1.64318,,-5.0941,8.14286
2022-06-23,21097.1,22530.2,-0.0993017,-0.0679284,0.503676,0.936392,-1.06598,0.328281,0.535108,,,-17.4824,,1.63332,,-4.77297,8.71429
2022-06-24,21299.1,22508.7,-0.0838203,-0.0567912,0.43172,0.946261,-1.23894,0.335646,0.539786,,,-17.5102,,3.33433,,-4.38326,9
2022-06-25,21468.3,22514.3,-0.0724862,-0.0487217,0.509416,0.953542,-1.242,0.34206,0.543626,,,-17.6106,,3.61918,,-3.16683,10.1429
2022-06-26,21066.6,22508.2,-0.0999072,-0.068429,0.456834,0.935954,-0.966262,0.330429,0.533019,,,-17.4562,,4.33594,,-2.78113,11.2857
2022-06-27,20751.1,22477.9,-0.119686,-0.0832172,0.443313,0.923176,-1.30979,0.321567,0.524612,,,-17.3852,,4.9117,,-2.23154,11.7143
2022-06-28,20263.2,22454.1,-0.151862,-0.108123,0.464734,0.902427,-1.35784,0.307568,0.511874,,,-17.8883,,3.72498,,0.1779,11.8571
2022-06-29,20080.9,22430.2,-0.162848,-0.116987,0.476368,0.895265,-1.46323,0.30306,0.506872,,,-18.2807,,4.88704,,0.218128,12.1429
2022-06-30,19332.9,22349.8,-0.20915,-0.156048,0.519318,0.865016,-0.962475,0.281909,0.48762,,,-18.13,,4.07314,,1.01392,12.1429
2022-07-01,19341.9,22313.8,-0.206056,-0.153655,0.407249,0.86681,-0.735213,0.283083,0.487475,,,-18.5325,,2.00062,,0.986741,12.1429
2022-07-02,19231.8,22302.4,-0.212909,-0.15966,0.417089,0.862322,-0.321191,0.28083,0.484335,,,-18.001,,1.05183,,1.05353,12.1429
2022-07-03,19276.5,22287.4,-0.208788,-0.156192,0.469842,0.864908,-0.173319,0.283115,0.485094,,,-18.0008,,0.787514,,1.15805,11.7143
2022-07-04,20226.3,22289.3,-0.143068,-0.101994,0.455055,0.907446,0.0561469,0.31267,0.508595,,,-17.9726,,0.642296,,1.35177,12
2022-07-05,20193.3,22278.9,-0.144646,-0.10328,0.375227,0.906388,-0.334966,0.312578,0.507369,,,-17.9907,,1.74642,,1.61941,13.2857
2022-07-06,20560.8,22237.7,-0.11631,-0.0815578,0.411592,0.924592,-0.70629,0.325013,0.516193,,,-17.5852,,2.29554,,1.85229,14
2022-07-07,21651.4,22237.5,-0.04065,-0.0270668,0.535986,0.973647,-0.897277,0.361372,0.543125,,,-17.7658,,4.69348,,2.01948,15
2022-07-08,21813.8,22227.8,-0.0287181,-0.0189785,0.509343,0.981375,-1.59389,0.367785,0.546745,,,-18.031,,6.46389,,2.00121,16.2857
2022-07-09,21585.1,22194,-0.0422389,-0.028208,0.456634,0.972566,-1.74067,0.36117,0.54057,,,-18.1282,,7.59633,,2.04459,17.7143
2022-07-10,20831.3,22186,-0.0939871,-0.0650332,0.503656,0.938938,-1.70665,0.337414,0.521274,,,-18.1184,,8.3452,,2.10746,19.5714
2022-07-11,19971.3,22110.3,-0.14841,-0.107104,0.388492,0.903257,-2.30586,0.311211,0.499369,,,-17.8269,,8.63767,,2.08135,20.7143
2022-07-12,19339.2,22090.2,-0.19089,-0.142251,0.462084,0.875464,-1.73757,0.292886,0.483199,,,-17.8662,,8.7259,,1.96327,20.2857
2022-07-13,20155.5,22088.7,-0.134149,-0.0959124,0.351166,0.912482,-1.9196,0.319225,0.503205,,,-17.8153,,7.15233,,1.82569,19.8571
2022-07-14,20552.9,22069.8,-0.105271,-0.0738053,0.404195,0.931267,-2.47789,0.333048,0.512722,,,-17.8392,,6.53882,,1.92054,19.8571
2022-07-15,20831.7,21988.2,-0.0802625,-0.0555151,0.469372,0.947405,-2.77533,0.343268,0.519264,,,-17.7882,,6.12413,,2.06048,19.1429
2022-07-16,21196.5,21989.4,-0.0550311,-0.0374058,0.498114,0.963943,-2.10574,0.356417,0.527932,,,-18.0865,,5.53533,,2.09815,18.7143
2022-07-17,20827.9,21984.5,-0.0802845,-0.0555334,0.410425,0.947388,-1.61059,0.345104,0.518339,,,-18.1153,,5.36769,,2.09738,18.7143
2022-07-18,22305.7,21989.5,0.0219501,0.0141766,0.464692,1.01438,-2.33055,0.396827,0.554654,,,-17.9721,,5.87457,,2.19809,18.4286
2022-07-19,23371.2,21965.1,0.0976076,0.0601645,0.513359,1.06402,-2.34307,0.436622,0.580648,,,-17.9203,,6.54706,,2.27121,20.4286
2022-07-20,23280.9,21972.6,0.090825,0.0561994,0.467051,1.05955,-2.38891,0.434293,0.577909,,,-18.0326,,8.10733,,2.45155,22.7143
2022-07-21,23152.4,21933.5,0.0846159,0.0526464,0.512716,1.05557,-2.89219,0.430542,0.574228,,,-18.1109,,8.96727,,2.51535,25
2022-07-22,22706.1,21891.7,0.0565396,0.035868,0.477916,1.0372,-2.55393,0.415096,0.562684,,,-18.2852,,9.64059,,2.62908,27.5714
2022-07-23,22484.5,21877,0.0421751,0.0270178,0.55238,1.02777,-2.93672,0.408006,0.556726,,,-18.3176,,9.91241,,2.70065,29
2022-07-24,22653.4,21872.7,0.0542038,0.034463,0.567794,1.03569,-2.48607,0.415024,0.560438,,,-18.1936,,9.66817,,2.82321,29.8571
2022-07-25,21510.1,21843.4,-0.023138,-0.0154922,0.488125,0.984744,-2.8008,0.375053,0.531725,,,-18.2249,,8.81079,,2.84076,31.2857
2022-07-26,21181.7,21825.6,-0.0447175,-0.0304031,0.54213,0.970494,-2.63998,0.364482,0.523188,,,-18.0287,,8.40997,,2.98625,30.7143
2022-07-27,22898.4,21838.6,0.0735972,0.0462847,0.605145,1.04853,-2.25996,0.426738,0.565115,,,-18.0358,,7.60222,,3.08292,30.2857
2022-07-28,23838.6,21850.7,0.138043,0.0833884,0.539044,1.09097,-2.37466,0.463257,0.587807,,,-17.9506,,7.56202,,3.30759,30
2022-07-29,23950.7,21850.4,0.145854,0.0876924,0.561505,1.09612,-2.49307,0.46838,0.59006,,,-18.2453,,7.81376,,3.63725,30.8571
2022-07-30,23623.4,21849.3,0.123204,0.075099,0.490183,1.0812,-3.37351,0.456482,0.581495,,,-18.2996,,8.33186,,4.0054,32.4286
2022-07-31,23356.2,21842.3,0.105134,0.0648157,0.571815,1.06931,-3.23108,0.447098,0.574427,,,-18.21,,8.55179,,4.21267,33.7143
2022-08-01,23331.4,21844.2,0.103286,0.0637421,0.511756,1.06808,-3.49441,0.446971,0.57333,,,-18.0923,,9.22402,,4.40141,34.1429
2022-08-02,23031.4,21834.3,0.0831429,0.0519774,0.576274,1.05483,-3.73424,0.436403,0.565481,,,-17.9796,,9.39635,,4.47298,34.8571
2022-08-03,22809.7,21828,0.0681879,0.0430408,0.534654,1.04498,-3.85098,0.428906,0.55957,,,-17.8231,,8.77705,,4.54965,35.7143
2022-08-04,22628.3,21809.7,0.0568642,0.0361795,0.483367,1.03754,-3.42979,0.422978,0.554658,,,-17.9266,,7.41059,,4.40458,35.4286
2022-08-05,23249,21811.6,0.0998408,0.0618252,0.565114,1.0659,-2.94905,0.447306,0.569389,,,-17.623,,6.39803,,4.38761,34.2857
2022-08-06,22996.3,21810.5,0.0823689,0.0515643,0.60079,1.05437,-2.86183,0.438461,0.562728,,,-17.4386,,6.16219,,4.40383,32.7143
2022-08-07,23153.7,21810.4,0.093308,0.058013,0.598384,1.06159,-2.38203,0.445273,0.566102,,,-14.9249,,5.40002,,4.45526,31.4286
2022-08-08,23803.7,21814,0.138215,0.0835852,0.558021,1.09121,-2.11599,0.471336,0.581495,,,-13.5166,,5.20923,,4.50617,31
2022-08-09,23186.3,21785,0.0973464,0.0604353,0.54067,1.06432,-2.29818,0.447693,0.565937,,,-13.1803,,5.32926,,4.53352,32.5714
2022-08-10,23923.1,21800.8,0.14744,0.0887136,0.57838,1.09735,-1.62722,0.476943,0.583418,,,-4.59722,,5.74416,,4.5338,32.1429
2022-08-11,23934.4,21796.2,0.148552,0.0893387,0.548202,1.0981,-2.03849,0.477828,0.583194,,,-4.26994,,6.73978,,4.67981,33.7143
2022-08-12,24396.3,21803.6,0.180128,0.106276,0.615472,1.11891,-1.24334,0.496875,0.593931,,,-3.5204,,6.55577,,4.57042,35.2857
2022-08-13,24426.2,21803.2,0.182232,0.107384,0.55705,1.1203,-0.795408,0.498541,0.594142,,,-3.28689,,5.59493,,4.37882,37.4286
2022-08-14,24314.2,21800.9,0.174616,0.103369,0.531634,1.11529,-0.609576,0.494423,0.590905,,,-3.1708,,5.15891,,4.17616,39.8571
2022-08-15,24084,21793,0.159171,0.0951252,0.575428,1.10513,-0.99192,0.485577,0.584806,,,-4.31382,,3.76054,,4.00886,42
2022-08-16,23868.8,21791.3,0.144342,0.0870384,0.583106,1.09534,-0.902716,0.477475,0.579087,,,-3.42548,,2.6316,,3.93379,42.2857
2022-08-17,23336.3,21777.6,0.108302,0.0667948,0.497964,1.07158,-0.612503,0.456992,0.565693,,,-3.64354,,2.70382,,3.73042,43.7143
2022-08-18,23221.2,21773.7,0.100578,0.0623362,0.553807,1.06648,-0.590328,0.453075,0.56243,,,-4.06263,,2.88345,,3.31323,42.1429
2022-08-19,20906.8,21727.6,-0.0570353,-0.0392596,0.617307,0.962224,0.102115,0.36795,0.505983,,,-3.75377,,2.79533,,2.82176,40.8571
2022-08-20,21146.7,21722.6,-0.0400242,-0.0272358,0.523789,0.973486,0.414613,0.377143,0.51139,,,-3.85459,,1.89487,,2.43137,38.4286
2022-08-21,21554,21722,-0.0116787,-0.00779653,0.52437,0.992264,0.704025,0.392409,0.52083,,,-3.97036,,1.26488,,1.97048,35.5714
2022-08-22,21301.1,21708.7,-0.0283269,-0.0191338,0.515847,0.981225,0.736208,0.383866,0.514316,,,-4.05586,,1.095,,1.48929,33.2857
2022-08-23,21534.5,21701.8,-0.0116246,-0.00776635,0.620329,0.992294,0.731239,0.393133,0.519543,,,-4.27682,,0.427624,,1.0591,31
2022-08-24,21425,21693.2,-0.0186418,-0.0125174,0.524904,0.987637,1.03252,0.389975,0.516495,,,-4.28442,,-0.379235,,0.786804,28.7143
2022-08-25,21587.8,21684.5,-0.00671805,-0.00447666,0.577157,0.995543,0.920077,0.396798,0.520011,,,-4.03527,,-1.39112,,0.611285,28
2022-08-26,20246.2,21664.7,-0.0986172,-0.0700634,0.60008,0.934524,0.865165,0.349951,0.487327,,,-3.75379,,-1.45698,,0.374889,27.1429
2022-08-27,20044,21651.5,-0.111763,-0.0801975,0.49041,0.925757,1.11594,0.343951,0.482103,,,-3.80555,,-1.62774,,0.106529,27
2022-08-28,19673.5,21649,-0.137358,-0.10041,0.535381,0.908752,1.49652,0.332317,0.472847,,,-3.69685,,-1.82677,,-0.274738,27.1429
2022-08-29,20271,21650.1,-0.0959019,-0.0680337,0.539045,0.9363,2.45683,0.353746,0.486842,,,-4.15228,-0.0126211,-3.00447,,-0.385878,26.4286
2022-08-30,19825.5,21621.9,-0.124935,-0.0906132,0.544785,0.916915,2.50583,0.339257,0.475793,,,-4.40744,-0.00608329,-3.08821,,-0.716725,26.2857
2022-08-31,20024.7,21612.3,-0.110422,-0.079284,0.496807,0.92654,2.89914,0.346994,0.480219,,,-4.78279,-0.0069527,-2.35707,,-0.933628,26
2022-09-01,20105.5,21599.8,-0.103938,-0.0743226,0.472336,0.930819,3.01318,0.350688,0.481799,,,-4.39077,-0.0049413,-1.881,,-1.32469,25.2857
2022-09-02,19948.9,21581.6,-0.113575,-0.0818454,0.439072,0.924347,3.0943,0.346155,0.477695,,,-4.43177,-0.00330982,-1.47705,,-1.33443,25
2022-09-03,19803.8,21577.9,-0.123421,-0.0895842,0.49774,0.917781,3.35001,0.342124,0.473876,,,-4.51777,-0.00252691,-0.233339,,-1.39002,24
2022-09-04,19961.9,21580.5,-0.112614,-0.0810852,0.574566,0.924997,3.5328,0.348578,0.477308,,,-4.51044,0.00230832,0.849511,,-1.04679,22.8571
2022-09-05,19797.8,21573.7,-0.123567,-0.0897019,0.520296,0.917682,3.62814,0.343702,0.473039,,,-4.5374,0.00792466,3.04676,,-1.12589,22.7143
2022-09-06,18846.2,21541.9,-0.187591,-0.143042,0.461062,0.874859,3.52853,0.312264,0.449986,,,-4.53212,0.00329525,3.6572,,-1.18091,22
2022-09-07,19292.9,21533,-0.155893,-0.116108,0.486286,0.89597,3.64537,0.32806,0.460325,,,-4.50592,0.0083072,2.71904,,-1.17721,22.1429
2022-09-08,19319.1,21521,-0.153249,-0.113975,0.424401,0.897686,3.78748,0.329704,0.460622,,,-4.48337,0.0102641,2.42329,,-0.896232,22.1429
2022-09-09,21363.3,21535.8,-0.0120065,-0.00807456,0.544042,0.99199,3.69318,0.403811,0.508968,,,-4.11756,0.0109993,2.91687,,-0.664529,21.7143
2022-09-10,21715.2,21537,0.012408,0.00820883,0.591389,1.00828,4.23324,0.417915,0.516948,,,-3.87866,0.0122453,3.92876,,-0.56186,22.7143
2022-09-11,21732.8,21533.3,0.0138839,0.00917714,0.690759,1.00926,4.27006,0.419234,0.516962,,,-3.63242,0.0109745,4.74516,,-0.42236,23.5714
2022-09-12,22365.2,21537.2,0.0576433,0.0370226,0.595264,1.03845,4.45565,0.444664,0.531582,,,-2.85923,0.0130012,5.57835,,-0.176217,23.8571
2022-09-13,20165,21466.6,-0.090613,-0.0645429,0.481598,0.93937,4.81147,0.362266,0.478936,,,-2.31172,0.0159403,6.95461,,0.150231,25.5714
2022-09-14,20246.4,21444.4,-0.0834129,-0.0591714,0.449389,0.944134,4.89984,0.365968,0.480513,,,-1.80351,0.0135638,7.32638,,0.374542,26
2022-09-15,19696.9,21414.4,-0.119598,-0.0871996,0.506999,0.919794,4.87339,0.347091,0.467135,,,-1.72423,0.0141697,7.4058,,0.596399,27.1429
2022-09-16,19741.6,21407.7,-0.116025,-0.084396,0.443316,0.922172,5.12203,0.349627,0.467859,,,-1.52462,0.0125657,7.09351,,0.383968,26.8571
2022-09-17,20120.7,21405,-0.0894457,-0.0638309,0.601103,0.939999,5.60757,0.364197,0.476495,,,-1.67752,0.00924222,6.0018,,0.504303,26
2022-09-18,19427.1,21396.6,-0.137176,-0.101378,0.526894,0.907953,5.00755,0.340513,0.459743,,,-1.47979,0.0106724,5.68816,,0.0729091,26.1429
2022-09-19,19558,21382.2,-0.12707,-0.0932736,0.448862,0.914684,4.89518,0.346054,0.46251,,,-1.09892,0.0109382,3.94899,,-0.425809,25.5714
2022-09-20,18872.9,21364.4,-0.173564,-0.132013,0.507462,0.883382,4.96736,0.323037,0.446002,,,-1.07829,0.00981925,3.18895,,-0.427403,24
2022-09-21,18506.8,21346,-0.197807,-0.153414,0.462136,0.866992,5.17758,0.311434,0.437052,,,-0.891773,0.00941749,3.7947,,-1.06539,23.4286
2022-09-22,19414.5,21346.1,-0.134586,-0.0994924,0.440824,0.909511,4.68242,0.343506,0.458165,,,-0.734221,0.00775582,2.64317,,-1.2843,22.5714
2022-09-23,19326.9,21340.7,-0.140326,-0.104197,0.463913,0.905635,4.66762,0.341172,0.455776,,,-0.735487,0.00673699,2.11596,,-0.825886,22.5714
2022-09-24,18924.8,21336.3,-0.168057,-0.127427,0.492131,0.886975,4.69902,0.327914,0.445985,,,-1.00359,0.00874753,2.17545,,-1.20341,22.8571
2022-09-25,18793.2,21330.2,-0.176824,-0.135,0.492871,0.881057,4.42881,0.324294,0.44258,,,-1.02679,0.00554735,1.62446,,-0.649433,22.4286
2022-09-26,19201.1,21326.9,-0.148174,-0.110713,0.514632,0.900323,4.60016,0.339353,0.451872,,,-1.0602,0.00102324,2.2836,,-0.0410718,22.4286
2022-09-27,19106.7,21311.1,-0.153664,-0.115372,0.441298,0.896562,4.23572,0.336826,0.449339,,,-1.5017,-0.00178763,2.5648,,-0.294348,22
2022-09-28,19454.9,21297.4,-0.128449,-0.0947057,0.523348,0.913488,3.98203,0.350021,0.457205,,,-1.50536,-0.00377661,2.3566,,-0.0270294,21.5714
2022-09-29,19540.9,21289.3,-0.121905,-0.0894782,0.501768,0.917871,3.79137,0.353875,0.458901,,,-1.75214,-0.000639432,3.97063,,-0.431457,21.5714
2022-09-30,19435.2,21274.1,-0.128222,-0.094617,0.591014,0.913562,3.84259,0.350899,0.456098,,,-2.53275,0.00489285,5.26314,,-0.504424,21.7143
2022-10-01,19311.9,21270.6,-0.136593,-0.101428,0.629968,0.907913,4.35456,0.347291,0.452888,,,-3.32641,0.0066217,5.79683,,0.0184264,21.1429
2022-10-02,19015.3,21265.4,-0.156924,-0.11833,0.539643,0.89419,4.69356,0.337613,0.445626,,,-3.24283,0.0101211,6.22528,,0.0344788,21.1429
2022-10-03,19633.4,21264.2,-0.113744,-0.0830621,0.54768,0.923308,4.45395,0.360826,0.459787,,,-3.2463,0.0132275,6.9959,,0.165241,21.5714
2022-10-04,20340,21263.5,-0.0644177,-0.0454034,0.601854,0.956569,4.04247,0.38821,0.475987,,,-3.41158,0.0221352,7.47656,,0.713541,21.5714
2022-10-05,20155.1,21257,-0.0768677,-0.0546706,0.641863,0.948163,4.22971,0.382151,0.471321,,,-3.27844,0.0257692,8.75917,,1.28594,22.2857
2022-10-06,19950.5,21249.6,-0.0906301,-0.065114,0.578438,0.938867,4.46838,0.375362,0.466204,,,-3.07899,0.0245188,9.28023,,2.11608,22.8571
2022-10-07,19539.1,21238.6,-0.118575,-0.0869763,0.610561,0.919983,4.58442,0.36096,0.45627,,,-3.14756,0.0237987,9.15055,,2.12231,23.1429
2022-10-08,19416.2,21229.2,-0.126515,-0.0933791,0.621868,0.914596,5.16195,0.35741,0.453083,,,-3.0521,0.0254169,8.89719,,2.15958,23.7143
2022-10-09,19428.4,21227.1,-0.125526,-0.0925824,0.563274,0.915263,5.15359,0.358854,0.453052,,,-2.97593,0.0239602,8.45455,,2.11038,23.4286
2022-10-10,19154.4,21217.3,-0.143975,-0.107697,0.592109,0.902774,5.08743,0.349851,0.446356,,,-3.0929,0.0239366,8.45444,,2.06854,23.1429
2022-10-11,19039.3,21209,-0.151447,-0.113961,0.551509,0.897698,4.55755,0.34672,0.44337,,,-3.02999,0.0146073,8.45444,,2.07439,23.7143
2022-10-12,19156.9,21186.7,-0.141689,-0.105954,0.48543,0.904197,4.29636,0.352091,0.445803,,,-3.10336,0.0130041,8.45444,,2.07732,23
2022-10-13,19387.8,21182,-0.125252,-0.0925385,0.514602,0.9153,4.38306,0.361802,0.450864,,,-3.48398,0.0103815,8.00612,,2.06803,22.1429
2022-10-14,19177.7,21174.5,-0.139415,-0.104121,0.556678,0.905698,4.89345,0.355188,0.445672,,,-3.41391,0.007262,7.69936,,2.05926,22.2857
2022-10-15,19069.9,21171.6,-0.146755,-0.110212,0.540945,0.900729,4.92901,0.352401,0.442864,,,-3.72518,0.00243725,7.55899,,2.05041,22.2857
2022-10-16,19261.7,21168.8,-0.133176,-0.0990087,0.519045,0.909911,5.09974,0.360721,0.447012,,,-3.79457,0.00161397,7.53902,,2.05803,22.5714
2022-10-17,19557,21150.1,-0.111257,-0.0814574,0.550909,0.924678,4.55823,0.373008,0.453549,,,-3.99893,0.00087467,6.98208,,2.09901,22.2857
2022-10-18,19341.4,21161.6,-0.127131,-0.094109,0.517488,0.913986,4.6398,0.365998,0.44824,,,-4.06932,0.00212527,6.98208,,2.06912,22
2022-10-19,19132.2,21149.6,-0.140921,-0.105448,0.546329,0.904611,5.06412,0.359277,0.443088,,,-4.25309,-0.000443241,6.85684,,2.10231,22.4286
2022-10-20,19033.4,21142.5,-0.147339,-0.110812,0.523834,0.900243,4.89352,0.356752,0.440502,,,-4.27864,-0.00213509,6.6855,,2.05299,22.8571
2022-10-21,19174.9,21137.6,-0.137128,-0.102362,0.569612,0.907143,5.0868,0.363268,0.443474,,,-4.62648,0.00185296,5.99048,,2.12026,22.7143
2022-10-22,19207.6,21123.1,-0.133836,-0.0997252,0.499252,0.909318,5.61177,0.365669,0.443928,,,-4.82225,0.00688387,5.94408,,2.18332,22.1429
2022-10-23,19565.4,21123,-0.108839,-0.0796086,0.58138,0.926262,5.93447,0.380488,0.451884,,,-4.7734,0.00752873,6.1478,,2.30618,22
2022-10-24,19341.5,21120.1,-0.124297,-0.0919596,0.506051,0.915785,5.97934,0.372908,0.446406,,,-4.73635,0.00408582,6.70568,,2.33062,22.2857
2022-10-25,20095,21126,-0.0720583,-0.0513088,0.473896,0.951195,6.01106,0.403559,0.463469,,,-4.90064,0.00776504,5.82863,,2.49636,22
2022-10-26,20797,21136.5,-0.0237263,-0.0163227,0.625048,0.983939,6.049,0.433305,0.479313,,,-5.02634,0.0129604,5.12116,,2.55778,23.4286
2022-10-27,20280.2,21133.4,-0.0596428,-0.0420743,0.532694,0.959625,6.47466,0.413072,0.467069,,,-4.7838,0.0186513,4.13029,,2.70997,24.7143
2022-10-28,20604.6,21132.8,-0.036926,-0.0256368,0.639474,0.975004,6.74617,0.427292,0.474199,,,-4.9067,0.0190122,3.68097,,2.79405,25.7143
2022-10-29,20803.9,21132.8,-0.0229961,-0.0158116,0.583078,0.984435,7.03331,0.436523,0.478439,,,-4.83762,0.0248444,3.66439,,2.89947,27.7143
2022-10-30,20616.7,21127.3,-0.0356984,-0.0247665,0.5475,0.975832,6.61692,0.42969,0.473793,,,-4.76879,0.0261847,3.42115,,2.90411,29.2857
2022-10-31,20490.9,21122.5,-0.0441638,-0.030825,0.699211,0.970097,6.33297,0.425385,0.470564,,,-4.87105,0.0268424,2.51303,,2.97875,30.5714
2022-11-01,20484,21116.4,-0.0442239,-0.030875,0.583728,0.97005,6.12203,0.426059,0.47007,,,-5.10501,0.0216636,1.87459,,2.95794,32
2022-11-02,20148.3,21108.9,-0.0671786,-0.0476788,0.488429,0.954491,5.91838,0.413169,0.462042,,,-5.08417,0.0181454,1.77062,,2.96664,31.5714
2022-11-03,20198.1,21106,-0.063492,-0.0449473,0.660654,0.956986,6.24319,0.41614,0.462858,,,-5.12314,0.0139297,2.34142,,2.96104,31.2857
2022-11-04,21157.2,21136.5,0.00145143,0.000980859,0.546143,1.00098,5.74681,0.457573,0.484483,,,-5.13758,0.0095686,3.00843,,2.98541,31.2857
2022-11-05,21283.5,21133.2,0.0105117,0.00706107,0.645307,1.00711,5.72066,0.464061,0.487016,,,-5.0436,-0.00105834,3.39982,,3.04436,31.8571
2022-11-06,20946.8,21128.3,-0.0126965,-0.00866516,0.578313,0.991409,5.32658,0.450509,0.478965,,,-4.96219,-0.00363034,4.29965,,3.16921,32.7143
2022-11-07,20568.6,21072.4,-0.0352483,-0.024497,0.599097,0.976089,4.72447,0.435354,0.469981,,,-4.58129,0.00140395,5.49377,,3.2934,33
2022-11-08,18521,21028.8,-0.175452,-0.135403,0.612706,0.880745,4.91143,0.353931,0.42292,,,-3.8925,0.00793802,6.23613,,3.25016,33.1429
2022-11-09,15758.3,20900.7,-0.359826,-0.326333,0.478626,0.753959,4.56061,0.257103,0.359635,,,-3.87729,-0.0177648,3.54603,,2.60907,33
2022-11-10,17541.6,20885.2,-0.233987,-0.190613,0.527721,0.839904,4.52876,0.319512,0.400085,,,-4.99495,-0.0564922,-10.2728,,1.6361,31.8571
2022-11-11,16916.9,20850.5,-0.275307,-0.232529,0.46601,0.81134,4.49584,0.298115,0.385607,,,-4.61522,-0.0978946,-12.6196,,0.744309,31.1429
2022-11-12,16771.2,20798.2,-0.281874,-0.240113,0.577825,0.806378,4.54157,0.293869,0.382063,,,-4.87128,-0.123156,-13.1167,,-0.13943,28.7143
2022-11-13,16320.5,20783.2,-0.312409,-0.273441,0.436258,0.785274,3.78261,0.279186,0.371581,,,-4.98968,-0.154043,-14.5401,,-0.979525,26.1429
2022-11-14,16629.5,20751.5,-0.288594,-0.247876,0.425816,0.801362,3.26541,0.290787,0.378395,,,-5.28987,-0.1865,-16.6466,,-1.98998,24.8571
2022-11-15,16855.6,20715.1,-0.270247,-0.228976,0.546078,0.813685,3.1006,0.299643,0.383313,,,-5.33118,-0.206498,-18.8099,,-2.83582,23.5714
2022-11-16,16659.6,20667.2,-0.280647,-0.240557,0.524284,0.80609,3.19035,0.293575,0.378635,,,-5.27945,-0.193097,-17.723,,-2.91946,22.7143
2022-11-17,16675.2,20580.5,-0.273521,-0.234202,0.484648,0.81024,3.15478,0.295015,0.378767,,,-5.41784,-0.16499,-5.07439,,-2.79101,22.4286
2022-11-18,16661.5,20355.9,-0.258777,-0.221733,0.489416,0.81851,2.6673,0.29543,0.378236,,,-5.59089,-0.138814,-3.35117,,-2.66515,22.1429
2022-11-19,16696,20345.8,-0.255685,-0.218605,0.52031,0.82061,2.64587,0.297522,0.378798,,,-5.41365,-0.134622,-3.20157,,-2.56002,22.4286
2022-11-20,16246.8,20329.3,-0.286026,-0.251276,0.515068,0.799184,2.28005,0.282663,0.368398,,,-5.36405,-0.130389,-2.88861,,-2.44288,22.7143
2022-11-21,15778,20290.9,-0.316219,-0.28602,0.434522,0.777593,2.01274,0.267397,0.357571,,,-5.21715,-0.123371,-1.76399,,-2.37091,22.2857
2022-11-22,16172.9,20265.5,-0.286804,-0.253051,0.436548,0.798052,1.34549,0.281752,0.366313,,,-5.8542,-0.13153,-0.265251,,-2.20025,22.2857
2022-11-23,16574.1,20275.3,-0.25941,-0.223314,0.50219,0.817451,1.30139,0.29669,0.375182,,,-5.87701,-0.135906,1.702,,-2.22726,22.1429
2022-11-24,16583.5,20264.1,-0.257989,-0.221939,0.461569,0.818371,1.45775,0.297757,0.37518,,,-6.30317,-0.138766,3.06214,,-2.29352,22.1429
2022-11-25,16522.4,20247.7,-0.261161,-0.225473,0.439945,0.816011,0.796871,0.29613,0.373582,,,-6.19351,-0.132874,3.23583,,-2.42148,21.7143
2022-11-26,16448.6,20238.5,-0.265711,-0.230405,0.389356,0.81274,0.225533,0.294085,0.371702,,,-6.43197,-0.118256,2.85221,,-2.6825,21.5714
2022-11-27,16436.1,20233.2,-0.266251,-0.231023,0.487046,0.812333,-0.408053,0.294121,0.371206,,,-6.17979,-0.0983257,2.85154,,-2.73506,21.8571
2022-11-28,16212.6,20206.4,-0.280077,-0.246339,0.492699,0.80235,-0.699228,0.286682,0.365953,,,-6.26709,-0.0848473,2.53232,,-2.79979,22.8571
2022-11-29,16443,20196.6,-0.263262,-0.228278,0.472678,0.814148,-0.637944,0.295402,0.370943,,,-7.14941,-0.0649045,2.85128,,-2.78318,23.4286
2022-11-30,17176.9,20189.1,-0.211287,-0.175362,0.521815,0.850801,-1.27032,0.32289,0.387268,,,-7.43415,-0.0457663,2.74371,,-2.55148,24.4286
2022-12-01,16961.3,20179.3,-0.225751,-0.189727,0.573083,0.840529,-1.27747,0.315432,0.382183,,,-7.48677,-0.032713,2.34346,,-2.29437,25.4286
2022-12-02,17075.1,20166.7,-0.216903,-0.181056,0.473247,0.8467,-1.13103,0.320207,0.38452,,,-7.47756,-0.0199196,2.52215,,-2.04437,26.4286
2022-12-03,16899.5,20160.9,-0.228844,-0.192987,0.492899,0.838232,-1.81397,0.314218,0.380343,,,-7.31936,-0.012226,3.22597,,-1.70447,27.1429
2022-12-04,17121.7,20150.7,-0.212561,-0.176909,0.535395,0.849684,-1.44478,0.323002,0.385117,,,-7.12078,-0.00576989,4.02955,,-1.57632,27.1429
2022-12-05,16961.4,20080.1,-0.218884,-0.183872,0.555051,0.844686,-1.68081,0.317534,0.381287,,,-6.98866,0.00143187,3.90331,,-1.29262,26.8571
2022-12-06,17070.5,20073.9,-0.210812,-0.175939,0.518569,0.850384,-1.71394,0.32213,0.383515,,,-7.16133,0.00656359,3.90764,,-1.1109,26.7143
2022-12-07,16848.3,20069.3,-0.226119,-0.19118,0.654065,0.839504,-1.45859,0.314311,0.378302,,,-7.31457,0.00700336,3.39142,,-1.15132,26.7143
2022-12-08,17231.5,20061.2,-0.198671,-0.164218,0.651755,0.858946,-1.87399,0.329323,0.386677,,,-7.51476,0.00702848,3.25971,,-1.01592,26.4286
2022-12-09,17136.1,20042.8,-0.204096,-0.16962,0.591846,0.854979,-1.89631,0.326179,0.384312,,,-7.62256,0.00700583,3.31748,,-0.855657,26.2857
2022-12-10,17124.2,20042,-0.204905,-0.170391,0.600998,0.854415,-1.88016,0.326245,0.383819,,,-7.74823,0.00596292,2.32312,,-0.667887,26.2857
2022-12-11,17094.4,20035.3,-0.206554,-0.172042,0.57445,0.853212,-1.8599,0.325627,0.382925,,,-7.71161,0.00848002,1.55672,,-0.599077,26.2857
2022-12-12,17195.5,20028.8,-0.199014,-0.164769,0.563736,0.858539,-2.5948,0.329995,0.384964,,,-7.60331,0.0127289,1.70976,,-0.339051,26.4286
2022-12-13,17774.9,20022.9,-0.15792,-0.12647,0.673932,0.887729,-2.0426,0.353042,0.397693,,,-7.84331,0.00628784,2.04061,,0.295019,26.7143
2022-12-14,17809.7,20005.2,-0.154248,-0.123274,0.607405,0.890254,-1.58376,0.354887,0.39823,,,-7.87539,0.00227429,3.23713,,0.908714,26.8571
2022-12-15,17344.1,19998.2,-0.18649,-0.153026,0.557126,0.867283,-2.07003,0.337075,0.387588,,,-7.87492,0.00124554,4.36749,,1.47312,27.7143
2022-12-16,16606.1,19983.5,-0.237336,-0.20338,0.499936,0.830993,-2.4738,0.309649,0.370886,,,-7.76195,0.00137317,4.37677,,1.60923,28.1429
2022-12-17,16774.4,19977.6,-0.225128,-0.190961,0.537644,0.839658,-2.59377,0.316607,0.37443,,,-8.11249,0.00414374,5.42875,,1.31218,28.2857
2022-12-18,16776.1,19974.5,-0.224814,-0.190652,0.566261,0.839876,-2.55759,0.317221,0.374255,,,-7.96337,0.00380964,5.94814,,1.17407,28.2857
2022-12-19,16424.1,19943.4,-0.247398,-0.214276,0.521551,0.823536,-2.86278,0.304643,0.366198,,,-8.03855,-0.000202104,6.52604,,1.1385,28.5714
2022-12-20,16901.8,19940,-0.213603,-0.179756,0.554063,0.847633,-3.0155,0.32316,0.376632,,,-8.43233,0.0085332,6.21454,,0.757977,28.8571
2022-12-21,16800.5,19924.8,-0.219682,-0.185964,0.564536,0.843196,-2.89464,0.319848,0.374161,,,-8.51347,0.00648735,5.64629,,1.00701,28.2857
2022-12-22,16814.2,19917.5,-0.218227,-0.184561,0.535089,0.844194,-2.58018,0.320926,0.374252,,,-8.66264,-4.07524e-05,5.28666,,0.777461,27.8571
2022-12-23,16780.5,19908.4,-0.219983,-0.186399,0.524008,0.842887,-2.8242,0.320273,0.373289,,,-8.63459,-0.00937082,6.34735,,2.49863,27.5714
2022-12-24,16837.6,19904.9,-0.215746,-0.182171,0.355934,0.845901,-3.45392,0.323081,0.374346,,,-8.93956,-0.0126306,6.42244,,3.48817,27.7143
2022-12-25,16824.8,19894.4,-0.215929,-0.182443,0.565331,0.845707,-2.9368,0.323167,0.373849,,,-8.74068,-0.0220945,6.05644,,4.89918,28.1429
2022-12-26,16879.9,19891.7,-0.211887,-0.178424,0.520485,0.848591,-2.45618,0.325855,0.374859,,,-8.28576,-0.0253636,5.36133,,6.06606,28
2022-12-27,16698.9,19881.2,-0.223905,-0.190567,0.460711,0.839936,-2.51244,0.319422,0.370629,,,-8.22989,-0.0356052,5.50253,,6.10927,27.7143
2022-12-28,16536.3,19851.7,-0.233301,-0.200491,0.668069,0.832993,-2.19906,0.313719,0.366815,,,-8.23696,-0.0400676,5.34741,,6.04199,28
2022-12-29,16630.6,19833.1,-0.225385,-0.192568,0.565535,0.838527,-2.10755,0.317703,0.3687,,,-7.91002,-0.0425298,5.88104,,7.08836,28
2022-12-30,16593.7,19826,-0.227512,-0.194793,0.633563,0.836965,-1.53242,0.316402,0.367676,,,-7.19167,-0.0475056,5.78869,,5.4903,28.1429
2022-12-31,16524.2,19783.7,-0.229448,-0.197252,0.624715,0.835246,-1.69131,0.313853,0.365933,,,-7.28386,-0.0597464,6.25954,,5.07644,27.5714
2023-01-01,16606.8,19780.7,-0.223458,-0.191124,0.626141,0.839543,-1.44366,0.317117,0.367555,,,-7.37155,-0.0554085,7.05498,,4.16366,27.1429
2023-01-02,16688.7,19778.5,-0.217559,-0.185143,0.635357,0.84378,-0.829025,0.320204,0.369162,,,-7.16605,-0.0573542,6.83077,,3.25005,27
2023-01-03,16670.1,19769.8,-0.218281,-0.185942,0.628164,0.843211,-0.936781,0.319452,0.368544,,,-7.15169,-0.0566472,7.38301,,3.27852,26.8571
2023-01-04,16848.4,19759,-0.204989,-0.172752,0.591253,0.852695,-1.0547,0.326146,0.372275,,,-7.41914,-0.0550966,7.31424,,2.97388,27
2023-01-05,16824.8,19751.6,-0.206159,-0.17396,0.649929,0.851818,-0.685282,0.325183,0.371544,,,-7.47708,-0.0508654,6.71981,,1.99896,27.1429
2023-01-06,16957.9,19741.4,-0.196092,-0.164146,0.752682,0.858999,-0.797831,0.330289,0.37427,,,-7.77644,-0.0416555,6.39152,,2.11384,26.8571
2023-01-07,16942.6,19736.4,-0.196833,-0.164895,0.644778,0.858447,-0.863831,0.329649,0.373721,,,-7.99456,-0.0317309,5.51442,,2.16933,26.8571
2023-01-08,17059.2,19734.4,-0.188497,-0.156814,0.646492,0.864443,-0.771311,0.334087,0.376079,,,-7.89204,-0.0321405,5.6405,,2.21503,26.7143
2023-01-09,17182.3,19732.2,-0.17969,-0.148399,0.64835,0.870778,-0.759035,0.338886,0.378575,,,-7.78371,-0.0293771,6.12069,,2.29688,26.4286
2023-01-10,17433.9,19722.7,-0.161313,-0.131284,0.73291,0.883952,-0.553442,0.348835,0.383894,,,-7.88514,-0.0194118,5.75214,,2.42379,26.4286
2023-01-11,17833.7,19708.2,-0.13213,-0.105111,0.653964,0.904886,-0.108446,0.36494,0.392464,,,-7.44424,-0.0137264,5.24213,,2.50565,26
2023-01-12,18869.7,19719.3,-0.0598915,-0.0450245,0.71237,0.956915,-0.572196,0.40833,0.415003,,,-7.1313,-0.00525557,5.78608,,2.62411,26.1429
2023-01-13,19868.7,19735.8,0.00937408,0.0066922,0.792251,1.00674,-0.634039,0.452294,0.436688,,,-6.79972,0.0015303,6.11584,,2.72083,26.8571
2023-01-14,21010.9,19748.5,0.0890055,0.0600826,0.903048,1.06392,0.0246304,0.505123,0.461474,,,-6.96207,0.00847845,8.79671,,2.97684,29.8571
2023-01-15,20876,19751.3,0.0793066,0.0538773,0.857499,1.05695,0.767175,0.497992,0.458198,,,-6.78509,0.0155416,9.99229,,3.27249,33.7143
2023-01-16,21180.4,19759.9,0.100166,0.0670656,0.787017,1.07189,1.14153,0.511804,0.464558,,,-6.54188,0.0207142,11.2419,,3.52697,36.5714
2023-01-17,21178.3,19769.3,0.0993667,0.0665326,0.837143,1.07127,1.47923,0.510887,0.464191,,,-6.53415,0.0243514,12.012,,3.74904,40.1429
2023-01-18,20709.7,19766.1,0.0665485,0.0455637,0.736125,1.04774,1.88567,0.487791,0.453612,,,-6.78864,0.025154,13.3142,,3.96922,43.8571
2023-01-19,21071.8,19761.7,0.0924035,0.0621743,0.778007,1.0663,2.22187,0.504202,0.461228,,,-6.61018,0.0302724,13.442,,4.14453,46
2023-01-20,22660.7,19783.3,0.202952,0.126978,0.763735,1.14545,2.09461,0.582111,0.495645,,,-6.51522,0.0282807,13.59,,4.36467,48.8571
2023-01-21,22803.2,19791.9,0.212404,0.132056,0.804451,1.15215,2.18708,0.588424,0.498396,,,-6.42169,0.0304747,11.7863,,4.44561,49.8571
2023-01-22,22716.3,19797.8,0.205869,0.128476,0.877652,1.14742,2.68804,0.582994,0.496135,,,-6.24933,0.0308549,10.95,,4.482,50
2023-01-23,22929,19801.5,0.220625,0.136402,0.927909,1.15795,4.1074,0.593119,0.500415,,,-5.97293,0.0317824,10.95,,4.51667,50.7143
2023-01-24,22611.1,19805,0.197956,0.124102,0.748449,1.14169,3.91603,0.576027,0.49312,,,-6.00692,0.0286063,10.95,,4.70215,50.8571
2023-01-25,23109.1,19815.1,0.232388,0.142542,1.03885,1.16624,4.35985,0.600789,0.503609,,,-6.113,0.0345924,10.95,,4.89637,50.7143
2023-01-26,23008.7,19804,0.226095,0.139282,0.916912,1.16182,5.21923,0.594608,0.501053,,,-5.86422,0.0270745,10.95,,5.10043,52
2023-01-27,23070.5,19792.2,0.231297,0.142099,0.914279,1.16564,4.90237,0.596697,0.502031,,,-5.79199,0.0303644,10.9261,,5.30237,52.5714
2023-01-28,23008.8,19794.7,0.226782,0.139693,0.996098,1.16238,5.25572,0.592321,0.500322,,,-5.97742,0.0262496,10.9261,,5.48487,52.4286
2023-01-29,23775,19802.3,0.280312,0.167096,0.98767,1.20062,5.29627,0.631186,0.516595,,,-5.93105,0.0257325,10.9261,,5.77237,52.7143
2023-01-30,22799.4,19801.9,0.211515,0.131475,0.813216,1.15138,5.31596,0.57949,0.495038,,,-5.69083,0.0291507,10.9261,,5.94756,54.2857
2023-01-31,23130.1,19809.7,0.234295,0.143549,0.688893,1.16761,4.74053,0.59543,0.501849,,,-5.93365,0.0257815,10.9261,,6.04272,54.1429
2023-02-01,23727.2,19834.8,0.274672,0.164049,0.843498,1.19624,4.47826,0.625507,0.514421,,,-5.79184,0.0241101,10.9261,,6.12624,54.8571
2023-02-02,23505.6,19839.4,0.25872,0.155973,0.885829,1.1848,4.58304,0.61281,0.509239,,,-5.91531,0.0274919,10.9261,,6.24067,55.7143
2023-02-03,23445.8,19845.5,0.254073,0.153558,0.811798,1.18142,4.86302,0.608853,0.507568,,,-5.84168,0.0229752,10.95,,6.28293,56.4286
2023-02-04,23355.5,19852.8,0.247199,0.149976,0.828191,1.17644,4.62659,0.603489,0.505242,,,-6.06423,0.0231405,10.95,,6.21305,57.2857
2023-02-05,22957.2,19852.2,0.21914,0.135254,0.910784,1.15641,4.49831,0.582461,0.496265,,,-6.27929,0.0216686,10.95,,6.05298,57.7143
2023-02-06,22745.2,19853,0.204125,0.127155,0.880665,1.14568,4.82548,0.571152,0.491327,,,-6.87728,0.0163152,10.95,,6.02705,57
2023-02-07,23266.3,19857.7,0.240583,0.146505,0.865975,1.17165,4.93319,0.596872,0.502216,,,-7.14034,0.0146581,10.95,,5.94557,57.4286
2023-02-08,22937.6,19859.6,0.217254,0.134189,0.831865,1.15499,5.03769,0.579412,0.494763,,,-6.12343,0.0130065,10.95,,5.85523,57.7143
2023-02-09,21818.2,19852,0.138787,0.0901155,0.930678,1.09904,4.9805,0.523744,0.470291,,,-6.48348,0.0130231,10.95,,5.77161,57
2023-02-10,21620.6,19845.5,0.125308,0.0821024,0.838811,1.08945,5.17244,0.513702,0.465711,,,-6.4717,0.012039,10.95,,5.56262,55.2857
2023-02-11,21864.9,19845.2,0.14258,0.0923699,0.855779,1.10177,5.53779,0.524698,0.470646,,,-6.03314,0.0144067,10.3502,,5.39971,54
2023-02-12,21772.1,19843.2,0.136187,0.0885979,0.935714,1.09721,5.69625,0.519799,0.468326,,,-5.92751,0.0158641,9.70431,,5.16296,52.8571
2023-02-13,21798.7,19841.1,0.13822,0.0898059,0.904305,1.09867,5.42705,0.520712,0.468574,,,-5.85208,0.0224717,9.09929,,4.9564,51.7143
2023-02-14,22222.4,19842.8,0.168022,0.107082,0.912124,1.11992,5.14506,0.54074,0.477347,,,-5.80507,0.0287371,9.04126,,4.88603,51.1429
2023-02-15,24304.6,19862.5,0.313661,0.182768,1.05885,1.22364,5.13628,0.645996,0.52168,,,-5.63167,0.0261528,8.21104,,5.01804,50.4286
2023-02-16,23742.4,19868,0.273591,0.163188,1.13808,1.19501,5.17935,0.61571,0.509238,,,-5.66262,0.0248625,8.89781,,5.02025,51.4286
2023-02-17,24607.3,19880.4,0.333791,0.192094,1.08913,1.23777,5.34833,0.66046,0.527388,,,-5.69652,0.027792,8.89781,,5.24897,53.2857
2023-02-18,24636.5,19883.3,0.335657,0.192936,1.11125,1.23906,5.51164,0.661056,0.527614,,,-5.75965,0.0243375,9.49761,,5.6243,54.8571
2023-02-19,24367,19885.8,0.316453,0.183905,1.06142,1.22535,5.93434,0.645726,0.521449,,,-5.7694,0.0239867,10.1435,,6.02568,56.2857
2023-02-20,24797.8,19891.5,0.346482,0.197855,0.981551,1.24666,5.96339,0.667701,0.530266,,,-5.17429,0.0169669,10.7485,,6.65816,57.7143
2023-02-21,24400.4,19893.6,0.31827,0.184702,1.09762,1.22654,5.88685,0.645582,0.521375,,,-5.40726,0.0141686,10.8066,,7.14097,59.1429
2023-02-22,24163.7,19889.5,0.301852,0.176886,0.912868,1.2149,4.88406,0.632248,0.515934,,,-5.14569,0.0107442,11.6368,,7.24233,60
2023-02-23,23910,19892.4,0.28374,0.168031,1.10453,1.20197,5.44388,0.618242,0.510141,,,-5.49391,0.0110416,10.2793,,7.46975,59.1429
2023-02-24,23175.8,19885.8,0.232364,0.14196,0.846424,1.16545,4.45964,0.580277,0.49412,,,-5.39448,0.0056859,9.51628,,7.44452,58
2023-02-25,23159.8,19883.6,0.231395,0.141462,0.671796,1.16477,3.57698,0.578824,0.493424,,,-5.52291,0.00576712,8.04298,,7.39571,56.8571
2023-02-26,23542.1,19885.8,0.258248,0.155309,1.07293,1.18387,4.03025,0.597463,0.501204,,,-5.43406,0.00229668,7.35016,,7.43728,55.5714
2023-02-27,23504.2,19889.3,0.255331,0.153798,0.893887,1.18175,3.54677,0.594922,0.500034,,,-4.79311,0.000199697,6.62882,,7.15394,54.4286
2023-02-28,23145.9,19866.3,0.231662,0.141696,0.863636,1.16509,3.23941,0.576425,0.49206,,,-4.58153,0.00336612,5.6563,,6.97267,53.4286
2023-03-01,23610.7,19859.4,0.264983,0.158881,1.09577,1.18889,3.79475,0.599228,0.501574,,,-4.58149,0.00611769,5.14452,,6.9915,52.1429
2023-03-02,23470,19857.4,0.255198,0.153926,0.924454,1.18193,4.54742,0.591547,0.498226,,,-4.58906,0.00478401,5.59154,,6.89136,51.4286
2023-03-03,22350.1,19848.8,0.176702,0.111914,1.02902,1.12602,5.09107,0.536034,0.474122,,,-4.64144,0.00911933,5.08075,,6.89409,51
2023-03-04,22334.3,19848.6,0.175608,0.111294,0.931786,1.12523,5.18537,0.53485,0.473458,,,-4.73787,0.00836989,5.32587,,6.76507,50.7143
2023-03-05,22419.8,19836.7,0.182504,0.115217,0.954799,1.13022,5.46717,0.538454,0.474941,,,-4.7444,0.0119577,4.77373,,6.49139,50.1429
2023-03-06,22414.7,19832.1,0.182474,0.115219,0.814203,1.13022,5.55671,0.537696,0.474503,,,-4.52755,0.013687,4.70918,,6.22574,49.8571
2023-03-07,22174.6,19762.9,0.170414,0.108763,1.00836,1.12204,5.90457,0.525493,0.469098,,,-4.57779,0.00598898,4.54388,,5.81862,49.2857
2023-03-08,21701.4,19756.2,0.137454,0.0896348,0.797168,1.09846,5.70612,0.502669,0.458777,,,-4.44985,0.00103876,4.36389,,5.35527,49.2857
2023-03-09,20349.8,19736.2,0.043365,0.0301546,0.760515,1.03109,5.65482,0.441634,0.42993,,,-4.47915,-0.000458187,4.58758,,4.97187,48.2857
2023-03-10,20240.4,19724.2,0.0364824,0.0255038,0.763751,1.02617,5.69733,0.436517,0.427347,,,-4.42144,0.0521139,3.77483,,4.48571,46
2023-03-11,20585.2,19721.8,0.061028,0.0419448,0.943803,1.04378,5.73028,0.451111,0.434348,,,-4.70635,0.167139,3.3202,,3.95396,43.5714
2023-03-12,22066,19729,0.165186,0.105908,0.989067,1.11845,5.82542,0.517683,0.465274,,,-6.75943,0.309305,3.28224,,3.94549,41.5714
2023-03-13,24154.4,19758.6,0.310723,0.181989,1.05733,1.22248,5.89215,0.619267,0.508937,,,-4.0087,0.370204,3.86014,,4.2426,41.7143
2023-03-14,24769,19783.3,0.352424,0.201289,1.01015,1.25202,5.61878,0.649792,0.521497,,,-4.69246,0.422312,6.29385,,4.56583,42.7143
2023-03-15,24409.8,19792.9,0.326357,0.18914,1.00377,1.23326,5.61411,0.62975,0.513554,,,-5.34734,0.48502,8.35454,,5.06604,42.7143
2023-03-16,25043.2,19807.7,0.370089,0.20906,0.940918,1.26432,5.45344,0.661314,0.526485,,,-5.1117,0.51169,8.35454,,5.04415,43.8571
2023-03-17,27450.6,19867.1,0.536039,0.276259,1.13358,1.38171,5.20859,0.792472,0.576632,,,-4.73115,0.487021,10.0923,,5.35658,46.2857
2023-03-18,26985.7,19872.7,0.50277,0.263583,1.22962,1.35793,4.88852,0.763817,0.566417,,,-4.86115,0.411206,11.7751,,6.13205,50.7143
2023-03-19,28185.2,19888.2,0.586431,0.294375,1.17544,1.41718,4.53908,0.830867,0.59111,,,-4.60324,0.310678,13.058,,6.28848,55
2023-03-20,27834.3,19905.1,0.560407,0.284871,1.2098,1.39835,4.24979,0.808083,0.583279,,,-4.5482,0.303093,13.2181,,6.53827,57.4286
2023-03-21,28172.8,19925.7,0.58284,0.292731,1.15491,1.41389,3.84932,0.825498,0.589891,,,-4.14868,0.303005,10.8618,,6.44283,59.1429
2023-03-22,27341.6,19932.6,0.523592,0.270978,1.23093,1.3717,3.99421,0.775378,0.572029,,,-4.12128,0.285387,8.22105,,5.87108,60.8571
2023-03-23,28387.9,19964.9,0.595224,0.296709,1.47209,1.42189,4.13727,0.833451,0.593434,,,-4.1449,0.28876,7.13429,,6.50495,61.5714
2023-03-24,27464.1,19970.5,0.52953,0.27285,1.26256,1.37523,4.808,0.77794,0.573665,,,-3.66223,0.277676,7.48307,,6.28336,63
2023-03-25,27489,19973.4,0.531064,0.273404,1.13367,1.37628,4.31517,0.777003,0.573725,,,-3.47351,0.251078,5.94001,,5.94284,63
2023-03-26,28049.4,19982.9,0.569964,0.287583,1.15162,1.40367,5.04851,0.806589,0.584947,,,-3.3873,0.217945,4.39497,,5.80142,63.1429
2023-03-27,27155,20009.6,0.504863,0.263134,1.14776,1.3571,5.98043,0.753837,0.565848,,,-3.99548,0.17228,3.13504,,4.78444,62.8571
2023-03-28,27284,20016.6,0.513461,0.26636,1.04728,1.36307,5.33402,0.759231,0.568085,,,-3.97029,0.126684,3.00791,,3.48742,61.5714
2023-03-29,28389.3,20033.8,0.590308,0.294319,1.19824,1.41707,5.63043,0.81997,0.590617,,,-4.26808,0.0922368,3.9238,,2.56636,60.8571
2023-03-30,28021.6,19727.4,0.585948,0.295994,1.24906,1.42044,6.07374,0.796955,0.582497,,,-4.24543,0.0665465,4.16314,,1.03234,61.2857
2023-03-31,28514.7,19749.5,0.619185,0.307393,1.15831,1.44382,5.3673,0.823324,0.592264,,,-4.16837,0.0514406,3.31039,,1.2364,61.5714
2023-04-01,28494.6,19757.5,0.617155,0.30662,1.15158,1.44221,4.99284,0.819822,0.591364,,,-4.46992,0.0452891,4.79297,,1.26391,61.1429
2023-04-02,28162,19759.9,0.593463,0.298347,1.21324,1.42521,4.42383,0.798579,0.58399,,,-4.59231,0.0435529,5.60457,,1.30629,61
2023-04-03,27851,19765.1,0.571103,0.290327,1.05724,1.4091,4.09319,0.778812,0.577079,,,-4.41936,0.0407297,5.67179,,1.8069,60.8571
2023-04-04,28114,19771.5,0.589196,0.296737,1.32273,1.42194,3.93194,0.791298,0.582059,,,-3.78587,0.0417474,4.84438,,3.04062,61.2857
2023-04-05,28190.3,19783.2,0.593728,0.298226,1.14048,1.42496,4.04878,0.793371,0.583169,,,-4.21525,0.0395641,4.49862,,4.161,62
2023-04-06,28049.1,19791,0.583176,0.294414,1.30829,1.41726,3.85929,0.783121,0.579782,,,-4.0584,0.0448523,3.88944,,5.24986,62.4286
2023-04-07,27936.8,19786.8,0.575519,0.29173,1.15836,1.41189,4.15105,0.774612,0.576999,,,-3.68348,0.0537592,3.20845,,5.25225,62.5714
2023-04-08,27964.1,19789,0.57726,0.292342,1.2018,1.41311,4.39265,0.773731,0.5771,,,-3.77182,0.0561177,1.90937,,5.24102,62.5714
2023-04-09,28357.8,19792.2,0.604807,0.302056,1.21275,1.43278,4.55041,0.793088,0.584754,,,-3.61743,0.05725,1.03644,,5.21128,62.2857
2023-04-10,29687.6,19812.7,0.697184,0.332626,1.07156,1.49841,4.01745,0.866395,0.611665,,,-3.67045,0.0635306,2.07721,,5.24218,62.1429
2023-04-11,30247.1,19847.1,0.734191,0.343835,1.36775,1.52401,3.78113,0.896344,0.622669,,,-3.71967,0.0713212,4.09212,,5.17919,63
2023-04-12,29913,19852.4,0.710172,0.33633,1.40687,1.50677,3.71556,0.873669,0.615277,,,-3.8112,0.0801983,4.24761,,5.16788,63.4286
2023-04-13,30370.8,19868.5,0.741272,0.345802,1.26919,1.52859,3.82193,0.897451,0.624167,,,-3.93573,0.0830002,5.23973,,5.14771,63.1429
2023-04-14,30459,19889,0.745973,0.347024,1.2562,1.53145,3.81831,0.89958,0.625451,,,-3.67376,0.0819005,5.90304,,5.08792,63.7143
2023-04-15,30342.1,19892.7,0.737389,0.344385,1.41411,1.52529,4.28805,0.889629,0.622526,,,-3.84664,0.0864347,6.40121,,5.0711,64.7143
2023-04-16,30312.9,19897.1,0.734947,0.343611,1.11023,1.52349,4.17096,0.884963,0.621406,,,-4.04989,0.0835821,7.85866,,5.08349,65.7143
2023-04-17,29469.5,19895.7,0.67548,0.324872,1.35135,1.4812,4.24739,0.833752,0.603619,,,-4.05532,0.0825006,7.9217,,5.0233,66.7143
2023-04-18,30366.9,19914,0.737432,0.344219,1.49184,1.5249,4.61252,0.88234,0.621477,,,-3.81953,0.0754196,6.92812,,5.03507,65.2857
2023-04-19,28796.7,19920.9,0.626138,0.308225,1.1857,1.44556,4.56666,0.790987,0.588867,,,-3.93272,0.0662537,6.75219,,4.95735,65
2023-04-20,28251.3,19919.2,0.587746,0.294929,1.11562,1.4183,4.60104,0.75895,0.577252,,,-3.87442,0.0552987,6.59852,,4.89361,63.7143
2023-04-21,27292,19919.2,0.520063,0.270147,1.17774,1.37014,4.32856,0.706329,0.557218,,,-4.13653,0.0399941,7.27586,,4.85001,61.1429
2023-04-22,27827.5,19922.2,0.557603,0.284085,1.2352,1.39681,3.75835,0.732351,0.567704,,,-5.2225,0.0309841,7.56097,,4.73077,59
2023-04-23,27604.7,19925.8,0.541607,0.278174,1.21123,1.38538,3.11301,0.718731,0.562717,,,-4.64846,0.0251683,6.53736,,4.51952,57.2857
2023-04-24,27520.2,19925.2,0.535671,0.275981,1.16097,1.38118,3.10661,0.712393,0.560557,,,-4.51007,0.0180444,5.68362,,4.4166,55
2023-04-25,28302.7,19931.1,0.590407,0.295788,1.06112,1.42003,2.5761,0.751246,0.576037,,,-4.57586,0.0158358,6.16688,,4.35375,54.2857
2023-04-26,28384.2,19939.1,0.595559,0.29753,1.10823,1.42355,1.84204,0.753305,0.577237,,,-4.89757,0.0198248,6.16073,,4.32663,53.2857
2023-04-27,29465.6,19949.3,0.67104,0.322963,1.15314,1.47702,2.09633,0.809201,0.598738,,,-4.9245,0.0235199,5.81695,,4.254,54.2857
2023-04-28,29350.8,19963.7,0.661885,0.319826,1.29986,1.47021,1.94652,0.800305,0.595921,,,-4.94827,0.0408579,5.722,,4.24519,56.2857
2023-04-29,29221.5,19966.4,0.652526,0.316723,1.20788,1.46353,1.46293,0.790688,0.592815,,,-5.14175,0.0457111,5.49601,,4.32968,57.8571
2023-04-30,29362.1,19968.7,0.662222,0.319914,1.31257,1.4704,1.78803,0.795722,0.595182,,,-5.15218,0.0468221,5.76705,,4.4996,58.4286
2023-05-01,28115,19964.1,0.574604,0.28991,1.54722,1.40827,2.25319,0.727395,0.569454,,,-4.89592,0.0453347,5.01766,,4.59485,59.8571
2023-05-02,28690.6,19971.3,0.614641,0.303908,1.1214,1.43659,2.14997,0.755118,0.580649,,,-4.70082,0.0505059,4.39684,,4.58461,60.1429
2023-05-03,29045,20006,0.637135,0.311208,1.24247,1.45182,2.42746,0.771404,0.587349,,,-4.64773,0.0462644,4.58831,,4.69235,61.2857
2023-05-04,28855.9,20007.8,0.623636,0.30663,1.27982,1.44223,2.07541,0.759003,0.583056,,,-5.13977,0.0487574,5.25334,,4.83392,62
2023-05-05,29553,20016,0.672131,0.322707,1.07032,1.47647,1.67716,0.793591,0.596657,,,-5.03367,0.0488724,5.13404,,5.04355,61.5714
2023-05-06,28899.5,20015.7,0.62606,0.307404,1.3114,1.44384,1.4679,0.756515,0.582996,,,-4.68587,0.0657469,5.93631,,5.00207,61
2023-05-07,28761.7,20114.8,0.609326,0.300639,1.21865,1.42988,1.17126,0.746962,0.579755,,,-4.77424,0.0869527,6.02511,,4.94554,61.5714
2023-05-08,27727.3,20120.4,0.536015,0.274346,1.15935,1.37807,0.75726,0.692121,0.55847,,,-4.81827,0.0997845,6.463,,4.92626,61.1429
2023-05-09,27642.4,20116.9,0.530265,0.272246,1.2745,1.37409,0.544249,0.685869,0.556331,,,-4.64506,0.100072,6.67272,,4.86273,60.5714
2023-05-10,27646,20114.4,0.530675,0.272429,1.4351,1.37444,1.40711,0.684035,0.555973,,,-4.46166,0.110685,6.28817,,4.67387,58.8571
2023-05-11,26986.3,20110.3,0.48447,0.254795,1.24439,1.34191,1.28795,0.650006,0.542293,,,-4.47433,0.112974,5.73665,,4.38147,57.1429
2023-05-12,26773.3,20111.2,0.469393,0.248834,1.15295,1.33126,0.872155,0.638038,0.537609,,,-4.53625,0.106865,5.11986,,4.03333,55.4286
2023-05-13,26841.4,20110.9,0.4742,0.250751,1.18923,1.33467,0.802983,0.639646,0.538569,,,-4.5031,0.0899107,4.07017,,3.86549,53.7143
2023-05-14,26918.3,20113.2,0.479447,0.252805,1.43063,1.33834,1.12332,0.64177,0.539704,,,-4.48391,0.072698,3.7509,,3.73338,51.4286
2023-05-15,27231.6,20134.7,0.499992,0.260612,1.2225,1.35247,0.582482,0.655102,0.545571,,,-4.56588,0.0611783,3.62638,,3.65881,50
2023-05-16,27025.7,20141.3,0.48501,0.254734,1.26359,1.3418,1.02914,0.643641,0.541036,,,-4.52944,0.053666,3.90253,,3.59255,50.4286
2023-05-17,27401,20145.1,0.511172,0.264805,1.33985,1.36018,1.00155,0.659997,0.548131,,,-4.38903,0.0419043,4.29636,,3.55933,50.1429
2023-05-18,26843.2,20140.5,0.472189,0.249699,1.15678,1.3328,0.400983,0.63186,0.536569,,,-4.67848,0.0330793,5.05833,,3.55758,50
2023-05-19,26889.5,20137.6,0.475641,0.251096,1.23238,1.33529,0.597356,0.632475,0.53709,,,-4.54167,0.0278079,5.09201,,3.62091,49.8571
2023-05-20,27100.9,20139.3,0.490396,0.256875,1.08491,1.34567,0.585374,0.640845,0.540903,,,-4.64745,0.0226419,4.93819,,3.69354,49.8571
2023-05-21,26777.1,20139.4,0.467573,0.247885,1.23554,1.32958,0.651264,0.624041,0.534041,,,-4.59082,0.0188283,5.39798,,3.73925,50.4286
2023-05-22,26858.7,20167.3,0.471351,0.249134,1.18169,1.3318,0.806422,0.626261,0.535268,,,-4.43363,0.0191881,5.67737,,3.74311,50.2857
2023-05-23,27226.9,20171.7,0.496961,0.259126,1.28156,1.34976,1.02045,0.64202,0.542194,,,-4.35702,0.0160996,6.32263,,3.79024,49.7143
2023-05-24,26341.4,20167.2,0.434899,0.234391,1.13507,1.30615,1.02996,0.599635,0.524175,,,-4.22337,0.0113394,6.14258,,3.72363,49.7143
2023-05-25,26484.8,20182,0.443959,0.237981,1.22246,1.3123,1.51577,0.604798,0.526639,,,-4.41671,0.0137107,6.01108,,3.73416,49.7143
2023-05-26,26720.4,20182.3,0.460519,0.244685,1.24971,1.32395,1.95264,0.614116,0.530928,,,-4.42477,0.016719,6.71663,,3.77621,49.8571
2023-05-27,26854.5,20182.9,0.469917,0.248436,1.19037,1.33056,2.13726,0.618459,0.533195,,,-4.51645,0.0186675,7.55889,,3.75032,49.8571
2023-05-28,28097.5,20191.4,0.556847,0.281383,1.37408,1.39156,2.24845,0.674332,0.557444,,,-4.43712,0.0153294,8.22481,,3.92541,49.5714
2023-05-29,27765.1,20195.7,0.533109,0.272622,1.37467,1.3748,2.70245,0.65623,0.550428,,,-4.18816,0.015357,9.372,,4.08275,50
2023-05-30,27712.5,20203.6,0.528833,0.270958,1.30498,1.37166,2.65276,0.651411,0.548967,,,-4.09832,0.0184867,8.80281,,4.30535,50.1429
2023-05-31,27217.7,20204.3,0.493919,0.257677,1.17429,1.34712,1.67845,0.626142,0.53876,,,-4.01071,0.0288267,8.7321,,4.47123,50.2857
2023-06-01,26825.4,20206.6,0.466122,0.246737,1.08395,1.32756,1.95577,0.60604,0.530601,,,-4.17309,0.0308926,8.5192,,4.60979,50.4286
2023-06-02,27255.2,20211.5,0.496033,0.258435,1.36756,1.3485,2.13313,0.623382,0.538698,,,-4.24643,0.0300628,8.49032,,4.77409,50.5714
2023-06-03,27079.4,20210.8,0.483685,0.253645,1.0777,1.33985,2.1609,0.613228,0.534824,,,-4.28445,0.0277986,8.48583,,5.0041,51.2857
2023-06-04,27158.3,20211.3,0.489194,0.255795,1.23062,1.34372,2.77994,0.614616,0.53598,,,-4.39674,0.0294467,8.22355,,4.92823,51.5714
2023-06-05,25785.9,20201.7,0.393224,0.216557,1.09022,1.27642,2.85812,0.552249,0.50853,,,-4.22061,0.0332322,8.08767,,4.65272,51.7143
2023-06-06,27213.8,20214.7,0.492849,0.257188,1.25961,1.34624,3.13024,0.612918,0.536289,,,-4.33703,0.0358256,6.7841,,4.55323,50.7143
2023-06-07,26339.6,20211,0.431546,0.232675,1.09133,1.30323,3.31881,0.572231,0.518683,,,-4.37388,0.0323264,7.24984,,4.62228,51
2023-06-08,26521.7,20212.1,0.444291,0.237904,1.2549,1.31217,3.40146,0.57811,0.521887,,,-4.47365,0.0309361,6.77367,,4.76189,50.7143
2023-06-09,26470.7,20212.4,0.440676,0.236424,1.37439,1.30963,2.96857,0.573764,0.520503,,,-4.2799,0.0260682,6.5091,,4.73332,50.7143
2023-06-10,25863.2,20207.1,0.398272,0.218693,1.22396,1.27991,3.14266,0.545843,0.508193,,,-2.62439,0.0307574,6.09128,,4.7629,50.1429
2023-06-11,25906.8,20204.9,0.4015,0.220093,1.29783,1.2822,3.71001,0.545858,0.508685,,,-5.07677,0.0329902,5.50321,,4.79191,49.4286
2023-06-12,25906.8,20201.5,0.401734,0.220221,1.24936,1.28242,3.91197,0.544036,0.508319,,,-4.08769,0.0260008,4.87515,,5.16758,48.5714
2023-06-13,25880.9,20199.1,0.400082,0.219536,1.16779,1.28129,3.33617,0.541133,0.507448,,,-3.49408,0.0170871,6.36638,,5.14403,48.7143
2023-06-14,25097.6,20195.1,0.345213,0.195338,0.932299,1.24276,3.28655,0.507238,0.491747,,,-3.85898,0.0104445,5.57433,,5.05902,47.7143
2023-06-15,25559.1,20192.2,0.37792,0.209982,1.16124,1.26579,3.04221,0.524326,0.500436,,,-4.09507,-0.00896233,5.41842,,4.80532,46.4286
2023-06-16,26331.8,20197.1,0.431978,0.232977,1.23509,1.30374,3.05428,0.554544,0.515192,,,-3.47905,-0.017698,4.6926,,4.40199,46
2023-06-17,26514.2,20196.6,0.44485,0.238273,1.13654,1.31281,3.37853,0.56029,0.518383,,,-3.61348,-0.0316368,5.34115,,3.85437,45.7143
2023-06-18,26354,20202.6,0.433143,0.233414,1.2174,1.30449,3.29929,0.551745,0.514878,,,-3.67082,-0.0408472,5.60562,,3.56696,46
2023-06-19,26778.1,20194.6,0.46356,0.245853,1.16221,1.326,3.49275,0.567718,0.522781,,,-3.89384,-0.0453602,5.69833,,2.8616,46
2023-06-20,28305.4,20202.9,0.570491,0.286254,1.17547,1.40106,3.31375,0.632027,0.552179,,,-3.67934,-0.0323796,4.58362,,2.41662,46.5714
2023-06-21,30099.5,20232.4,0.694668,0.327816,1.11161,1.48769,3.16549,0.711839,0.586711,,,-3.14363,-0.0305432,5.10666,,2.55133,48.4286
2023-06-22,29952.5,20248.8,0.683108,0.32397,1.25086,1.47922,2.95268,0.702158,0.583384,,,-3.64327,-0.0159979,6.12976,,2.3727,51.8571
2023-06-23,30638.4,20270.7,0.729771,0.338389,1.16683,1.51146,2.82632,0.731704,0.596263,,,-3.87262,0.000890357,7.43396,,2.72194,54.4286
2023-06-24,30549,20281.3,0.722668,0.336107,1.35694,1.50627,2.53489,0.724528,0.594048,,,-3.92308,0.0137459,7.56895,,3.11878,56.5714
2023-06-25,30467.4,20288.3,0.716369,0.334099,1.41652,1.50173,2.33861,0.717739,0.591988,,,-3.08952,0.0246214,8.16109,,2.87788,58.7143
2023-06-26,30255.9,20299.5,0.700633,0.329074,1.34064,1.49048,2.24234,0.705037,0.587411,,,-2.95299,0.0306784,8.83232,,2.52587,59.8571
2023-06-27,30667.1,20322.9,0.727848,0.337306,1.30143,1.50899,1.93164,0.721429,0.594917,,,-2.73054,0.0241174,10.3286,,2.16667,61.2857
2023-06-28,30104,20339.9,0.686967,0.324346,0.985287,1.48005,1.0847,0.692459,0.583533,,,-2.64977,0.0264772,10.5921,,0.94239,61.7143
2023-06-29,30460.8,20342,0.711855,0.332191,1.34616,1.49744,0.934826,0.706143,0.589978,,,-3.00987,0.0239872,10.4168,,0.4237,60.1429
2023-06-30,30484.5,20358.2,0.712317,0.332178,1.45612,1.4974,1.5697,0.704443,0.589967,,,-2.68182,0.0117674,10.4168,,0.756175,58.8571
2023-07-01,30581.7,20386.8,0.717071,0.333365,1.22813,1.50007,1.45299,0.706241,0.591376,,,-3.09147,0.00331284,10.4168,,1.15792,58.4286
2023-07-02,30594.2,20392.1,0.717517,0.333464,1.57631,1.5003,1.15805,0.704133,0.591147,,,-3.27411,-0.00363596,10.4168,,2.05343,58.2857
2023-07-03,31135.4,20404.3,0.754638,0.344659,1.28387,1.52592,1.31541,0.72633,0.601118,,,-3.64542,-0.00543088,10.4168,,3.35225,59.2857
2023-07-04,30799.9,20408.8,0.730658,0.337375,1.30556,1.50915,0.789031,0.707792,0.594167,,,-3.03722,-0.00503185,10.4168,,4.54562,60
2023-07-05,30497.8,20413,0.709056,0.330673,1.42749,1.49404,0.993568,0.69114,0.587872,,,-2.89642,-0.00863682,10.7349,,6.12528,59.8571
2023-07-06,29979.7,20387.6,0.674364,0.319955,1.24872,1.47049,0.596162,0.665188,0.577433,,,-3.17996,-0.00229008,10.3875,,7.44191,60.1429
2023-07-07,30329.9,20393.8,0.698485,0.327599,1.58801,1.48721,0.953227,0.677985,0.583716,,,-3.53786,0.00525291,9.04538,,7.62032,60
2023-07-08,30263.6,20396.2,0.693609,0.326049,1.60886,1.48379,1.05746,0.672321,0.581983,,,-3.67998,0.00821098,7.90209,,7.70672,59.8571
2023-07-09,30163.2,20399,0.6863,0.323712,1.5197,1.47866,0.923335,0.665182,0.579597,,,-3.4341,0.011829,7.31189,,7.75979,58.7143
2023-07-10,30394.7,20405.6,0.702044,0.328645,1.39374,1.48953,0.759152,0.672691,0.583584,,,-3.59315,0.0141349,6.04289,,7.78778,57.8571
2023-07-11,30616.2,20417.1,0.716737,0.333127,1.22901,1.49954,0.0692727,0.679737,0.587373,,,-3.61901,0.0137733,5.5334,,7.9173,56.8571
2023-07-12,30385.6,20423.8,0.699999,0.327846,1.29953,1.48776,-0.243526,0.666826,0.582489,,,-3.6792,0.0166025,4.91655,,7.9803,57.2857
2023-07-13,31434.7,20432.1,0.773045,0.350016,1.11892,1.5385,-0.29828,0.710659,0.602116,,,-3.86493,0.0214243,4.2023,,8.00055,57.4286
2023-07-14,30310.7,20432.5,0.69398,0.325899,1.2391,1.48346,0.129729,0.658087,0.58013,,,-3.62274,0.0276214,5.5444,,7.98642,58.1429
2023-07-15,30290.9,20433.6,0.692446,0.32542,1.23706,1.4824,-0.0289441,0.654553,0.579297,,,-3.52965,0.0297242,5.05447,,8.00928,57.8571
2023-07-16,30249.8,20435.5,0.689368,0.32444,1.38582,1.48025,-0.0249171,0.650093,0.578059,,,-3.43324,0.0348029,4.82853,,8.04395,58.1429
2023-07-17,30143.7,20430.9,0.682188,0.322218,1.2102,1.4754,-0.11012,0.64292,0.575583,,,-3.41018,0.0353442,5.33229,,7.98364,57.8571
2023-07-18,29835.7,20437.5,0.660048,0.315001,1.42463,1.45986,-0.0307487,0.627313,0.569262,,,-3.33487,0.0351019,5.22951,,7.8609,57.7143
2023-07-19,29913,20445.8,0.664836,0.31649,1.30362,1.46304,-0.118604,0.628008,0.570295,,,-3.40508,0.0373059,5.47688,,7.7823,55.7143
2023-07-20,29805.6,20449.3,0.656995,0.31391,1.12261,1.45753,-0.0870164,0.621001,0.567808,,,-3.48732,0.0298329,6.12042,,7.78133,55.5714
2023-07-21,29919.7,20444.7,0.665271,0.31668,0.985935,1.46344,0.0247534,0.623255,0.569541,,,-2.61489,0.0238301,4.94048,,7.74166,54.1429
2023-07-22,29726,20445.2,0.65159,0.312212,1.17103,1.45394,0.138265,0.612761,0.56542,,,-3.38693,0.0227961,5.18232,,7.65871,53.5714
2023-07-23,30066.6,20449,0.675179,0.319876,1.29836,1.47032,0.542408,0.624383,0.571455,,,-3.41323,0.0145096,5.59592,,7.5624,53.1429
2023-07-24,29178.4,20445.4,0.613044,0.299297,1.28487,1.42714,0.604209,0.585776,0.554153,,,-3.43784,0.01109,6.06594,,7.57706,53.2857
2023-07-25,29221.3,20445.3,0.616018,0.300327,1.18289,1.42924,0.383236,0.58526,0.554547,,,-3.46445,0.00849601,6.36951,,7.59521,52.4286
2023-07-26,29361.6,20445.6,0.625807,0.30366,1.23941,1.43608,0.285179,0.588626,0.556788,,,-3.65102,0.00718295,6.4897,,7.64771,52.5714
2023-07-27,29201.7,20426,0.615922,0.300519,1.18106,1.42963,0.394478,0.580032,0.553337,,,-3.523,0.00327511,6.07183,,7.61345,51.8571
2023-07-28,29316.3,20356.2,0.628825,0.305635,1.20216,1.44016,1.30139,0.582395,0.555088,,,-3.5681,0.000311442,6.78499,,7.60933,52.1429
2023-07-29,29360.4,20357.9,0.631757,0.30662,1.13483,1.44221,1.24774,0.581987,0.555501,,,-3.64899,-0.00154286,7.76428,,7.64659,52.1429
2023-07-30,29262.8,20358.4,0.624843,0.304292,1.43737,1.43738,1.20542,0.576065,0.553238,,,-3.48871,-0.00132414,7.54465,,7.64604,51.8571
2023-07-31,29219.8,20355.4,0.621996,0.30337,1.20404,1.43548,1.35182,0.572489,0.552008,,,-3.83734,-0.00240372,7.21261,,7.64381,51.1429
2023-08-01,29499.6,20358.2,0.641383,0.30988,1.19744,1.44902,0.990479,0.581714,0.556871,,,-3.90361,-0.00641719,7.15984,,7.67967,51.5714
2023-08-02,29143.2,20350.7,0.616871,0.3017,1.30967,1.43205,1.17353,0.566192,0.549729,,,-3.76604,-0.0174298,7.40914,,7.74547,51.8571
2023-08-03,29192.3,20352.1,0.620189,0.302829,1.28519,1.43437,1.43821,0.566531,0.550243,,,-3.80934,-0.022836,8.46023,,7.85565,52
2023-08-04,29057.3,20353.2,0.610596,0.29955,1.02466,1.42765,0.909669,0.559799,0.547287,,,-4.3703,-0.0413652,8.82878,,7.97117,52.2857
2023-08-05,29053.1,20353.7,0.610231,0.29943,1.30289,1.42741,1.28825,0.558143,0.546799,,,-4.50746,-0.055348,8.93744,,8.17789,52
2023-08-06,29048,20355.4,0.60973,0.299251,1.38608,1.42704,0.792817,0.556395,0.546296,,,-4.35848,-0.077982,9.55961,,8.38209,51.5714
2023-08-07,29164.4,20356.1,0.617805,0.302022,1.23832,1.43271,0.24225,0.559336,0.548073,,,-4.45887,-0.0938557,10.0653,,8.55247,51.4286
2023-08-08,29779.5,20359.7,0.660648,0.31632,1.08232,1.46267,-0.181494,0.581747,0.559208,,,-4.65945,-0.0906593,10.1703,,8.44368,51.5714
2023-08-09,29582.9,20363.4,0.64656,0.311651,1.39179,1.45275,-0.0101969,0.572718,0.555097,,,-4.37923,-0.0908916,9.98849,,8.44236,51.1429
2023-08-10,29430.2,20363.8,0.635776,0.308065,1.08529,1.44522,0.285082,0.565464,0.551815,,,-4.3989,-0.0970928,9.89864,,8.44504,51.2857
2023-08-11,29399.8,20367.6,0.63334,0.30722,1.28793,1.44346,0.399146,0.56298,0.550832,,,-4.62439,-0.0933715,9.84687,,8.43653,50.8571
2023-08-12,29415.7,20371,0.634184,0.30748,1.42387,1.444,1.13815,0.562234,0.550717,,,-4.68133,-0.087524,10.114,,8.33442,51.4286
2023-08-13,29286.1,20373.2,0.624899,0.304339,1.14545,1.43748,0.800853,0.556021,0.547881,,,-4.59253,-0.0772486,9.8344,,8.2436,52.1429
2023-08-14,29409,20376,0.633281,0.307149,1.45492,1.44331,1.20157,0.559396,0.549767,,,-4.5022,-0.0729571,9.95595,,8.20304,52.2857
2023-08-15,29167.6,20376.9,0.616265,0.301385,1.44127,1.4314,1.25539,0.549005,0.544849,,,-4.71629,-0.0867193,10.2125,,8.38718,52.1429
2023-08-16,28754.3,20375,0.587398,0.291409,1.35314,1.41125,1.51646,0.532379,0.536734,,,-4.74433,-0.0915721,10.3943,,8.40434,52.4286
2023-08-17,26660.6,20357.8,0.441829,0.236407,1.19964,1.3096,1.21091,0.45691,0.497306,,,-5.07245,-0.072929,10.4841,,8.27829,52
2023-08-18,26037.4,20342.4,0.399223,0.218723,1.0437,1.27996,0.93895,0.435033,0.485351,,,-4.99362,-0.0624579,9.85823,,8.05036,50
2023-08-19,26094,20340.2,0.403345,0.220501,1.05355,1.28288,1.08172,0.436187,0.486076,,,-5.35638,-0.0590241,8.02348,,7.84195,47.8571
2023-08-20,26176.5,20338.7,0.409235,0.223015,1.22191,1.28703,1.67584,0.438254,0.48728,,,-5.11107,-0.0472245,6.3412,,7.55165,45.4286
2023-08-21,26128.9,20330.5,0.406482,0.221917,1.24113,1.28521,1.96814,0.435955,0.486063,,,-4.93256,-0.0359536,4.5892,,7.1725,43.7143
2023-08-22,25978.2,20323.5,0.396407,0.217671,1.06892,1.27823,1.61028,0.430249,0.482933,,,-4.06271,-0.0286598,3.06725,,6.9088,41.4286
2023-08-23,26452.2,20322.2,0.429724,0.231739,1.08076,1.30164,1.47233,0.445328,0.491407,,,-3.84949,-0.0182245,1.65762,,6.4372,39.2857
2023-08-24,26126.8,20312.1,0.407617,0.222555,1.0445,1.28626,1.66018,0.433684,0.485033,,,-3.79892,-0.0307047,0.332359,,6.06237,38
2023-08-25,26040.9,20304.3,0.402145,0.220292,1.01104,1.28253,1.62407,0.430076,0.483111,,,-3.74322,-0.0337187,-0.0722179,,5.74454,38.2857
2023-08-26,26006.2,20302.9,0.399811,0.219305,1.02465,1.28091,1.73294,0.428223,0.482141,,,-3.7329,-0.0376859,0.821094,,5.3552,38.1429
2023-08-27,26086.4,20305.1,0.405274,0.22162,0.870184,1.28472,1.17447,0.430121,0.483301,,,-3.75967,-0.0427132,1.49546,,5.02909,38.2857
2023-08-28,26103.3,20301.4,0.406716,0.222266,0.885822,1.28579,1.20761,0.429824,0.483287,,,-3.66137,-0.0493546,2.12915,,4.75599,38.4286
2023-08-29,27672.2,20299.6,0.516818,0.266428,1.25621,1.36319,1.03402,0.481924,0.511973,,,-3.58283,-0.0424481,1.75617,,4.31376,38.7143
2023-08-30,27299,20298.7,0.490706,0.256432,0.988102,1.34487,0.814298,0.467981,0.504715,,,-3.20886,-0.0345989,2.35983,,4.11856,40.4286
2023-08-31,25954.9,20288.4,0.397205,0.218319,1.07297,1.27929,1.27555,0.422198,0.479542,,,-3.05504,-0.0290315,3.05276,,3.90605,42
2023-09-01,25802.8,20282.9,0.386933,0.213925,1.11755,1.27214,1.10305,0.416459,0.476414,,,-3.07013,-0.0286604,3.44091,,3.76038,42.1429
2023-09-02,25868.3,20282,0.391592,0.21595,1.1266,1.27543,1.0552,0.417803,0.477304,,,-3.00996,-0.0233336,3.11069,,3.64903,42.2857
2023-09-03,25962.5,20280.4,0.398316,0.218859,1.17424,1.28018,1.91886,0.420255,0.478722,,,-3.04711,-0.0185394,3.24923,,3.56533,42.5714
2023-09-04,25799.5,20277.9,0.387066,0.214019,1.09998,1.2723,1.74436,0.41437,0.475399,,,-2.9175,-0.0164798,2.9649,,3.25413,42.7143
2023-09-05,25782.4,20272.4,0.386252,0.213711,0.914691,1.2718,1.44945,0.413272,0.474767,,,-3.00897,-0.0198128,3.57679,,3.06606,42.8571
2023-09-06,25754.8,20268.7,0.384577,0.213011,0.994144,1.27067,1.6836,0.411847,0.473945,,,-3.26848,-0.0306723,2.8763,,2.87426,41.8571
2023-09-07,26210.6,20268.8,0.416529,0.226697,1.09331,1.29315,2.41831,0.425934,0.482008,,,-3.3524,-0.0183089,2.70757,,2.78307,40.2857
2023-09-08,25904.7,20266.1,0.395275,0.217669,0.983574,1.27823,1.99587,0.415507,0.476065,,,-3.15799,-0.0169263,1.7946,,2.6877,41.1429
2023-09-09,25894.6,20263.9,0.394725,0.217449,1.11558,1.27787,2.35891,0.414608,0.475563,,,-3.16367,-0.0195766,1.32907,,2.59835,41.4286
2023-09-10,25831.5,20263.1,0.390357,0.215567,1.08305,1.27481,2.32717,0.412002,0.474089,,,-3.15227,-0.0236015,1.2178,,2.37414,41.4286
2023-09-11,25135,20253.9,0.342188,0.194197,1.13987,1.241,1.79624,0.389564,0.461008,,,-2.80252,-0.0250071,1.23141,,2.38489,41.4286
2023-09-12,25859.7,20252.7,0.393072,0.216823,1.03979,1.27685,1.99521,0.411676,0.473985,,,-2.87773,-0.0222897,1.19277,,2.49484,40
2023-09-13,26226.9,20253.5,0.418759,0.227757,1.09849,1.29493,1.45241,0.422726,0.480393,,,-2.59602,-0.0121204,1.48435,,2.54375,39.8571
2023-09-14,26556.1,20260.6,0.44134,0.237063,1.22412,1.31072,1.28183,0.432672,0.486094,,,-3.19337,-0.0184255,0.676345,,2.52075,40.4286
2023-09-15,26672.6,20264.1,0.449266,0.240265,1.42446,1.31625,1.36627,0.435728,0.487896,,,-3.35785,-0.0138515,1.0342,,2.48515,40.2857
2023-09-16,26555.6,20264.5,0.44104,0.236905,1.16783,1.31045,1.53386,0.431149,0.485428,,,-3.20407,-0.00666395,0.781256,,2.37061,40.5714
2023-09-17,26502.4,20265.2,0.437262,0.235347,1.11991,1.30778,1.84979,0.428708,0.484129,,,-3.12537,-7.34752e-05,0.617424,,2.27351,41.4286
2023-09-18,26764.6,20271.3,0.455209,0.242608,1.18304,1.32032,1.98796,0.436471,0.488587,,,-3.19142,0.00974739,0.0926579,,2.22966,42.2857
2023-09-19,27215.1,20287.2,0.485665,0.254561,1.07083,1.34149,1.31058,0.450351,0.496469,,,-3.64959,0.0147263,-0.215663,,1.73252,44.5714
2023-09-20,27133.4,20286.2,0.480003,0.252354,1.12043,1.33753,0.942854,0.446732,0.49464,,,-3.19144,0.0141104,-0.949991,,1.43813,45.4286
2023-09-21,26571.6,20282.9,0.440843,0.236668,1.03626,1.31005,1.03781,0.427595,0.484073,,,-3.19146,0.0106005,-0.294972,,1.34674,45.7143
2023-09-22,26581.1,20282.8,0.441522,0.23695,0.968317,1.31053,0.967136,0.427074,0.483921,,,-3.28684,0.0101594,-0.349774,,1.20404,45.4286
2023-09-23,26575.8,20283,0.44113,0.236787,1.16936,1.31025,1.15144,0.426052,0.483498,,,-3.43751,0.00903464,0.552454,,0.954489,46
2023-09-24,26286.6,20282,0.42093,0.22843,1.0816,1.29606,1.35672,0.41598,0.47792,,,-3.26066,0.00855459,0.736414,,0.885922,45.7143
2023-09-25,26288.8,20281.6,0.421107,0.228507,1.07341,1.29619,1.40907,0.415065,0.477641,,,-3.17435,0.0027223,1.7167,,0.803697,45.8571
2023-09-26,26194.5,20280,0.414613,0.225793,1.00264,1.29164,1.86777,0.411116,0.475613,,,-3.38434,-0.0070103,1.80852,,0.900376,45.8571
2023-09-27,26336.1,20278.6,0.424633,0.230006,1.16222,1.29871,2.43453,0.414609,0.477865,,,-3.11708,-0.0166632,2.99623,,0.616238,45.4286
2023-09-28,27033.4,20282.8,0.473221,0.249715,1.10853,1.33283,2.34353,0.43594,0.490186,,,-3.12723,-0.0140058,2.09197,,0.243369,45.2857
2023-09-29,26911.3,20285.1,0.464491,0.246224,1.11009,1.32665,2.70583,0.431307,0.487641,,,-2.51763,-0.0147391,1.61784,,0.698114,46
2023-09-30,26977.7,20287.9,0.468943,0.247975,1.04435,1.32974,2.52239,0.432784,0.488514,,,-2.85052,-0.0169377,1.38794,,1.34258,46
2023-10-01,27950.1,20293,0.536739,0.273958,1.10513,1.37733,2.37947,0.46373,0.505772,,,-2.7941,-0.017752,0.928925,,1.98521,46.5714
2023-10-02,27565.9,20292.4,0.509836,0.263859,1.21237,1.35844,2.36596,0.450361,0.498476,,,-2.91268,-0.0106029,0.563143,,2.59199,47
2023-10-03,27439.1,20295.9,0.5007,0.260332,1.25918,1.35196,1.96745,0.445747,0.495844,,,-2.86775,-0.00249514,0.971839,,3.3375,47.5714
2023-10-04,27797.3,20304.3,0.525197,0.269559,1.01868,1.36904,1.76106,0.456894,0.501969,,,-2.86019,0.00768285,0.657834,,4.3363,48.2857
2023-10-05,27426.3,20301,0.499415,0.259798,1.08153,1.35098,2.35783,0.444361,0.494933,,,-2.614,0.00740706,0.410781,,5.21986,48.5714
2023-10-06,27942,20309.5,0.534952,0.273156,1.24909,1.37581,2.79761,0.460718,0.503889,,,-2.47237,0.0156823,0.575866,,5.33392,48.8571
2023-10-07,27972.8,20315.4,0.53668,0.273742,1.33497,1.37692,2.88791,0.46125,0.504095,,,-2.28474,0.0264931,0.733546,,5.45357,49.1429
2023-10-08,27936.3,20316.8,0.534016,0.272746,1.15326,1.37504,3.41379,0.459502,0.503091,,,-2.21214,0.0332935,1.20481,,5.50416,49.4286
2023-10-09,27591.3,20323,0.509397,0.26343,1.19945,1.35764,3.24307,0.447802,0.496538,,,-2.08894,0.0342294,1.73996,,5.55719,49.4286
2023-10-10,27419.8,20322.6,0.497391,0.258834,1.23668,1.34922,3.49414,0.441776,0.493116,,,-1.93145,0.0349775,1.9721,,5.57462,49.4286
2023-10-11,26828.2,20320.3,0.456093,0.242578,1.19388,1.32027,3.63383,0.422511,0.482154,,,-2.06916,0.0273743,2.55573,,5.46746,49.1429
2023-10-12,26741.3,20317.8,0.450178,0.240209,1.22553,1.31615,3.87161,0.419427,0.480274,,,-2.45354,0.0200717,4.13785,,5.43866,48.7143
2023-10-13,26842.4,20316.4,0.457359,0.243124,1.02813,1.32122,4.07252,0.422172,0.481768,,,-2.63432,0.0126074,4.63206,,5.32104,47.8571
2023-10-14,26862,20326,0.458054,0.243318,1.08776,1.32156,4.03334,0.422362,0.481798,,,-2.67516,0.00174728,4.51296,,5.20219,47.5714
2023-10-15,27130.3,20327.7,0.476732,0.250737,1.25509,1.33464,3.56896,0.430474,0.486284,,,-2.5711,0.0122445,4.43767,,5.07631,46.8571
2023-10-16,28506.8,20340.4,0.572285,0.286471,1.1124,1.40148,3.52212,0.474708,0.510599,,,-2.39384,0.0160948,4.16851,,4.9336,46.4286
2023-10-17,28433.2,20344.7,0.566807,0.284472,1.27316,1.39757,3.71185,0.471757,0.508927,,,-2.30052,0.021162,3.46953,,4.79736,46.7143
2023-10-18,28328.1,20348.5,0.559159,0.281685,1.13418,1.39215,3.55768,0.467782,0.506694,,,-1.93404,0.0285976,2.24512,,4.82777,47.1429
2023-10-19,28690.4,20345.4,0.584734,0.290862,1.10813,1.41016,3.85578,0.479261,0.512815,,,-1.72834,0.0430828,0.544059,,4.74892,48.1429
2023-10-20,29705,20362,0.654627,0.314527,1.09713,1.45885,3.8883,0.513037,0.53057,,,-1.13626,0.0519635,-0.0454686,,4.7107,49.4286
2023-10-21,29922.5,20367.1,0.669463,0.319338,1.23573,1.46916,4.09122,0.519856,0.53407,,,-1.20484,0.0581338,0.154969,,4.68467,51.7143
2023-10-22,29984.2,20371.6,0.673423,0.320588,1.26116,1.47186,4.57933,0.521274,0.534784,,,-1.1496,0.045252,0.324641,,4.76879,52.8571
2023-10-23,32954.2,20424,0.877705,0.38023,1.42003,1.6135,4.46116,0.628469,0.587302,,,-1.02678,0.0426049,0.757688,,4.92968,53.7143
2023-10-24,33881,20479.3,0.938596,0.39555,1.17025,1.6544,4.16465,0.662959,0.603344,,,-0.725933,0.0346888,2.35399,,5.16034,55.7143
2023-10-25,34488.7,20509.4,0.978881,0.405329,1.35885,1.6816,4.12393,0.685494,0.613678,,,-1.32051,0.0375701,4.07027,,5.38237,58.8571
2023-10-26,34181.5,20545.9,0.954659,0.398917,1.40086,1.66366,4.11575,0.671983,0.607732,,,-0.867209,0.0294764,6.29458,,5.83142,61.5714
2023-10-27,33896.9,20558.6,0.933703,0.393496,1.4236,1.64879,3.7048,0.659691,0.6022,,,-0.743486,0.0272633,8.10118,,6.28001,64
2023-10-28,34091.6,20569.4,0.946423,0.396642,1.48514,1.65739,4.06544,0.66617,0.605181,,,-1.07207,0.0240787,9.2162,,6.7821,64.2857
2023-10-29,34574.3,20580.1,0.979292,0.404758,1.28797,1.67999,3.77604,0.683936,0.613263,,,-0.963703,0.0243635,10.3497,,7.23188,67
2023-10-30,34495.1,20597.8,0.972349,0.402878,1.4604,1.6747,4.14552,0.679638,0.611373,,,-0.815098,0.0233066,10.95,,7.64886,69.1429
2023-10-31,34636.4,20617.1,0.980717,0.404757,1.45501,1.67999,4.51903,0.684039,0.613391,,,-0.786338,0.0311025,10.95,,8.03365,69.1429
2023-11-01,35432,20656.1,1.03344,0.417022,1.42835,1.71533,4.47773,0.714497,0.626974,,,-0.731629,0.0327619,10.95,,8.40445,68.2857
2023-11-02,34882.9,20672.2,0.993734,0.407384,1.35645,1.68743,4.28216,0.691293,0.616767,,,-0.318045,0.0346241,10.95,,8.58812,68.4286
2023-11-03,34708.2,20690.8,0.980042,0.403865,1.27335,1.67747,4.62288,0.68309,0.613191,,,-0.20735,0.0354215,10.95,,8.78304,67.7143
2023-11-04,35091.1,20700.3,1.00597,0.410098,1.58659,1.6952,4.82719,0.696986,0.61946,,,0.0671625,0.0418231,10.95,,8.93873,68.1429
2023-11-05,35105,20707.1,1.00628,0.410139,1.53714,1.69531,4.64014,0.6961,0.619212,,,0.226688,0.0466683,10.95,,9.2435,67.8571
2023-11-06,35017.7,20719.8,0.999108,0.408306,1.19329,1.69006,3.9182,0.691153,0.61718,,,0.392541,0.0470297,10.95,,9.56202,68.7143
2023-11-07,35418.5,20740.5,1.02546,0.414415,1.26234,1.70769,3.63113,0.705382,0.623743,,,0.245805,0.0463392,10.95,,9.81586,69
2023-11-08,35797.9,20758.7,1.05049,0.420114,1.42693,1.72448,3.54684,0.718894,0.629916,,,0.59569,0.0450694,10.95,,9.96533,69
2023-11-09,36675.3,20812.2,1.10778,0.432528,1.40006,1.7622,3.22025,0.752685,0.644827,,,0.764131,0.0446347,11.4728,,10.1038,68.5714
2023-11-10,37367.5,20842.5,1.15373,0.44223,1.53265,1.79285,3.19246,0.77933,0.656453,,,0.954403,0.0461434,11.5605,,10.3996,69.2857
2023-11-11,36979.9,20850.4,1.12586,0.436169,1.57167,1.77358,2.93463,0.761408,0.64911,,,1.09884,0.0401465,12.1474,,10.6207,69.5714
2023-11-12,37053.3,20857.5,1.13023,0.437095,1.58099,1.7765,3.36168,0.762594,0.649863,,,1.12395,0.0392292,14.0317,,10.7499,70
2023-11-13,36543.3,20867.3,1.0937,0.42897,1.16987,1.75122,3.34136,0.740148,0.640395,,,1.50057,0.036492,15.7969,,10.8535,69.7143
2023-11-14,35590.7,20869.4,1.02689,0.413628,1.29676,1.7054,3.34181,0.700633,0.623203,,,1.8708,0.033736,16.7473,,10.994,69.8571
2023-11-15,37840.6,20904.6,1.18107,0.44756,1.47545,1.81015,3.55823,0.790141,0.662047,,,2.00249,0.0389261,16.7473,,11.3504,69
2023-11-16,36160.4,20911.2,1.06322,0.42171,1.40705,1.72924,3.14643,0.720007,0.632141,,,2.28635,0.0362547,16.6006,,11.5488,69.1429
2023-11-17,36569.7,20923.2,1.09068,0.427854,1.4389,1.74781,3.22362,0.734641,0.638777,,,2.84479,0.0359621,16.5129,,11.4983,68.1429
2023-11-18,36577.4,20928.9,1.09058,0.427818,1.4264,1.7477,3.27263,0.73327,0.638393,,,2.81618,0.040409,15.926,,11.3894,68
2023-11-19,37442.7,20939.4,1.14989,0.440761,1.66127,1.78815,3.81136,0.766575,0.652957,,,2.84668,0.0415463,14.0417,,11.2748,67
2023-11-20,37516.1,20961.8,1.15316,0.441257,1.62095,1.78973,3.84864,0.767745,0.653696,,,1.9586,0.0492959,12.2766,,11.0554,66.5714
2023-11-21,36035,20978.4,1.04863,0.417833,1.42216,1.71772,3.55892,0.706863,0.627386,,,2.42198,0.0505538,11.3261,,10.5451,66.8571
2023-11-22,37403,21005.2,1.14176,0.438409,1.37583,1.78066,3.3601,0.759753,0.650669,,,2.46082,0.0453588,11.3261,,10.0872,67.1429
2023-11-23,37311.7,21013.9,1.13452,0.436801,1.41763,1.77557,3.80686,0.754254,0.648548,,,2.42864,0.0486714,10.95,,9.76569,66.5714
2023-11-24,37718.8,21028.9,1.16154,0.442482,1.63297,1.79366,4.07662,0.76879,0.655083,,,2.38466,0.0512254,10.95,,9.57794,67
2023-11-25,37800.1,21035.9,1.16643,0.443498,1.54448,1.79694,4.0128,0.770075,0.655953,,,2.88233,0.0533332,10.95,,9.61418,67.5714
2023-11-26,37482.7,21043,1.14357,0.438596,1.40266,1.78125,4.02261,0.755233,0.649912,,,2.77416,0.0505654,10.95,,9.63374,68.5714
2023-11-27,37229.2,21048.9,1.12525,0.434613,1.23824,1.7687,3.59074,0.743058,0.64499,,,2.70145,0.0395316,10.95,,9.54478,68.1429
2023-11-28,37828.5,21066.2,1.16543,0.443113,1.41941,1.79569,3.88199,0.765024,0.654831,,,2.22047,0.0428261,10.95,,9.79402,67.7143
2023-11-29,37846.9,21091.1,1.16468,0.442724,1.31109,1.79444,3.45591,0.763634,0.65461,,,2.34706,0.0412629,10.95,,9.72674,69.1429
2023-11-30,37712.7,21094.6,1.15483,0.44065,1.28482,1.78779,3.05168,0.756141,0.651754,,,2.39897,0.0404824,10.95,,9.75158,70.2857
2023-12-01,38703.6,21126.9,1.22112,0.454136,1.65842,1.83196,3.3682,0.794145,0.66832,,,2.48031,0.0373766,10.95,,9.84531,71
2023-12-02,39462.3,21141.7,1.27241,0.464256,1.26817,1.86656,3.37849,0.823142,0.680846,,,2.61552,0.0382989,10.7135,,9.95487,71.1429
2023-12-03,39978.2,21157.3,1.30676,0.470779,1.6641,1.88957,3.66567,0.842309,0.689161,,,2.63719,0.035675,10.7135,,9.98767,71.1429
2023-12-04,41910.3,21229.5,1.43537,0.493455,1.63417,1.97416,3.22764,0.922641,0.721835,,,2.94856,0.0367127,10.7135,,10.2229,72.2857
2023-12-05,44067,21286.2,1.58042,0.516957,1.52602,2.07021,2.90389,1.01644,0.758297,,,3.17218,0.0329304,10.7135,,9.88872,73.2857
2023-12-06,43745.8,21349.8,1.55306,0.511958,1.48921,2.049,3.4727,0.998209,0.752095,,,3.55127,0.0302422,10.7135,,9.78911,73.2857
2023-12-07,43282.6,21382.7,1.51802,0.505976,1.24415,2.02419,3.42041,0.973794,0.743469,,,3.76073,0.0308809,10.7135,,9.98935,73
2023-12-08,44205.1,21421.8,1.57854,0.515399,1.4885,2.06355,3.33032,1.01213,0.75863,,,3.64444,0.0277064,11.9404,,10.178,73.1429
2023-12-09,43740,21434.8,1.54476,0.509949,1.70788,2.0406,3.69378,0.987543,0.749977,,,3.7323,0.0182885,13.6815,,10.2956,73
2023-12-10,43732.7,21446.8,1.54277,0.509594,1.51909,2.03913,3.5802,0.98366,0.749182,,,3.85193,0.0142646,15.5081,,10.5307,73.1429
2023-12-11,41209.9,21458.8,1.36683,0.479281,1.61113,1.92042,3.59118,0.870583,0.705355,,,4.02055,0.00687796,15.7547,,10.8471,73.1429
2023-12-12,41467.3,21503.4,1.38107,0.481436,1.47403,1.9284,3.08837,0.878616,0.709147,,,3.73999,-0.00226622,15.7547,,11.4775,72
2023-12-13,42939.1,21528.7,1.48055,0.498623,1.57565,1.99451,3.56311,0.938878,0.733669,,,3.21306,0.00175607,15.9983,,11.8712,71
2023-12-14,43033.1,21548.1,1.48512,0.499268,1.54351,1.99708,3.83418,0.939983,0.734628,,,3.57602,-4.87146e-05,15.9983,,11.4159,71
2023-12-15,41978.1,21576.1,1.40975,0.486016,1.67599,1.94558,3.85474,0.891655,0.715994,,,3.83151,-0.00604963,14.7714,,11.142,70.7143
2023-12-16,42203.2,21591.9,1.42369,0.488383,1.56679,1.95459,4.02285,0.898389,0.719207,,,3.94992,-0.0191467,13.2668,,11.0317,69.8571
2023-12-17,41428.7,21595.1,1.36949,0.478741,1.51385,1.91843,3.93396,0.862976,0.7054,,,4.0561,-0.0287825,11.4402,,10.5353,69.7143
2023-12-18,42635.7,21631.6,1.44977,0.492643,1.73942,1.971,4.01553,0.910906,0.725317,,,4.06636,-0.0227123,11.6611,,10.0384,68.4286
2023-12-19,42271.9,21652.7,1.42268,0.487775,1.65789,1.95227,3.49276,0.892507,0.718502,,,3.9291,-0.0225511,11.6611,,9.37453,69.2857
2023-12-20,43605.2,21690.3,1.51145,0.502575,1.52671,2.01036,3.04632,0.946424,0.740507,,,4.30283,-0.0263352,12.155,,9.8609,70.5714
2023-12-21,43870.2,21712,1.52759,0.505086,1.5425,2.02055,2.95767,0.954651,0.744347,,,4.64068,-0.0220338,15.0388,,11.1806,70.2857
2023-12-22,44009.5,21740.1,1.53462,0.506014,1.77457,2.02435,3.38328,0.957134,0.746046,,,4.55879,-0.00627904,17.564,,12.5314,70.8571
2023-12-23,43768.8,21753.4,1.51649,0.502994,1.67555,2.01205,3.3572,0.943438,0.741309,,,4.82665,0.0131271,18.1558,,13.5953,71.2857
2023-12-24,43097.8,21777.6,1.46803,0.494693,1.75653,1.97899,3.2297,0.91151,0.729304,,,4.92382,0.0352178,19.2257,,14.5878,71
2023-12-25,43623.8,21788.3,1.50289,0.500541,1.44177,2.00217,2.98291,0.930578,0.737552,,,5.0591,0.0432325,20.2134,,16.2591,72.1429
2023-12-26,42491.1,21816.4,1.42246,0.486565,1.40094,1.94767,2.90576,0.879856,0.717779,,,5.13983,0.0483337,23.6917,,16.7674,71.8571
2023-12-27,43437,21887.6,1.48203,0.496106,1.32592,1.98454,3.14346,0.916103,0.733111,,,4.95474,0.0607852,26.4931,,15.5935,71.7143
2023-12-28,42670.7,21902.7,1.42774,0.486703,1.21986,1.94819,2.64801,0.880922,0.719553,,,5.16172,0.0619831,27.314,,14.7596,72.1429
2023-12-29,41998.6,21928.1,1.37931,0.477886,1.49446,1.91529,2.99928,0.850424,0.70761,,,5.39365,0.0477823,31.1589,,14.5141,70.8571
2023-12-30,42204.5,21941.2,1.39205,0.480121,1.43887,1.92353,3.31882,0.855772,0.710466,,,5.37379,0.0382509,34.9708,,14.6323,70.5714
2023-12-31,42217.2,21952.1,1.39167,0.480019,1.5445,1.92315,2.89798,0.853151,0.710067,,,5.26804,0.0270228,37.3436,,15.2744,70
2024-01-01,44049.5,21969.7,1.51567,0.50125,1.59684,2.00501,3.37413,0.925304,0.740231,,,4.90348,0.0312968,39.4457,,15.3167,68.8571
2024-01-02,44941.2,22010.1,1.57339,0.510247,1.37402,2.04184,2.61362,0.95955,0.754541,,,5.45747,0.0358842,42.4725,,16.8406,68.8571
2024-01-03,42773.7,22030,1.42277,0.484963,1.57307,1.94161,2.74452,0.866224,0.717527,,,5.68191,0.0295214,39.887,,18.163,68.4286
2024-01-04,44250.7,22222.3,1.51027,0.497811,1.7453,1.99128,3.34756,0.923699,0.741649,,,5.96717,0.0360128,36.1821,,18.8431,67.7143
2024-01-05,44146.3,22253.9,1.5003,0.495905,1.41033,1.98375,3.23403,0.916072,0.739247,,,6.29967,0.0495629,29.8122,,18.2046,68.7143
2024-01-06,43918,22263.7,1.48337,0.493062,1.42058,1.97263,3.70888,0.903668,0.734777,,,6.64504,0.0589491,25.4084,,17.261,69
2024-01-07,43844.2,22271.9,1.47714,0.492022,1.1934,1.96859,3.64585,0.897984,0.732899,,,6.89436,0.0638669,21.9657,,16.297,69.5714
2024-01-08,46981.3,22316.8,1.688,0.524986,1.33031,2.1052,3.08004,1.02767,0.784622,,,6.79155,0.0659948,18.4084,,15.1786,70.4286
2024-01-09,46084,22358.8,1.62293,0.514825,1.60811,2.06111,3.3822,0.985726,0.768942,,,7.27988,0.0652037,11.9033,,14.0745,71.1429
2024-01-10,46818.2,22396.3,1.66973,0.521631,1.42657,2.09044,3.12847,1.01413,0.780481,,,7.45058,0.0637767,10.95,,13.6806,71.5714
2024-01-11,46380.9,22432.7,1.63656,0.516336,1.83207,2.06755,3.68878,0.992131,0.772492,,,8.00563,0.0521915,10.95,,13.0071,72.7143
2024-01-12,42817.4,22415.7,1.3937,0.476483,1.63798,1.91016,3.67259,0.843172,0.712527,,,8.26858,0.0351992,10.95,,12.585,72.5714
2024-01-13,42847,22421,1.39484,0.476719,1.54777,1.91102,3.80495,0.842028,0.712405,,,7.69988,0.0248488,10.95,,12.1538,71.7143
2024-01-14,41888.2,22423.2,1.32875,0.464689,1.21678,1.86807,3.31651,0.802582,0.695872,,,8.15565,0.00666092,10.95,,11.4591,70.1429
2024-01-15,42528.9,22433,1.37132,0.472523,1.09928,1.89582,2.90707,0.825066,0.705912,,,8.23308,-0.0183582,10.95,,10.783,67.4286
2024-01-16,43171.4,22542.3,1.40716,0.477843,1.22183,1.91513,2.69028,0.847805,0.715959,,,7.80869,-0.0260336,10.95,,10.1881,65.7143
2024-01-17,42689.3,22552.1,1.37309,0.471716,1.16818,1.89292,2.01826,0.826713,0.707356,,,7.59729,-0.0447833,10.95,,9.80163,63.8571
2024-01-18,41261.9,22591.9,1.27264,0.452476,1.32265,1.82641,1.95172,0.770378,0.683132,,,7.51277,-0.0571771,10.95,,9.5828,62
2024-01-19,41606.9,22608.4,1.2946,0.456618,1.23792,1.84033,2.09981,0.781347,0.688263,,,7.08511,-0.065835,10.95,,9.61998,59.1429
2024-01-20,41668.7,22611.3,1.29818,0.457356,1.34062,1.84283,2.17878,0.781656,0.688705,,,7.24685,-0.0719734,10.95,,9.62814,57.4286
2024-01-21,41537.1,22614,1.28861,0.455571,1.3062,1.83679,1.58869,0.774705,0.685954,,,7.45436,-0.0703244,10.95,,9.78326,56.8571
2024-01-22,39577.1,22606.4,1.15535,0.428801,1.41982,1.7507,1.2851,0.701596,0.653055,,,6.97924,-0.0752891,10.95,,9.77005,57.2857
2024-01-23,39737.3,22618.5,1.16512,0.4308,1.37001,1.75685,0.806283,0.705583,0.655164,,,7.7615,-0.0800339,10.95,,9.73844,55.2857
2024-01-24,40101.9,22664.1,1.18649,0.434836,1.34411,1.7694,0.941273,0.716816,0.660633,,,8.05421,-0.0700825,10.95,,9.6201,53.5714
2024-01-25,39917.7,22681.6,1.17245,0.43179,1.61131,1.75991,1.36611,0.708499,0.657061,,,7.92431,-0.0663334,10.95,,9.59502,52
2024-01-26,41860.7,22705.3,1.30259,0.4576,1.41659,1.84366,1.51603,0.777082,0.688466,,,8.22458,-0.0557547,10.95,,9.39777,51.7143
2024-01-27,42125.3,22714.7,1.3195,0.460782,1.60017,1.85454,2.25399,0.784847,0.692233,,,8.39204,-0.0443053,10.8074,,9.30407,52.1429
2024-01-28,41983,22720.2,1.30901,0.458823,1.4896,1.84782,2.04536,0.77747,0.689315,,,8.3445,-0.0339216,10.5324,,9.17229,51.8571
2024-01-29,43218.3,22743.1,1.39089,0.473762,1.49245,1.90028,1.91032,0.821713,0.70899,,,8.55299,-0.0139894,10.4876,,9.21114,51.8571
2024-01-30,42950.1,22791.8,1.36886,0.469342,1.36657,1.88445,1.7773,0.809271,0.703989,,,8.90307,-0.00582242,10.2082,,9.2051,53.4286
2024-01-31,42589.5,22826.7,1.34153,0.46403,1.23059,1.86578,1.05519,0.793542,0.697488,,,8.51961,-0.0125818,9.7991,,9.08365,55.1429
2024-02-01,43020.4,22838.3,1.36949,0.469128,1.44888,1.88369,1.55686,0.807399,0.703944,,,8.64956,-0.00774537,9.7991,,8.85623,56.7143
2024-02-02,43155.4,22851.9,1.37724,0.470473,1.78086,1.88848,1.77455,0.81016,0.705552,,,8.61987,-0.0111424,9.7991,,8.80892,58.7143
2024-02-03,42982.4,22855.1,1.36479,0.468268,1.42175,1.88065,1.17726,0.801361,0.702126,,,8.46728,-0.0142692,9.66515,,8.66801,59.4286
2024-02-04,42576.3,22860.7,1.33642,0.463065,1.44266,1.86242,1.34313,0.784072,0.694906,,,8.37613,-0.0219365,9.79175,,8.46925,60.2857
2024-02-05,42619.3,22872.7,1.33805,0.463325,1.45069,1.86333,1.19248,0.783422,0.695021,,,8.40339,-0.041533,9.83649,,8.18558,61
2024-02-06,43102.7,22905.3,1.36811,0.468587,1.59504,1.88178,1.93004,0.798987,0.702307,,,7.98786,-0.0417629,9.94505,,8.00072,61.4286
2024-02-07,44253,22930.1,1.44378,0.48184,1.53781,1.92991,2.6698,0.839639,0.720429,,,8.30032,-0.0343564,9.89562,,8.02586,61.7143
2024-02-08,45332.1,22961.7,1.51404,0.493477,1.35621,1.97424,2.29059,0.878348,0.73735,,,8.43538,-0.0261239,9.32857,,8.12448,62.1429
2024-02-09,47177,23003.1,1.6353,0.512408,1.69345,2.05089,2.86114,0.948008,0.766671,2772.3,,8.42183,-0.0124343,8.96153,,8.26536,63.4286
2024-02-10,47792.9,23024.5,1.67466,0.518245,1.56708,2.07574,2.20568,0.969506,0.775981,2117,,8.54602,-0.00566881,9.1359,,8.47786,65.4286
2024-02-11,48200.8,23044.1,1.70001,0.521915,1.42166,2.09168,1.54743,0.982643,0.781896,1914,,8.75071,0.00637669,9.28435,,8.9839,67
2024-02-12,49989.8,23106.5,1.81563,0.537776,1.9203,2.16345,1.54861,1.05299,0.810167,2407.4,,8.79182,0.0291527,9.28435,,9.65347,68.4286
2024-02-13,49628.1,23141.3,1.78781,0.533706,1.43501,2.14457,1.92624,1.03398,0.803566,3043.7,,8.5981,0.0378991,9.45522,,10.0568,70.5714
2024-02-14,51844.3,23274.8,1.92711,0.551063,1.54009,2.22748,2.55061,1.124,0.83866,3383.4,,8.46115,0.057234,10.0328,,10.5166,72.2857
2024-02-15,51939.1,23315.4,1.9295,0.551101,1.73844,2.22767,3.16059,1.12369,0.839404,3913.5,,8.94263,0.0664897,10.5999,,11.0912,73.1429
2024-02-16,52157.3,23353.7,1.94032,0.552244,1.48762,2.23336,3.86434,1.12868,0.842135,3790,,8.64708,0.0677889,10.9669,,11.5951,73.1429
2024-02-17,51674.8,23370.5,1.90545,0.547738,1.6463,2.21111,4.22223,1.10363,0.833562,3916.6,,8.791,0.0675896,11.384,,12.1931,73.4286
2024-02-18,52148.1,23393.1,1.93449,0.55141,1.33848,2.22921,4.27132,1.11948,0.840404,3873,,8.95283,0.0669393,12.4081,,12.5648,73.5714
2024-02-19,51804.8,23465.3,1.90529,0.547044,1.49182,2.20772,4.31131,1.10047,0.83409,3873,,8.46959,0.0638571,13.7631,,12.8519,74.2857
2024-02-20,52308.1,23494.3,1.93588,0.550847,1.55832,2.22641,4.79182,1.11748,0.841399,4008.6,,8.39623,0.0583273,14.3696,,13.2405,73.2857
2024-02-21,51744.3,23528.5,1.89448,0.545294,1.50606,2.19922,4.80172,1.08922,0.831553,4060.4,,8.45101,0.0419653,14.3153,,13.2902,73.8571
2024-02-22,51292.3,23569.1,1.86024,0.540495,1.45746,2.17626,5.07004,1.06611,0.823522,4417.9,,8.48551,0.0184083,14.6301,,13.319,74.1429
2024-02-23,50789.1,23611.4,1.82253,0.53511,1.69583,2.15104,5.33822,1.0413,0.81469,4808.7,,8.2305,0.00823492,14.786,,13.2914,74.7143
2024-02-24,51578.2,23628.6,1.8731,0.541888,1.48053,2.18287,4.67654,1.06983,0.826577,4888.5,,8.73412,0.00459511,14.4711,,13.3214,74.1429
2024-02-25,51746.5,23642.3,1.88226,0.543113,1.77199,2.18872,4.84614,1.07268,0.828499,4873.7,,8.57196,0.000284281,14.0472,,13.6091,74.4286
2024-02-26,54551.8,23714.5,2.06376,0.565285,1.51209,2.30036,4.15173,1.18721,0.872577,5393.6,,8.79162,0.0135112,15.0677,,14.0979,74
2024-02-27,57049.9,23840.6,2.22061,0.582109,1.53022,2.39297,3.98779,1.29277,0.911638,5970.5,,8.90296,0.0198335,19.6101,,14.8523,75
2024-02-28,62460.7,24220.8,2.55422,0.612223,1.92836,2.5788,4.0788,1.54217,0.997074,6388.8,,9.28368,0.0400589,23.4013,,15.5882,75.5714
2024-02-29,61394.8,24328,2.47329,0.603745,1.68793,2.52363,4.36012,1.48291,0.979059,6233.8,,9.57338,0.0555821,32.079,,16.6078,76.4286
2024-03-01,62524.4,24498.3,2.53456,0.60818,1.98339,2.55219,5.10145,1.53058,0.996047,5896.6,,9.8659,0.069606,38.9183,,17.6133,77
2024-03-02,62049.6,24520.5,2.49877,0.604824,1.61946,2.53052,4.79228,1.50016,0.987472,5858.1,,10.2439,0.0758957,45.0188,,18.7359,78.1429
2024-03-03,62991.4,24558.9,2.55612,0.610123,1.99934,2.56491,4.24618,1.53837,1.00143,5778.1,,10.2093,0.0854654,49.8338,,20.139,79.4286
2024-03-04,68091.8,24749.9,2.87875,0.636522,1.79335,2.7512,4.21,1.78729,1.08135,6340.8,,10.6857,0.0933073,54.5251,,22.01,80.8571
2024-03-05,63950.5,24924.4,2.58916,0.610255,2.17105,2.56578,4.15632,1.56777,1.01453,6989.1,,10.607,0.101895,59.2872,,23.8757,82.4286
2024-03-06,66103.7,25305.5,2.70338,0.617185,1.87548,2.61223,3.82013,1.6656,1.04759,7253,,10.7122,0.0902315,60.0986,,25.3001,81.4286
2024-03-07,67070.4,25495.3,2.75136,0.619872,2.43417,2.63069,3.37814,1.70482,1.06178,7691.9,,10.9771,0.106771,56.0864,,27.0226,81.7143
2024-03-08,68343.7,25656.7,2.82116,0.624593,2.11303,2.66377,2.92637,1.75982,1.08078,7768.9,,11.2225,0.127495,54.8909,,28.3894,81.8571
2024-03-09,68502.5,25709.8,2.82436,0.624688,2.23139,2.66445,3.3951,1.75761,1.08213,7363.9,,11.8773,0.154469,51.2318,,29.9874,82.4286
2024-03-10,68882.3,25766.5,2.84182,0.625934,1.96152,2.67332,2.79908,1.7668,1.08696,6822.4,4050.1,12.1353,0.161278,52.0184,,31.7396,81.8571
2024-03-11,72198.1,26007.6,3.03986,0.639775,2.43256,2.77604,3.26735,1.92913,1.13804,7327.8,5210.8,12.487,0.142317,52.7896,,33.3977,81.8571
2024-03-12,71432.7,26138.7,2.97644,0.634079,1.98942,2.73283,3.68578,1.87696,1.12475,8372.8,6458.8,13.6274,0.129259,48.4945,,33.8535,80.5714
2024-03-13,73081.6,26605.7,3.04935,0.635945,2.29955,2.74684,3.28277,1.95243,1.14944,8563.1,6155.7,13.4534,0.129917,49.7217,,33.8519,81.4286
2024-03-14,71505.3,26714.6,2.93445,0.626397,1.97586,2.67664,3.36983,1.85776,1.12342,8059.5,5015.8,13.9167,0.0996249,48.4646,,33.7806,82.2857
2024-03-15,69424.9,26772.1,2.79058,0.614373,1.72285,2.59318,3.06799,1.74085,1.08957,7918.6,4535.2,13.9075,0.0666149,44.654,,33.7641,82.5714
2024-03-16,65433.7,26780.2,2.52599,0.590728,1.83586,2.44336,2.59145,1.53819,1.02586,7441.2,3527.7,13.7021,0.0196123,43.4648,,32.4464,82.1429
2024-03-17,68285.1,26863.1,2.70341,0.606604,1.93669,2.54197,2.46421,1.66575,1.06943,7110.9,3320.9,13.8476,-0.00823868,38.6025,,30.8057,82.1429
2024-03-18,67770.9,26906.5,2.66364,0.602978,1.89015,2.51875,2.1637,1.63119,1.06025,6956.6,3040,13.6335,-0.0132654,33.2662,,27.5687,81.4286
2024-03-19,61969.3,26867.3,2.28578,0.566442,1.87895,2.3065,2.59391,1.35647,0.968509,6630.4,2757.4,13.7822,-0.0253794,30.2576,,25.259,81.1429
2024-03-20,67848.1,26951.3,2.65978,0.60277,1.94617,2.51743,2.67071,1.61653,1.05927,6368.9,2495.9,13.7784,-0.0285124,25.1053,,24.5163,80.1429
2024-03-21,65454.7,26991,2.49867,0.587638,1.5093,2.42506,2.22156,1.49598,1.02084,6139.3,2130.7,13.4248,-0.0266249,22.3841,,23.0633,78.7143
2024-03-22,63486.5,27047.3,2.36466,0.573968,1.64399,2.34724,2.22587,1.39957,0.989132,6123.3,2062.9,13.5571,-0.0251149,20.8258,,21.4563,77.5714
2024-03-23,64361.2,27328.1,2.40061,0.575395,1.92025,2.35513,2.48504,1.43033,1.00173,5871.9,1454,13.4449,-0.0107034,19.6156,,19.7587,76.4286
2024-03-24,67289.6,27363.6,2.585,0.593345,2.17928,2.45909,2.30606,1.55433,1.04621,5639.4,830.7,13.7521,-0.000601612,18.8419,,18.0652,75.7143
2024-03-25,70042,27663,2.74012,0.605051,1.75659,2.53197,2.51401,1.67407,1.08784,5654.8,766.3,13.6503,0.0033449,18.4621,,16.2355,75.4286
2024-03-26,70071,27697.6,2.73607,0.604721,1.77897,2.52986,1.81904,1.66539,1.08713,6072.8,1199.1,14.9432,0.00964132,17.7878,,14.0928,75.7143
2024-03-27,69267.9,27737,2.67817,0.599568,1.7795,2.49731,2.06396,1.61775,1.07352,5796.4,402.8,14.7716,-0.00371673,20.7967,,11.7591,77
2024-03-28,70826.9,27859.2,2.76704,0.606658,2.0267,2.54232,2.46567,1.68111,1.09651,5402.3,-568.2,14.899,0.00458787,22.5855,,8.63341,77.2857
2024-03-29,69917,27890.8,2.70283,0.601087,1.88979,2.50681,2.26181,1.62813,1.08127,4728.9,-1659.9,15.0029,0.0110807,24.4424,,9.67856,77.8571
2024-03-30,69663,27910.1,2.68176,0.599356,2.01972,2.49598,2.43347,1.60664,1.07619,4636.6,-1597.2,15.2485,0.0157981,27.3335,,11.7672,78.1429
2024-03-31,71227.5,27938.1,2.77661,0.607762,1.81988,2.54947,1.88465,1.66949,1.09918,4776.2,-1120.4,15.6629,0.0169589,31.0716,,14.5216,78.2857
2024-04-01,69791.6,28098,2.67078,0.597402,1.94616,2.48387,2.31315,1.59347,1.07588,4690.5,-1167.6,14.995,0.0187235,34.2228,,17.4512,78.8571
2024-04-02,65533.8,28176.6,2.39038,0.570045,1.79753,2.32582,2.50515,1.3972,1.0092,4730,-1048.1,15.1996,0.0170944,32.6745,,20.0504,78.5714
2024-04-03,66130.2,28217.7,2.42319,0.573301,1.73609,2.34357,2.88881,1.41479,1.01733,4280.8,-2060,15.2228,0.0279497,28.9234,,22.1313,76.8571
2024-04-04,68438.1,28252.9,2.5653,0.587176,1.74119,2.42234,2.42041,1.50651,1.05173,3845.9,-3143.2,15.671,0.0299662,26.1325,,25.1768,75.4286
2024-04-05,67904.9,28272,2.52702,0.583652,1.84763,2.40184,2.68106,1.47469,1.04244,3716.9,-3536.1,15.9701,0.025395,23.8447,,24.4441,75.4286
2024-04-06,69136.1,28307.5,2.60002,0.590555,1.96342,2.44233,2.2799,1.51995,1.06023,3244.4,-4447.5,16.4693,0.0228606,20.9116,,23.2357,75.4286
2024-04-07,69392.7,28326.1,2.6119,0.591799,2.15312,2.44978,2.5222,1.52249,1.06304,3021.4,-4747.5,16.5543,0.0216035,16.6077,,21.0898,75.8571
2024-04-08,71712.8,28390.5,2.75162,0.604108,2.06063,2.52594,2.18866,1.61625,1.0974,2797.6,-4566.3,16.1401,0.0134039,12.6483,,20.7543,75.4286
2024-04-09,69074.5,28412.3,2.57949,0.588672,1.82822,2.43115,2.46645,1.49081,1.05592,2778.2,-4044.2,16.1871,0.0105436,13.8579,,20.5134,75.5714
2024-04-10,70579.4,28449.3,2.66914,0.596919,1.92628,2.48089,2.05914,1.54727,1.07778,2396.5,-4931.3,15.6351,0.00557199,14.0866,,20.4949,76.5714
2024-04-11,70046.6,28475,2.63039,0.593485,1.6675,2.45993,1.96817,1.51496,1.06851,1442.8,-6930,15.1411,0.00209158,15.3326,,20.316,77.4286
2024-04-12,67098.1,28483.3,2.44054,0.575498,1.64181,2.3557,1.95503,1.38216,1.02247,704,-7859.1,16.1496,0.00318594,16.3286,,19.5578,77.4286
2024-04-13,64551.6,28477.9,2.27764,0.558835,1.89878,2.26672,2.08205,1.27215,0.982673,571.3,-7488.2,15.7508,0.0199351,16.3286,,18.5924,77
2024-04-14,65648.8,28495.9,2.3433,0.565934,1.84364,2.3038,2.45217,1.3084,0.998354,372.5,-7546.1,16.0701,0.0448003,16.3286,,17.7096,76.1429
2024-04-15,63393.3,28495.8,2.19894,0.550492,1.59481,2.22465,2.48169,1.21358,0.963087,335.8,-7105.4,16.3645,0.0521108,14.5855,,15.959,75.8571
2024-04-16,63784.8,28531.6,2.2192,0.552689,1.87235,2.23558,2.5659,1.22205,0.968061,277.8,-6833.1,16.797,0.0614946,12.4169,,14.8494,73.7143
2024-04-17,61324.2,28521.4,2.06315,0.534909,1.4922,2.15012,2.55595,1.12378,0.9298,267.1,-6689.5,17.0714,0.0630039,11.4834,,13.5053,72.1429
2024-04-18,63510.1,28561.1,2.19603,0.55029,1.6315,2.22366,2.00425,1.19913,0.961979,589,-6041.4,15.9004,0.0688403,9.17297,,12.3934,69.4286
2024-04-19,63762.6,28599.2,2.20738,0.551473,1.67849,2.22952,1.88139,1.20237,0.964834,910.2,-5458.7,18.1791,0.0705718,7.10285,,11.6681,67.5714
2024-04-20,64908,28608,2.27637,0.559253,0.745285,2.26887,2.23973,1.2393,0.981172,1004.2,-5135.1,16.9947,0.0557833,6.23926,,11.5825,66.7143
2024-04-21,64968.2,28618.1,2.27716,0.559506,0.803203,2.27018,2.33406,1.23505,0.981089,1055.8,-5067.5,17.3256,0.0358001,5.16324,,11.3962,66.7143
2024-04-22,66944.6,28653.2,2.3961,0.571986,0.898131,2.33637,2.05026,1.30413,1.0099,1118,-4753.9,18.8281,0.0406304,4.43558,,11.3669,66.5714
2024-04-23,66385.3,28670.8,2.35744,0.568115,0.983571,2.31543,1.90491,1.27556,1.00044,1149.6,-4489.8,18.5307,0.0364452,3.59765,,11.3224,67.4286
2024-04-24,64190,28795.2,2.21026,0.551406,0.876843,2.22919,2.24642,1.18641,0.966383,1013.6,-4641.2,18.6367,0.0293518,3.45577,,11.4694,68.1429
2024-04-25,64515.4,28809.1,2.22748,0.553454,0.812697,2.23941,2.72571,1.19222,0.970307,378,-5694.8,18.874,0.0170258,3.59363,,11.3528,70.2857
2024-04-26,63777.5,28814.3,2.17901,0.548206,0.747072,2.2134,2.68906,1.15902,0.958251,50.9,-5745.5,18.7086,0.00225075,3.51829,,11.5003,70.8571
2024-04-27,63429.3,28827.7,2.15443,0.545515,0.782051,2.20029,2.34505,1.14041,0.952072,-131.9,-5534.2,18.4893,-0.0130727,3.8763,,11.4805,71
2024-04-28,62978.6,28853,2.12281,0.54186,0.776342,2.18274,2.42197,1.11831,0.94437,-131.9,-4860.8,18.565,-0.0193326,3.47704,,11.293,70
2024-04-29,63908.4,28878,2.17699,0.548135,0.737216,2.21305,1.96488,1.14537,0.957357,-183.5,-4820.1,18.277,-0.0348288,3.84413,,11.0085,69.1429
2024-04-30,60636.3,28881.4,1.97178,0.523694,0.753172,2.09949,2.21703,1.02582,0.907461,-345.1,-5121.3,18.2352,-0.0473634,5.19843,,10.5448,68.5714
2024-05-01,58141.8,28852.1,1.81736,0.503762,0.676045,2.01516,1.7758,0.938543,0.869304,-823.1,-5513.6,18.3219,-0.0600641,5.98506,,9.9482,66
2024-05-02,59170.1,28850.8,1.87979,0.51241,0.755689,2.0509,1.83799,0.967244,0.883834,-897,-5627,17.728,-0.053012,6.00858,,9.6066,61.8571
2024-05-03,62983.7,28882.6,2.11231,0.541427,0.715685,2.18068,1.56467,1.09047,0.939869,-632.2,-4913,17.85,-0.0374727,5.73858,,9.35106,58.7143
2024-05-04,63881.1,28896,2.16501,0.54766,0.793029,2.21073,1.93511,1.11607,0.952315,-845.6,-4691.5,18.361,-0.0269553,5.53622,,9.20784,58.7143
2024-05-05,64067.6,28902.8,2.17405,0.54887,0.784007,2.21666,1.76368,1.11686,0.954145,-1048.6,-4765.5,18.5141,-0.0227164,6.04403,,9.26228,59.2857
2024-05-06,63228.1,28921.4,2.11904,0.542586,0.679151,2.1862,1.67225,1.08236,0.940713,-831.6,-4076,18.6399,-0.0201346,5.65156,,9.28567,59.8571
2024-05-07,62397,28924.9,2.06565,0.536437,0.670221,2.15721,0.957149,1.0491,0.927439,-847.3,-3868.7,18.3035,-0.00821527,5.01432,,9.39989,60
2024-05-08,61079.3,28940.1,1.98174,0.526188,0.683053,2.11054,0.667704,1.00063,0.906974,-612,-3409.6,17.8383,0.00475652,4.53919,,9.69836,61.4286
2024-05-09,62998.5,28961.8,2.09684,0.540277,0.804419,2.17522,0.585079,1.05945,0.934553,-603.9,-3382.1,17.4998,0.00344789,4.72357,,9.84369,63.1429
2024-05-10,60896.6,28957.2,1.96603,0.524486,0.777453,2.10299,0.628604,0.985875,0.902502,-812.3,-3208.8,17.338,-0.00797929,5.34068,,9.79923,65.7143
2024-05-11,60843.6,28966.9,1.96056,0.523911,0.851339,2.10045,0.844382,0.980259,0.900846,-903.6,-2346.4,16.9521,-0.0126127,5.40826,,9.73677,63.7143
2024-05-12,61431.3,28980.5,1.9942,0.528245,0.713543,2.11975,0.870043,0.995371,0.908668,-848.5,-1552.5,16.8553,-0.0178653,5.6162,,9.57614,61.8571
2024-05-13,62886.9,29003.8,2.08037,0.538795,0.813481,2.16823,0.267474,1.03884,0.929288,-782.5,-1353.8,17.1706,-0.0153958,6.67486,,9.4293,59.8571
2024-05-14,61555.6,29016.4,1.99618,0.528615,0.73661,2.12141,-0.433153,0.991326,0.908734,-682,-1054.5,17.0775,-0.02253,7.07036,,9.30581,59.5714
2024-05-15,66281.5,29125.7,2.27707,0.560576,0.822111,2.27571,-0.507996,1.14438,0.97752,-342.3,-678.1,16.0995,-0.00993884,6.66636,,9.25935,59.5714
2024-05-16,65269.3,29153.5,2.21116,0.553335,0.815198,2.23881,-1.1127,1.10502,0.961631,-27,-304.8,16.6552,-0.0074089,6.38364,,9.2938,61.7143
2024-05-17,66956.4,29193.6,2.3096,0.563991,0.912213,2.29353,-0.934092,1.15784,0.985494,359.5,92.4,16.457,0.00164238,5.89094,,9.47204,62.8571
2024-05-18,66977.6,29205.1,2.30778,0.563957,0.753458,2.29335,-1.10495,1.15355,0.984812,363.8,-225.2,16.4758,0.00706054,5.37624,,9.67237,65.7143
2024-05-19,66259.5,29218.3,2.26082,0.559033,0.896115,2.26774,-1.21027,1.12425,0.973276,304.1,-606.1,16.8084,0.00887863,5.26643,,9.84941,68
2024-05-20,71202.2,29292.5,2.55486,0.588601,0.97476,2.43073,-1.12627,1.29227,1.04479,541.3,-462.9,16.7723,0.00992422,4.38094,,10.1868,69.8571
2024-05-21,70217.3,29352.9,2.48823,0.581971,0.84996,2.39218,-1.31349,1.25104,1.02928,847,-208.8,16.4747,0.0172389,4.7073,,10.8272,71.2857
2024-05-22,69074.9,29387.2,2.41389,0.57456,0.92653,2.35051,-1.3745,1.20532,1.0115,938.8,-179.2,16.5001,-0.00279153,5.94679,,11.4728,73
2024-05-23,67758.7,29416.5,2.3296,0.565864,1.00295,2.30343,-1.44834,1.15482,0.991223,1015.1,-134.5,16.2348,-0.0120421,6.94824,,11.9311,73.8571
2024-05-24,68609,29446.6,2.37684,0.570805,0.960769,2.32994,-1.77682,1.17878,1.00264,1387.6,374,15.5806,-0.0206236,8.24326,,12.2746,73.8571
2024-05-25,69282.8,29460,2.41423,0.574786,0.969528,2.35176,-1.83182,1.19678,1.01145,1605.2,1227.2,16.0395,-0.0235219,9.39833,,12.4462,74.2857
2024-05-26,68445,29478.6,2.35979,0.56931,1.0048,2.32186,-1.53507,1.16302,0.998211,1688.8,1637.9,15.9472,-0.0281645,10.2677,,12.5933,74.7143
2024-05-27,69347.8,29518.6,2.40935,0.574339,0.745444,2.34929,-1.75655,1.18887,1.01035,1688.8,1820.7,15.3555,-0.0384092,11.2772,,12.6677,75.2857
2024-05-28,68342.8,30027.3,2.31531,0.560638,0.800309,2.27603,-1.94594,1.14999,0.994697,1733.8,1865.7,14.8204,-0.055556,11.2503,,12.6726,74.7143
2024-05-29,67584.3,30041.9,2.26625,0.55549,0.809005,2.24967,-1.76534,1.12005,0.982668,1813.7,1997.2,14.2499,-0.0589523,11.0834,,12.2754,74.1429
2024-05-30,68375.5,30060.5,2.31043,0.560361,0.734707,2.27459,-2.18444,1.14174,0.993167,2024.1,2369.2,13.5634,-0.0573043,11.0834,,11.9523,73.7143
2024-05-31,67377.8,30073.5,2.2472,0.553658,0.870536,2.24043,-1.95453,1.10413,0.977695,2636.6,3459.7,13.4079,-0.0696076,11.4414,,11.7766,73.5714
2024-06-01,67714.4,30084.4,2.26449,0.555716,0.833384,2.25081,-2.1384,1.11046,0.981592,2671,3568,13.4223,-0.0775764,11.4545,,11.7188,73
2024-06-02,67805.5,30097.1,2.26687,0.556126,0.828101,2.25289,-2.01829,1.10905,0.981926,2292.7,2924.9,13.1421,-0.0775661,11.4545,,11.7908,72.7143
2024-06-03,68833.3,30152.4,2.32286,0.56195,0.94211,2.28284,-2.03047,1.13808,0.995803,2397.8,3243.4,12.8199,-0.0698295,11.6701,,11.8753,72.5714
2024-06-04,70554.1,30202.5,2.42044,0.571924,0.823736,2.33604,-2.15268,1.19053,1.01965,3284.4,4333,12.9191,-0.0502744,11.7748,,11.7365,72.7143
2024-06-05,71087.4,30249.3,2.44679,0.574477,0.761736,2.35005,-1.92023,1.20334,1.02631,3555.5,4387.1,12.8626,-0.0319196,12.1427,,11.7544,73.1429
2024-06-06,70788.5,30331.8,2.42118,0.571516,0.819752,2.33381,-1.41089,1.18822,1.02095,3788.9,4636.2,12.5869,-0.031466,12.2578,,12.0559,73.8571
2024-06-07,69338.2,30361.3,2.33011,0.562127,0.856949,2.28377,-1.05236,1.13535,0.999015,3908.4,4520.4,11.7494,-0.0214763,11.9084,,12.2655,74.4286
2024-06-08,69310.1,30375.8,2.32508,0.561741,1.03684,2.28175,-0.79219,1.12956,0.997602,3919.7,4523.6,11.7428,-0.0148925,11.8953,,12.4585,74.4286
2024-06-09,69644,30388.6,2.34173,0.563659,0.926154,2.29178,-0.6133,1.13575,1.00139,4004.4,4816.7,11.5981,-0.008915,11.8953,,12.6545,74.7143
2024-06-10,69465.9,30408.4,2.32743,0.562254,0.839015,2.28443,-1.07582,1.12528,0.997822,3939.5,4843.1,11.0662,-0.016611,11.6797,,12.5458,74.5714
2024-06-11,67368.3,30472.4,2.19645,0.547674,0.719992,2.2108,-1.06502,1.05419,0.966728,3739.1,4587.6,10.6477,-0.0182096,11.575,,12.1472,74.7143
2024-06-12,68213.8,30499.9,2.24288,0.552879,0.864868,2.23653,-0.80206,1.07652,0.977883,3773.9,4556.4,9.92041,-0.0244759,11.0738,,12.229,74.2857
2024-06-13,66783.5,30506,2.1554,0.543211,0.840211,2.18919,-0.381089,1.0278,0.956432,3447.2,4129.2,9.89465,-0.0287755,10.9587,,12.1395,73.1429
2024-06-14,65982.2,30515,2.10531,0.537527,0.732651,2.16229,-0.457504,0.999384,0.944028,2954.3,3296.6,10.0199,-0.0328976,10.95,,11.7605,72.7143
2024-06-15,66204.9,30529.2,2.11572,0.538868,0.769434,2.16857,-0.203405,1.00229,0.946284,2697,2724,9.95979,-0.0381357,10.95,,11.2438,73
2024-06-16,66622.6,30537,2.13802,0.541642,0.94109,2.1817,-0.243438,1.01107,0.951316,2475.5,2116,10.0206,-0.0478599,10.95,,10.9439,72.4286
2024-06-17,66483.9,30553.1,2.12686,0.540443,0.806357,2.17601,0.163678,1.00297,0.948401,2329.6,1965.8,9.55639,-0.0403607,10.95,,10.3946,72.2857
2024-06-18,65112.1,30552.3,2.04392,0.530774,0.856944,2.13117,0.185763,0.95852,0.92793,2177.2,1873.1,9.15711,-0.0461176,10.858,,10.2722,72.2857
2024-06-19,64878.7,30566.7,2.0275,0.528864,0.769391,2.12253,-0.260522,0.948316,0.923707,1940,1398.7,9.81935,-0.0465213,10.1851,,9.66608,71.1429
2024-06-20,64897.7,30571.4,2.02659,0.528929,0.746907,2.12282,-0.222807,0.945596,0.923081,1494.4,647.4,9.25763,-0.0472955,9.49501,,9.06539,69.7143
2024-06-21,64086,30592.3,1.97578,0.522637,0.776244,2.09484,-0.305779,0.919185,0.91066,1234.5,295.7,9.29255,-0.043933,9.00862,,8.76058,68.1429
2024-06-22,64258.1,30681,1.97904,0.522535,0.844621,2.09439,-0.471637,0.921434,0.912226,1126.6,111.5,9.23262,-0.0433816,8.70337,,8.44937,65.1429
2024-06-23,63345,30681.1,1.92367,0.515652,0.613774,2.06463,-1.04624,0.892853,0.898404,874.7,-512.9,9.37596,-0.0419973,8.02463,,7.67261,62.8571
2024-06-24,60259,30652.8,1.74237,0.491315,0.792428,1.96585,-1.28053,0.805807,0.853842,700.2,-905,8.2122,-0.0463263,7.86935,,7.02072,60
2024-06-25,61739.7,30657.9,1.82785,0.503432,0.662525,2.01382,-2.15566,0.84361,0.874,731.2,-957.6,7.96114,-0.0447885,7.49976,,6.35648,53.7143
2024-06-26,60794.5,30655.6,1.77113,0.49575,0.636784,1.98314,-1.92433,0.815789,0.859818,752.6,-936.2,8.01321,-0.0515478,8.17272,,5.64061,51.1429
2024-06-27,61569.9,30715.9,1.81183,0.501122,0.692628,2.0045,-1.84442,0.834441,0.869968,719.4,-1014.4,7.86393,-0.0640061,8.86277,,4.70069,48.2857
2024-06-28,60303.3,30714.9,1.7363,0.49066,0.704597,1.96332,-1.8847,0.798115,0.851282,764.1,-1049.6,7.65161,-0.0874034,9.34916,,5.20298,46
2024-06-29,60889.3,30719.8,1.76916,0.495482,0.827397,1.98209,-1.21021,0.811302,0.858754,715.3,-1308.8,7.3222,-0.104847,9.65441,,5.84493,42.7143
2024-06-30,62763.3,30732.5,1.87685,0.510343,0.657385,2.04225,-1.66509,0.859486,0.884346,666.5,-1970.1,7.49841,-0.11981,10.3331,,6.7193,41.5714
2024-07-01,62835.4,30754.2,1.87835,0.510559,0.767216,2.04315,-1.55806,0.858947,0.884525,796,-1875,7.03451,-0.130568,10.4884,,7.86753,41.8571
2024-07-02,62028.6,30751.7,1.82991,0.504234,0.794843,2.01708,-1.53863,0.834537,0.872349,782.3,-1510.4,6.71007,-0.150866,10.95,,8.76561,44.8571
2024-07-03,60216.4,30777.7,1.72119,0.488882,0.755971,1.9565,-1.81168,0.784279,0.846081,656.7,-1741.1,5.68567,-0.156511,10.95,,9.74487,45.4286
2024-07-04,57418.2,30752.1,1.55817,0.464419,0.69623,1.86713,-1.62379,0.711188,0.806041,-229.9,-3514.3,5.1234,-0.137364,10.95,,10.8629,46
2024-07-05,56721,30790.4,1.51433,0.457161,0.594642,1.84217,-1.67411,0.692316,0.795544,-574.9,-4130.4,4.58464,-0.106876,10.5204,,10.6269,43.4286
2024-07-06,58259.2,30797,1.60279,0.471379,0.833064,1.89172,-1.45166,0.728453,0.81638,-792.6,-4581.5,4.80168,-0.0811621,9.81605,,10.4027,42.8571
2024-07-07,56112.6,30795.1,1.47681,0.451191,0.686127,1.82213,-1.64483,0.674213,0.785604,-923.6,-4832,5.00079,-0.0590758,9.72032,,10.0153,40.2857
2024-07-08,56691.9,30772.1,1.5111,0.457205,0.781925,1.84231,-2.18172,0.686617,0.793009,-628.8,-4548.5,4.99507,-0.0470847,9.51837,,9.71459,36.7143
2024-07-09,57981.4,30794.9,1.584,0.468884,0.774642,1.88283,-2.36596,0.71648,0.810318,-412.4,-4416.8,5.13929,-0.0218267,9.04183,,9.58325,33.2857
2024-07-10,57722,30806.9,1.56726,0.466289,0.681106,1.87367,-2.26728,0.70837,0.805969,-200.1,-4139.6,5.53372,-0.00646556,8.766,,9.63256,30.1429
2024-07-11,57307.7,30804.1,1.5424,0.462479,0.696227,1.86039,-2.05438,0.696526,0.79947,79.2,-3659.9,5.41944,-0.00495326,8.766,,9.59397,28
2024-07-12,57859.1,30813.9,1.57299,0.467433,0.752932,1.8777,-2.09719,0.708262,0.806439,288.5,-3485.4,5.25919,-0.00375224,8.33212,,9.60417,27.4286
2024-07-13,59329,30828.9,1.65656,0.480374,0.792503,1.92446,-2.19662,0.742699,0.826175,514.7,-2932.5,4.65699,-0.00225866,8.78539,,9.65785,27.2857
2024-07-14,61015,30842.9,1.75254,0.494503,0.883441,1.97825,-1.69167,0.78337,0.848869,704.6,-2249.7,4.81832,0.00547996,8.40084,,9.9406,27.8571
2024-07-15,64734.8,30909.4,1.96314,0.522522,0.858616,2.09434,-1.47594,0.879055,0.899763,1005.5,-1691.5,4.70676,0.0175095,7.418,,10.1405,31.2857
2024-07-16,65118.8,30972.2,1.98015,0.524375,0.829568,2.10249,-1.85986,0.886655,0.904237,1428,-1047.5,4.09002,0.0256697,6.66756,,10.4003,36.7143
2024-07-17,64201.4,30982,1.92486,0.517424,0.884533,2.07221,-1.87677,0.859156,0.890654,1627.2,-702.4,5.8238,0.0275108,5.40513,,10.596,42.5714
2024-07-18,63984.3,31010.9,1.90911,0.515336,0.715315,2.06328,-2.20197,0.850708,0.886805,1816.8,-360.4,3.76166,0.0261049,4.12043,,10.9229,47.1429
2024-07-19,66755.8,31095.6,2.06286,0.534189,0.849993,2.14679,-1.91038,0.923128,0.924324,2244,304,4.63313,0.0336326,4.12299,,11.1897,52.1429
2024-07-20,67185.5,31111,2.08497,0.536939,0.959218,2.15954,-1.51918,0.932213,0.929374,2383.9,889.5,5.16371,0.0356507,2.83532,,11.454,59.1429
2024-07-21,68056.6,31130.3,2.13224,0.542582,0.994377,2.18619,-1.0746,0.953344,0.940508,2489.8,1255.3,3.72155,0.0335774,1.62237,,11.6725,65
2024-07-22,67535.2,31158.4,2.09864,0.538635,1.04434,2.16748,-0.589659,0.935846,0.932399,2975.7,1849.1,3.36223,0.0339674,2.17404,,11.7726,67.5714
2024-07-23,65916.4,31246,1.99852,0.525975,0.961822,2.10959,0.616368,0.888821,0.90918,2897.7,2023,3.4686,0.0248176,2.54906,,11.7358,68.4286
2024-07-24,65353.4,31253.5,1.96403,0.521777,0.789768,2.09108,0.555077,0.871071,0.900557,3116.7,2416.5,3.25658,0.0232866,4.08732,,11.6727,68.4286
2024-07-25,65722.1,31280.5,1.98207,0.524048,0.924209,2.10105,1.50996,0.878242,0.904774,3116.8,2385.6,3.12344,0.0237416,5.37202,,11.5478,69.4286
2024-07-26,67912.2,31325,2.10366,0.538743,0.93681,2.16799,1.9596,0.935065,0.93402,3147.2,2394.6,2.97781,0.0167104,5.88563,,11.4398,70.5714
2024-07-27,68077.4,31350.5,2.10977,0.539488,0.903387,2.1715,2.26118,0.936823,0.935384,3135.4,2416,3.01304,0.0116364,7.09477,,11.3211,70.2857
2024-07-28,68170.7,31361.7,2.11257,0.539953,0.8689,2.17369,2.41428,0.936667,0.935758,3062.4,2298.3,3.12565,0.00899879,8.27497,,11.063,69.8571
2024-07-29,66867.2,31387.9,2.03452,0.530594,1.02455,2.13035,2.22121,0.898618,0.916985,3186.5,2471.2,3.29194,-0.00124763,8.59439,,10.8704,70.4286
2024-07-30,66186.9,31404.9,1.99287,0.525512,0.854258,2.10754,2.8522,0.877611,0.906791,3168.2,2501.7,2.96336,-0.00583684,8.64591,,10.8699,69.8571
2024-07-31,64690.6,31401.6,1.90584,0.514588,0.784679,2.0601,2.94456,0.835795,0.885457,3039,2243,3.17049,-0.00876823,7.81512,,10.8147,68.7143
2024-08-01,65178.1,31434.6,1.93032,0.517711,0.784956,2.07345,2.90483,0.845696,0.891287,3103.3,2321,3.04878,-0.0221857,7.72168,,10.6066,66.4286
2024-08-02,61506.8,31411,1.72049,0.489309,0.661553,1.95813,2.95632,0.750948,0.840314,2886.4,2229.7,2.3858,-0.0420694,8.06895,,10.154,64.8571
2024-08-03,60688.2,31413.6,1.67247,0.482378,0.704776,1.93191,2.96885,0.729102,0.82838,2886.4,3116.3,2.26516,-0.0508078,8.08757,,9.67492,59.8571
2024-08-04,58306.3,31405.2,1.53599,0.461376,0.717342,1.85658,3.5115,0.671254,0.795161,2743.3,3318.2,2.32124,-0.0589727,8.35777,,9.21124,54.5714
2024-08-05,54343.6,31328.9,1.31349,0.423503,0.729551,1.73461,3.3692,0.581715,0.740491,2574.9,3367.5,2.44792,-0.0528982,8.17068,,8.7882,47.7143
2024-08-06,56047.5,31309.6,1.41112,0.441374,0.67536,1.79011,3.66269,0.617209,0.763047,2426.3,3349.9,2.66322,-0.0418405,7.6783,,8.24354,40.5714
2024-08-07,55129.7,31305.5,1.35836,0.432149,0.578989,1.76103,3.70456,0.595716,0.749911,2176.6,2805.4,3.03,-0.0359368,6.71809,,7.58603,36
2024-08-08,61908.8,31361.7,1.74048,0.493421,0.68775,1.97403,3.71304,0.748962,0.841354,2154.8,2567.2,4.0193,-0.0166011,5.60546,,7.38222,31.4286
2024-08-09,60720.9,31382.8,1.67053,0.483163,0.679716,1.93485,3.96111,0.71822,0.824466,1917.7,2117.8,3.92478,0.00570829,4.66814,,7.4124,30.1429
2024-08-10,60871.6,31424.2,1.67567,0.483763,0.676324,1.93709,3.91684,0.719512,0.825764,1838.8,1759.6,3.97803,0.0171779,3.03581,,7.4905,30.5714
2024-08-11,58836.1,31417.1,1.55935,0.466024,0.815937,1.87274,4.31257,0.670224,0.797444,1528.7,1240.2,3.7621,0.0269634,1.89138,,7.51956,31.2857
2024-08-12,59394.2,31423.1,1.5898,0.47094,0.700854,1.89014,4.3213,0.680944,0.804292,1556.5,1041.8,3.96675,0.0266174,1.22718,,7.54619,31.1429
2024-08-13,60536.2,31424.3,1.65361,0.480902,0.777091,1.92642,3.98628,0.705357,0.81902,1595.5,890.9,4.34397,0.0243504,1.09959,,7.63972,33.1429
2024-08-14,58840.6,31406.8,1.55739,0.46624,0.669496,1.8735,3.82335,0.664603,0.795376,1213.2,207.7,4.1838,0.023857,0.909736,,7.83679,33.2857
2024-08-15,57644.2,31400.1,1.48905,0.455277,0.795037,1.83579,4.39266,0.636188,0.778522,801.8,-626.2,4.48768,0.0192489,0.117165,,7.74741,34.5714
2024-08-16,58927.3,31402.6,1.56081,0.467095,0.721293,1.87651,4.22184,0.663115,0.795148,784.4,-842.8,4.46835,0.0157139,-1.50985,,7.64473,31.5714
2024-08-17,59414.7,31404.7,1.5874,0.471432,0.762818,1.8919,4.89236,0.672349,0.801013,747.2,-1069.6,4.62478,0.011966,-0.821198,,7.41874,29.4286
2024-08-18,58793.2,31406.6,1.55119,0.465812,0.789954,1.872,5.00092,0.656624,0.791936,320,-1924,4.71121,0.0101229,-1.02461,,7.216,28.2857
2024-08-19,59411.5,31413.4,1.5849,0.471257,0.665337,1.89128,4.36649,0.668742,0.799556,382.1,-2001.8,4.89377,0.00965968,-2.06647,,7.00967,28.7143
2024-08-20,59123.3,31408,1.56798,0.468771,0.763928,1.88243,3.95275,0.660551,0.794974,470.1,-2019.7,4.8286,0.00796114,-2.2045,,6.74128,28.5714
2024-08-21,61133,31427.1,1.67954,0.485923,0.773813,1.94523,3.42461,0.704258,0.821258,23.7,-2952,5.06479,0.00875618,-2.15037,,6.64808,28
2024-08-22,60394.5,31436.3,1.63626,0.479484,0.831648,1.92117,2.80113,0.685442,0.810612,166.5,-2731.2,5.35384,0.0096314,-2.14109,,6.52959,29.4286
2024-08-23,64106.8,31488.1,1.84177,0.508818,0.904144,2.0359,3.33346,0.769935,0.859646,374,-2742.7,5.2053,0.0161613,-1.41505,,6.34802,30.4286
2024-08-24,64023.2,31506.8,1.83467,0.507885,0.841853,2.03205,2.90683,0.765628,0.857735,342.9,-2773.9,5.58993,0.0210627,-1.46913,,6.23707,34.8571
2024-08-25,64498,31515,1.85963,0.511381,0.736981,2.04658,2.28798,0.774771,0.863297,291.1,-2856.1,6.0017,0.0257142,-1.61111,,6.04683,38.1429
2024-08-26,62983.4,31523.2,1.77255,0.4995,0.724679,1.998,1.91723,0.736844,0.842257,493.7,-2641.7,6.04673,0.0285174,-0.464019,,5.98296,42
2024-08-27,59548,31474,1.58085,0.471451,0.725664,1.89197,1.82711,0.657215,0.795613,366.6,-2695.8,6.05424,0.0342108,0.171446,,5.93032,44.5714
2024-08-28,59100.8,31506.5,1.55296,0.466902,0.816433,1.87583,1.57081,0.646033,0.788945,137.2,-3049.3,6.23626,0.0353851,0.365626,,5.7268,45.1429
2024-08-29,59339.8,31507.6,1.56545,0.469031,0.67193,1.88335,1.21041,0.649928,0.791439,83.7,-3084.5,6.10389,0.0375841,0.683228,,5.65453,43.7143
2024-08-30,59142.9,31509.6,1.55339,0.46723,0.72028,1.87698,1.17508,0.644422,0.788122,-92.2,-3131.2,6.15996,0.0234549,1.34523,,5.54947,43.7143
2024-08-31,58959.9,31517,1.54183,0.465451,0.743181,1.87074,1.19377,0.639235,0.784996,-142.8,-3246.1,6.07052,0.0175992,1.38325,,5.44424,39.8571
2024-09-01,57349.1,31510.2,1.45097,0.450555,0.698243,1.82002,1.4812,0.603861,0.762892,94.6,-2791.8,6.02991,0.0128885,1.56721,,5.45342,35.8571
2024-09-02,59159,31515.5,1.55144,0.467276,0.846757,1.87714,1.76266,0.641505,0.78628,94.6,-2791.8,6.10745,0.00713958,0.880119,,5.48316,31.7143
2024-09-03,57637.8,31500.7,1.46614,0.453471,0.735907,1.82973,1.36856,0.608012,0.765401,-193.2,-2936.5,5.83619,-0.00500628,1.07133,,5.40017,28.5714
2024-09-04,58033.4,31508,1.48714,0.457071,0.750487,1.84186,1.14939,0.615402,0.769989,-62,-2636.9,5.47937,-0.0076347,1.33288,,5.43473,28.1429
2024-09-05,56113,31490,1.37983,0.438811,0.744569,1.78193,1.10479,0.574548,0.743877,-124.5,-2550.8,5.58245,-0.0154896,2.14589,,5.38311,28.1429
2024-09-06,53839,31469.8,1.25301,0.415482,0.668281,1.71081,1.56159,0.528283,0.713142,-339.6,-2516.2,5.19029,-0.0123016,1.95119,,5.48792,26.4286
2024-09-07,54066.4,31466.8,1.2654,0.417998,0.73099,1.71821,1.94806,0.532126,0.715563,-534.2,-2689,5.13674,-0.0106769,0.853266,,5.56163,25.5714
2024-09-08,54859.3,31465.6,1.30929,0.426431,0.783712,1.74347,2.22094,0.547128,0.725451,-444.5,-2362.2,5.26217,-0.0100437,0.446656,,5.6806,26
2024-09-09,57135.8,31495.9,1.43429,0.448754,0.708591,1.81407,2.3078,0.592554,0.75491,-415.9,-2254.7,5.45687,-0.00344331,-0.338981,,5.9491,26
2024-09-10,57664.5,31496,1.46311,0.453806,0.675707,1.83085,1.65707,0.602574,0.761242,-298.9,-1827.6,5.99053,0.001784,-1.6973,,6.27585,27
2024-09-11,57409.2,31495,1.44815,0.451394,0.530451,1.8228,1.32168,0.596322,0.757224,-370.6,-1927.1,5.73765,0.00514772,-2.64635,,6.44317,28.4286
2024-09-12,58124.6,31505.2,1.48679,0.457972,0.755666,1.84492,1.36485,0.610301,0.766001,-370.6,-1966.1,5.68596,0.0112638,-3.63592,,6.54193,28.7143
2024-09-13,60536.9,31559.8,1.61752,0.478669,0.637043,1.91817,1.32343,0.66099,0.797089,-26,-1239.2,5.50931,0.0238035,-4.00551,,6.57205,30.1429
2024-09-14,60007.2,31565.1,1.58674,0.473978,0.713894,1.90106,0.901944,0.648648,0.789422,-37.1,-838.9,6.16033,0.0285572,-3.48862,,6.68944,34
2024-09-15,59129.9,31566.4,1.53689,0.466151,0.764063,1.87319,1.15451,0.629352,0.777207,-73,-857.4,6.51845,0.0262658,-3.10219,,6.77066,37.1429
2024-09-16,58227.5,31573.1,1.48542,0.457762,0.622939,1.84421,0.644475,0.609828,0.764688,-60.2,-807.4,6.41048,0.0197064,-1.47032,,6.51455,39
2024-09-17,60238.2,31595.3,1.59532,0.475494,0.773217,1.90656,0.495551,0.652131,0.790402,126.6,-193.4,5.88892,0.0177729,-0.122379,,6.28954,39
2024-09-18,61306.2,31625.8,1.6521,0.484134,0.72382,1.93849,0.97914,0.674814,0.803705,11.8,-370.3,6.39833,0.0145051,1.13333,,6.38185,40.1429
2024-09-19,62994.6,31665,1.74275,0.497338,0.657558,1.98941,0.867114,0.711769,0.825098,82.1,-388,6.47239,0.0141379,1.96657,,6.69862,42.7143
2024-09-20,63154,31715.7,1.74764,0.497803,0.783166,1.99125,1.20392,0.714916,0.826443,134.6,110.9,6.22933,0.00634175,2.8262,,7.05481,45.8571
2024-09-21,63367.7,31727.9,1.75768,0.499305,0.731332,1.99722,1.0211,0.719065,0.828496,69.8,-96.7,6.57527,0.00477227,4.30632,,7.05154,46.4286
2024-09-22,63572,31736.9,1.76734,0.500773,0.739063,2.0031,0.447769,0.723113,0.830419,-182.2,-556.2,6.91448,0.00648481,5.40987,,7.01641,46.5714
2024-09-23,63336,31775.9,1.75092,0.498297,0.79017,1.99321,0.489374,0.717231,0.826595,-177.7,-520.6,6.89606,0.00788263,5.43522,,6.62001,48.1429
2024-09-24,64342.8,31802,1.80408,0.50574,0.796914,2.02323,0.937837,0.739685,0.838975,-41.7,-332.8,6.80968,0.00771846,4.87572,,6.3752,51.1429
2024-09-25,63059.6,31835,1.72999,0.495161,0.77528,1.98083,1.26773,0.710048,0.821509,-138.4,-632.1,6.80358,0.00194507,4.66871,,5.49016,53.1429
2024-09-26,65057.8,31876.9,1.83708,0.510022,0.722052,2.04091,1.13436,0.755207,0.84677,354.4,-12.2,7.00592,0.00410127,5.05264,,4.60559,53.2857
2024-09-27,65767.7,31908.5,1.87326,0.51483,0.769034,2.06113,0.926323,0.771355,0.855228,954.1,816.9,7.44688,0.00492109,5.35987,,4.51364,54.2857
2024-09-28,65770.5,31931.5,1.87077,0.514501,0.724061,2.05973,0.939251,0.770956,0.854484,1025.9,942.2,7.3004,0.0028314,4.95821,,4.70254,55.7143
2024-09-29,65617.8,31940.5,1.8605,0.513235,0.867423,2.05438,1.02504,0.767012,0.851723,1201.5,1293.7,7.47799,0.00129393,4.43835,,4.93504,57.2857
2024-09-30,63260,31938.9,1.72921,0.495117,0.739006,1.98066,0.830463,0.712596,0.820387,1262.8,1405.6,7.33304,-0.00525246,4.84517,,5.51101,58.8571
2024-10-01,60858.2,31924.7,1.59648,0.475425,0.814565,1.90631,0.802126,0.659277,0.788552,1020.2,925.6,6.98944,-0.0103698,6.14681,,5.94447,58.2857
2024-10-02,60686.1,31921,1.58628,0.473999,0.801838,1.90114,0.290015,0.655134,0.785637,928.5,833.9,7.20238,-0.00746641,7.16526,,6.86341,55.8571
2024-10-03,60765.2,31920.1,1.58979,0.474698,0.81798,1.90367,0.32466,0.65656,0.785977,1162.1,1355.3,7.0638,-0.0125656,6.91607,,7.6371,54
2024-10-04,62052.5,31942.1,1.65852,0.48524,0.89289,1.94265,0.591105,0.684279,0.801921,1224.9,1286.9,6.73945,-0.0165817,6.41873,,7.56877,51.1429
2024-10-05,62030.5,31948.1,1.65598,0.484961,0.797426,1.9416,0.371841,0.683095,0.800931,1436,1560.5,6.71374,-0.0194987,5.64618,,7.51585,49
2024-10-06,62789.9,31958.4,1.69616,0.491026,0.812539,1.96474,0.184264,0.699485,0.81002,1606,1945.6,7.18321,-0.0220223,5.48631,,7.54331,47.1429
2024-10-07,62416.5,31968.2,1.67406,0.487824,0.823379,1.95246,-0.185354,0.690654,0.804494,1841.2,2375.4,6.42448,-0.0211104,4.69281,,7.63618,45.5714
2024-10-08,62126.3,32243.6,1.64198,0.480999,0.882636,1.92678,-0.611104,0.683627,0.800051,1822.6,2267.1,6.58393,-0.023142,3.83328,,7.71186,45.4286
2024-10-09,60615.3,32239.4,1.5583,0.46813,0.655082,1.88016,-0.952345,0.650312,0.779916,1753.4,2169.3,6.33833,-0.0345661,3.8252,,7.73755,46.4286
2024-10-10,60221.1,32227.1,1.5365,0.464855,0.794172,1.86865,-0.395942,0.641587,0.774177,1515.6,1814.5,6.38161,-0.0426471,3.85153,,7.75381,46.7143
2024-10-11,62462.5,32332,1.65275,0.482378,0.744029,1.93191,0.287756,0.689931,0.802286,1813.1,2183.7,6.33778,-0.0480911,3.38319,,7.90544,45.4286
2024-10-12,63202.9,32345.9,1.69154,0.488222,0.768688,1.95397,0.0959318,0.706031,0.811077,1774.1,2144.7,6.38444,-0.0514777,3.92443,,7.9587,45.4286
2024-10-13,62759.4,32357.8,1.66555,0.484416,0.736466,1.93955,0.332496,0.695797,0.804678,1510.9,1536.9,6.29483,-0.0542609,3.83208,,7.96858,45.4286
2024-10-14,66089.8,32404.5,1.84412,0.509689,0.781143,2.03952,0.452258,0.771086,0.846611,2066.8,2103.9,6.44096,-0.0544714,4.8557,,8.18127,45.1429
2024-10-15,66934,32489.4,1.8843,0.514606,0.887381,2.06018,0.286167,0.790282,0.856644,2437.8,2510.8,5.81445,-0.0499859,5.71522,,8.315,47.4286
2024-10-16,67663,32532.6,1.92036,0.519197,0.810729,2.07985,0.637985,0.80689,0.865181,2883.5,2943.7,5.73526,-0.0372722,5.91065,,8.46008,50.8571
2024-10-17,67337.9,32564.6,1.89942,0.5164,0.897897,2.06782,0.663054,0.798571,0.860239,3167.2,3040.6,5.55918,-0.0322406,6.76465,,8.58991,55.4286
2024-10-18,68390.5,32601.8,1.95336,0.523299,0.789722,2.09775,0.437183,0.822983,0.872883,3493.6,3481.8,4.93183,-0.0271209,8.30406,,8.66391,61.2857
2024-10-19,68357.9,32624.5,1.94883,0.52274,1.00319,2.09529,1.24053,0.821192,0.871664,3335.3,3253.2,5.12308,-0.0225678,9.3087,,8.78276,64.5714
2024-10-20,69012.4,32702.5,1.9787,0.526135,1.0121,2.11031,1.4656,0.835966,0.879197,3243.3,3108.7,5.14131,-0.0207928,10.5461,,9.04966,67.8571
2024-10-21,67440.5,32787,1.88704,0.513838,0.977077,2.05693,2.04459,0.797569,0.858389,3537.6,3467.8,5.00808,-0.0209903,10.7844,,9.04017,71.2857
2024-10-22,67425.8,32812.9,1.88343,0.513348,0.788537,2.05486,2.28759,0.796443,0.857421,3458.5,3640.7,4.97867,-0.0264018,10.7844,,9.18717,72
2024-10-23,66647.3,32828.8,1.8389,0.507426,0.852556,2.03015,2.36975,0.777514,0.846755,3646.4,3824.1,5.00877,-0.0390688,10.95,,9.31974,71.7143
2024-10-24,68131,32857.1,1.91657,0.517736,0.848433,2.07355,2.20423,0.81177,0.864814,3698.4,3740.1,4.98412,-0.0426745,10.95,,9.64686,71.4286
2024-10-25,66261.5,32869.7,1.81304,0.503939,0.858855,2.01588,2.18192,0.76736,0.840328,3994.5,4132.9,4.44621,-0.0727264,10.95,,9.72626,71.2857
2024-10-26,67023.3,32880.6,1.85248,0.509416,0.82911,2.03839,2.59235,0.78443,0.84922,3628.8,3274.4,4.86752,-0.0899546,10.5498,,9.84579,71.1667
2024-10-27,68000.1,32894.1,1.90332,0.516264,0.927609,2.06725,3.2563,0.806796,0.860811,3134.4,2180.3,4.93019,-0.102403,10.5354,,9.91546,71.3333
2024-10-28,69862.5,32941.6,2.0001,0.528479,0.993927,2.1208,3.86915,0.850744,0.88357,3613.8,2587.9,5.41813,-0.104479,10.4504,,10.1504,71.3333
2024-10-29,72678.8,33045,2.14514,0.545328,0.966147,2.19939,3.8977,0.919419,0.918321,4483.9,3282.4,4.98304,-0.100018,10.4504,,10.5221,71.6667
2024-10-30,72450.3,33089.8,2.12846,0.543276,1.03636,2.1895,4.512,0.912197,0.914572,5315.9,4053.1,5.38612,-0.0905143,10.4504,,10.877,72.6667
2024-10-31,70367.1,33109,2.01313,0.529482,0.940923,2.12532,4.50628,0.859326,0.887452,5590.8,4570.6,5.79872,-0.102996,10.4504,,10.9804,74
2024-11-01,69483.6,33139.2,1.96221,0.523064,0.899585,2.09672,4.77545,0.836653,0.875505,5627.6,4699.1,5.38001,-0.0776389,10.4504,,11.1538,74.5
2024-11-02,69241.7,33154.3,1.94682,0.52118,0.826082,2.08847,4.63742,0.829658,0.871657,5681.8,4519.7,5.60892,-0.0623781,10.8507,,11.2434,74.1429
2024-11-03,68742.8,33161.1,1.91808,0.517606,0.768264,2.073,4.18175,0.816453,0.864586,5656.2,4431.3,5.55617,-0.0521026,10.8651,,11.1458,74.1429
2024-11-04,67779.1,33189.7,1.86323,0.510325,0.866771,2.04217,4.38681,0.792664,0.851695,5115.1,3679.1,5.68597,-0.0535612,10.95,,10.9522,73.8571
2024-11-05,69538,33217.7,1.95494,0.522309,0.818448,2.0934,4.40852,0.833136,0.872996,4998.3,3392.3,6.23808,-0.047656,10.95,,10.6291,73.5714
2024-11-06,75696,33414.2,2.27358,0.558574,0.980169,2.26538,4.68087,0.985474,0.949395,5385,3543.8,5.27703,-0.0315836,10.95,,10.6087,72.5714
2024-11-07,75972.3,33496.3,2.28176,0.559098,1.00276,2.26808,4.8314,0.990903,0.951945,6777.4,4954.8,6.56795,0.000867289,10.95,,10.8209,72.5714
2024-11-08,76507.4,33578.6,2.30376,0.561106,0.919119,2.27846,5.34102,1.00323,0.957728,7111.4,5358,6.86267,0.0192957,10.95,,11.0498,72.5714
2024-11-09,76799.3,33603,2.31576,0.562457,0.903307,2.28549,5.06665,1.00914,0.960455,7232.2,5716.6,7.81741,0.0294293,10.95,,11.4586,73
2024-11-10,80409.3,33696.2,2.50143,0.580941,1.00699,2.3863,4.94496,1.10388,1.00461,6978.6,5165.5,7.55848,0.048146,11.978,,12.2224,73.5714
2024-11-11,88860,33984.3,2.93421,0.617552,1.02255,2.61474,5.13864,1.34459,1.10904,8092.7,6318.6,8.07689,0.0781677,13.3795,,13.1679,74.4286
2024-11-12,88048.7,34201.6,2.87509,0.61156,1.08671,2.5744,5.21794,1.3167,1.09779,8910.2,7399.3,8.24016,0.0912848,18.6785,,13.9166,75.8571
2024-11-13,90369.4,34442.7,2.98157,0.618868,1.05359,2.62376,5.36981,1.38317,1.12555,8864.4,6797.6,7.93199,0.0978578,19.4584,,14.3609,77.8571
2024-11-14,87204.3,34647.2,2.79803,0.602689,0.935676,2.51692,5.15739,1.28459,1.08501,8092.7,5654.9,8.40905,0.0883166,19.4584,,14.5161,79.4286
2024-11-15,91139.1,34830.7,2.99312,0.617829,1.1542,2.61663,5.23965,1.39923,1.13279,7264.2,4380.7,9.35599,0.0812525,19.5094,,14.8186,80.1429
2024-11-16,90567.7,34883,2.95549,0.61484,1.19959,2.59633,5.34136,1.37758,1.12451,6793.7,3626.5,9.41584,0.0819514,19.6778,,15.1211,81.7143
2024-11-17,89733,34914.9,2.90521,0.610902,1.13487,2.57005,5.68424,1.34802,1.113,6520,3026.4,9.63661,0.0739425,18.9805,,15.2993,83.4286
2024-11-18,90587.7,35019.7,2.94053,0.613417,1.19112,2.58677,5.09849,1.36952,1.12243,6774.8,3439.5,9.91185,0.061764,19.5483,,15.3146,84.4286
2024-11-19,92254.1,35264,3.01107,0.617751,1.35962,2.6161,5.01108,1.41623,1.14188,7604.3,4361,9.76947,0.0668013,16.3236,,15.5792,85.8571
2024-11-20,94160,35470.7,3.09576,0.623293,1.1649,2.65458,4.53209,1.47101,1.16424,8083.4,4545.8,9.99375,0.0646708,15.5437,,15.7817,85.7143
2024-11-21,98545.6,36022,3.29197,0.634463,1.19329,2.7357,4.71173,1.60614,1.21715,9167.6,5709.1,10.9718,0.0806804,15.5437,,16.2107,84.8571
2024-11-22,98938.3,36282.9,3.29285,0.633278,1.18885,2.72686,4.61919,1.61373,1.22068,9465.5,5819.1,11.053,0.0942168,15.4928,,16.494,86.8571
2024-11-23,97707,36424.2,3.21499,0.62721,1.1328,2.68248,4.54805,1.56871,1.2042,9277.5,5579.1,11.9497,0.10229,15.3243,,16.8039,87.8571
2024-11-24,97980.2,36502.7,3.21946,0.627448,1.10276,2.68419,4.26675,1.57218,1.20627,8875.5,4881,13.0131,0.116765,16.0039,,16.8829,86.4286
2024-11-25,93343,36591.7,2.9673,0.607987,1.3235,2.55094,4.3362,1.42266,1.14797,8440.2,4811.4,13.3865,0.107569,15.4043,,17.0255,86.2857
2024-11-26,91875.6,36689,2.88113,0.600666,1.07068,2.50417,3.80499,1.37406,1.12875,8317.4,5183,12.7862,0.0830136,15.3864,,16.9477,84.7143
2024-11-27,95989.1,36820.4,3.08386,0.616411,1.06993,2.60695,2.96747,1.49494,1.17803,7941,4327.2,12.8531,0.0822652,16.8464,,17.1332,83.5714
2024-11-28,95737.9,36911.2,3.06096,0.614456,1.13848,2.59374,2.75451,1.48234,1.17371,7070.9,2587,13.6407,0.0688608,17.1689,,17.5867,82.8571
2024-11-29,97398.9,37019.8,3.13633,0.619916,0.986563,2.63099,1.84446,1.52933,1.1928,6497.6,1181.7,14.2406,0.0548104,18.4353,,18.0204,80.5714
2024-11-30,96463.6,37051.4,3.08095,0.615903,1.32349,2.60351,1.88706,1.49523,1.18009,6465.3,874.5,14.8885,0.0467489,18.8509,,18.4265,79.2857
2024-12-01,97469.6,37094.7,3.12554,0.619423,1.28678,2.62759,1.94948,1.52211,1.19112,6520.2,892.6,13.4615,0.0387572,18.6479,,19.0626,79.4286
2024-12-02,95726.4,37209.8,3.0244,0.61129,1.01605,2.57261,1.95882,1.46387,1.16858,6873.8,1192,13.7142,0.0442492,19.0338,,19.2417,79.1429
2024-12-03,96010.9,37337.1,3.02758,0.611116,1.2592,2.57146,2.64586,1.46845,1.17082,7549.8,1893.6,14.515,0.0590145,18.0024,,19.7291,78.7143
2024-12-04,98920.3,37504.8,3.16351,0.620858,1.21406,2.63754,2.59142,1.5542,1.205,8647.7,3532.6,14.5,0.0676385,18.9474,,20.2164,79.1429
2024-12-05,96949.7,37834.9,3.03996,0.609747,1.25373,2.56244,2.73083,1.48856,1.17974,9531.2,4532.9,15.4707,0.0757421,24.7323,,20.4461,80.1429
2024-12-06,99953.1,38154.4,3.17232,0.618277,1.13318,2.6197,2.35561,1.57795,1.21498,9285.9,3900.9,15.8373,0.0932293,23.7076,,20.8636,79.2857
2024-12-07,99977.7,38199.6,3.16564,0.617918,1.18286,2.61724,2.10467,1.57436,1.21398,7912.1,1134.7,16.3328,0.0983083,24.7746,,20.9344,78
2024-12-08,100799,38241.8,3.19979,0.620613,1.22589,2.63583,1.85558,1.59571,1.22263,7618.7,507.3,16.6105,0.0970887,25.0695,,21.2384,77.7143
2024-12-09,97390.2,38519.7,3.00627,0.604481,1.35356,2.52832,2.23105,1.48542,1.18003,8097.8,865.6,16.6732,0.100364,25.0117,,21.1409,77.4286
2024-12-10,96835.5,38668.4,2.96556,0.60068,1.24055,2.50426,2.08778,1.46455,1.17207,8536.3,1557.7,16.8039,0.100338,23.9867,,20.7427,77.7143
2024-12-11,101310,38848.5,3.17877,0.616539,1.19607,2.60783,2.11471,1.59838,1.22491,7645.3,-447.4,17.0274,0.0883162,21.5818,,20.3357,77.1429
2024-12-12,100091,38907.9,3.10828,0.611274,1.23104,2.57251,1.92843,1.55561,1.20887,7425.3,-1484.9,18.4965,0.0801018,15.4743,,19.6804,77
2024-12-13,101290,39011.4,3.1583,0.614853,1.42946,2.59641,2.18739,1.58849,1.22203,7344.1,-1520.3,18.2495,0.058993,15.2326,,18.7118,77.5714
2024-12-14,101367,39053.3,3.15447,0.614733,1.33724,2.5956,2.74784,1.58619,1.22165,7744.8,-347.9,18.3091,0.0425521,13.5805,,17.8751,78.7143
2024-12-15,104551,39134.7,3.30523,0.62569,1.18801,2.67158,2.37833,1.68205,1.25865,8114.8,850.6,18.7123,0.0289917,12.3841,,17.2499,78.8571
2024-12-16,105856,39344.4,3.35396,0.62832,1.29845,2.69049,2.21574,1.71879,1.27296,8751.7,1958,19.0201,0.0250842,10.6437,,16.796,79.5714
2024-12-17,106116,39558.5,3.3497,0.627214,1.19608,2.68251,1.85299,1.72161,1.27468,9245.6,2725.6,18.8991,0.0162487,10.5324,,16.4175,80.8571
2024-12-18,100470,39652.3,3.05559,0.605331,1.19884,2.53377,1.83075,1.53869,1.20557,9266.1,2491.3,18.8566,-0.00461007,10.4885,,15.748,81.8571
2024-12-19,97697,39888.5,2.8998,0.591712,1.17345,2.44925,1.37095,1.45083,1.17106,7764.7,160.4,19.0589,-0.0213958,10.4885,,15.0832,80.7143
2024-12-20,97617.4,40024.8,2.88442,0.589983,1.22047,2.43892,1.5981,1.44449,1.16888,6714.3,-1369.1,18.9523,-0.0288724,10.4885,,14.1906,80.4286
2024-12-21,97093,40041.7,2.85287,0.587594,1.16587,2.4248,1.49686,1.4253,1.16138,5709.2,-3458.4,18.8193,-0.033686,10.1995,,13.5752,79
2024-12-22,95149.1,40175.7,2.74493,0.577761,1.22112,2.36832,1.71517,1.36544,1.13694,5218.9,-4246.6,18.9063,-0.0424894,10.2743,,12.3442,78
2024-12-23,94800.8,40399.1,2.71244,0.573852,1.09144,2.3466,1.81433,1.35213,1.1316,4992.4,-4285.1,19.3671,-0.065041,10.2639,,12.0547,76.1429
2024-12-24,98637.7,40549.2,2.89165,0.588908,1.07821,2.43255,1.98588,1.45975,1.17616,4654,-4221.5,19.0575,-0.075874,10.3751,,11.5141,74.1429
2024-12-25,99235.4,40574.5,2.91543,0.591129,1.23999,2.44576,1.51642,1.47337,1.18203,5089.3,-3350.9,19.1489,-0.08049,10.419,,11.0102,73
2024-12-26,95628.3,40608.3,2.73047,0.575353,1.03634,2.3549,1.64877,1.36467,1.13789,5687.3,-2630.1,18.996,-0.0848743,10.2034,,9.29021,73.5714
2024-12-27,94220,40672.8,2.65365,0.568321,1.23026,2.31654,2.30824,1.32144,1.11997,5296.4,-2644.6,19.4599,-0.0988553,10.2034,,9.76865,73.5714
2024-12-28,95123.6,40696.5,2.69338,0.572173,1.1239,2.33739,2.47075,1.34324,1.12954,5296.4,-1774.5,19.5964,-0.117194,10.2871,,10.0731,73.4286
2024-12-29,93457.6,40740.4,2.60521,0.564077,1.21935,2.29398,3.41079,1.29326,1.10862,4976.4,-1521.2,19.4711,-0.130893,10.2028,,10.4725,73.4286
2024-12-30,92523.2,40859,2.54978,0.558391,1.21437,2.26445,3.29474,1.2642,1.09641,4561.3,-1904,19.6498,-0.139942,9.66932,,10.5236,72.7143
2024-12-31,93389.7,40945.8,2.58475,0.56156,0.994837,2.28081,2.91014,1.28447,1.10555,4566.6,-1953.6,18.967,-0.165509,9.66932,,10.9583,71.4286
2025-01-01,94455.8,41013.5,2.6303,0.565791,1.09164,2.30304,3.20047,1.31032,1.11702,4213,-2660.8,18.5064,-0.183101,9.66932,,11.5115,70.4286
2025-01-02,96851.4,41075.6,2.74111,0.575891,1.33439,2.35788,2.99922,1.37368,1.14416,3294.7,-4255.1,18.3398,-0.178677,9.88493,,13.5687,69.1429
2025-01-03,98120.7,41118.5,2.79713,0.58094,1.14979,2.38629,2.94806,1.40578,1.15794,3646,-5001.7,19.4262,-0.165472,9.63683,,13.7573,69.1429
2025-01-04,98230,41143.2,2.79704,0.581155,1.20714,2.38752,2.75366,1.40462,1.15802,2879.3,-6651.9,19.8885,-0.141071,9.41184,,13.8666,69.2857
2025-01-05,98414.8,41161.1,2.80096,0.581759,1.26536,2.39097,3.22615,1.40557,1.15898,2502.7,-6783.2,20.7129,-0.117212,9.42785,,13.7612,69.1429
2025-01-06,102180,41250.3,2.97583,0.596296,1.11925,2.47706,3.33286,1.51021,1.20203,3481.3,-4430.8,20.2769,-0.0833442,10.0145,,13.6739,70.7143
2025-01-07,96975,41323.9,2.71409,0.57387,1.06988,2.3467,3.20194,1.35612,1.13962,3533.7,-4085,20.3743,-0.0504461,9.86757,,13.4381,72.7143
2025-01-08,95039.3,41345.4,2.61503,0.564965,0.97857,2.29867,2.46054,1.29867,1.11573,2485.8,-5612,20.0384,-0.0194035,9.86757,,13.1228,73.2857
2025-01-09,92346.2,41340,2.48098,0.552336,1.15581,2.23382,2.42626,1.22259,1.08301,2047.3,-6489,20.3618,-0.00772626,9.30912,,12.737,73.1429
2025-01-10,94759.1,41378,2.59298,0.563335,1.10863,2.29008,2.41083,1.28312,1.11017,1674.8,-5970.5,19.9535,-0.00472226,8.56566,,12.3189,69.7143
2025-01-11,94606.5,41394.2,2.5813,0.562459,1.07599,2.2855,2.32697,1.27499,1.10725,1077.3,-6348,19.8637,-0.0101388,8.24478,,11.9144,69.1429
2025-01-12,94353.8,41407.6,2.56499,0.561145,1.33672,2.27866,2.05748,1.26414,1.10316,648.4,-6695.7,19.5844,-0.0135278,7.54325,,11.5875,67.7143
2025-01-13,94375.7,41429.5,2.56158,0.561015,0.994695,2.27798,1.41175,1.26077,1.10229,364.3,-7380.5,20.2534,-0.0251915,6.66391,,11.3617,65.5714
2025-01-14,96569.5,41480.7,2.66151,0.570457,1.22313,2.32806,1.81375,1.31565,1.12675,154.5,-7960.3,20.1672,-0.0265357,6.78457,,11.2065,63.4286
2025-01-15,100172,41573.2,2.82678,0.584983,1.14438,2.40954,1.73201,1.41073,1.16757,272.7,-8479,20.5489,-0.0245994,6.24374,,11.2364,63.4286
2025-01-16,99977.7,41676.3,2.80814,0.583144,1.05118,2.39891,1.71979,1.40058,1.16408,404.9,-8840.7,21.0646,-0.0250145,5.91024,,11.3064,64.2857
2025-01-17,104297,41786.9,3.00579,0.599345,1.28394,2.49591,1.84618,1.51883,1.21307,1202.4,-8063.7,20.9671,-0.0180941,6.24557,,11.5384,67.8571
2025-01-18,104398,41848.3,3.00268,0.599147,1.11318,2.49468,1.9379,1.51632,1.21295,1874.3,-5890.4,21.9446,-0.026857,6.99455,,11.7578,69
2025-01-19,100955,41878.2,2.83159,0.585178,1.24117,2.41067,1.8092,1.41287,1.17171,2151.3,-4563,22.0037,-0.0380928,7.78368,,12.0972,71.1429
2025-01-20,102589,41957.7,2.9015,0.591011,1.27695,2.44506,1.81022,1.45331,1.18942,2151.3,-3557.9,22.0887,-0.0498551,8.66301,,12.3224,73.2857
2025-01-21,105988,42077.7,3.05316,0.602995,1.15398,2.51886,1.34701,1.54483,1.22751,2953.9,-2265,22.2109,-0.0449326,8.68929,,12.5121,75.1429
2025-01-22,103791,42208.4,2.9372,0.593334,1.27355,2.45902,1.39843,1.47571,1.2008,3429.1,-1563.3,24.1496,-0.0519088,9.23012,,12.495,77.1429
2025-01-23,104185,42430,2.94058,0.592742,1.15851,2.45545,1.40481,1.48085,1.20407,3956.2,-697.8,25.3695,-0.0490309,9.97973,,12.4601,77.1429
2025-01-24,104716,42478,2.95872,0.594351,1.19861,2.46518,1.40502,1.48993,1.20892,4473.9,-615.4,25.1686,-0.0542893,9.97952,,12.2642,77.1429
2025-01-25,104866,42507.2,2.95958,0.594653,1.09727,2.46702,1.39693,1.4883,1.20937,3998.7,-1688.6,25.4658,-0.0392766,9.73299,,12.1215,76.8571
2025-01-26,102833,42521.9,2.85794,0.586497,1.15174,2.41836,0.801772,1.42562,1.18467,4286.6,-1009.8,25.1803,-0.0277329,9.56644,,11.9364,76.2857
2025-01-27,101907,42578.3,2.80712,0.582187,1.29894,2.39341,0.842942,1.39465,1.17278,3829,-1467.4,25.7113,-0.013042,8.67449,,11.7132,75.5714
2025-01-28,101138,42615.2,2.76486,0.578643,1.22262,2.37329,0.20819,1.36848,1.16271,3847.4,-1129,25.3945,-0.0226334,8.33879,,11.4503,75
2025-01-29,103919,42654,2.88982,0.589545,1.31455,2.43632,0.0620073,1.43928,1.19341,4354.5,-206.8,25.4743,-0.0156167,8.33613,,11.3586,73.2857
2025-01-30,104987,42716.8,2.93252,0.593125,1.24126,2.45776,0.434695,1.4636,1.2044,4937.3,370.7,26.008,-0.0150997,8.32669,,11.0307,72.5714
2025-01-31,102263,42740.9,2.79884,0.582049,1.04237,2.39263,-0.00552984,1.38408,1.17192,5255.9,1042.9,26.0587,-0.0169372,8.52557,,10.9344,72.7143
2025-02-01,100610,42752.9,2.71665,0.575064,1.50881,2.3533,-0.0541407,1.33546,1.15178,5498.2,2203.5,26.1223,-0.0173453,8.39291,,10.9277,71.7143
2025-02-02,97424.8,42756.6,2.56351,0.561132,1.35669,2.27859,0.218059,1.24838,1.11417,4590.1,944.1,25.9535,-0.0148396,7.4302,,10.7813,69.8571
2025-02-03,101582,42830.6,2.75096,0.578366,1.26503,2.37173,0.21087,1.35273,1.16051,4355.7,1476.4,24.9652,0.00437213,8.05336,,10.5372,66
2025-02-04,97848.1,42901.7,2.56934,0.561548,1.04342,2.28075,-0.415911,1.25146,1.1167,4696.4,2193.7,25.317,0.0166979,7.53131,,10.2551,66
2025-02-05,96559.3,42981.4,2.50214,0.55487,1.13205,2.24654,-0.297634,1.21529,1.10088,3784.2,302.9,25.5881,0.0180637,6.27852,,9.85753,63.4286
2025-02-06,96541.3,43035.1,2.4956,0.554231,1.13974,2.24331,-0.147653,1.21151,1.09955,3591.6,57.9,25.8199,0.0174253,5.2754,,9.63418,60.4286
2025-02-07,96384.1,43052.5,2.48431,0.553324,1.35635,2.23876,0.756058,1.20423,1.09665,4331.7,1845.9,25.2477,0.0263013,5.21877,,9.22333,55.8571
2025-02-08,96603.3,43069,2.49059,0.554166,1.25734,2.24299,0.747358,1.2062,1.09803,4331.7,2284.4,25.8637,0.0303167,4.06777,,8.72234,52.4286
2025-02-09,96309.8,43139.2,2.47055,0.552078,1.12052,2.23253,0.705278,1.19537,1.09358,4481.1,2806.3,25.0246,0.0335773,4.48329,,8.32161,50.4286
2025-02-10,97375.2,43162.6,2.51573,0.55674,1.10115,2.25601,0.804221,1.21836,1.10456,4294.8,3217.5,24.662,0.0181437,4.14906,,8.08493,50.2857
2025-02-11,95806.3,43198,2.43826,0.549111,0.96779,2.21784,0.17811,1.17622,1.08566,4238.1,3589.7,24.6367,0.0133085,3.90461,,7.9442,46.7143
2025-02-12,97756.5,43227,2.52403,0.557809,1.05926,2.26147,0.539104,1.22116,1.10663,4271.2,3906.9,23.9416,0.00891658,4.17753,,7.8298,45.5714
2025-02-13,96534.7,43237.7,2.46391,0.552102,1.24241,2.23265,0.354385,1.18758,1.0917,4323.2,4168.7,22.558,0.00867463,4.54623,,7.66197,45.7143
2025-02-14,97414.4,43263.3,2.50021,0.555884,1.20652,2.25166,0.635234,1.20585,1.10053,3634.3,3361.6,22.5229,0.00452949,4.36707,,7.6136,46.2857
2025-02-15,97583.2,43284.1,2.50386,0.556439,1.27176,2.25448,1.12776,1.20649,1.10132,3008.2,2603.3,22.4634,0.00325262,4.87421,,7.61936,47.1429
2025-02-16,96182.3,43287.1,2.43613,0.549947,1.18325,2.22196,1.09789,1.16862,1.08441,1935.4,733,22.2536,0.00538713,4.408,,7.65247,48.2857
2025-02-17,95790.5,43294.1,2.41484,0.548033,1.06905,2.21255,1.37458,1.15574,1.07891,1935.4,61.1,22.2171,0.00404559,4.21038,,7.49434,49.4286
2025-02-18,95444,43310.3,2.3953,0.546223,1.08869,2.20372,1.29553,1.14374,1.07393,1874.7,-276.6,21.6251,-0.00243406,5.28588,,7.28532,49.4286
2025-02-19,96647.9,43330.7,2.44666,0.551665,0.992748,2.23047,0.937182,1.16889,1.08638,1803.5,-347.8,20.4056,-0.00314282,5.9423,,7.0109,49.1429
2025-02-20,98392.2,43360.6,2.5221,0.559309,1.0431,2.26916,1.17745,1.2071,1.10486,636.1,-2317.8,20.3078,0.00134235,5.84391,,6.88169,49
2025-02-21,96049,43372.1,2.41128,0.548438,1.01075,2.21453,0.830754,1.14589,1.07747,324.5,-3104.6,19.0554,-0.00175198,5.09352,,6.65352,50
2025-02-22,96605.7,43399.3,2.43256,0.550758,1.09608,2.22597,0.845196,1.15491,1.08263,135.8,-3820.4,18.3098,0.00127855,5.70344,,6.43212,49.8571
2025-02-23,96091.6,43409.3,2.40571,0.548251,1.01221,2.21362,0.856979,1.13835,1.07578,-381.9,-4855.8,17.9843,-0.000654165,5.7743,,6.20265,49.2857
2025-02-24,91869.7,43408.1,2.21063,0.527504,0.976337,2.11642,0.889709,1.03744,1.02751,-947.8,-4946.5,18.7358,-0.00487192,5.32149,,6.1191,49
2025-02-25,88769.7,43407,2.06728,0.511016,1.06711,2.04506,1.21846,0.965815,0.991884,-2061.5,-6348.1,18.1951,-0.0131436,4.65104,,6.22115,45.8571
2025-02-26,83987.9,43356.3,1.85014,0.48378,1.07868,1.93716,1.11606,0.86232,0.937575,-2361.7,-6190.7,16.6487,-0.0354441,4.431,,6.26104,42.5714
2025-02-27,84625.4,43369.8,1.87698,0.487509,1.03979,1.95125,1.29976,0.873006,0.943806,-2656,-6503.4,15.7954,-0.0567042,4.69619,,6.39129,37
2025-02-28,84243.8,43360.2,1.85851,0.485301,1.07727,1.94288,1.42447,0.862785,0.938671,-2653.7,-7008.2,15.3386,-0.061405,5.54508,,6.55591,31.4286
2025-03-01,85844.4,43360.7,1.92956,0.494891,1.01487,1.97977,1.28979,0.893433,0.955602,-3241.8,-8179.1,16.9177,-0.0720454,4.20167,,6.69642,27.2857
2025-03-02,94328,43422.4,2.30949,0.539666,0.976621,2.17234,1.52923,1.07514,1.049,-3560.4,-8816.3,16.3829,-0.0728445,3.39471,,6.4945,23.8571
2025-03-03,86315.9,43395.6,1.9455,0.497247,1.06547,1.98905,1.02327,0.897552,0.958994,-3634.6,-9132.8,15.813,-0.0788582,3.1123,,6.54379,21.5714
2025-03-04,87323.7,43403,1.98904,0.502964,1.05031,2.01193,0.474894,0.915921,0.969268,-3778.1,-8368.2,15.6786,-0.067812,2.21962,,6.23984,20.1429
2025-03-05,90619.4,43452.1,2.13394,0.520499,1.00245,2.0855,0.276032,0.983309,1.00488,-3582,-7937.7,15.1805,-0.0444814,1.82005,,6.13687,20
2025-03-06,90222.1,43489.1,2.11222,0.517977,1.26709,2.07459,1.06982,0.971659,0.999505,-4057,-8753.4,15.3479,-0.0302269,1.74955,,5.8226,22.1429
2025-03-07,86553.6,43481,1.94507,0.49764,1.01809,1.99061,0.981667,0.891686,0.95796,-4532.7,-8316.9,14.7233,-0.029772,0.773696,,5.64964,24.7143
2025-03-08,86171.3,43483.5,1.92603,0.495383,0.979961,1.9817,0.82553,0.881291,0.95283,-4392.5,-7984.1,15.0224,-0.0270873,1.49791,,5.25306,25.8571
2025-03-09,80647.8,43468.5,1.67629,0.461009,1.06673,1.85532,0.197411,0.770103,0.890945,-4563.8,-8895.5,14.5501,-0.0342859,2.39398,,5.16011,26
2025-03-10,79006,43450.3,1.60201,0.450038,1.01389,1.81831,0.13125,0.737345,0.872023,-4936.3,-9268,14.4545,-0.0338627,2.85221,,4.89493,24.1429
2025-03-11,82747.2,43483.5,1.76772,0.474502,0.954439,1.90296,0.0282103,0.807001,0.912476,-5332.6,-9813.7,14.0319,-0.0342309,3.74912,,4.96657,25.4286
2025-03-12,83630.2,43514.7,1.80465,0.479677,1.07128,1.92188,0.087269,0.822402,0.92136,-5133,-9427.8,13.1519,-0.0389897,3.67305,,4.89391,27.4286
2025-03-13,81110.3,43506.3,1.69045,0.463616,1.08235,1.86433,0.961811,0.771941,0.892786,-5219.7,-9457.8,13.0743,-0.0458083,3.0953,,4.89651,30.2857
2025-03-14,84105.8,43532.2,1.82249,0.482411,1.00422,1.93204,0.928394,0.827994,0.924901,-4927.4,-9198.6,12.6664,-0.0406015,3.67915,,4.94541,29.2857
2025-03-15,84352.9,43537.3,1.83189,0.483868,0.937648,1.93749,0.487875,0.830596,0.926758,-4769.6,-9092.8,12.8966,-0.0354853,2.8629,,4.99029,31.8571
2025-03-16,82492.1,43537.3,1.74706,0.472225,1.00887,1.89475,0.166665,0.79225,0.905484,-4835.8,-8470.1,12.9141,-0.0303641,2.62701,,5.10929,32.2857
2025-03-17,84013.9,43539.5,1.81378,0.481759,0.993933,1.9296,-0.526883,0.819514,0.921337,-4561.2,-7569.4,12.6155,-0.0211629,2.68254,,5.76062,34
2025-03-18,82680.8,43541.3,1.75263,0.473381,0.993925,1.89891,-0.73298,0.791602,0.905887,-4352.1,-6287.5,12.5994,-0.018111,2.13843,,5.30466,35.4286
2025-03-19,86774.2,43579,1.93259,0.497789,1.11822,1.99119,-0.718167,0.869383,0.949845,-4340.3,-6275.7,12.634,-0.00648853,2.17915,,4.9142,35.1429
2025-03-20,84125,43592,1.81205,0.481819,1.01471,1.92983,-0.664235,0.81474,0.919996,-4113.9,-5988.6,12.6418,-0.00558039,2.23813,,4.33364,35.7143
2025-03-21,84069.4,43600.7,1.80776,0.481372,1.03631,1.92817,-0.221759,0.811435,0.918541,-3959.6,-5763.1,12.5513,-0.00835312,2.15381,,3.85429,36.2857
2025-03-22,83821.2,43603.3,1.79517,0.479806,1.07002,1.92236,-0.0324516,0.804348,0.914987,-3594.8,-4230.9,12.91,-0.00960958,2.9309,,3.78791,34.2857
2025-03-23,85760.9,43613.6,1.87974,0.491452,1.14035,1.96638,0.457844,0.839534,0.93529,-3531.9,-3856.4,13.0018,-0.00532317,2.93194,,3.79219,34.2857
2025-03-24,87322.6,43642.1,1.94644,0.50022,1.14876,2.00088,0.539118,0.86761,0.951428,-3452.2,-3588,13.444,-0.000842878,2.60506,,3.01547,36.1429
2025-03-25,87422.8,43653.1,1.94874,0.500668,1.11416,2.00267,0.860552,0.866644,0.951627,-3425.4,-3043.5,13.7021,0.00321697,2.128,,3.16204,37.8571
2025-03-26,86836.7,43669.2,1.9203,0.497111,1.13045,1.98851,1.13224,0.852197,0.944363,-2769.9,-1822.1,14.0889,-0.00289433,1.31468,,2.89666,40
2025-03-27,87211.3,43677.5,1.93495,0.499176,1.107,1.99671,1.07518,0.856732,0.94755,-1574.5,487,13.8787,0.00258788,1.21394,,3.02906,38.7143
2025-03-28,84309.1,43722.4,1.80256,0.481404,1.11578,1.92828,1.04578,0.798317,0.915176,-911.6,1450.1,13.4239,-0.000941879,1.20288,,3.27114,40.5714
2025-03-29,82497.2,43713.1,1.72125,0.470127,1.00164,1.88724,0.930225,0.762253,0.894695,-635.7,2020.3,13.2703,-0.00703831,1.7217,,3.25927,39.7143
2025-03-30,82216.5,43703.9,1.70797,0.468429,0.972287,1.88122,0.710879,0.754972,0.890843,-730,1923.7,13.6417,-0.011797,1.69151,,3.07615,40
2025-03-31,82461.4,43697.7,1.71786,0.470083,1.05531,1.88709,0.778222,0.757405,0.892688,-801.2,2440.6,13.997,-0.0200995,2.02413,,3.16885,38.4286
2025-04-01,85226.7,43704.3,1.83866,0.4872,0.997121,1.95008,0.879424,0.806877,0.921773,-959,2601.4,14.4543,-0.0219058,2.71742,,3.43164,36.7143
2025-04-02,82555.6,43720.1,1.71845,0.470417,1.23211,1.88828,1.52078,0.755143,0.892075,-664,2970.6,14.8078,-0.0258774,3.03393,,4.03296,36.2857
2025-04-03,82931.7,43783,1.73104,0.47206,1.09541,1.89415,1.87904,0.760002,0.895326,-620.3,3157.8,13.9318,-0.0313595,3.68551,,4.44809,34.1429
2025-04-04,83774.2,43799.7,1.76624,0.47717,1.31156,1.91267,2.62234,0.773351,0.903597,-646.9,2935.1,13.0435,-0.0285718,4.09285,,4.52705,31.8571
2025-04-05,83302.2,43804.4,1.74389,0.47415,1.19007,1.90168,2.17389,0.762672,0.89769,-512.6,3544.4,12.8324,-0.0289692,4.10828,,4.64903,32.4286
2025-04-06,77949.1,43788.6,1.50733,0.438241,0.98697,1.78012,2.34954,0.666344,0.839268,-103.3,4429.4,12.718,-0.0358744,4.08873,,4.72132,32.7143
2025-04-07,79421.8,43811.3,1.57031,0.448372,1.00853,1.81282,2.64704,0.69028,0.854368,-212.5,4180,12.3536,-0.0381723,4.41686,,4.8584,31.1429
2025-04-08,76351.4,43780.4,1.43547,0.426594,1.02574,1.74397,2.84404,0.636709,0.820629,-540.5,4023.3,12.4589,-0.0531832,4.43564,,5.00428,29.7143
2025-04-09,82720.6,43831.7,1.71267,0.470123,0.953648,1.88723,2.71402,0.745639,0.888283,-295.2,4641.1,12.2213,-0.0532698,5.0882,,5.25531,26
2025-04-10,79559,43840.7,1.57203,0.448953,1.01062,1.81473,2.96924,0.68828,0.853577,-48.4,5284.2,12.4184,-0.0545286,4.94273,,5.29271,28
2025-04-11,83359.9,43861.5,1.73714,0.47383,1.08994,1.90053,2.91614,0.753838,0.893548,-62.7,5070.3,12.2463,-0.0557022,4.10865,,5.17476,27.5714
2025-04-12,85269.2,43879,1.81894,0.485407,1.08634,1.94328,2.50456,0.786883,0.913178,80.7,5300.4,12.2411,-0.0490498,4.01886,,5.16674,29.4286
2025-04-13,83569,43893.1,1.74233,0.474768,1.2738,1.90392,2.91209,0.75401,0.894159,39.4,4966.8,12.2521,-0.0435788,4.96509,,5.27818,31
2025-04-14,84589,43914.9,1.78482,0.480844,1.11911,1.9262,3.56308,0.770759,0.904249,40.9,4810.5,12.1993,-0.0367387,5.0103,,5.19694,32.1429
2025-04-15,83671.3,43872.7,1.74513,0.475654,1.07134,1.90714,3.79441,0.752479,0.893631,117.3,4953.1,12.0196,-0.0256644,4.7826,,5.07907,34.1429
2025-04-16,84151.5,43891.3,1.76407,0.478425,1.10975,1.91727,4.27859,0.759457,0.897944,-327.1,4234.1,11.7743,-0.0217417,4.63404,,4.96593,35.7143
2025-04-17,84940.6,43791.5,1.80165,0.484445,1.15907,1.93966,4.66886,0.77201,0.905539,-429.3,3922.8,11.7427,-0.0121058,4.42098,,4.96391,34.4286
2025-04-18,84434.8,43798.5,1.77788,0.481274,1.02589,1.9278,4.47311,0.760995,0.89933,-441.1,3899.2,11.0766,-0.00638121,4.98376,,5.07561,35.5714
2025-04-19,85124.7,43800.7,1.8066,0.485453,1.05894,1.94346,4.58637,0.771428,0.905853,-606.8,3507.1,10.8358,-0.00903623,4.58325,,5.17505,34
2025-04-20,85101.7,43807.3,1.80393,0.485236,0.936333,1.94264,4.28706,0.768954,0.904785,-689.9,3269.7,10.6647,-0.00550977,3.18781,,5.11212,32.8571
2025-04-21,87360.7,43838.2,1.89972,0.498193,0.984169,1.9928,3.95927,0.808056,0.927946,-302.5,3292.3,10.721,-0.00517028,2.90206,,5.09726,34
2025-04-22,93495.6,43930.5,2.16137,0.530133,1.29434,2.12826,3.79855,0.922732,0.992164,634,4165.9,9.39366,0.00470079,2.56543,,5.03294,35.2857
2025-04-23,93695.7,44069.1,2.16194,0.529657,0.954111,2.12611,3.29894,0.92387,0.99334,1471.3,4923.5,9.28846,0.0147525,2.21341,,4.94449,41.4286
2025-04-24,93849.9,44139.8,2.16345,0.529676,1.18108,2.12619,3.10395,0.924145,0.994025,1886.5,5311.9,9.15112,0.0208865,1.685,,4.9285,46.1429
2025-04-25,94771.4,44292.1,2.19474,0.532642,1.21674,2.13969,2.8515,0.939495,1.00282,2176.9,4946.8,9.32845,0.0316304,0.990036,,4.93864,50
2025-04-26,94694.5,44315.1,2.18821,0.53202,1.12175,2.13685,2.74999,0.935079,1.00105,2095.2,3669.7,9.59778,0.0390406,0.103347,,4.96593,54.7143
2025-04-27,93812.9,44328.7,2.14725,0.527478,1.12698,2.1163,2.64948,0.91485,0.990787,2190.1,3101.7,9.90907,0.0456801,0.158254,,5.04636,58.1429
2025-04-28,95066,44393.1,2.19663,0.533029,1.19146,2.14146,2.83242,0.936393,1.00306,2781.3,3417,10.1335,0.048911,-0.748511,,5.15318,60.2857
2025-04-29,94102.8,44461.7,2.14982,0.52752,1.21961,2.11649,3.23033,0.91474,0.991952,2954.1,3684.1,10.2236,0.0470222,-0.69715,,5.35766,62.1429
2025-04-30,94236.7,44500.3,2.15185,0.527782,1.10319,2.11766,3.08355,0.914618,0.992417,2969,3770.2,10.7916,0.0400864,-1.25044,,5.56877,59.8571
2025-05-01,96411.7,44562.7,2.24094,0.537787,1.15281,2.16351,3.06105,0.954336,1.01435,3549.3,4508.3,10.577,0.0382259,-1.20497,,5.66,58.4286
2025-05-02,96842.1,44627.2,2.25442,0.539176,1.36156,2.17003,2.76366,0.960097,1.01789,4003.4,4667.4,10.546,0.0334759,-2.7082,,5.63732,59.4286
2025-05-03,95943.6,44649.3,2.21245,0.53463,1.38878,2.14883,2.91412,0.939748,1.00748,4103.2,4723.5,10.6939,0.0281762,-2.40754,,5.4836,59.4286
2025-05-04,94377.8,44652.3,2.14271,0.526877,1.15672,2.11362,1.97883,0.906925,0.990096,4168.1,4815,10.8402,0.022429,-1.89002,,5.24821,59.8571
2025-05-05,94853.7,44745.9,2.1571,0.528264,1.46093,2.11983,2.10905,0.913632,0.994141,4593.6,5106.2,10.4305,0.0177245,-1.6717,,5.16806,59.5714
2025-05-06,96677.9,44828.8,2.22978,0.536308,1.17261,2.1566,1.80743,0.946543,1.01229,4507.96,4611.26,9.04507,0.0140923,-1.34685,,4.86446,59.4286
2025-05-07,97137.4,44884.2,2.24484,0.537931,1.28699,2.16418,1.59935,0.952951,1.01612,4759.47,4971.97,8.05244,0.0159017,-0.900924,,4.55438,61
2025-05-08,103070,44992.1,2.49207,0.563478,1.43495,2.29083,1.54227,1.0697,1.07711,5204.93,5745.43,7.89947,0.00817231,-0.306079,,4.39124,62.7143
2025-05-09,102941,45088,2.47947,0.562,1.26031,2.28311,1.74705,1.06374,1.0747,5666.72,5961.92,7.63983,0.00267179,2.54515,,4.36683,63.5714
2025-05-10,104583,45117.8,2.54541,0.568592,1.36962,2.31799,1.5841,1.09446,1.09075,5816.22,5864.62,7.54846,0.00287421,4.01307,,4.50608,64.2857
2025-05-11,103976,45145.2,2.51522,0.565812,1.35072,2.30315,1.48126,1.07834,1.08335,5817.22,5879.92,7.57931,0.0046427,4.88938,,4.76392,65.1429
2025-05-12,102920,45208.8,2.46444,0.560738,1.29899,2.27655,1.4926,1.05334,1.07129,5822.32,5741.62,7.50187,0.0065608,5.81596,,4.77787,67.7143
2025-05-13,104146,45339.5,2.50815,0.564654,1.17728,2.29702,0.492351,1.07509,1.08297,5726.17,5686.77,7.24272,0.0062443,6.69864,,5.01321,69.2857
2025-05-14,103573,45392.1,2.47851,0.561737,1.29487,2.28174,0.0824189,1.05995,1.07595,6044.23,6003.33,7.0638,0.00774927,7.64373,,5.23958,70.1429
2025-05-15,103716,45503,2.47695,0.561275,1.31286,2.27933,-0.0464962,1.05961,1.07637,6082.79,5965.49,7.16085,0.0127494,7.49246,,5.25584,70.8571
2025-05-16,103566,45565.2,2.46499,0.560038,1.21977,2.27293,-0.436681,1.05344,1.07375,6512.86,6839.96,7.25546,0.0179778,7.09769,,5.25801,70.5714
2025-05-17,103190,45579.2,2.44555,0.558298,1.27657,2.26397,-0.82705,1.04295,1.0688,6405.96,6835.26,7.42751,0.0216207,6.20312,,5.03037,71.1429
2025-05-18,106016,45616.4,2.56072,0.56972,1.48276,2.32407,-0.47065,1.09768,1.09697,6405.96,6847.06,7.34876,0.0206651,6.12465,,5.09062,71.7143
2025-05-19,105616,45731.8,2.53575,0.566999,1.28426,2.30946,-0.568622,1.08615,1.09175,7073.39,7680.19,7.54517,0.0257525,5.98829,,5.13308,72.2857
2025-05-20,106893,45821.5,2.58277,0.571334,1.36281,2.33282,-0.190912,1.1091,1.10385,7402.42,8092.32,7.56087,0.0302572,5.60494,,5.04378,72.4286
2025-05-21,109705,45956.8,2.69231,0.581087,1.35889,2.38713,0.122338,1.16439,1.13174,7624.01,7926.51,7.31763,0.0313864,5.62554,,5.08397,72
2025-05-22,111477,46081.7,2.75802,0.586626,1.4363,2.41911,-0.0979272,1.19824,1.14885,7622.25,6988.25,7.80994,0.0313086,6.68127,,5.34416,72.2857
2025-05-23,107292,46142.2,2.57571,0.569938,1.42671,2.32524,0.689532,1.10634,1.10461,6916.99,5445.69,7.70896,0.0266938,7.1187,,5.54407,73.2857
2025-05-24,107917,46167.4,2.59766,0.572197,1.30412,2.33752,0.627743,1.11573,1.10994,6474.99,4588.49,7.9561,0.0264427,7.59805,,5.83159,72.1429
2025-05-25,108915,46197.6,2.63491,0.575838,1.40774,2.35759,0.643254,1.13328,1.11907,6094.99,3918.09,8.01404,0.0315416,7.38494,,5.84843,72.1429
2025-05-26,109372,46313.8,2.64575,0.576548,1.43062,2.36154,0.895326,1.13962,1.12264,6094.99,3999.79,8.30498,0.0284841,8.06139,,5.99229,72
2025-05-27,109066,46444.4,2.62403,0.574164,1.31262,2.34832,1.02837,1.13015,1.11837,6479.84,4289.74,8.94599,0.0290865,8.09481,,6.13821,72.4286
2025-05-28,107895,46515.3,2.56875,0.568885,1.50734,2.31957,1.14174,1.10305,1.10526,6321.26,3539.96,9.12733,0.0263843,7.56082,,6.20704,72.5714
2025-05-29,105733,46588.3,2.47225,0.559377,1.42957,2.26952,1.03825,1.0568,1.08204,5789.81,2835.71,9.13341,0.0219166,6.74619,,6.14599,72.8571
2025-05-30,103981,46624.8,2.39478,0.551604,1.36807,2.23017,1.33572,1.02028,1.06307,5229.89,2260.89,8.79009,0.0257523,6.15526,,6.07249,70.2857
2025-05-31,104709,46634.3,2.42196,0.554629,1.42868,2.24532,1.56587,1.03271,1.06946,4807.39,1258.09,9.20226,0.0289003,6.40523,,5.98985,68
2025-06-01,105750,46651.2,2.46176,0.558854,1.1907,2.26682,1.31343,1.05149,1.07902,4132.49,129.089,9.26807,0.0307949,5.74364,,5.95413,65.4286
2025-06-02,105900,46792.6,2.45918,0.558143,1.19112,2.26317,0.750014,1.05242,1.07948,3864.97,-238.231,9.31386,0.0351255,4.82097,,5.968,64.1429
2025-06-03,105484,46901.6,2.4345,0.555368,1.28326,2.24905,1.28251,1.04239,1.07419,4243.01,74.9123,9.33011,0.0378425,4.72373,,5.94318,62.7143
2025-06-04,104783,46974.6,2.39957,0.551696,1.11443,2.23063,0.667551,1.02683,1.066,3904.43,-689.166,9.1533,0.0430978,4.34673,,5.71438,61.4286
2025-06-05,101669,46972.9,2.268,0.537983,1.14867,2.16442,0.833807,0.96517,1.03333,3711.63,-796.331,9.29298,0.0548074,4.01948,,5.4574,59
2025-06-06,104421,47007.3,2.37798,0.549829,1.17851,2.22138,0.707895,1.01641,1.06026,3521.5,-1237.97,8.67544,0.0642634,2.80044,,5.30878,56.8571
2025-06-07,105685,47036.9,2.4263,0.554934,1.27135,2.24686,0.601486,1.03945,1.07204,3404.04,-1800.89,8.92642,0.0664155,1.4187,,5.09133,57.1429
2025-06-08,105728,47061.4,2.42424,0.554881,1.35947,2.24659,0.787116,1.03867,1.07142,3069.46,-2597.26,9.12788,0.0662551,1.46819,,4.98347,58
2025-06-09,110198,47126.9,2.60292,0.572344,1.29513,2.33833,0.7436,1.12664,1.1156,3455.73,-2360.49,9.32099,0.0629001,1.23349,,4.70936,57.7143
2025-06-10,110074,47201.7,2.59141,0.571182,1.55844,2.33199,1.11134,1.12241,1.11323,3886.85,-1930.37,9.10221,0.0580013,1.7034,,4.59548,58.7143
2025-06-11,108646,47248.3,2.52751,0.565116,1.2813,2.29946,1.19135,1.09183,1.09769,4046.32,-1775.99,8.80294,0.0511677,2.67566,,4.4537,60.1429
2025-06-12,105999,47279.6,2.41449,0.553962,1.31042,2.24196,2.01313,1.03786,1.0699,4228.78,-1497.4,8.95772,0.0490276,2.79037,,4.17778,62.1429
2025-06-13,106025,47344.6,2.41011,0.553457,1.2825,2.23943,2.22026,1.0367,1.06911,4231.82,-1812.41,8.56594,0.0420737,3.37969,,3.89345,64.4286
2025-06-14,105467,47355.3,2.38407,0.550994,1.32628,2.22714,2.38642,1.02411,1.06245,4116.86,-1965.93,8.84878,0.0406084,4.04217,,3.65883,66
2025-06-15,105513,47374.2,2.38248,0.55101,1.19356,2.22722,2.64866,1.02352,1.06187,3856.59,-2656.26,8.83256,0.0357547,3.95603,,3.25622,65.7143
2025-06-16,107244,47478.9,2.44627,0.557282,1.30092,2.25877,2.90144,1.05576,1.07823,4268.8,-2137.16,8.7204,0.037962,4.15845,,3.00048,65.5714
2025-06-17,104628,47489.1,2.33622,0.546116,1.02508,2.20321,2.15611,1.00355,1.05091,4485.28,-1920.68,8.52683,0.038188,3.39168,,2.7347,65.1429
2025-06-18,104813,47516.8,2.34008,0.546653,1.21702,2.20582,2.19664,1.00571,1.05174,4207.41,-2865.98,8.33026,0.0385486,2.68395,,2.30257,62.2857
2025-06-19,104710,47545.4,2.33213,0.545931,1.10181,2.20231,1.74436,1.00239,1.04968,3878.39,-3524.03,8.40144,0.0334703,2.34794,,2.12388,60.2857
2025-06-20,103275,47565.1,2.27041,0.539432,1.29004,2.17123,1.69907,0.973787,1.0343,3275.76,-4348.25,7.986,0.0282112,2.97579,,1.81569,59.2857
2025-06-21,101548,47583.4,2.19709,0.53142,1.18303,2.13411,1.74117,0.940318,1.01604,2341.02,-5281.24,7.45392,0.0258065,3.30945,,1.59131,57.2857
2025-06-22,100899,47595.9,2.16802,0.528283,0.891818,2.11992,0.791872,0.927345,1.00858,2129.28,-4787.71,7.28711,0.0299343,3.92792,,1.4122,54.7143
2025-06-23,105497,47661,2.34978,0.548224,0.931572,2.21349,0.474446,1.01237,1.05352,2479.71,-3995.28,6.89835,0.031898,3.52225,,1.09153,52.7143
2025-06-24,105964,47724,2.36356,0.54962,1.0224,2.22035,0.0791956,1.02007,1.05715,3068.26,-3026.73,6.16255,0.0346009,3.16121,,0.751721,52.2857
2025-06-25,107305,47795.9,2.41231,0.554579,1.26321,2.24507,-0.180859,1.04467,1.06948,3615.98,-2479.01,6.85455,0.0397417,2.73886,,0.580497,54.2857
2025-06-26,107013,47898.8,2.39359,0.552401,1.38017,2.23414,0.0239207,1.03766,1.06553,3459.27,-3020.57,7.0692,0.0460068,2.77906,,0.223153,56.7143
2025-06-27,107091,48007.2,2.38965,0.551715,1.01071,2.23073,-0.728156,1.03768,1.06526,3527.93,-2793.34,7.4047,0.0521053,2.3883,,0.756792,58.2857
2025-06-28,107358,48021.9,2.39712,0.552692,1.27542,2.2356,-0.950514,1.04131,1.06687,3886.58,-1903.23,7.42934,0.0537114,2.17848,,1.22564,60.5714
2025-06-29,108361,48050.4,2.43369,0.55657,1.49747,2.25515,-1.09035,1.05947,1.07578,4502.8,-727.092,7.59266,0.0502534,2.15668,,1.71693,64.2857
2025-06-30,107153,48170.6,2.37744,0.550451,1.26823,2.22445,-1.77365,1.03463,1.06276,4604.94,-202.452,7.49917,0.0460861,2.57106,,2.27716,67
2025-07-01,105566,48195.6,2.30998,0.543456,1.1533,2.19037,-1.64006,1.00303,1.04601,4262.69,130.196,7.51934,0.0429718,2.75804,,2.69734,66.8571
2025-07-02,108927,48255.6,2.44005,0.556992,1.35649,2.25729,-1.24629,1.0665,1.07825,4937.98,1073.02,7.45081,0.0408446,3.21716,,3.34503,66.4286
2025-07-03,109632,48334,2.46236,0.559126,1.34507,2.26822,-1.46662,1.07905,1.08416,5161.88,918.867,7.56015,0.0365359,3.67774,,4.17944,66.2857
2025-07-04,108081,48787.6,2.37915,0.548603,1.39346,2.21535,-0.767292,1.04761,1.06778,5074.96,1170.52,7.91457,0.0343271,3.97511,,4.19459,67.4286
2025-07-05,108245,48801.2,2.38246,0.549159,1.37492,2.21807,-0.693423,1.04966,1.06835,5353.39,1641.76,8.11778,0.0339358,3.91254,,4.19534,67.7143
2025-07-06,109180,48821,2.41637,0.55284,1.41084,2.23633,-0.441694,1.0664,1.07652,5401.22,1879.71,8.42539,0.0326598,3.28808,,4.21673,67.4286
2025-07-07,108249,48899.8,2.37329,0.548268,1.31767,2.2137,-0.415523,1.04674,1.0663,5617.86,2213.81,8.61609,0.029253,3.34559,,4.24875,68.4286
2025-07-08,108957,48988,2.3953,0.550389,1.24546,2.22415,-0.940838,1.05886,1.07222,5697.93,2628.48,8.86825,0.0302543,3.48851,,4.38654,68.5714
2025-07-09,111417,49120.6,2.48528,0.559128,1.46787,2.26823,-0.799048,1.10538,1.09535,5529.7,2073.97,8.78311,0.0293605,3.56162,,4.62333,69
2025-07-10,115874,49211.7,2.65595,0.5753,1.58757,2.3546,-1.28327,1.19325,1.13802,6277.41,2390.56,9.05606,0.0266384,3.92505,,4.80681,68.7143
2025-07-11,117619,49375.5,2.7152,0.580206,1.41059,2.38212,-1.37625,1.22694,1.15399,7142.54,3096.22,9.61049,0.0257678,4.86175,,5.06105,68.4286
2025-07-12,117382,49457.2,2.69887,0.578666,1.39568,2.37341,-1.70814,1.21978,1.1505,7056.23,2827.45,9.84937,0.0238935,6.00232,,5.40683,70.1429
2025-07-13,118900,49506.3,2.75335,0.58363,1.29784,2.40171,-1.93014,1.24918,1.16419,6733.63,2501.81,10.0611,0.026057,7.32498,,5.75241,71.2857
2025-07-14,119871,49687.3,2.78074,0.585494,1.38267,2.41251,-2.1609,1.26701,1.17251,7031.02,2914.16,10.1473,0.0268248,8.26261,,6.1069,71.4286
2025-07-15,117711,49789,2.68748,0.577023,1.53253,2.3642,-1.91661,1.21922,1.15021,7434.02,3577.42,9.78267,0.0261337,9.34525,,6.46419,72.5714
2025-07-16,118730,50120.9,2.71093,0.577859,1.23315,2.36888,-2.21535,1.23785,1.159,7821.22,3552.42,9.26183,0.0268005,10.3494,,6.71709,73.1429
2025-07-17,119502,50316.8,2.72984,0.578945,1.28685,2.37499,-1.5619,1.25124,1.16534,8127.33,3642.05,10.1717,0.0363744,10.8484,,6.85675,73.5714
2025-07-18,117959,50401.3,2.66202,0.57272,1.34241,2.34038,-1.56584,1.21648,1.14914,8101.22,3893.81,10.7663,0.0423169,10.8484,,6.98213,73.8571
2025-07-19,117909,50465.6,2.65395,0.571994,1.32122,2.33641,-1.20858,1.21286,1.14749,8101.22,4222.83,10.9404,0.0472023,10.8484,,7.16094,73.1429
2025-07-20,117306,50489.5,2.62582,0.569591,1.37736,2.32337,-1.379,1.19803,1.14048,8094.85,4819.09,11.0075,0.0494351,10.8484,,7.28964,72.8571
2025-07-21,117432,50577.2,2.62389,0.569308,1.38627,2.32184,-1.23445,1.1983,1.14056,7963.5,5622.49,11.0883,0.0538152,10.95,,7.41251,72.4286
2025-07-22,120068,50723.8,2.71779,0.577541,1.41557,2.3671,-0.232968,1.25022,1.16497,7895.57,5766.29,10.7137,0.0588217,10.95,,7.55932,72.2857
2025-07-23,118651,50827,2.65462,0.571624,1.30407,2.3344,0.491786,1.21855,1.15006,7459.18,4979.47,10.6753,0.0588823,10.95,,7.68118,72.8571
2025-07-24,118377,50897.6,2.63763,0.570039,1.3637,2.32579,1.17637,1.21065,1.14625,7097.24,4028.99,10.6085,0.0540804,10.95,,7.81371,72.4286
2025-07-25,117520,51006.4,2.5965,0.565977,1.471,2.30403,1.42231,1.1912,1.13682,6680.21,3064.24,10.7987,0.0454154,10.95,,7.90919,72
2025-07-26,117983,51034.5,2.61005,0.567442,1.41001,2.31183,1.13908,1.19827,1.14015,6452.06,2992.79,10.4202,0.0425453,10.95,,7.95233,71.7143
2025-07-27,119438,51067,2.66191,0.57244,1.27652,2.33885,1.91928,1.22542,1.15304,5950.79,2422.87,10.3429,0.0392731,10.95,,8.08617,71.8571
2025-07-28,118023,51125.6,2.60112,0.566815,1.33305,2.30848,2.03147,1.19392,1.13824,6107.81,2221.23,10.1688,0.0327033,10.95,,8.18063,72.4286
2025-07-29,117871,51216.7,2.58833,0.565486,1.02806,2.30142,1.40732,1.18842,1.13564,6187.79,1684.99,9.4813,0.0228886,10.95,,8.16239,72.5714
2025-07-30,117733,51286.8,2.57689,0.564379,1.2544,2.29557,1.78709,1.18319,1.13317,6132.69,1527.75,9.38466,0.0158107,10.95,,7.88574,72.5714
2025-07-31,115848,51313.2,2.49971,0.557066,1.38491,2.25767,2.26835,1.14334,1.11392,6360.11,2097.42,9.5815,0.0099236,10.7255,,7.70224,72.7143
2025-08-01,113282,51326.5,2.39702,0.546914,1.32561,2.20709,2.29782,1.09119,1.08818,5140.08,202.097,9.61476,0.00205558,9.46476,,7.30853,72
2025-08-02,112546,51336.5,2.36545,0.543861,1.26234,2.19231,2.43434,1.07519,1.08005,4538.14,-623.736,9.55466,-0.0064621,8.42926,,7.03118,69.5714
2025-08-03,114264,51375.3,2.42748,0.550379,1.36724,2.2241,2.29457,1.10647,1.09546,4538.14,-536.814,9.57289,-0.00788068,7.78634,,6.63987,66.7143
2025-08-04,115200,51414.1,2.45918,0.553697,1.51709,2.24063,2.47993,1.1228,1.10334,4204.95,-1148.44,9.8564,-0.00769749,6.94261,,6.35134,65.1429
2025-08-05,114111,51450.2,2.413,0.549123,1.21089,2.2179,2.21969,1.10012,1.09184,4008.77,-1392.44,10.4135,-0.00813393,6.4459,,6.12253,63.2857
2025-08-06,115035,51470.3,2.44488,0.552567,1.27143,2.23497,2.3315,1.11638,1.09959,3883.69,-1734.17,10.4134,-0.00377,6.06708,,6.11418,60.4286
2025-08-07,117445,51553.2,2.53124,0.561044,1.4476,2.27813,2.95331,1.16165,1.12151,4084.3,-1613.64,10.174,7.69845e-06,5.70198,,6.1929,59
2025-08-08,116741,51606.1,2.49908,0.557942,1.22237,2.26215,2.67091,1.14591,1.11368,4270.14,-1259.56,10.6123,0.00794442,6.02959,,6.53485,60.2857
2025-08-09,116512,51622.5,2.48663,0.556932,1.03176,2.25699,2.3593,1.13978,1.1104,3091.31,-3186.1,10.7578,0.0128833,6.7039,,6.79599,62
2025-08-10,119189,51654.8,2.58468,0.566615,1.22623,2.30742,2.38728,1.1908,1.13478,2061.61,-5080.93,11.0527,0.013749,7.33895,,7.08447,64.2857
2025-08-11,118742,51708.4,2.56227,0.564531,1.32801,2.29638,2.45996,1.17997,1.1294,2239.77,-4816.46,11.0438,0.0158608,8.18267,,7.34452,65.1429
2025-08-12,120154,51776.2,2.61026,0.569086,1.25022,2.32065,2.60537,1.20621,1.14169,2305.71,-4427.91,11.415,0.0153565,8.4985,,7.5756,66.2857
2025-08-13,123443,51872.4,2.72833,0.579786,1.45946,2.37974,2.85034,1.27088,1.17174,2095.23,-4935.79,11.5828,0.0184269,8.72731,,7.93333,69
2025-08-14,118510,51923.2,2.53521,0.561868,1.45159,2.28242,2.53887,1.16939,1.1238,1923.17,-5510.85,12.0031,0.0248922,9.31694,,8.12221,70.8571
2025-08-15,117311,51960.7,2.48511,0.55707,1.18695,2.25769,2.79333,1.14394,1.11133,1109.64,-6711.57,12.4312,0.0347376,9.39755,,8.21533,68.8571
2025-08-16,117462,52129.7,2.48143,0.556201,1.34549,2.25327,2.80367,1.14493,1.11167,587.042,-7540.29,13.0299,0.0404444,9.55753,,8.17723,67.2857
2025-08-17,117602,52144.6,2.48315,0.556601,1.34458,2.25531,2.89119,1.14584,1.11188,223.588,-7877.63,12.9439,0.0474734,8.77012,,7.97573,66.5714
2025-08-18,116313,52166.3,2.43058,0.5515,1.34492,2.22966,2.89248,1.1192,1.09862,101.779,-7999.44,13.3092,0.0520142,7.59482,,7.64973,65.1429
2025-08-19,112886,52203.9,2.29681,0.537552,1.13405,2.16241,2.78714,1.05269,1.06522,-421.532,-8516.39,13.1688,0.0530611,7.07521,,7.27067,63.4286
2025-08-20,114277,52238.8,2.34553,0.542877,1.2062,2.18759,2.62001,1.07708,1.07729,-601.75,-8565.25,12.6774,0.0459344,6.22633,,6.82871,59.2857
2025-08-21,112347,52252.2,2.26963,0.534904,1.25112,2.15009,2.14283,1.03926,1.05808,-728.139,-8623.71,12.6018,0.0309615,5.5127,,6.5839,55.7143
2025-08-22,116801,52354.6,2.43112,0.551763,1.2726,2.23096,1.86608,1.12143,1.09894,-665.325,-8124.51,11.9977,0.0146474,6.00868,,6.57859,54.2857
2025-08-23,115280,52369.9,2.37051,0.545717,1.30578,2.20127,1.62057,1.09048,1.08358,-891.933,-7989.17,11.8243,0.00120049,6.19483,,6.68656,54.8571
2025-08-24,113516,52376.1,2.30131,0.538602,1.38481,2.16733,1.52025,1.05548,1.06596,-1022.63,-7702.84,12.3655,-0.00992228,6.99012,,7.06806,53.2857
2025-08-25,110090,52383.5,2.16989,0.524174,1.15303,2.10161,1.44041,0.99112,1.0328,-803.625,-7255.69,12.2848,-0.0152237,8.07907,,7.19797,51.4286
2025-08-26,111895,52412.5,2.23438,0.531594,1.24464,2.1349,1.3462,1.02215,1.04873,-715.42,-6666.21,13.1433,-0.0119608,8.17584,,7.4885,50.2857
2025-08-27,111252,52432.4,2.20724,0.528708,1.23542,2.12183,1.4145,1.00876,1.04171,-791.195,-6899.01,13.2583,-0.0116251,8.17365,,7.75112,51.2857
2025-08-28,112481,52492.9,2.24873,0.533319,1.32176,2.14279,2.49301,1.02938,1.0522,-692.277,-6880.07,13.3966,-0.0062993,8.49631,,7.8543,51
2025-08-29,108473,52694.7,2.08895,0.514215,1.32008,2.05852,2.7867,0.955894,1.01375,-865.958,-6998.65,14.2892,-0.00299401,7.84964,,7.70372,51
2025-08-30,108746,52712.1,2.09653,0.515274,1.26501,2.06302,2.49466,0.959178,1.01534,-751.124,-7111.23,14.3009,0.00368265,7.52807,,7.35594,48
2025-08-31,108316,52717.6,2.07829,0.5133,1.05147,2.05465,2.18185,0.950212,1.01038,61.1234,-5078.96,14.3308,0.00514698,6.6686,,6.86312,47.2857
2025-09-01,108992,52743.2,2.1006,0.516084,1.28804,2.06647,2.3119,0.960602,1.01572,61.1234,-4477.02,14.3385,0.00462126,6.21386,,6.7733,47.1429
2025-09-02,111141,52770.1,2.17767,0.525196,1.32755,2.10613,2.32222,0.997233,1.03476,393.884,-4144.26,14.0204,0.00437827,6.40601,,6.57053,47.2857
2025-09-03,111781,52792.7,2.19847,0.527712,1.1207,2.11735,1.65624,1.0071,1.03972,1028.4,-3176.55,13.4919,0.011707,6.27237,,6.40275,47.8571
2025-09-04,110901,52839,2.1618,0.523546,1.13469,2.09884,1.80346,0.989644,1.03055,997.097,-3011.68,14.3375,0.01029,5.83604,,6.0627,48.2857
2025-09-05,110711,52946.8,2.14863,0.521758,1.15537,2.09099,1.8187,0.984608,1.02782,745.365,-3138.32,15.0877,0.0108394,6.59957,,5.70371,48
2025-09-06,110244,52962.4,2.12859,0.519588,1.12464,2.08155,1.33329,0.97467,1.02251,464.676,-3619.62,14.3077,0.0117996,6.00112,,5.60833,49.2857
2025-09-07,111308,52983.6,2.16521,0.52399,1.24691,2.1008,1.78108,0.991924,1.0314,60.795,-4209.34,14.3258,0.0108187,5.9507,,5.58493,48.7143
2025-09-08,112112,53021.1,2.19148,0.527072,1.30257,2.11449,2.81393,1.00469,1.03786,429.047,-2662.26,14.0714,0.0113796,6.14749,,5.38902,49.4286
2025-09-09,111486,53040.8,2.16541,0.52424,1.3492,2.1019,3.26796,0.991817,1.03108,452.102,-1609.51,14.2545,0.010501,6.23571,,5.44464,49.2857
2025-09-10,113931,53091.7,2.25174,0.534,1.40036,2.14592,3.56876,1.03394,1.05268,1031.09,-1208.68,14.1978,0.00657977,6.89235,,5.46036,48.4286
2025-09-11,115446,53156,2.30296,0.539558,1.24929,2.17183,3.75449,1.05963,1.06565,1517.93,-787.788,14.2649,0.0143021,6.85679,,5.83244,48.8571
2025-09-12,116149,53195.2,2.32497,0.54201,1.00451,2.18345,3.25853,1.0703,1.07111,2073.36,-21.8708,14.2139,0.0240741,6.40794,,6.06586,50.1429
2025-09-13,115966,53227.5,2.31449,0.541006,1.17636,2.17868,3.08376,1.06448,1.06838,1842.43,-80.7435,14.8021,0.0268325,5.97865,,6.31866,50.7143
2025-09-14,115396,53242.6,2.29047,0.538609,1.26788,2.16736,3.30479,1.05136,1.06211,1856.56,746.916,15.111,0.0335394,6.16256,,6.92142,52.2857
2025-09-15,115421,53295.8,2.28701,0.538248,1.34842,2.16567,3.29036,1.04918,1.06131,2116.58,1529.53,15.164,0.0361453,6.12387,,7.00466,52.5714
2025-09-16,116799,53360.1,2.33282,0.543145,1.33641,2.18888,3.33218,1.0716,1.07295,2408.84,2185.25,15.2031,0.0394587,5.6369,,6.78098,53.1429
2025-09-17,116576,53430.8,2.31949,0.541664,1.06586,2.18181,2.94215,1.06486,1.06986,2479.37,2377.59,15.5056,0.0402261,5.68305,,6.54291,53.7143
2025-09-18,117014,53469.7,2.33164,0.54305,1.31803,2.18843,3.45545,1.07071,1.07285,3165.7,3587.24,15.6347,0.0370449,5.92421,,6.16939,53.4286
2025-09-19,115612,53562.6,2.27439,0.536705,1.38149,2.15845,3.98691,1.04268,1.05898,3699.89,4301.64,16.1813,0.0351647,5.42082,,6.07424,52.8571
2025-09-20,115753,53587.4,2.27624,0.537055,1.25758,2.16008,4.16138,1.04275,1.05925,3894.21,4622.35,16.5021,0.0379605,5.36295,,5.68148,52.2857
2025-09-21,115321,53607.7,2.25732,0.535143,1.32397,2.1512,4.39259,1.03274,1.05428,3917.36,4582.69,16.5028,0.0380167,4.5759,,4.87205,51.4286
2025-09-22,112728,53601.1,2.16059,0.524508,1.19641,2.10308,4.42344,0.984777,1.0296,3554.19,4446.12,16.7578,0.0444613,4.08529,,4.12851,50.2857
2025-09-23,112052,53654.1,2.13193,0.521169,1.14015,2.08842,4.26561,0.970829,1.02246,3450.58,4473.21,16.2846,0.0418059,4.45879,,3.55639,49
2025-09-24,113325,53712.3,2.17411,0.526031,1.22327,2.10984,4.65886,0.990693,1.03309,3472.58,4276.2,16.6955,0.0434279,4.21012,,2.83551,47.7143
2025-09-25,109166,53743.6,2.01951,0.50769,1.08464,2.03124,4.53371,0.917055,0.994255,3125.91,3841.33,16.936,0.0448146,3.84475,,2.25147,46.5714
2025-09-26,109669,53777.9,2.03474,0.509635,1.0189,2.0393,4.39565,0.923122,0.997903,2626.41,3417.61,16.8509,0.0448239,4.26591,,2.42058,43
2025-09-27,109645,53789.3,2.03162,0.509421,1.19433,2.03841,3.95523,0.920534,0.996752,2447.52,3139.79,16.9915,0.0431873,4.70975,,2.72952,40.8571
2025-09-28,112170,53814.1,2.12056,0.520245,1.29816,2.0844,3.78197,0.961092,1.01875,2574.16,3440.12,17.0721,0.0407077,5.36508,,3.04185,39.1429
2025-09-29,114341,53865.4,2.1954,0.528907,1.12153,2.12272,3.66352,0.995992,1.03748,3096.11,3847.23,17.0403,0.0369955,4.86462,,4.04814,39.8571
2025-09-30,113972,53943.3,2.17702,0.526696,1.28321,2.11281,4.31613,0.987122,1.03315,3526.07,3464.94,17.2397,0.0379562,4.30184,,4.93307,40.8571
2025-10-01,118393,54155.9,2.32713,0.542576,1.24821,2.18616,4.17534,1.06238,1.07219,4201.88,4140.76,17.6179,0.0385693,4.2948,,5.9816,41.5714
2025-10-02,120559,54262.4,2.39899,0.549909,1.14325,2.22177,4.0074,1.09846,1.09074,4496.37,4102.48,17.8316,0.0422242,5.14248,,6.95957,44.4286
2025-10-03,122348,54396.2,2.456,0.555398,1.00573,2.2492,4.36205,1.12811,1.10585,5180.12,4151.72,18.2282,0.0439789,5.90935,,7.08056,49.4286
2025-10-04,122380,54448.1,2.45239,0.555089,1.14111,2.24764,4.47831,1.1254,1.10505,5407.6,4410.51,18.7239,0.0446004,6.79974,,7.22657,54.8571
2025-10-05,123524,54493.4,2.48907,0.558843,1.2785,2.26677,4.65096,1.14343,1.11429,5567.78,4822.42,18.9174,0.0460514,7.56431,,7.43786,60.1429
2025-10-06,124824,54576.5,2.52986,0.562774,1.06534,2.28715,4.74262,1.16422,1.12491,6772.97,6308.29,18.651,0.04494,8.58438,,7.54017,63.1429
2025-10-07,121588,54785.3,2.40303,0.549417,1.1627,2.21935,4.43391,1.10154,1.09467,7648.57,7587.78,18.9486,0.0481455,9.31292,,7.68486,66
2025-10-08,123390,54874.2,2.46177,0.55528,1.26355,2.24861,3.89633,1.13118,1.10982,7721.05,7292,19.0427,0.0463857,9.37164,,7.73699,67.5714
2025-10-09,121603,54960.6,2.39173,0.548034,1.00834,2.21255,3.08131,1.09569,1.09268,7895.68,7443.57,18.5133,0.0436666,8.37164,,7.68118,68.4286
2025-10-10,113755,54939.1,2.10882,0.51704,1.03647,2.07056,2.47645,0.956635,1.02119,7134.03,6102.94,18.159,0.0611993,7.10723,,7.59189,68.5714
2025-10-11,110940,54935,2.00626,0.504823,1.12409,2.01948,2.39307,0.90793,0.995,6581.25,5063.32,18.1616,0.0688352,6.69817,,7.53608,62.2857
2025-10-12,115153,54962.3,2.1541,0.522702,1.14923,2.09513,3.16134,0.975884,1.03181,5938.89,3865.53,17.9186,0.075979,4.64796,,7.43621,55.1429
2025-10-13,115332,54986.5,2.15754,0.523234,1.20458,2.09746,3.60901,0.976627,1.03244,5612.38,3769.95,18.1059,0.0828787,3.24329,,7.24875,50.4286
2025-10-14,113327,55097.9,2.07993,0.513815,1.31355,2.05683,3.6833,0.940672,1.01354,5714.96,3858.4,18.9271,0.0811484,1.54192,,6.85981,45.8571
2025-10-15,110863,55268.6,1.98408,0.501468,1.09376,2.00589,3.43747,0.898024,0.99058,5350.83,3234.25,18.1632,0.0818902,0.542599,,6.61831,42.1429
2025-10-16,108135,55231.3,1.88652,0.489237,1.13204,1.95786,3.32712,0.852392,0.965324,4522.13,2113.29,18.1124,0.0754495,-0.298153,,6.42102,36.1429
2025-10-17,106626,55267,1.82999,0.481673,1.15863,1.92928,3.99899,0.82691,0.950986,4206.82,1727.46,17.9285,0.0530466,-0.657261,,6.22646,30.1429
2025-10-18,107144,55281.6,1.84648,0.484044,1.2063,1.93815,3.79484,0.833219,0.95474,4043.8,878.094,17.8718,0.042654,-2.50015,,6.07376,29.5714
2025-10-19,108707,55295.3,1.90006,0.491335,1.03041,1.96593,3.05225,0.855708,0.967779,3821.18,121.289,17.7109,0.0343501,-1.77051,,5.88768,30.2857
2025-10-20,110640,55313.5,1.96651,0.50006,1.12323,2.00024,2.85317,0.884301,0.984085,3780.71,-113.501,17.612,0.0251121,-1.72629,,5.75717,29
2025-10-21,108700,55339.2,1.8951,0.490901,1.10995,1.96426,2.43047,0.851641,0.965948,4257.9,340.536,17.3766,0.0279621,-1.62326,,5.74747,28.4286
2025-10-22,107668,55433.9,1.85358,0.485138,1.1199,1.94227,2.38211,0.83367,0.955901,4519.78,965.589,17.3191,0.0229474,-1.3541,,5.73097,27.1429
2025-10-23,110061,55478.4,1.9353,0.49593,1.06139,1.98385,2.47132,0.868817,0.976252,4643.72,1193.13,16.5825,0.0280452,-0.129158,,5.66065,27
2025-10-24,111025,55505.8,1.96683,0.50006,1.34719,2.00024,2.53431,0.881784,0.983895,4493.32,1020.75,16.7454,0.0278177,0.371831,,5.67587,28.1429
2025-10-25,111615,55526.2,1.98527,0.502518,1.20886,2.01012,2.74628,0.888638,0.988207,4751.78,1625.87,16.7121,0.0254518,1.77708,,5.57331,30.1429
2025-10-26,114557,55579.4,2.0856,0.514832,1.13843,2.06114,3.01294,0.9337,1.01331,5170.04,2543.62,16.4642,0.0210925,2.11361,,5.55788,31.7143
2025-10-27,114088,55635,2.06514,0.512349,1.13254,2.05065,2.85827,0.923519,1.00822,5319.33,2871.82,16.4281,0.0149502,3.68749,,5.58619,34.8571
2025-10-28,112981,55738.3,2.02058,0.506657,1.2345,2.02699,2.71119,0.903447,0.99751,5521.82,2947.66,16.2711,0.00980857,4.87155,,5.616,37.1429
2025-10-29,110206,55804.7,1.9187,0.493634,0.913926,1.97486,2.66662,0.857704,0.972124,4529.16,1433.05,16.058,0.0105753,5.11266,,5.457,40.8571
2025-10-30,108020,55895.6,1.83693,0.482542,1.16417,1.93252,2.35645,0.822167,0.951973,3610.78,84.7084,15.5509,0.00464348,4.72633,,5.39116,41.8571
2025-10-31,109554,55905.6,1.88912,0.489699,1.03232,1.95963,2.30044,0.843797,0.964617,2743.37,-1458.52,15.2921,-0.00585574,5.3424,,5.30224,41.7143
2025-11-01,110005,55944.1,1.90208,0.491442,1.02091,1.96634,2.42759,0.84879,0.967704,2116.12,-2380.24,15.2999,-0.0136067,6.26575,,5.21497,41.1429
2025-11-02,110389,55956.2,1.91357,0.4931,1.14912,1.97278,2.90869,0.852754,0.970194,1131.04,-4049.08,15.1163,-0.0146027,6.92499,,5.0511,40.7143
2025-11-03,106496,55988.9,1.77423,0.474262,1.01448,1.90209,2.89048,0.792013,0.935136,944.527,-4463.08,14.8081,-0.0150457,6.45445,,4.84731,39.4286
2025-11-04,101350,55942.2,1.59405,0.448028,0.890171,1.81169,2.48371,0.715984,0.889172,366.791,-5200.99,14.7238,-0.0199302,6.73029,,4.51459,35.2857
2025-11-05,103916,55957.3,1.68244,0.461513,0.960656,1.85706,2.74651,0.751236,0.910879,-975.388,-7748.35,14.2308,-0.0228851,6.95033,,4.50688,31.2857
2025-11-06,101242,55943.2,1.58809,0.447428,0.949046,1.80972,2.83377,0.711772,0.886664,-1610.97,-9259.54,13.773,-0.0308067,7.38244,,4.38923,30.2857
2025-11-07,103428,56124.3,1.65728,0.457361,0.982885,1.84285,2.77629,0.741523,0.905018,-2610.14,-10331.2,13.2784,-0.0315108,7.24426,,4.33733,29.5714
2025-11-08,102335,56142.9,1.61724,0.451381,0.821613,1.82276,3.19009,0.724911,0.894666,-2807.82,-10703.5,13.1028,-0.0306549,6.4507,,4.24029,27.7143
2025-11-09,104686,56156.8,1.69785,0.463567,0.98683,1.86417,3.60335,0.757454,0.914406,-2803.32,-9937.35,13.1643,-0.0325917,5.90372,,4.21114,25.5714
2025-11-10,106082,56201.3,1.74389,0.470211,0.99237,1.88754,3.43647,0.77659,0.925782,-2802.16,-9383.41,12.834,-0.0334597,6.05618,,4.23427,23.7143
2025-11-11,102974,56212.2,1.63376,0.454115,1.05204,1.83189,3.14299,0.730754,0.89787,-2278.18,-8217.08,12.5502,-0.0375842,5.20725,,4.36548,24.4286
2025-11-12,101682,56224.3,1.58716,0.447059,0.957097,1.80851,2.76542,0.711599,0.88583,-2229.64,-7842.02,12.0032,-0.0383276,5.00681,,4.27873,24.5714
2025-11-13,100035,56199.2,1.5296,0.438206,1.00123,1.78001,2.19919,0.687862,0.870732,-3202.09,-8917.05,11.3422,-0.0405822,5.08408,,4.38064,22.8571
2025-11-14,94503.3,56109.6,1.339,0.406268,0.907603,1.68426,2.25021,0.613323,0.821892,-3590.08,-8940.91,10.5285,-0.0452858,5.56432,,4.29838,21.7143
2025-11-15,95541.3,56117.9,1.37418,0.412632,0.911209,1.70251,2.1236,0.626229,0.830222,-3053.65,-7575.77,10.2973,-0.0491406,6.07881,,4.33886,20.2857
2025-11-16,94182.3,56109.2,1.32644,0.404249,0.998613,1.67855,1.72873,0.607966,0.817731,-2687.06,-6893.88,9.92603,-0.0583573,6.77284,,4.32373,18.5714
2025-11-17,91911.5,56068,1.24817,0.389979,0.760302,1.63929,1.14973,0.578591,0.797359,-2941.57,-6985.37,9.79322,-0.0735097,7.06338,,4.26714,16.4286
2025-11-18,92836.4,56110.9,1.27826,0.395594,0.82396,1.65452,1.41203,0.589861,0.804718,-3314.34,-7135.52,9.67472,-0.0743421,7.99459,,4.3225,14.2857
2025-11-19,91320.5,56068.2,1.22642,0.386028,0.835437,1.62874,1.33001,0.570354,0.790931,-3198.4,-6979.11,9.46435,-0.0871979,8.38843,,4.47021,13
2025-11-20,86911.3,56015.4,1.07443,0.355488,0.76062,1.55156,1.25568,0.516331,0.752145,-4578.7,-8836.6,9.82958,-0.0929312,8.66901,,4.42796,12.4286
2025-11-21,84948,55877.8,1.01058,0.342212,0.857154,1.52025,1.21179,0.493073,0.734579,-4238.94,-8758.72,9.84739,-0.0922541,7.8694,,4.43369,12.1429
2025-11-22,84775,56279.5,0.990238,0.336131,0.810388,1.50632,1.25702,0.490923,0.732509,-4259.27,-8902.98,9.2122,-0.0932043,7.28201,,4.33233,12.2857
2025-11-23,86872.5,56380.9,1.05919,0.350992,0.824805,1.54081,0.556894,0.515316,0.750038,-4349.87,-8843.19,9.2497,-0.0865464,6.14879,,4.35792,12.7143
2025-11-24,88377.6,56384.7,1.11088,0.362002,0.84508,1.5674,0.164915,0.533232,0.762423,-4500.95,-9252.73,8.43358,-0.0695227,5.00832,,4.42133,13.4286
2025-11-25,87434.6,56383.6,1.07774,0.355134,0.673064,1.55071,-0.359307,0.521845,0.753688,-4372.32,-9542.35,8.79726,-0.0670085,3.44205,,4.49983,14.7143
2025-11-26,90449.3,56463.1,1.1791,0.375748,0.992567,1.60192,-0.0607499,0.558329,0.779044,-4500.49,-9819.83,8.78853,-0.0535777,3.05197,,4.53262,14.7143
2025-11-27,91336.2,56449.7,1.20978,0.381957,0.873909,1.61801,-0.267855,0.569162,0.786043,-4702.97,-10224.8,8.16403,-0.0393442,2.07038,,4.52989,16.2857
2025-11-28,90990.1,56431.3,1.19788,0.379808,0.913206,1.6124,0.10188,0.564671,0.782429,-4160.9,-8690.06,8.24876,-0.0263317,1.79074,,4.60311,17.8571
2025-11-29,90842.1,56430.2,1.19225,0.37881,0.832603,1.60981,-0.399448,0.562687,0.780524,-3672.47,-7283.25,8.3075,-0.0125901,1.23104,,4.7939,20.2857
2025-11-30,90607.7,56420.5,1.18395,0.37731,1.01243,1.60594,-0.171496,0.559632,0.777881,-3480.87,-6224.24,8.08099,-0.0059373,1.77573,,4.84448,22.4286
2025-12-01,86504.6,56393.1,1.04241,0.348092,0.770347,1.53396,-0.376491,0.510076,0.742071,-3472.39,-5588.52,7.97266,-0.00356855,1.94952,,4.82774,23.1429
2025-12-02,91528,56380.9,1.21617,0.384004,0.778388,1.62339,-1.26251,0.57085,0.784526,-3413.9,-4544.93,8.59948,0.00576991,2.57242,,4.78741,23.5714
2025-12-03,93609.1,56410.1,1.28655,0.397387,0.82784,1.65944,-1.59775,0.59683,0.801705,-3242.28,-4186.81,8.16483,0.0125793,2.18562,,4.7227,25.4286
2025-12-04,92205.6,56405.7,1.23758,0.388262,0.815783,1.63469,-1.50011,0.578924,0.789042,-2859.18,-3225.97,7.15497,0.0194922,2.52637,,4.67755,26
2025-12-05,89279.8,56343.9,1.13809,0.368906,0.712681,1.58455,-2.01712,0.542711,0.763394,-2667.4,-1692.01,7.91998,0.0198919,2.74,,4.53654,26.4286
2025-12-06,89169.6,56343.8,1.13382,0.368127,0.974819,1.5826,-1.89851,0.54135,0.761843,-2907.42,-1296.45,7.96842,0.0212305,2.81087,,4.37823,25.7143
2025-12-07,90067.8,56345.2,1.1643,0.374414,0.966479,1.5985,-1.74984,0.552335,0.768901,-2348.98,261.158,8.04098,0.0221755,2.68322,,4.23316,24.5714
2025-12-08,90673.1,56332.1,1.18513,0.378734,0.900216,1.60962,-1.53398,0.559833,0.773446,-2409.46,398.362,8.04835,0.0245314,2.74391,,4.21408,24
2025-12-09,92808.9,56350.6,1.25761,0.392832,0.803763,1.64699,-1.90161,0.586387,0.791018,-2257.72,545.601,7.98218,0.0219236,3.11105,,4.15455,23.8571
2025-12-10,92102.9,56415.7,1.23045,0.387471,0.958528,1.63258,-1.77511,0.577413,0.784365,-2035.35,766.815,7.99547,0.0206684,3.44419,,3.96814,23.5714
2025-12-11,92623.7,56421.3,1.24764,0.390855,0.994964,1.64165,-1.93428,0.583883,0.78816,-2636.67,-358.493,7.73082,0.0189246,3.24318,,3.90601,24
2025-12-12,90331.6,56386.7,1.16933,0.375781,0.87965,1.602,-1.88044,0.55535,0.76804,-2309.54,-79.8941,7.55127,0.0181741,3.49467,,3.8103,24.1429
2025-12-13,90245.3,56388.9,1.16578,0.375159,0.867376,1.60041,-1.81005,0.55429,0.766692,-1439.67,1762.42,7.31195,0.0149709,3.93225,,3.95096,24.1429
2025-12-14,88096.4,56378.1,1.09173,0.360041,0.758582,1.5626,-2.05606,0.528245,0.747846,-947.563,2642.52,7.26004,0.0150879,4.2243,,3.8043,24.2857
2025-12-15,86352.6,56312.6,1.03358,0.347876,0.778816,1.53345,-2.14441,0.507574,0.732472,-1305.25,1748.39,7.04247,0.0103423,3.8581,,3.60494,23.7143
2025-12-16,87752.4,56312.9,1.08131,0.358275,0.868666,1.5583,-2.40112,0.524114,0.743762,-1582.34,1104.72,6.67332,0.00772461,3.8702,,3.54709,22.1429
2025-12-17,86059.6,56281,1.02382,0.346022,0.800128,1.5291,-1.87697,0.504106,0.728847,-870.532,2071.04,6.59777,-0.00208485,4.55572,,3.69284,20.7143
2025-12-18,85434.2,56266.1,1.00247,0.34141,0.82918,1.5184,-1.78099,0.496868,0.722992,-659.09,2655.25,6.16401,-0.0128253,4.90013,,3.94989,19
2025-12-19,88168.1,56267.7,1.09595,0.361813,0.861876,1.56694,-1.65627,0.529162,0.745541,-892.808,2305.59,5.68813,-0.0225687,5.44742,,4.59705,17.1429
2025-12-20,88292.5,56239.6,1.10075,0.36303,0.875282,1.56993,-1.35651,0.530628,0.746006,10.3048,4589,5.7809,-0.0316259,5.7719,,4.75811,16.7143
2025-12-21,88533.4,56246.2,1.10836,0.364689,0.824219,1.57403,-1.59668,0.533475,0.747453,-228.169,4010.77,6.15025,-0.0356396,6.07751,,4.89829,16.5714
2025-12-22,88474.5,56244.3,1.10596,0.364287,0.830015,1.57304,-1.76023,0.532633,0.746368,-370.362,3888.9,5.41133,-0.0434804,6.76522,,4.76601,17.8571
2025-12-23,87366,56238.4,1.06773,0.356289,0.855075,1.55349,-1.41796,0.519343,0.736442,-559,3790.87,5.14444,-0.0515025,6.59592,,4.64202,19.7143
2025-12-24,87625.7,56219.8,1.07686,0.358409,0.940263,1.55863,-1.14787,0.522433,0.738055,-583.203,3917.75,4.72539,-0.0550724,6.76574,,4.04644,20.8571
2025-12-25,87231.3,56221,1.0629,0.355495,0.812847,1.55158,-0.606286,0.517751,0.734161,-711.839,3660.48,4.49814,-0.0572521,7.20948,,3.29249,21.7143
2025-12-26,87334.8,56171.1,1.06776,0.35683,0.919774,1.5548,-1.00992,0.519095,0.73446,-1008.84,3491.65,4.29422,-0.0598664,6.913,,2.90494,22.2857
2025-12-27,87695.4,56174.3,1.07959,0.359439,0.805606,1.56113,-0.917224,0.523492,0.736918,-1008.84,3694.13,4.20097,-0.0634813,6.49804,,2.76624,22.7143
2025-12-28,87747.6,56163.1,1.08136,0.359947,0.918701,1.56237,-1.15095,0.524182,0.736782,-1080.21,3080.68,4.07565,-0.0728515,6.22956,,2.9596,23.2857
2025-12-29,87133.5,56148.4,1.06044,0.355605,0.906612,1.55184,-0.619925,0.516891,0.731058,-1099.51,2572.96,3.73752,-0.0823336,6.71235,,3.31565,23.1429
2025-12-30,88428.5,56138.1,1.10468,0.365158,0.711527,1.57519,-1.4293,0.532351,0.741342,-744.489,2736.38,3.20137,-0.0888471,7.4058,,3.50014,23
2025-12-31,87517,56102.9,1.07429,0.358948,0.787098,1.55994,-1.31234,0.521428,0.733131,-1101.06,2371.33,2.77711,-0.101906,6.55811,,4.0309,22.5714
2026-01-01,88684.2,56109.1,1.11356,0.367316,0.905514,1.58057,-0.640738,0.535391,0.742327,-1159.56,2254.33,2.12292,-0.109515,6.53115,,4.597,22.1429
2026-01-02,89940.2,56113.2,1.15588,0.376105,0.876289,1.60283,-0.322795,0.55063,0.752247,-673.524,2568.76,1.61463,-0.103314,6.26184,,4.50365,23.2857
2026-01-03,90598.1,56117.3,1.17774,0.380591,0.950108,1.61444,-0.0110493,0.558592,0.757151,-478.887,2380.3,1.69598,-0.0984062,6.29604,,4.4135,24.1429
2026-01-04,91359.8,56123.9,1.20301,0.385683,0.896514,1.62782,0.571794,0.567879,0.762909,-533.676,2133.72,1.81911,-0.09316,6.41879,,4.38674,24.2857
2026-01-05,93948.6,56156.9,1.28966,0.402259,0.839723,1.67297,0.00625741,0.60028,0.783895,163.575,3071,1.70474,-0.0734197,6.2634,,4.35182,24.5714
2026-01-06,93574.3,56177.2,1.27561,0.399651,0.823923,1.6657,-0.490336,0.59524,0.780144,-79.6626,2269.32,1.61979,-0.0616874,5.28171,,4.41029,27.5714
2026-01-07,91209,56181.4,1.19428,0.384037,0.908047,1.62347,-0.776245,0.5653,0.759821,-505.267,1904.19,1.47447,-0.0529643,5.87311,,4.54797,30.5714
2026-01-08,91096.9,56173.9,1.19021,0.383361,0.814365,1.62169,-0.552683,0.56367,0.758288,-1055.96,1201.76,1.31512,-0.0466423,6.05133,,4.60836,31.7143
2026-01-09,90539.6,56151.8,1.17148,0.379809,0.870891,1.61241,-0.838343,0.556697,0.753055,-1529.47,505.883,1.08757,-0.0610534,5.53111,,4.6839,31.5714
2026-01-10,90406.1,56152.4,1.16644,0.378887,0.991868,1.61001,-0.828085,0.554976,0.751353,-1452.12,1184.55,1.33907,-0.0743801,5.97077,,4.73145,31
2026-01-11,90717.2,56141.9,1.1769,0.381133,0.749809,1.61586,-1.08687,0.558746,0.753345,-1501.29,808.247,1.27422,-0.0896273,5.728,,4.69628,31.5714
2026-01-12,91141.1,56138.3,1.19095,0.384051,0.877342,1.62351,-0.989948,0.563903,0.756268,-1384.62,55.0507,0.97849,-0.107635,5.0772,,4.73322,31.7143
2026-01-13,95304.5,56205.4,1.32968,0.410254,0.872067,1.69565,-0.695514,0.616379,0.790174,-630.895,316.668,0.393516,-0.107498,5.67147,,4.67233,29.1429
2026-01-14,97044,56249,1.38665,0.420377,0.81606,1.72526,-0.68005,0.638807,0.80394,570.414,1875.67,0.621308,-0.0918791,5.00587,,4.5797,30
2026-01-15,95546.1,56261.5,1.33466,0.411159,0.900765,1.69825,-0.602853,0.619048,0.79089,947.681,2530.02,0.894318,-0.0836049,3.8472,,4.55906,34.7143
2026-01-16,95489.1,56277.7,1.33153,0.410638,0.841999,1.69675,-0.838544,0.618086,0.78978,95.7107,966.243,1.08793,-0.072976,4.49946,,4.53781,37.8571
2026-01-17,95107,56291,1.31747,0.40813,0.961462,1.68956,-0.885227,0.612893,0.785985,257.036,916.125,1.26594,-0.060728,3.78354,,4.49918,41.4286
2026-01-18,94261.3,56295.8,1.28801,0.402768,0.895417,1.67439,-1.01272,0.601912,0.778372,415.284,1308.09,1.26683,-0.0449415,4.02386,,4.43506,44.2857
2026-01-19,92526.2,56291.9,1.22875,0.391612,0.941937,1.64369,-1.14144,0.579905,0.763438,415.284,404.979,1.22019,-0.0373457,3.948,,4.38879,46.7143
2026-01-20,88236.6,56240.2,1.08462,0.36262,0.797036,1.56892,-1.02018,0.527421,0.727483,-68.1005,160.069,0.81355,-0.0506672,4.29052,,4.34553,47.5714
2026-01-21,89599.4,56232.7,1.13063,0.372398,0.83397,1.59337,-0.970565,0.543843,0.738145,-634.619,-264.257,0.456929,-0.066786,4.90388,,4.26229,44.1429
2026-01-22,89395.7,56221.7,1.12367,0.371091,0.978053,1.59006,-0.808051,0.541406,0.735896,-478.09,80.9104,0.221387,-0.0793193,5.8412,,4.21485,38.2857
2026-01-23,89439.8,55996.9,1.13234,0.373915,0.851161,1.59723,-1.24676,0.541949,0.735688,-406.371,176.832,-0.077098,-0.0921622,5.7513,,4.22443,34.7143
2026-01-24,89185,55995.9,1.12331,0.372138,0.594772,1.59271,-2.00746,0.538901,0.733025,-406.371,305.468,0.134929,-0.108854,6.1964,,4.21187,31.1429
2026-01-25,86445.7,55982,1.0307,0.352402,0.635814,1.54417,-2.50343,0.506472,0.709971,-130.489,878.354,0.173064,-0.119951,5.91555,,4.22475,27.7143
2026-01-26,88337.5,55981.4,1.09432,0.366278,0.746421,1.57798,-2.62432,0.529104,0.72495,-123.647,885.197,0.269785,-0.12524,6.15593,,4.2483,24.2857
2026-01-27,89260.4,55988.7,1.12486,0.372749,0.742749,1.59426,-3.14207,0.540457,0.731959,-271.018,809.197,0.0274935,-0.129086,5.93177,,4.28903,23.8571
2026-01-28,89177.8,55982.1,1.12185,0.372241,0.669718,1.59297,-3.93436,0.539693,0.730717,-271.371,828.135,0.242292,-0.136328,5.81581,,4.33109,24.5714
2026-01-29,84520.4,55942.4,0.965489,0.338119,0.739339,1.51085,-3.32222,0.485166,0.692038,-1444.26,-699.768,0.265058,-0.144782,5.61792,,4.34771,25.4286
2026-01-30,84017,55907.2,0.949377,0.334573,0.752755,1.50279,-3.40902,0.479808,0.687405,-1605.86,-504.794,-0.177126,-0.14768,5.15145,,4.36445,24.2857
2026-01-31,78702.4,55848.7,0.771668,0.290381,0.743085,1.40921,-3.91789,0.421479,0.643462,-1605.86,-446.295,-0.572496,-0.140888,5.43746,,4.24937,23.5714
2026-02-01,76911.1,55816.1,0.712124,0.274278,0.627292,1.37794,-4.42804,0.403008,0.628375,-2077,-1403.48,-0.689683,-0.138908,4.78943,,4.15058,22
2026-02-02,78716.6,55777,0.774202,0.29142,0.637506,1.41127,-5.21991,0.422638,0.642668,-1515.1,-1036.22,-0.566579,-0.135971,3.68358,,3.98293,21.1429
2026-02-03,75684.8,55659.1,0.675717,0.264593,0.686391,1.35979,-5.7502,0.39121,0.617486,-1787.13,-1253.45,-0.104841,-0.13664,2.73348,,3.95659,19.4286
2026-02-04,73095.2,55546.4,0.592037,0.240082,0.713454,1.31593,-5.3338,0.365429,0.595954,-3029.32,-3192.89,0.0220623,-0.147855,2.31879,,3.98881,17.2857
2026-02-05,63494.7,55222.6,0.279047,0.13028,0.554891,1.1498,-5.0847,0.276329,0.517362,-3220.23,-3140.57,0.257618,-0.151724,1.6631,,3.82332,15.2857
2026-02-06,70647.7,55215.6,0.520503,0.218438,0.705408,1.27949,-5.1697,0.342645,0.575264,-2363,-1857.73,-0.0913702,-0.136539,-0.175721,,3.50197,14.2857
2026-02-07,69166.3,55143.9,0.47289,0.202734,0.791411,1.25429,-4.92397,0.329025,0.562834,-1964.05,-908.095,0.197712,-0.130676,-2.58665,,3.51517,12.2857
2026-02-08,70522.6,55149.5,0.518366,0.217988,0.826916,1.27875,-4.68836,0.342626,0.573492,-1714.06,-184.595,0.395563,-0.126475,-3.30043,,3.47911,11.2857
2026-02-09,70244.1,55098.2,0.510633,0.215619,0.790083,1.27489,-4.96658,0.340495,0.570851,-1569.06,-116.939,0.720037,-0.120593,-3.13488,,3.48139,11.2857
2026-02-10,68688.8,55034.5,0.460281,0.198784,0.683003,1.2481,-4.65898,0.326154,0.55785,-1402.5,98.7841,0.501892,-0.106442,-4.28307,,3.27721,10.1429
2026-02-11,66989.7,54989,0.404496,0.179143,0.726431,1.21824,-4.71816,0.310807,0.543705,-1795.47,-410.853,0.35001,-0.0853201,-5.14207,,3.00326,9.71429
2026-02-12,66221.5,54925.7,0.380696,0.170576,0.809775,1.20566,-4.5644,0.304332,0.537132,-2959.56,-2328.67,0.495248,-0.0733921,-5.35711,,2.94987,8.71429
2026-02-13,68860.8,54896.2,0.47058,0.202795,0.719018,1.25438,-4.35714,0.329654,0.558177,-3787.98,-4358.4,0.651946,-0.0723496,-3.58221,,2.96647,8.71429
2026-02-14,69798.1,54897.4,0.502055,0.213483,0.801692,1.27143,-4.19781,0.33926,0.565405,-3888.16,-4835.85,0.979579,-0.0688282,-2.13358,,2.83953,9.14286
2026-02-15,68630,54888.5,0.462939,0.200225,0.935854,1.25035,-3.59044,0.328578,0.555584,-3493.49,-3589.2,1.12997,-0.0672495,-1.45374,,2.78187,9.28571
2026-02-16,68747.4,54866.6,0.467575,0.20191,0.833159,1.25299,-3.61174,0.330257,0.556176,-3493.49,-3750.52,1.30105,-0.0679066,-1.41292,,2.6726,9
2026-02-17,67471.1,54838.5,0.425479,0.187229,0.771257,1.23036,-3.51106,0.318635,0.545502,-3598.35,-4013.64,1.42501,-0.0690448,0.468139,,2.76988,9.14286
2026-02-18,66380.7,54793.8,0.390218,0.174552,0.704037,1.21146,-3.75868,0.308947,0.536349,-3731.62,-4146.91,1.3714,-0.067016,1.24319,,2.87462,8.71429
2026-02-19,66932.4,54779.8,0.409224,0.181565,0.737941,1.22184,-3.58306,0.31465,0.540464,-3414,-3345.9,1.47587,-0.0577415,0.994469,,2.97816,9.28571
2026-02-20,67977.3,54734.5,0.445881,0.194813,0.64619,1.24195,-3.56491,0.325105,0.548551,-2617.25,-1982.63,1.57338,-0.0560699,1.03201,,3.22318,9
2026-02-21,68020.7,54733,0.447333,0.195348,0.562106,1.24277,-4.25227,0.326058,0.548551,-2585.14,-2107.05,1.36394,-0.0534425,1.49113,,3.34664,8.85714
2026-02-22,67550,54728,0.431607,0.189815,0.769651,1.23429,-3.62148,0.322118,0.544409,-2481.57,-2075.2,1.42199,-0.0479343,1.72676,,3.48957,9
2026-02-23,64689.9,54674.4,0.337104,0.154823,0.665513,1.18318,-2.44975,0.296024,0.521038,-2685.39,-2279.02,1.36567,-0.0474092,1.96714,,3.60371,8
2026-02-24,64123.8,54604.4,0.320377,0.148452,0.735654,1.17433,-1.08966,0.291466,0.516162,-2427.68,-2297.19,1.11379,-0.0360651,1.48216,,3.48759,7.71429
2026-02-25,68038.5,54600.2,0.452219,0.197511,0.738332,1.24612,-0.461039,0.328718,0.547325,-1928.01,-1804.36,0.919652,-0.0254201,1.20904,,3.32904,8.14286
2026-02-26,67519.3,54591.4,0.434989,0.191469,0.658017,1.23681,0.255023,0.324338,0.542804,-1526.18,-1255.17,0.985543,-0.0171365,1.48336,,3.03093,8.42857
2026-02-27,65864.1,54553.8,0.380526,0.171723,0.646892,1.20733,1.25698,0.309254,0.529168,-1534.09,-1262.72,0.638544,-0.0137992,0.661276,,2.79654,9.28571
2026-02-28,66965.6,54551.8,0.417604,0.185377,0.667494,1.22756,1.42203,0.320321,0.53768,-716.22,728.037,0.678629,-0.00956399,-0.0774321,,2.65869,9.71429
2026-03-01,65733.5,54539.4,0.376534,0.170295,0.683039,1.20525,1.76138,0.309328,0.52746,-206.524,1399.33,0.876087,-0.00589428,-0.02117,,2.19368,10.4286
2026-03-02,68922.6,54537.7,0.483798,0.208711,0.654006,1.26376,2.00856,0.340676,0.552695,251.664,1857.52,0.471007,0.00118639,-0.188966,,2.09635,11.1429
2026-03-03,68431.2,54531.6,0.467416,0.203118,0.640255,1.25489,2.5933,0.336427,0.548404,476.816,2553.82,0.575178,-0.000372382,-0.272342,,2.06467,12
2026-03-04,72667.5,54536.3,0.609611,0.249508,0.660013,1.33246,3.29755,0.379928,0.581967,376.692,1891.8,0.674098,1.84401e-05,-0.252893,,2.22624,11.8571
2026-03-05,70987.4,54517.7,0.55367,0.23201,0.823357,1.3021,3.96584,0.363141,0.568141,420.88,2208,0.815952,-0.00107467,0.155125,,2.43513,13.4286
2026-03-06,68226.7,54459.9,0.462746,0.20178,0.696712,1.25279,4.00322,0.336028,0.545699,616.993,3646.31,1.08621,-5.71587e-05,0.479558,,2.38876,14.1429
2026-03-07,67315.6,54449.1,0.432431,0.191136,0.621897,1.2363,4.2065,0.327654,0.538073,1051.14,4271.37,1.16093,-0.000529707,0.683854,,2.35906,14.2857
2026-03-08,66202.7,54443,0.395194,0.177632,0.621233,1.216,4.22695,0.317481,0.52885,679.994,3042.99,1.10376,-0.000753839,-0.114036,,2.42876,14
2026-03-09,68528.5,54438.3,0.473452,0.205611,0.662682,1.25883,3.77998,0.340705,0.547081,847.024,2811.07,1.03957,0.00115827,-0.658512,,2.36793,13.7143
2026-03-10,69891.8,54437.5,0.519217,0.221118,0.676192,1.28389,3.61727,0.354976,0.557606,1097.95,2812.01,1.32345,0.00253589,-0.771036,,2.3432,13.5714
2026-03-11,70298.6,54384.1,0.534597,0.226384,0.685273,1.29263,3.8673,0.359674,0.560488,1068.12,2637.19,1.39252,0.00424735,-2.01939,,2.13589,14.2857
2026-03-12,70538.1,54370.8,0.543011,0.2292,0.638593,1.29735,3.89228,0.362654,0.562034,955.431,2357.94,1.17389,0.00493124,-3.54618,,1.8019,13.7143
2026-03-13,70930,54371.6,0.556062,0.233447,0.602818,1.30454,3.80455,0.36716,0.56479,1412.07,3207.54,1.3507,0.00945394,-3.31759,,1.99599,13.2857
2026-03-14,71136.2,54362.2,0.563218,0.235802,0.639895,1.30856,3.28638,0.369791,0.566063,1822.43,4782,1.53794,0.013887,-3.79444,,1.93883,13.8571
2026-03-15,72712.1,54372.9,0.615667,0.252217,0.638993,1.33729,3.14218,0.38682,0.578222,1807.23,5595.21,1.62216,0.0190128,-3.64875,,2.26791,14.2857
2026-03-16,74724,54397.5,0.682249,0.27202,0.657005,1.37366,2.87069,0.408977,0.593822,2008.85,5897.02,1.68265,0.0177275,-2.32187,,2.18982,16.4286
2026-03-17,74086,54393.5,0.660852,0.265807,0.662118,1.36204,1.85125,0.402417,0.588359,2208.23,5701.71,1.70747,0.0212973,-2.53555,,2.14268,18.5714
2026-03-18,71254,54358,0.566916,0.237123,0.697225,1.31083,1.67958,0.37268,0.565501,2044.7,5538.19,1.77379,0.0169909,-1.84914,,2.48986,20.1429
2026-03-19,69948.9,54336.7,0.523769,0.223194,0.660321,1.28732,1.54666,0.359605,0.554788,2059.38,5657.74,1.80367,0.0145589,-0.921312,,2.99341,20.8571
2026-03-20,70510.4,54326,0.542888,0.229533,0.665942,1.29791,1.77767,0.365858,0.558881,2140.54,5872.17,1.75287,0.00810791,-0.904679,,3.36653,20.2857
2026-03-21,69707.3,54321.8,0.516018,0.220716,0.678346,1.28323,1.49958,0.358073,0.552163,2306.3,5720.31,1.45357,0.00251065,-0.483364,,3.75331,19.7143
2026-03-22,68018.2,54342.3,0.458626,0.201062,0.777257,1.25166,1.68146,0.34146,0.538445,2218.26,4835.51,1.85872,-0.00523491,-0.732138,,3.9081,19
2026-03-23,70726.2,54345.9,0.549243,0.231602,0.798543,1.30141,2.56733,0.369679,0.559522,2385.49,4970.63,1.8178,-0.0109939,-1.58984,,4.27723,16.8571
2026-03-24,70610,54303.8,0.546677,0.230934,0.623394,1.30028,1.6569,0.368952,0.558244,2310.96,4792.54,1.76443,-0.0216368,-0.834599,,4.47743,14.4286
2026-03-25,71281.3,54292.2,0.569485,0.238338,0.770604,1.31292,0.939603,0.376471,0.563187,2522.59,5207.98,1.97119,-0.0266996,0.0554279,,4.44276,12.7143
2026-03-26,68723,54266.1,0.484546,0.210365,0.801505,1.26641,0.071789,0.350452,0.542632,2093.66,4521.34,1.95155,-0.0376722,0.290331,,4.16435,10.8571
2026-03-27,66214.2,54212.1,0.402229,0.181262,0.711794,1.22139,-0.527029,0.325887,0.522502,1361.67,3289.68,1.81401,-0.0447629,-0.250338,,3.56314,11.1429
2026-03-28,66351.1,54195.9,0.40732,0.183195,0.816729,1.22428,-0.5134,0.327782,0.523261,1107.22,2633.4,1.80815,-0.0533957,-1.01825,,3.1727,11.1429
2026-03-29,65966.8,54189,0.394635,0.178541,0.672277,1.21735,-0.999487,0.324581,0.519913,1134.77,2668.86,1.83564,-0.0632441,-0.525965,,2.76291,11
2026-03-30,66651.2,54154.2,0.41869,0.187499,0.64179,1.23077,-1.41214,0.331955,0.524985,1204.21,1920.43,1.916,-0.0714649,-0.195796,,2.476,11
2026-03-31,68214.9,54161.9,0.470761,0.20601,0.657219,1.25946,-1.93405,0.348316,0.536966,1321.84,1528.37,2.11778,-0.0783518,-1.00547,,2.263,11
2026-04-01,68116.8,54155.5,0.467638,0.204961,0.78181,1.2578,-1.76904,0.347918,0.53586,689.929,438.265,2.61635,-0.0715537,-1.60188,,1.96306,10.1429
2026-04-02,66908.3,54126.1,0.428099,0.191041,0.687954,1.23616,-1.9673,0.336286,0.526029,473.769,-3.04745,2.68065,-0.0602082,-1.84987,,1.90891,10.4286
2026-04-03,66891.7,54115.4,0.427856,0.191001,0.62658,1.2361,-2.19,0.336725,0.525576,11.998,-364.694,2.50817,-0.0493332,-1.42569,,1.905,9.85714
2026-04-04,67295.1,54113.7,0.441371,0.195875,0.573834,1.24359,-3.2389,0.341423,0.528419,239.832,-181.048,2.66982,-0.0411044,-0.101679,,1.85197,9.71429
2026-04-05,68921.8,54133.3,0.49512,0.214569,0.77912,1.27319,-3.24515,0.358738,0.540853,588.66,-28.3327,2.53212,-0.0332383,0.374021,,1.85317,10.1429
2026-04-06,68742.9,54124.3,0.489372,0.212657,0.625893,1.27009,-3.45338,0.357497,0.539111,1059.98,8.83988,2.35379,-0.0172083,0.973142,0.213803,1.874,10.8571
2026-04-07,72057.1,54149.7,0.599375,0.248518,0.70754,1.3307,-3.38708,0.393364,0.564738,900.934,220.94,2.33834,-0.00643346,1.77348,0.196788,1.89006,10.8571
2026-04-08,71085.1,54142.6,0.566992,0.23834,0.748744,1.31292,-3.15053,0.383401,0.556763,609.356,-237.668,2.65327,-0.0038373,2.55375,0.222022,1.86828,12.1429
2026-04-09,71788.7,54146.3,0.590328,0.245755,0.735791,1.32583,-3.0399,0.391594,0.561912,716.603,-381.346,2.78101,-0.00089607,2.8738,0.223194,1.87673,12.4286
2026-04-10,72945.1,54160.1,0.628455,0.257523,0.649292,1.34684,-3.25049,0.404817,0.570592,841.849,-226.274,2.81,0.00703241,2.96563,0.217165,1.82775,13.4286
2026-04-11,73119.1,54172.7,0.633747,0.259117,0.640845,1.34974,-3.43681,0.407243,0.571581,787.981,-167.45,3.08794,0.0155174,1.42272,0.220198,1.7542,14
2026-04-12,70685.4,54166.4,0.552474,0.233697,0.780891,1.30497,-2.91605,0.381131,0.552205,607.647,-804.419,3.11422,0.0232456,0.367294,0.218432,1.64218,14.5714
2026-04-13,74632.7,54197.6,0.683325,0.273809,0.787776,1.37705,-2.44428,0.425302,0.582659,316.536,-1505.9,3.32672,0.0259655,-0.616433,0.209716,1.41887,14.4286
2026-04-14,74173.5,54190.6,0.668089,0.269408,0.867644,1.36875,-1.97701,0.420517,0.578693,728.034,-1079.2,2.86323,0.032765,-1.61429,0.234476,1.33085,15.8571
2026-04-15,74762,54190,0.687654,0.275166,0.666913,1.37963,-1.81596,0.427638,0.5829,712.437,-1296.42,2.90065,0.0346001,-3.34439,0.224233,1.24551,16.7143
2026-04-16,75095.7,54196.3,0.698473,0.278304,0.814753,1.38563,-1.06334,0.431932,0.585116,539.116,-1669.11,2.62783,0.0354479,-3.94873,0.219997,1.16416,18
2026-04-17,77114.5,54217.3,0.76508,0.296925,0.77643,1.42232,-0.968188,0.455943,0.600441,1366.55,-678.155,2.60086,0.032046,-4.22993,0.235549,1.05182,18.7143
2026-04-18,75792.1,54214.5,0.720849,0.284695,0.828043,1.398,-0.747028,0.44093,0.589752,1456.74,-602.643,2.77942,0.0329655,-4.21445,0.225153,1.08142,20.2857
2026-04-19,73905.2,54203.9,0.658054,0.266575,0.83384,1.36347,-0.560612,0.41985,0.574695,1508.85,-631.695,2.89393,0.0337092,-5.03606,0.228889,1.07842,21.8571
2026-04-20,75814.1,54202.1,0.721736,0.285066,0.703876,1.39873,-0.451074,0.442436,0.589148,1747.22,-559.082,2.66349,0.03298,-5.36519,0.218741,0.977459,24.2857
2026-04-21,76107.4,54206.1,0.731255,0.287769,0.733881,1.40404,-0.892861,0.446512,0.591034,1759.07,-459.196,3.24692,0.0306874,-5.86821,0.223398,0.867219,26
2026-04-22,78317.7,54192.3,0.805334,0.308045,0.733426,1.44518,-1.55192,0.473442,0.607787,1927.66,-457.831,3.65858,0.0307856,-4.71465,0.240055,0.724933,27.2857
2026-04-23,78233.7,54196.5,0.80221,0.307248,0.676873,1.44352,-1.00142,0.473069,0.606725,2225.4,-85.5688,3.62934,0.0333534,-5.21705,0.231194,0.63176,30.5714
2026-04-24,77444.3,54107.4,0.778675,0.301337,0.825369,1.43131,-0.948896,0.464249,0.600199,2232.04,-290.55,3.40391,0.0377422,-5.74552,0.22279,0.610116,33.1429
2026-04-25,77624.7,54109.9,0.784447,0.302929,0.777745,1.43457,-1.06661,0.467031,0.601194,2403.25,309.591,3.3555,0.0363697,-5.39329,0.212311,0.471466,33.8571
2026-04-26,78538.8,54118.4,0.814478,0.310934,0.837636,1.45124,-0.89403,0.478733,0.607862,2628.73,1267.06,3.40854,0.0375816,-3.90832,0.211337,0.389585,34.7143
2026-04-27,77256.3,54120.1,0.771487,0.299473,0.763429,1.4275,-1.54425,0.463849,0.597536,2365.55,1258.33,3.59162,0.0317223,-4.00999,0.215807,0.464553,37.2857
2026-04-28,76295.5,54114.3,0.7395,0.290728,0.759815,1.4099,-1.48872,0.45287,0.589714,2275.87,1141.1,3.54366,0.0236584,-3.17102,0.213442,0.5065,37.2857
2026-04-29,75795,54089.3,0.723508,0.286374,0.690223,1.4013,-1.36687,0.447386,0.585459,2068.66,864.454,3.69156,0.013072,-3.09478,0.205639,0.658786,36.4286
2026-04-30,76299.6,54078.4,0.740547,0.291237,0.766206,1.41091,-1.01833,0.453878,0.588966,1965.79,643.947,3.88031,0.000125211,-2.61726,0.207767,0.69184,34
2026-05-01,78132.6,54104.3,0.800598,0.307532,0.885608,1.44411,-1.2122,0.476436,0.60271,2769.25,2079.32,4.46719,-0.00885187,-2.29674,0.215302,0.711121,32.1429
2026-05-02,78712.5,54109.9,0.819552,0.312563,0.768663,1.45468,-1.33414,0.483969,0.606774,2760.26,2286.49,4.75253,-0.0165385,-2.0597,0.210835,0.759683,33.2857
2026-05-03,78649.2,54120.9,0.816896,0.31187,0.859041,1.45321,-1.10218,0.483574,0.605877,2760.26,2748.26,4.66267,-0.0243411,-2.00724,0.211855,0.804897,35.2857
2026-05-04,79826.1,54177.7,0.854005,0.321304,0.854893,1.47341,-0.215486,0.498451,0.614525,3292.47,3052.64,4.69253,-0.0253484,-1.22124,0.207261,0.814793,34.2857
2026-05-05,80936.8,54201.2,0.889983,0.330326,0.873372,1.49326,-0.485724,0.512652,0.622648,3759.82,3171.16,4.79035,-0.0214501,-1.81233,0.228903,0.77948,36.7143
2026-05-06,81364.6,54216.7,0.903483,0.333657,0.825614,1.50073,-0.29277,0.518321,0.625509,3334.83,2274.84,5.06012,-0.0158944,-2.91228,0.219885,0.776039,39.5714
2026-05-07,79989,54214.8,0.857564,0.322221,0.817945,1.47541,-0.302225,0.50125,0.614515,3216.38,2315.45,5.39577,-0.010863,-3.14573,0.21509,0.789164,42.1429
2026-05-08,80179.7,54219.2,0.863561,0.323779,0.849536,1.47881,-0.443808,0.503989,0.615561,3195.28,2585.92,5.36362,-0.0121671,-3.03278,0.215559,0.859904,43.8571
2026-05-09,80663.6,54225.6,0.879238,0.327757,0.994322,1.48756,-0.2158,0.510382,0.618854,2837.11,2120.5,4.73151,-0.013722,-2.50307,0.216984,0.899787,43.7143
2026-05-10,82256.8,54238.5,0.931551,0.34062,0.890028,1.51658,0.238079,0.530967,0.63064,2596.69,1754.84,4.5625,-0.0128465,-2.03978,0.214402,0.912854,43.7143
2026-05-11,81714.7,54249.4,0.912939,0.336113,0.972965,1.50628,0.783645,0.524289,0.626054,2623.97,1835.99,4.75613,-0.0130935,-1.4162,0.214563,0.955231,44.8571
2026-05-12,80525.6,54250,0.873182,0.326301,0.779303,1.48434,0.117956,0.509489,0.616523,2390.72,1783.08,4.96906,-0.0139132,-0.225622,0.216619,1.06051,44.7143
2026-05-13,79291.9,54246.4,0.832116,0.315864,0.796394,1.4617,-0.237611,0.494388,0.606669,2046.61,1730.07,4.92442,-0.0193337,1.42272,0.221178,1.1394,44.1429
2026-05-14,81175.8,54251.3,0.894326,0.331681,0.886169,1.49629,-0.873544,0.518574,0.620659,1766.42,1038.39,4.8559,-0.0180157,2.69438,0.215571,1.093,42.2857
2026-05-15,79063.4,54240.4,0.824342,0.313963,0.829417,1.45765,-0.63401,0.492385,0.604102,1289.98,577.54,4.59515,-0.0271367,2.796,0.213588,1.02112,43
2026-05-16,78164.5,54238.7,0.79438,0.306096,0.854304,1.44112,-0.905232,0.481696,0.596835,1263.93,724.811,4.78011,-0.0299943,3.16043,0.218605,0.991117,42
2026-05-17,77497.7,54236.7,0.772149,0.30015,0.785922,1.42888,-0.874745,0.47391,0.591353,600.015,-766.534,4.82889,-0.0364137,2.8883,0.220334,1.05329,39.1429
2026-05-18,76975.9,54224.8,0.755073,0.295561,0.781623,1.41957,-1.12497,0.467912,0.586984,-48.6255,-1505.36,4.71705,-0.0456911,2.8299,0.224933,1.06029,36.2857
2026-05-19,76807.5,54202.9,0.750065,0.294302,0.791681,1.41704,-1.48437,0.466265,0.585315,-379.671,-1888.52,4.76918,-0.0573504,3.14025,0.218901,1.0781,32.8571
2026-05-20,77408.2,54198,0.770005,0.299841,0.85475,1.42825,-1.14334,0.473983,0.589504,-688.51,-2435.73,4.51434,-0.0652328,3.42923,0.214649,1.07717,30.7143
2026-05-21,77595.4,54192.8,0.77623,0.301598,0.716741,1.43184,-0.941453,0.47668,0.590539,-801.179,-2560.25,4.34785,-0.0775282,3.487,0.21406,1.26447,30
2026-05-22,75567.5,54162.6,0.709843,0.283256,0.858242,1.3952,-0.327172,0.452451,0.574733,-1242.19,-3169.85,4.75034,-0.0856267,4.01985,0.222725,1.43584,27.8571
2026-05-23,76619.9,54165,0.744522,0.293069,0.915561,1.41456,0.211158,0.465362,0.582356,-1465.4,-3690.79,4.79499,-0.0975151,4.10151,0.221775,1.48729,27.4286
2026-05-24,76951,54164.4,0.755369,0.296118,0.735246,1.42069,0.0376956,0.469667,0.584489,-1479.84,-3711.88,4.37768,-0.10653,4.95342,0.208712,1.56623,27.1429
2026-05-25,77244.6,54169.4,0.764787,0.298728,0.930295,1.42598,0.603988,0.473462,0.586334,-1479.84,-3883.1,4.35718,-0.108904,4.93657,0.209923,1.79293,27.4286
2026-05-26,75816,54151.4,0.717907,0.285753,0.770164,1.40008,0.512399,0.456401,0.575117,-1813.55,-4442.28,4.32452,-0.117595,5.04868,0.210003,1.90548,28.7143
2026-05-27,74268.8,54129,0.667265,0.271174,0.760632,1.37207,0.940413,0.438262,0.56302,-2283.8,-4649.34,3.99984,-0.129833,5.6101,0.229132,2.109,28.4286
2026-05-28,73500.5,54072.2,0.643593,0.264329,0.872067,1.3593,1.25404,0.429607,0.556843,-2423,-4698.87,3.96705,-0.137764,6.28551,0.236718,2.27371,27.4286
2026-05-29,73322.9,54031.9,0.638944,0.263097,0.752806,1.35703,1.51464,0.42793,0.555147,-2410.54,-4479.21,3.56086,-0.138938,7.14368,0.226182,2.31984,26.7143
2026-05-30,73731.5,54023.6,0.652648,0.267293,0.768687,1.3648,1.50933,0.433037,0.557886,-2425.3,-4391.09,3.32185,-0.142451,7.36064,0.221613,2.48528,26
2026-05-31,73599.6,54022,0.648228,0.266001,0.7791,1.3624,1.41221,0.43179,0.556535,-3055.03,-5824.28,3.37391,-0.145235,7.07302,0.222254,2.54245,26.4286
2026-06-01,71328.7,53980.7,0.574328,0.243212,0.708503,1.32137,1.59018,0.40587,0.53903,-3538.8,-6299.05,2.93475,-0.151197,7.52348,0.235431,2.60267,26.2857
2026-06-02,66540.7,53834.9,0.420601,0.190948,0.539283,1.23601,1.00545,0.353505,0.502552,-4057.99,-6818.24,2.85002,-0.150613,7.87018,0.25821,2.64361,24.7143
2026-06-03,64232.6,53722.7,0.347881,0.163622,0.511964,1.19563,0.3393,0.329758,0.484842,-4986.8,-8279.27,2.31274,-0.148359,7.53292,0.253159,2.54274,22.7143
2026-06-04,63639.3,53663.6,0.330177,0.156754,0.667482,1.18589,0.519021,0.324031,0.480091,-5451.1,-9210.92,1.73533,-0.145739,6.39287,0.236196,2.50412,21.2857
2026-06-05,60907.6,53578.3,0.242576,0.120336,0.608004,1.1368,0.449088,0.297149,0.459232,-5823.13,-9157.95,1.25283,-0.131476,5.18983,0.215154,2.60211,19.7143
2026-06-06,60771.6,53560,0.238669,0.118668,0.54896,1.13465,0.321738,0.296179,0.457957,-5545.63,-8762.01,1.06319,-0.117891,4.48695,0.212109,2.66884,18.1429
2026-06-07,63158.3,53570.4,0.317288,0.151807,0.547996,1.17898,0.139929,0.320195,0.475674,-5399.98,-8595.25,0.859837,-0.103701,3.66507,0.205173,2.75052,15.8571
2026-06-08,63109.6,53550.2,0.316327,0.151473,0.595362,1.17851,-0.520645,0.319921,0.47504,-5491.35,-8328.46,0.565592,-0.0904234,2.98554,0.202067,2.72833,12.8571
2026-06-09,61640.5,53518.7,0.268741,0.131761,0.568667,1.15176,-0.964996,0.305408,0.463726,-5568.79,-8165.48,0.61029,-0.0794348,1.82521,0.209247,2.77097,11
2026-06-10,61435.1,53475.9,0.263344,0.129554,0.577192,1.14884,-1.75215,0.303587,0.461927,-5809.93,-8433.9,0.197883,-0.0691023,0.632597,0.213919,2.94604,10.7143
2026-06-11,63475.3,53450.9,0.331657,0.157927,0.63984,1.18754,-1.34096,0.324297,0.476998,-5595.7,-7986.42,-0.0313791,-0.065025,0.700539,0.212808,2.96946,10.7143
2026-06-12,63475.6,53440.3,0.331995,0.158097,0.697625,1.18779,-0.980241,0.32454,0.476732,-4874.62,-6921.23,-0.22323,-0.0684626,0.854986,0.208807,2.91395,10.7143
2026-06-13,64423.5,53442.1,0.363266,0.170456,0.598166,1.20548,-0.987422,0.334509,0.483576,-5005.94,-6772.36,-0.334818,-0.0657029,1.13786,0.211552,2.73903,10.8571
2026-06-14,65615.3,53448.7,0.40244,0.185423,0.718256,1.22763,-1.26524,0.347239,0.492237,-4715.52,-6005.5,-0.306449,-0.0674025,0.472884,0.209845,2.64824,11.7143
2026-06-15,66222.6,53433.1,0.423006,0.193128,0.74544,1.23935,-1.38923,0.35394,0.496504,-4779.6,-6043.53,-0.358582,-0.0705328,-0.0359786,0.217312,2.47179,13.4286
2026-06-16,65638.1,53419.4,0.404097,0.186153,0.798795,1.22873,-1.26212,0.34797,0.491839,-4769.54,-5369.55,-0.257455,-0.074085,-0.211909,0.207706,2.39462,15.2857
2026-06-17,64400.7,53404.4,0.363643,0.170749,0.639105,1.20591,-1.35536,0.335243,0.482293,-4203.06,-4154.44,-0.147926,-0.0731156,-0.568149,0.209038,2.00161,17.1429
2026-06-18,62835.2,53375.7,0.312804,0.150545,0.780154,1.17723,-1.07274,0.319434,0.470307,-3962.67,-3583,-0.367663,-0.0754745,-0.518404,0.204924,2.01243,17.5714
2026-06-19,63307.3,53362,0.328847,0.157096,0.719878,1.18637,-1.5117,0.324461,0.473575,-3892.21,-3203.7,-0.36411,-0.0813319,-0.0562621,0.210056,1.73091,17.8571
2026-06-20,64220.5,53363.2,0.358978,0.169063,0.75048,1.20346,-1.25085,0.334175,0.480135,-3791.38,-2990.2,-0.354754,-0.0930312,0.26061,0.205973,1.61065,19.2857
2026-06-21,63365.4,53392,0.329732,0.157396,0.640935,1.1868,-1.96133,0.325673,0.473477,-3686.2,-2444.01,-0.324745,-0.102345,1.32604,0.210107,1.33681,20
2026-06-22,63923.6,53384.4,0.348415,0.164872,0.752864,1.19742,-2.73264,0.331739,0.477379,-3754.37,-2288.98,-0.12355,-0.10955,2.13681,0.205562,1.23789,20
2026-06-23,62593.3,53352.8,0.305467,0.147629,0.81761,1.1732,-2.20475,0.318349,0.467186,-3868.15,-2388.31,-0.151221,-0.115499,2.40269,0.215011,0.88891,20
2026-06-24,60908.2,53319.5,0.25085,0.124593,0.713256,1.14233,-2.78985,0.301737,0.454363,-4337.23,-2857.38,-0.388984,-0.12555,3.00885,0.221406,0.690846,19.2857
2026-06-25,59863.4,53255.5,0.218422,0.110383,0.769685,1.12408,-2.48606,0.291804,0.446331,-4699.81,-2886.26,-0.348667,-0.131327,2.64124,0.225024,0.425691,18.8571
2026-06-26,59961.5,53202.3,0.223415,0.112726,0.704017,1.12705,-2.49971,0.293098,0.446824,-4410.89,-2127.09,-0.269272,-0.140699,3.04087,0.206724,0.745687,18.7143
2026-06-27,59955.6,53198.7,0.22333,0.112698,0.763343,1.12701,-2.75214,0.293412,0.446542,-4182.01,-1759.01,-0.696582,-0.148753,3.08514,0.209207,1.02729,17.5714
2026-06-28,59516.7,53190.6,0.209084,0.10629,0.582802,1.11893,-3.11068,0.289499,0.443039,-4056.7,-1646.16,-0.738432,-0.155728,3.19161,0.210137,1.42017,16.8571
2026-06-29,60175.5,53145.2,0.232349,0.116829,0.572266,1.13228,-3.44188,0.296312,0.447704,-4287.8,-1862.5,-0.934793,-0.161373,3.52089,0.211195,1.72685,15.7143
2026-06-30,58525.1,53070.5,0.180269,0.0932013,0.664377,1.10278,-3.32886,0.280633,0.435198,-4510.45,-1455.41,-1.38991,-0.167001,4.25319,0.232069,2.21713,14.5714
2026-07-01,60065.6,53056.3,0.231642,0.116694,0.655167,1.13211,-3.35462,0.295933,0.446416,-4321.31,-782.511,-1.69848,-0.162318,4.78207,0.212289,2.76915,13.7143
2026-07-02,61438.2,53046.9,0.277298,0.13658,0.615011,1.15819,-2.74421,0.309888,0.45637,-3580.4,477.589,-1.7379,-0.157105,5.83254,0.205792,3.0883,14.7143
2026-07-03,62564.6,53052.4,0.314324,0.152038,0.722978,1.1793,-1.87869,0.321579,0.464482,-3183.8,1803,-1.92696,-0.148981,6.10525,0.206371,3.12903,15.8571
2026-07-04,63090.4,53054.7,0.331602,0.159068,0.744705,1.18916,-1.78852,0.327248,0.468126,-3186.85,2264.25,-1.95411,-0.136069,6.94991,0.198479,3.19462,16.8571
2026-07-05,63619.9,53057.9,0.348968,0.166017,0.625333,1.19906,-1.93923,0.332962,0.471793,-2861.15,2961.97,-1.98904,-0.125993,7.83483,0.196573,3.25819,17.5714
2026-07-06,64063.1,53058.9,0.363553,0.171771,0.571863,1.2074,-1.90683,0.337795,0.474814,-2595.46,2950.16,-1.52368,-0.113689,8.075,0.196812,3.30548,19.2857
2026-07-07,63458.1,53045.8,0.343976,0.164081,0.684739,1.19629,-1.41025,0.331688,0.47007,-2574.03,2825.95,-1.89076,-0.0984369,8.32351,0.201424,3.31191,21
2026-07-08,62214,53030.7,0.303361,0.147609,0.63872,1.17317,-0.963413,0.319077,0.460603,-2567.52,2923.84,-2.58981,-0.0918901,8.23398,0.202479,3.32382,22.2857
2026-07-09,63189.4,53026.4,0.335701,0.160834,0.611053,1.19166,-0.777534,0.329414,0.467566,-2585.38,2983.41,-2.71637,-0.0864978,8.19159,0.196687,3.36644,22.7143
2026-07-10,64118.6,53002,0.367175,0.173376,0.646413,1.20974,-0.40583,0.339411,0.474177,-2281.09,3528.83,-2.65515,-0.0796091,8.29968,0.199718,3.45113,23
2026-07-11,63892.7,53001.1,0.35972,0.170468,0.690014,1.2055,-0.529159,0.337243,0.472244,-2262.06,3333.64,-2.56162,-0.0772429,7.54976,0.202184,3.50002,23.5714
2026-07-12,63752.3,53001.6,0.35504,0.168632,0.714527,1.20284,-0.893427,0.335989,0.470945,-2347.91,2526.71,-2.61373,-0.0730275,7.10811,0.201904,3.52763,24
2026-07-13,62126.5,52904.3,0.304547,0.148442,0.711899,1.17432,-0.512691,0.319322,0.458686,-2772.58,2233.36,-2.7378,-0.077901,6.72002,0.209138,3.56811,24.5714
2026-07-14,64934.4,52894.3,0.397576,0.18542,0.780737,1.22763,-0.290789,0.349038,0.479148,-2591.49,2124.03,-3.45601,-0.0784829,6.4446,0.198926,3.62173,23.8571
2026-07-15,64765.1,52888.1,0.392159,0.183386,0.709463,1.22457,-0.207227,0.347429,0.477631,-2419.6,2360,-3.38298,-0.0769237,7.0555,0.201892,3.70656,24.5714
2026-07-16,63780.1,52867.2,0.360302,0.171102,0.60487,1.20642,-0.738038,0.337172,0.470107,-2350.51,2419.02,-3.75864,-0.0783656,6.97338,0.202379,3.74958,25
2026-07-17,63915.9,52861.2,0.364959,0.172957,0.637328,1.20913,-0.535659,0.338825,0.470847,-2136.05,2067.01,-3.94186,-0.0788882,6.42019,0.202247,3.73376,25.5714
2026-07-18,64777.7,52862.6,0.393336,0.183938,0.845408,1.2254,-0.598837,0.348247,0.476928,-2045.4,1917.28,-3.91202,-0.0772745,6.32931,0.198239,3.78563,25.4286
2026-07-19,64653,52864.6,0.389129,0.182334,0.839798,1.22299,-0.241367,0.347118,0.475745,-2045.4,1846.81,-3.61854,-0.0779297,6.01656,0.204829,3.80876,25.7143
2026-07-20,65181.9,52875.3,0.406202,0.188804,0.750461,1.23275,-0.491055,0.353042,0.479368,-1818.48,1972.9,-3.68971,-0.0726839,6.03267,0.20651,3.78998,25.8571
2026-07-21,66403.1,52894.9,0.445826,0.203428,0.723951,1.25538,-0.0132498,0.366616,0.488071,-1615.33,2070.86,-3.98544,-0.0723228,5.97453,0.212491,3.84515,26.2857
2026-07-22,65983.2,52887.9,0.432159,0.198464,0.600833,1.2476,-0.188472,0.362238,0.48471,-1478.17,2276.2,-3.80854,-0.0685646,5.2634,0.201463,3.81572,27.4286
2026-07-23,65094.4,52881.1,0.403023,0.187625,0.681548,1.23096,-0.956481,0.352822,0.477914,-1589.57,2278.59,-3.84257,-0.0649165,4.86055,0.201645,3.77414,28.2857
2026-07-24,64100.1,52863,0.370786,0.175306,0.784277,1.21257,-0.653124,0.342468,0.470354,-1360.58,2976.65,-3.52571,-0.07018,5.03898,0.207651,3.82056,28.4286
2026-07-25,64331.3,52885.9,0.377631,0.177913,0.706856,1.21642,-1.19038,0.345275,0.471789,-664.286,4035.53,-3.54666,-0.0796369,4.98022,0.208058,3.82422,28.7143
2026-07-26,65328.8,52888.6,0.410423,0.190425,0.760841,1.23522,-1.29715,0.356335,0.478836,-219.78,4191.11,-3.59308,-0.0832623,5.13847,0.199038,3.8763,28.4286
2026-07-27,63718.2,52869.4,0.357899,0.170263,0.702585,1.2052,-1.78037,0.33928,0.466775,-231.424,3950.59,-3.65349,-0.0877848,5.18816,0.199308,4.00077,28.5714
2026-07-28,63728.5,52865.2,0.358351,0.170462,0.647964,1.20549,-1.7122,0.339675,0.466594,-281.178,3775.53,-4.03845,-0.0957546,4.91712,0.205475,3.99014,29.1429
2026-07-29,63904.6,52863.8,0.364184,0.172771,0.732268,1.20885,-1.32184,0.341838,0.467627,-17.9702,4269.83,-3.90228,-0.109541,5.58695,0.198185,4.0184,28.5714
2026-07-30,64827.6,52865.2,0.394553,0.184526,0.795875,1.22628,-1.37464,0.352054,0.474117,437.803,4948.25,-4.19369,-0.113101,6.44121,0.198892,4.04452,28.1429
2026-07-31,62875.2,52837.6,0.33105,0.159643,0.793477,1.18997,-1.34686,0.331481,0.459589,467.05,4788.36,-4.49917,-0.112973,6.77716,0.206487,4.03765,27.7143
2026-08-01,62751.9,52789.1,0.328567,0.158765,0.828473,1.18873,-1.25753,0.330572,0.45844,245.331,3825.73,-4.51158,-0.107979,6.70432,0.20439,4.05979,27.7143
2026-08-02,63445.7,52788,0.351461,0.167981,0.736649,1.2019,-1.9083,0.338333,0.463257,245.331,3429.13,-4.64177,-0.110435,6.99627,0.202147,4.03586,27.8571
2026-08-03,63460,52760.2,0.352831,0.168607,0.768908,1.2028,-2.14159,0.338871,0.463109,415.421,3602.27,-4.83616,-0.109504,7.05879,0.201694,3.98299,27.5714
2026-08-04,64161.5,52755.1,0.376106,0.177777,0.732489,1.21621,-1.93654,0.346778,0.467971,626.914,3488.07,-5.01969,-0.100143,7.37117,0.199293,4.00154,27
2026-08-05,64610.3,52738.5,0.391423,0.183744,0.743929,1.22511,-1.58956,0.352007,0.470985,605.646,3201.11,-5.0374,-0.0929139,6.41696,0.197881,3.99193,26.7143
2026-08-06,64212.3,52737.7,0.378301,0.178697,0.667691,1.21758,-2.04789,0.348034,0.467826,712.899,3286.93,-5.06332,-0.0925204,5.91623,0.202044,4.03877,26.2857
2026-08-07,64869.2,52730.4,0.40017,0.187127,0.83422,1.2302,-1.86479,0.3555,0.472351,896.604,3464.12,-4.61491,-0.0831876,5.21814,0.202519,4.04854,26.8571
2026-08-08,64907,52735.2,0.40123,0.187527,0.756594,1.23081,-1.69701,0.356137,0.472365,991.906,3577.29,-4.82313,-0.0810489,5.52808,0.20394,4.05035,27.2857
2026-08-09,64864.9,52730.8,0.399959,0.187067,0.756821,1.23011,-1.61196,0.355927,0.471799,901.466,3182.56,-4.90806,-0.0753114,5.36978,0.208594,4.0319,27.8571
2026-08-10,63907.7,52719.8,0.368748,0.175063,0.725965,1.21221,-1.63644,0.345766,0.464584,756.795,3018.86,-4.94692,-0.0755125,5.45446,0.209072,4.00717,28.1429
2026-08-11,63547.4,52707.3,0.357263,0.170584,0.67133,1.20567,-1.62005,0.342152,0.461714,761.682,3109.6,-5.16035,-0.0795279,5.22148,0.209329,4.00144,28.7143
2026-08-12,63359.4,52687.2,0.351707,0.168439,0.732846,1.20256,-1.82012,0.340403,0.460099,1125.18,3897.75,-4.73864,-0.0835181,6.25412,0.209902,4.0938,28.7143
2026-08-13,63395,52678.4,0.35315,0.169045,0.760971,1.20343,-2.02891,0.341005,0.460109,812.966,3404.46,-4.74176,-0.0825774,6.59143,0.206593,4.16404,29.2857
2026-08-14,62924.7,52669.7,0.337918,0.162972,0.772555,1.1947,-1.83623,0.336229,0.45645,647.529,3067.13,-4.97454,-0.0924207,6.77351,0.227376,4.20264,29.2857
2026-08-15,63034.4,52668.7,0.34155,0.164446,0.754247,1.19681,-1.1196,0.337683,0.457,568.379,2918.89,-5.01364,-0.0966461,6.8705,0.217193,4.23739,29.8571
2026-08-16,62818.4,52654.4,0.334884,0.161799,0.836067,1.19303,-0.690337,0.335656,0.45519,436.083,2572.14,-5.01492,-0.100776,6.33139,0.218025,4.28682,30.2857
2026-08-17,64434.1,52656.5,0.388027,0.182786,0.843061,1.22367,-0.822813,0.353303,0.466643,733.64,2779.04,-4.94237,-0.0975122,6.31518,0.206281,4.41208,30.4286
2026-08-18,64696.2,52644.2,0.397039,0.186286,0.799773,1.22893,-1.19326,0.356325,0.468284,922.936,2968.33,-4.75704,-0.0954786,6.38239,0.212438,4.4758,32.1429
2026-08-19,69267.8,52661.7,0.547008,0.239738,0.707931,1.31534,-1.38636,0.408352,0.501086,1213.21,3031.69,-4.61484,-0.0866979,5.87468,0.204911,4.45453,34.8571
2026-08-20,73070.9,52718,0.67033,0.278537,0.772287,1.38607,-1.58342,0.454128,0.52828,1616.36,3231.69,-4.62555,-0.0785256,6.26272,0.196486,4.386,39.5714
2026-08-21,78359.2,52812.6,0.841219,0.326019,0.894614,1.48372,-0.887198,0.521777,0.566156,1854.82,3332.99,-4.34086,-0.0657142,6.55498,0.190524,4.31392,45.7143
2026-08-22,77020.1,52833.5,0.796292,0.31403,0.951157,1.45779,-0.261704,0.503595,0.556135,2080,3669.57,-4.23734,-0.0539067,7.14759,0.192138,4.33195,51
2026-08-23,77593,52846.5,0.81457,0.318927,0.881943,1.46827,-0.507817,0.510499,0.559922,2320.08,3680.66,-4.12153,-0.0411243,8.3049,0.19053,4.49716,55.5714
2026-08-24,78894.5,52927.2,0.854585,0.32914,0.93789,1.49062,-0.142075,0.526717,0.568954,2657.64,3321.93,-4.14169,-0.0323504,8.81845,0.188058,4.49001,61.5714
2026-08-25,78601.4,52960.9,0.843663,0.32621,0.935341,1.48414,-0.10843,0.522059,0.566483,2972.01,3191.79,-3.998,-0.0242155,9.44333,0.188351,4.38873,66.2857
2026-08-26,78955,52998.2,0.853899,0.328755,1.00682,1.48977,0.505841,0.525942,0.568673,3215.77,3447.2,-3.72507,-0.0174631,9.72073,0.185887,4.35296,69
2026-08-27,80297.4,53032,0.896753,0.339555,0.984643,1.51413,0.833238,0.543132,0.577972,3507.76,3788.94,-3.33583,-0.00841435,9.29572,0.183053,4.35535,70.2857
2026-08-28,77716.6,53043.9,0.811326,0.31747,0.863127,1.46514,0.57992,0.508062,0.559047,3273.85,3291.82,-3.18668,-0.00691629,9.38504,0.185261,4.46603,70.4286
2026-08-29,78243.9,53046.8,0.828411,0.322033,0.962586,1.475,0.552057,0.514179,0.562488,3040.72,2602.92,-3.23178,-0.00373254,9.38504,0.184417,4.45191,70
2026-08-30,77689.2,53050.7,0.809896,0.317142,1.06816,1.46443,0.552582,0.50608,0.558153,3306.09,2839.04,-3.19609,-0.00355439,9.1421,0.18553,4.32031,70.4286
2026-08-31,78533.9,53076.3,0.836658,0.32416,1.00746,1.47964,0.117024,0.516236,0.563868,3522.79,3277.46,-3.15882,-0.00517318,8.74257,0.180053,4.21553,68.8571
2026-09-01,77407.7,53081.1,0.799342,0.314266,0.929089,1.45829,0.275626,0.50079,0.555437,3286.33,3041,-2.96326,-0.00903371,8.22316,0.183678,4.29099,68.1429
2026-09-02,77188.7,53087,0.791809,0.312244,0.895402,1.454,0.274833,0.497259,0.553523,3217.39,2801.97,-2.74649,-0.0140996,8.3848,0.190839,4.19269,67.8571
2026-09-03,81243.2,53132,0.923329,0.346014,1.10125,1.52908,0.427237,0.549909,0.582225,3736.77,3109.85,-2.22474,-0.0185855,8.03632,0.187558,4.11876,67
2026-09-04,79681.6,53139.6,0.871605,0.333101,0.966246,1.49948,0.212665,0.528102,0.570673,3666.94,3061.3,-1.71483,-0.0149883,7.51366,0.180347,3.8608,67.1429
2026-09-05,79817.3,53158.8,0.875249,0.333994,1.00267,1.50149,0.679595,0.528979,0.571284,3538.25,2825.36,-1.50675,-0.014913,5.74083,0.177599,3.62177,67.8571
2026-09-06,80320,53174.6,0.891048,0.337966,1.12545,1.5105,0.581161,0.534669,0.574517,3439.41,2542.8,-1.52681,-0.0130067,4.84674,0.175159,3.52509,68.4286
2026-09-07,79073,53178.5,0.849818,0.327476,0.934727,1.48694,0.424014,0.517296,0.565243,3439.41,2447.5,-1.66111,-0.013068,4.0015,0.181155,3.45084,69.7143
2026-09-08,78445.7,53185.7,0.828833,0.322006,0.888838,1.47494,0.231874,0.508296,0.560409,3392.76,2491.3,-1.39784,-0.00853494,3.95969,0.186037,3.35092,69.7143
2026-09-09,78207.5,53192.1,0.820652,0.319859,1.07421,1.47028,0.545684,0.504405,0.55836,3417.19,2660.4,-1.29223,-0.00563027,3.68236,0.18023,3.50041,70.1429
2026-09-10,76675.8,53200,0.770009,0.306169,0.878416,1.44127,0.774593,0.484096,0.547089,3129.75,2368.07,-1.29561,-0.0125549,4.0967,0.190733,3.62709,70.7143
2026-09-11,77176.8,53201.7,0.78625,0.310652,1.06353,1.45065,1.07076,0.489568,0.550326,3177.62,2052.45,-1.28562,-0.017888,4.426,0.182667,3.87796,68.1429
2026-09-12,77252.4,53207.1,0.788412,0.311257,1.03856,1.45192,1.28622,0.489628,0.550526,3308.75,2495.79,-1.24377,-0.0214883,5.44169,0.181848,4.17099,66.7143
2026-09-13,76759.3,53209.1,0.772043,0.306806,0.993602,1.4426,1.19902,0.482669,0.546677,3366.39,2718.86,-1.22002,-0.0278058,6.00103,0.186957,4.39427,65
2026-09-14,78278.8,53219.3,0.821368,0.320131,1.00796,1.47087,0.971579,0.501144,0.557153,3526.43,2958.05,-1.39898,-0.0280049,6.46272,0.182848,4.60049,63
2026-09-15,75650.4,53209.7,0.735417,0.296637,1.06016,1.42174,0.595253,0.467309,0.53812,3076.1,2640.02,-1.30071,-0.0366276,6.42115,0.191602,4.97345,63
2026-09-16,76082.4,53207.1,0.749531,0.300664,0.89135,1.42993,0.430599,0.471932,0.540864,2482.56,1748.92,-1.43682,-0.044115,6.08953,0.186069,5.19104,60.8571
2026-09-17,76386.9,53199.8,0.75962,0.303548,0.941868,1.43585,0.542439,0.474932,0.542699,2452.72,1529.78,-1.49593,-0.0510646,6.11125,0.19008,5.40346,58.1429
2026-09-18,80944.2,53247.5,0.907158,0.342169,1.06243,1.52015,1.13914,0.532381,0.574713,2368.55,1155.34,-1.50114,-0.0532546,6.30791,0.19378,5.37122,58.1429
2026-09-19,81262.3,53263.6,0.916851,0.344548,0.893099,1.52566,1.3042,0.53563,0.576606,1762.26,145.908,-1.36036,-0.0555055,7.06504,0.197519,5.45764,59.2857
2026-09-20,81194.7,53270.8,0.914203,0.343914,1.08341,1.52419,1.30996,0.533961,0.575761,1454.81,-400.012,-1.38963,-0.0522968,7.53102,0.19423,5.25452,60.7143
2026-09-21,86505.3,53366.7,1.08462,0.383082,1.11833,1.62096,1.20251,0.604947,0.613014,2453.76,373.763,-1.34206,-0.0522871,7.85958,0.19531,4.78142,62.5714
2026-09-22,86205.3,53472.2,1.07105,0.379711,1.04087,1.61215,1.54811,0.599515,0.610485,3168.51,848.428,-0.606307,-0.0433852,8.44271,0.196556,3.94217,63.8571
2026-09-23,84434.3,53487,1.01236,0.366526,0.947328,1.5786,1.45299,0.573966,0.597556,3177.93,520.292,-1.26954,-0.036434,8.60192,0.196985,3.19503,66.7143
2026-09-24,84386.6,53500.5,1.0101,0.366007,1.02888,1.5773,1.56886,0.572106,0.596831,3054.21,82.1984,-1.54612,-0.027363,7.58598,0.187274,2.21427,69.7143
2026-09-25,84062.2,53525.7,0.998418,0.36326,0.981967,1.5705,1.29453,0.566624,0.594152,2956.55,-259.217,-0.664108,-0.023423,6.94298,0.186898,2.29341,71.8571
2026-09-26,84386.5,53535.7,1.00844,0.365589,1.13328,1.57626,1.26607,0.569953,0.596058,2714.32,-793.448,-0.893037,-0.0217505,5.54632,0.18433,2.2521,72.2857
2026-09-27,84392.5,53541.7,1.00819,0.365563,1.07569,1.5762,1.64324,0.569,0.595714,2916.12,-357.725,-0.0458662,-0.0210891,3.89747,0.183235,2.40524,72.1429
2026-09-28,83516.8,53575.5,0.978234,0.358506,1.20442,1.55886,2.0407,0.55628,0.589154,2947.19,-93.525,0.617292,-0.0247371,3.35747,0.187833,2.86869,72.7143
2026-09-29,83674.7,53602.7,0.982267,0.359392,1.16357,1.56102,2.03062,0.557422,0.589888,3013.39,-292.703,0.792859,-0.0261642,2.61909,0.183898,3.54683,72
2026-09-30,83579.7,53611.6,0.978635,0.358557,1.0323,1.55898,2.13951,0.555208,0.588841,2648,-874.795,0.725898,-0.0332143,2.71401,0.181969,4.15981,72
2026-10-01,84777.2,53636.7,1.01666,0.367322,1.0115,1.58058,2.18481,0.57028,0.596891,2987.13,-299.197,0.636643,-0.0339204,3.26348,0.185355,4.99664,72.4286
2026-10-02,84517.5,53670.9,1.00681,0.364973,1.0466,1.57474,2.47037,0.565932,0.594678,3075.83,-141.556,0.948918,-0.035293,3.35856,0,5.06002,72.5714
2026-10-03,84756.1,53680.2,1.01404,0.366651,0.998193,1.57891,2.05162,0.568237,0.595971,2344.96,-1391.81,1.10226,-0.0334967,3.68436,0,5.00979,71.5714
2026-10-04,86520.8,53704.1,1.07055,0.379293,1.08847,1.61107,2.13226,0.591038,0.607981,2170.36,-1496.58,0.804239,-0.0336159,4.18774,0,4.94879,70.8571
2026-10-05,85834.5,,,,1.33762,,2.32415,0.580581,0.602765,2170.36,-1367.89,1.03378,-0.0279866,4.14656,0,5.00001,70.2857
2026-10-06,,,,,,,2.09437,,,2170.36,-1269.05,1.9023,-0.0219075,3.16965,,4.99388,70.2857
