date,price,composite,cat_onchain_valuation,cat_holder_behavior,cat_capital_flows,cat_leverage,cat_sentiment_cycle,score_mvrv_z,score_nupl,score_puell,score_rp_multiple,score_exchange_netflow_30d_pct,score_etf_flow_30d,score_etf_flow_momentum,score_stable_growth_90d,score_coinbase_premium_7d,score_funding_7d_ann,score_oi_to_mcap,score_basis_ann,score_fear_greed_7d,score_days_since_halving
2011-01-01,0.3,79.86,79.86,,,,,,94,,65.73,,,,,,,,,,
2011-01-02,0.3,79.46,79.46,,,,,,93.85,,65.06,,,,,,,,,,
2011-01-03,0.295,78.42,78.42,,,,,,93.48,,63.36,,,,,,,,,,
2011-01-04,0.2989,78.84,78.84,,,,,,93.63,,64.04,,,,,,,,,,
2011-01-05,0.2989,78.6,78.6,,,,,,93.55,,63.66,,,,,,,,,,
2011-01-06,0.298,78.26,78.26,,,,,,93.42,,63.09,,,,,,,,,,
2011-01-07,0.32,81.21,81.21,,,,,,94.45,,67.97,,,,,,,,,,
2011-01-08,0.3229,81.3,81.3,,,,,,94.48,,68.11,,,,,,,,,,
2011-01-09,0.323,81.03,81.03,,,,,,94.39,,67.67,,,,,,,,,,
2011-01-10,0.3266,80.83,80.83,,,,,,94.33,,67.34,,,,,,,,,,
2011-01-11,0.3266,79.6,79.6,,,,,,93.9,,65.29,,,,,,,,,,
2011-01-12,0.3188,78.28,78.28,,,,,,93.43,,63.14,,,,,,,,,,
2011-01-13,0.3176,77.46,77.46,,,,,,93.13,,61.8,,,,,,,,,,
2011-01-14,0.4,87.78,87.78,,,,,,96.39,,79.17,,,,,,,,,,
2011-01-15,0.386,85.59,85.59,,,,,,95.79,,75.38,,,,,,,,,,
2011-01-16,0.3868,85.02,85.02,,,,,,95.63,,74.42,,,,,,,,,,
2011-01-17,0.3495,79.73,79.73,,,,,,93.95,,65.51,,,,,,,,,,
2011-01-18,0.313,74.66,74.66,,,,,,92.02,,57.3,,,,,,,,,,
2011-01-19,0.313,74.14,74.14,,,,,,91.8,,56.48,,,,,,,,,,
2011-01-20,0.39,83.7,83.7,,,,,,95.24,,72.16,,,,,,,,,,
2011-01-21,0.4199,86.84,86.84,,,,,,96.14,,77.54,,,,,,,,,,
2011-01-22,0.44,88.63,88.63,,,,,,96.61,,80.66,,,,,,,,,,
2011-01-23,0.4424,87.87,87.87,,,,,,96.41,,79.33,,,,,,,,,,
2011-01-24,0.4199,84.55,84.55,,,,,,95.49,,73.61,,,,,,,,,,
2011-01-25,0.41,83.08,83.08,,,,,,95.05,,71.1,,,,,,,,,,
2011-01-26,0.4151,77.02,77.02,,,,,,92.96,,61.09,,,,,,,,,,
2011-01-27,0.4212,77.24,77.24,,,,,,93.04,,61.43,,,,,,,,,,
2011-01-28,0.4445,79.27,79.27,,,,,,93.79,,64.75,,,,,,,,,,
2011-01-29,0.439,78.06,78.06,,,,,,93.35,,62.78,,,,,,,,,,
2011-01-30,0.4771,81.57,81.57,,,,,,94.57,,68.57,,,,,,,,,,
2011-01-31,0.5251,85.01,85.01,,,,,,95.62,,74.4,,,,,,,,,,
2011-02-01,0.7075,99.06,99.06,,,,,,98.87,,99.25,,,,,,,,,,
2011-02-02,0.7254,98.24,98.24,,,,,,98.72,,97.76,,,,,,,,,,
2011-02-03,0.6939,94.97,94.97,,,,,,98.07,,91.87,,,,,,,,,,
2011-02-04,0.811,100,103.1,,,,,,99.58,,106.6,,,,,,,,,,
2011-02-05,0.9117,100,108.2,,,,,,100.4,,116.1,,,,,,,,,,
2011-02-06,0.898,100,105.9,,,,,,100,,111.7,,,,,,,,,,
2011-02-07,0.8894,100,101.8,,,,,,99.36,,104.3,,,,,,,,,,
2011-02-08,0.918,100,103,,,,,,99.56,,106.5,,,,,,,,,,
2011-02-09,1.016,100,107.1,,,,,,100.2,,114,,,,,,,,,,
2011-02-10,0.9797,100,103.4,,,,,,99.62,,107.1,,,,,,,,,,
2011-02-11,1.054,100,106.2,,,,,,100.1,,112.3,,,,,,,,,,
2011-02-12,1.079,100,106.7,,,,,,100.1,,113.3,,,,,,,,,,
2011-02-13,1.05,100,103.9,,,,,,99.7,,108.1,,,,,,,,,,
2011-02-14,1.07,100,102.6,,,,,,99.49,,105.7,,,,,,,,,,
2011-02-15,1.05,100,100.7,,,,,,99.17,,102.2,,,,,,,,,,
2011-02-16,1.032,98.95,98.95,,,,,,98.85,,99.04,,,,,,,,,,
2011-02-17,1.04,98.79,98.79,,,,,,98.82,,98.76,,,,,,,,,,
2011-02-18,0.899,89.91,89.91,,,,,,96.93,,82.89,,,,,,,,,,
2011-02-19,0.944,92.2,92.2,,,,,,97.47,,86.94,,,,,,,,,,
2011-02-20,0.865,87,87,,,,,,96.18,,77.82,,,,,,,,,,
2011-02-21,0.8357,84.97,84.97,,,,,,95.61,,74.33,,,,,,,,,,
2011-02-22,0.877,86.91,86.91,,,,,,96.16,,77.67,,,,,,,,,,
2011-02-23,0.9,87.83,87.83,,,,,,96.4,,79.25,,,,,,,,,,
2011-02-24,0.9891,92.19,92.19,,,,,,97.47,,86.92,,,,,,,,,,
2011-02-25,0.9147,87.65,87.65,,,,,,96.35,,78.94,,,,,,,,,,
2011-02-26,0.958,88.96,88.96,,,,,,96.69,,81.23,,,,,,,,,,
2011-02-27,0.895,84.6,84.6,,,,,,95.5,,73.69,,,,,,,,,,
2011-02-28,0.8602,82.07,82.07,,,,,,94.73,,69.42,,,,,,,,,,
2011-03-01,0.9211,79.35,79.35,,,,,,93.82,,64.88,,,,,,,,,,
2011-03-02,0.9399,79.89,79.89,,,,,,94,,65.77,,,,,,,,,,
2011-03-03,0.9391,79.58,79.58,,,,,,93.9,,65.26,,,,,,,,,,
2011-03-04,0.9011,77.43,77.43,,,,,,93.11,,61.74,,,,,,,,,,
2011-03-05,0.9078,77.36,77.36,,,,,,93.09,,61.62,,,,,,,,,,
2011-03-06,0.8848,76,76,,,,,,92.56,,59.44,,,,,,,,,,
2011-03-07,0.8776,75.53,75.53,,,,,,92.37,,58.68,,,,,,,,,,
2011-03-08,0.8661,74.71,74.71,,,,,,92.04,,57.39,,,,,,,,,,
2011-03-09,0.86,74.29,74.29,,,,,,91.86,,56.73,,,,,,,,,,
2011-03-10,0.9207,77.08,77.08,,,,,,92.98,,61.17,,,,,,,,,,
2011-03-11,0.88,74.97,74.97,,,,,,92.15,,57.8,,,,,,,,,,
2011-03-12,0.9178,76.33,76.33,,,,,,92.69,,59.97,,,,,,,,,,
2011-03-13,0.8925,74.87,74.87,,,,,,92.1,,57.64,,,,,,,,,,
2011-03-14,0.8939,74.52,74.52,,,,,,91.96,,57.08,,,,,,,,,,
2011-03-15,0.8722,73.25,73.25,,,,,,91.41,,55.1,,,,,,,,,,
2011-03-16,0.8512,71.78,71.78,,,,,,90.75,,52.81,,,,,,,,,,
2011-03-17,0.8254,70.31,70.31,,,,,,90.04,,50.58,,,,,,,,,,
2011-03-18,0.802,69.11,69.11,,,,,,89.44,,48.77,,,,,,,,,,
2011-03-19,0.765,67.17,67.17,,,,,,88.41,,45.93,,,,,,,,,,
2011-03-20,0.7415,65.91,65.91,,,,,,87.7,,44.12,,,,,,,,,,
2011-03-21,0.759,66.7,66.7,,,,,,88.15,,45.25,,,,,,,,,,
2011-03-22,0.8091,69.05,69.05,,,,,,89.41,,48.69,,,,,,,,,,
2011-03-23,0.8497,70.89,70.89,,,,,,90.33,,51.46,,,,,,,,,,
2011-03-24,0.8724,71.49,71.49,,,,,,90.61,,52.36,,,,,,,,,,
2011-03-25,0.8838,71.87,71.87,,,,,,90.79,,52.95,,,,,,,,,,
2011-03-26,0.8552,70.15,70.15,,,,,,89.97,,50.34,,,,,,,,,,
2011-03-27,0.822,68.45,68.45,,,,,,89.1,,47.8,,,,,,,,,,
2011-03-28,0.7947,67.03,67.03,,,,,,88.33,,45.73,,,,,,,,,,
2011-03-29,0.7925,66.84,66.84,,,,,,88.23,,45.46,,,,,,,,,,
2011-03-30,0.7897,66.64,66.64,,,,,,88.12,,45.17,,,,,,,,,,
2011-03-31,0.7846,66.3,66.3,,,,,,87.92,,44.67,,,,,,,,,,
2011-04-01,0.7741,65.69,65.69,,,,,,87.57,,43.8,,,,,,,,,,
2011-04-02,0.782,66.03,66.03,,,,,,87.77,,44.28,,,,,,,,,,
2011-04-03,0.779,65.79,65.79,,,,,,87.63,,43.95,,,,,,,,,,
2011-04-04,0.68,60.45,60.45,,,,,,84.22,,36.69,,,,,,,,,,
2011-04-05,0.7157,62.26,62.26,,,,,,85.44,,39.07,,,,,,,,,,
2011-04-06,0.74,63.45,63.45,,,,,,86.21,,40.68,,,,,,,,,,
2011-04-07,0.7538,64.07,64.07,,,,,,86.6,,41.54,,,,,,,,,,
2011-04-08,0.75,63.79,63.79,,,,,,86.43,,41.16,,,,,,,,,,
2011-04-09,0.7341,62.93,62.93,,,,,,85.88,,39.98,,,,,,,,,,
2011-04-10,0.7332,62.83,62.83,,,,,,85.82,,39.84,,,,,,,,,,
2011-04-11,0.7701,64.59,64.59,,,,,,86.92,,42.26,,,,,,,,,,
2011-04-12,0.8614,68.74,68.74,,,,,,89.25,,48.23,,,,,,,,,,
2011-04-13,0.9303,71.58,71.58,,,,,,90.65,,52.51,,,,,,,,,,
2011-04-14,0.9986,74.15,74.15,,,,,,91.8,,56.49,,,,,,,,,,
2011-04-15,0.9837,73.03,73.03,,,,,,91.31,,54.74,,,,,,,,,,
2011-04-16,1.047,75.29,75.29,,,,,,92.28,,58.31,,,,,,,,,,
2011-04-17,1.098,76.9,76.9,,,,,,92.92,,60.89,,,,,,,,,,
2011-04-18,1.149,78.27,78.27,,,,,,93.43,,63.1,,,,,,,,,,
2011-04-19,1.185,78.94,78.94,,,,,,93.67,,64.21,,,,,,,,,,
2011-04-20,1.142,77.05,77.05,,,,,,92.97,,61.13,,,,,,,,,,
2011-04-21,1.207,79.13,79.13,,,,,,93.74,,64.52,,,,,,,,,,
2011-04-22,1.405,85.2,85.2,,,,,,95.68,,74.72,,,,,,,,,,
2011-04-23,1.829,97.1,97.1,,,,,,98.5,,95.69,,,,,,,,,,
2011-04-24,1.632,89.89,89.89,,,,,,96.92,,82.85,,,,,,,,,,
2011-04-25,1.564,87.19,87.19,,,,,,96.23,,78.15,,,,,,,,,,
2011-04-26,1.771,92.86,92.86,,,,,,97.62,,88.1,,,,,,,,,,
2011-04-27,1.903,95.96,95.96,,,,,,98.28,,93.64,,,,,,,,,,
2011-04-28,2.286,100,105.2,,,,,,99.91,,110.5,,,,,,,,,,
2011-04-29,2.851,100,102.1,,,,,,99.42,,104.9,,,,,,,,,,
2011-04-30,3.5,100,107.7,,,,,,100.3,,115,,,,,,,,,,
2011-05-01,3.094,98.38,98.38,,,,,,98.75,,98.02,,,,,,,,,,
2011-05-02,3.2,99.44,99.44,,,,,,98.94,,99.94,,,,,,,,,,
2011-05-03,3.361,100,100.4,,,,,,99.11,,101.7,,,,,,,,,,
2011-05-04,3.409,96.88,96.88,,,,,,98.46,,95.31,,,,,,,,,,
2011-05-05,3.344,94.85,94.85,,,,,,98.05,,91.65,,,,,,,,,,
2011-05-06,3.455,94.35,94.35,,,,,,97.94,,90.76,,,,,,,,,,
2011-05-07,3.641,96.45,96.45,,,,,,98.37,,94.53,,,,,,,,,,
2011-05-08,3.849,97.86,97.86,,,,,,98.65,,97.06,,,,,,,,,,
2011-05-09,3.804,96.06,96.06,,,,,,98.3,,93.83,,,,,,,,,,
2011-05-10,5.652,100,114,,,,,,101.1,,126.9,,,,,,,,,,
2011-05-11,5.44,100,108,,,,,,100.3,,115.7,,,,,,,,,,
2011-05-12,6.335,100,113.4,,,,,,101,,125.8,,,,,,,,,,
2011-05-13,8.139,100,120.2,,,,,,101.8,,138.6,,,,,,,,,,
2011-05-14,7.007,100,107.3,,,,,,100.2,,114.3,,,,,,,,,,
2011-05-15,6.925,100,103.4,,,,,,99.63,,107.3,,,,,,,,,,
2011-05-16,7.885,100,106.5,,,,,,100.1,,113,,,,,,,,,,
2011-05-17,7.257,99.49,99.49,,,,,,98.95,,100,,,,,,,,,,
2011-05-18,6.763,94.04,94.04,,,,,,97.88,,90.2,,,,,,,,,,
2011-05-19,6.89,94.23,94.23,,,,,,97.92,,90.55,,,,,,,,,,
2011-05-20,5.618,82.73,82.73,,,,,,94.94,,70.53,,,,,,,,,,
2011-05-21,6.085,87.34,87.34,,,,,,96.27,,78.41,,,,,,,,,,
2011-05-22,6.712,90.82,90.82,,,,,,97.15,,84.5,,,,,,,,,,
2011-05-23,7.065,92.52,92.52,,,,,,97.54,,87.5,,,,,,,,,,
2011-05-24,7.403,93.91,93.91,,,,,,97.85,,89.97,,,,,,,,,,
2011-05-25,8.569,100,101.1,,,,,,99.24,,102.9,,,,,,,,,,
2011-05-26,8.782,100,100.9,,,,,,99.21,,102.7,,,,,,,,,,
2011-05-27,8.529,95.74,95.74,,,,,,98.23,,93.25,,,,,,,,,,
2011-05-28,8.349,94.04,94.04,,,,,,97.88,,90.21,,,,,,,,,,
2011-05-29,8.401,93.81,93.81,,,,,,97.83,,89.79,,,,,,,,,,
2011-05-30,8.779,95.26,95.26,,,,,,98.13,,92.39,,,,,,,,,,
2011-05-31,8.722,93.93,93.93,,,,,,97.85,,90.01,,,,,,,,,,
2011-06-01,9.624,98.51,98.51,,,,,,98.77,,98.25,,,,,,,,,,
2011-06-02,10.7,100,102.7,,,,,,99.51,,105.9,,,,,,,,,,
2011-06-03,14.26,100,115.7,,,,,,101.3,,130.1,,,,,,,,,,
2011-06-04,18.31,100,130.8,,,,,,102.8,,158.9,,,,,,,,,,
2011-06-05,16.54,100,117.4,,,,,,101.5,,133.3,,,,,,,,,,
2011-06-06,18.4,100,111,,,,,,100.7,,121.2,,,,,,,,,,
2011-06-07,23.24,100,124.9,,,,,,102.3,,147.4,,,,,,,,,,
2011-06-08,29.03,100,126.8,,,,,,102.4,,151.1,,,,,,,,,,
2011-06-09,28.79,100,117.8,,,,,,101.6,,134.1,,,,,,,,,,
2011-06-10,24.05,100,100.4,,,,,,99.12,,101.7,,,,,,,,,,
2011-06-11,14.75,75.59,75.59,,,,,,92.4,,58.78,,,,,,,,,,
2011-06-12,18.85,81.35,81.35,,,,,,94.5,,68.2,,,,,,,,,,
2011-06-13,19.54,81.42,81.42,,,,,,94.52,,68.32,,,,,,,,,,
2011-06-14,19.26,77.37,77.37,,,,,,93.1,,61.65,,,,,,,,,,
2011-06-15,19.46,75.01,75.01,,,,,,92.16,,57.85,,,,,,,,,,
2011-06-16,17.93,70.82,70.82,,,,,,90.29,,51.34,,,,,,,,,,
2011-06-17,15.44,64.62,64.62,,,,,,86.94,,42.31,,,,,,,,,,
2011-06-18,16.88,67.74,67.74,,,,,,88.72,,46.77,,,,,,,,,,
2011-06-19,17.51,68.66,68.66,,,,,,89.21,,48.11,,,,,,,,,,
2011-06-20,17.51,68.36,68.36,,,,,,89.05,,47.67,,,,,,,,,,
2011-06-21,17.51,67.88,67.88,,,,,,88.8,,46.97,,,,,,,,,,
2011-06-22,17.51,67.72,67.72,,,,,,88.71,,46.73,,,,,,,,,,
2011-06-23,17.51,67.53,67.53,,,,,,88.61,,46.45,,,,,,,,,,
2011-06-24,17.51,67.26,67.26,,,,,,88.46,,46.06,,,,,,,,,,
2011-06-25,17.51,67.14,67.14,,,,,,88.39,,45.88,,,,,,,,,,
2011-06-26,16.36,64.28,64.28,,,,,,86.73,,41.83,,,,,,,,,,
2011-06-27,16.75,64.5,64.5,,,,,,86.87,,42.14,,,,,,,,,,
2011-06-28,16.96,64.57,64.57,,,,,,86.91,,42.23,,,,,,,,,,
2011-06-29,16.85,64.08,64.08,,,,,,86.6,,41.55,,,,,,,,,,
2011-06-30,16.19,62.27,62.27,,,,,,85.45,,39.08,,,,,,,,,,
2011-07-01,15.42,60.54,60.54,,,,,,84.27,,36.8,,,,,,,,,,
2011-07-02,15.38,60.47,60.47,,,,,,84.23,,36.71,,,,,,,,,,
2011-07-03,15.46,60.56,60.56,,,,,,84.29,,36.83,,,,,,,,,,
2011-07-04,13.85,56.72,56.72,,,,,,81.41,,32.03,,,,,,,,,,
2011-07-05,12.96,54.27,54.27,,,,,,79.37,,29.17,,,,,,,,,,
2011-07-06,14.71,58.71,58.71,,,,,,82.95,,34.47,,,,,,,,,,
2011-07-07,14.8,58.84,58.84,,,,,,83.04,,34.63,,,,,,,,,,
2011-07-08,14.3,57.59,57.59,,,,,,82.1,,33.08,,,,,,,,,,
2011-07-09,14.38,57.78,57.78,,,,,,82.24,,33.31,,,,,,,,,,
2011-07-10,14.62,58.18,58.18,,,,,,82.55,,33.81,,,,,,,,,,
2011-07-11,14.31,57.33,57.33,,,,,,81.9,,32.77,,,,,,,,,,
2011-07-12,14.02,56.56,56.56,,,,,,81.28,,31.84,,,,,,,,,,
2011-07-13,13.97,56.37,56.37,,,,,,81.13,,31.61,,,,,,,,,,
2011-07-14,14,56.39,56.39,,,,,,81.15,,31.64,,,,,,,,,,
2011-07-15,13.81,55.86,55.86,,,,,,80.71,,31.01,,,,,,,,,,
2011-07-16,13.71,55.6,55.6,,,,,,80.49,,30.7,,,,,,,,,,
2011-07-17,13.26,42.09,42.09,,,,,17.54,79.45,,29.28,,,,,,,,,,
2011-07-18,13.63,43.81,43.81,,,,,18.54,81.18,,31.69,,,,,,,,,,
2011-07-19,13.82,44.17,44.17,,,,,18.81,81.51,,32.18,,,,,,,,,,
2011-07-20,13.68,44.1,44.1,,,,,18.65,81.49,,32.15,,,,,,,,,,
2011-07-21,13.61,43.91,43.91,,,,,18.49,81.33,,31.91,,,,,,,,,,
2011-07-22,13.7,44.08,44.08,,,,,18.61,81.49,,32.15,,,,,,,,,,
2011-07-23,13.68,44,44,,,,,18.53,81.43,,32.05,,,,,,,,,,
2011-07-24,13.99,44.65,44.65,,,,,19.02,82.01,,32.94,,,,,,,,,,
2011-07-25,14.03,44.69,44.69,,,,,19.03,82.04,,32.99,,,,,,,,,,
2011-07-26,13.88,44.28,44.28,,,,,18.72,81.68,,32.44,,,,,,,,,,
2011-07-27,13.88,44.22,44.22,,,,,18.67,81.63,,32.37,,,,,,,,,,
2011-07-28,13.49,43.34,43.34,,,,,18,80.84,,31.19,,,,,,,,,,
2011-07-29,13.51,43.34,43.34,,,,,17.99,80.84,,31.19,,,,,,,,,,
2011-07-30,13.54,43.35,43.35,,,,,17.99,80.84,,31.2,,,,,,,,,,
2011-07-31,13.37,42.95,42.95,,,,,17.69,80.48,,30.68,,,,,,,,,,
2011-08-01,13.02,42.12,42.12,,,,,17.08,79.69,,29.6,,,,,,,,,,
2011-08-02,12.21,40.18,40.18,,,,,15.72,77.71,,27.12,,,,,,,,,,
2011-08-03,9.286,32.43,32.43,,,,,10.91,68.03,,18.35,,,,,,,,,,
2011-08-04,10.77,36.71,36.71,,,,,13.4,73.75,,22.97,,,,,,,,,,
2011-08-05,9.73,33.84,33.84,,,,,11.69,70.03,,19.81,,,,,,,,,,
2011-08-06,6.964,24.54,24.54,,,,,7.183,55,,11.43,,,,,,,,,,
2011-08-07,8.502,30.38,30.38,,,,,9.803,64.97,,16.37,,,,,,,,,,
2011-08-08,7.775,28.26,28.26,,,,,8.76,61.57,,14.45,,,,,,,,,,
2011-08-09,9.802,34.89,34.89,,,,,12.19,71.49,,20.98,,,,,,,,,,
2011-08-10,10.05,28.92,28.92,,,,,12.6,72.42,8.889,21.77,,,,,,,,,,
2011-08-11,9.438,26.46,26.46,,,,,11.58,70.05,4.396,19.83,,,,,,,,,,
2011-08-12,9.453,26.49,26.49,,,,,11.61,70.11,4.348,19.88,,,,,,,,,,
2011-08-13,10,27.96,27.96,,,,,12.54,72.28,5.376,21.64,,,,,,,,,,
2011-08-14,10.81,30.41,30.41,,,,,13.9,75.02,8.511,24.2,,,,,,,,,,
2011-08-15,11.13,45.35,31.27,70,,,,14.43,75.99,9.474,25.19,70,,,,,,,,,
2011-08-16,10.99,44.89,32.23,67.03,,,,14.17,75.5,14.58,24.68,67.03,,,,,,,,,
2011-08-17,10.96,44.44,31.33,67.39,,,,14.1,75.35,11.34,24.52,67.39,,,,,,,,,
2011-08-18,10.86,45.51,31.58,69.89,,,,13.91,74.98,13.27,24.15,69.89,,,,,,,,,
2011-08-19,11.67,47.77,33.11,73.4,,,,15.27,77.35,13.13,26.7,73.4,,,,,,,,,
2011-08-20,11.46,51.81,33.9,83.16,,,,14.9,76.71,18,25.98,83.16,,,,,,,,,
2011-08-21,11.35,50.73,33.88,80.21,,,,14.71,76.39,18.81,25.62,80.21,,,,,,,,,
2011-08-22,10.92,46.62,33.2,70.1,,,,13.97,75.03,19.61,24.21,70.1,,,,,,,,,
2011-08-23,10.92,53.81,32.66,90.82,,,,13.96,75.02,17.48,24.2,90.82,,,,,,,,,
2011-08-24,10.87,46.19,29.87,74.75,,,,13.88,74.85,6.731,24.02,74.75,,,,,,,,,
2011-08-25,9.546,43.18,26.14,73,,,,11.53,69.67,3.81,19.54,73,,,,,,,,,
2011-08-26,8.127,47.52,22.63,91.09,,,,9.109,62.61,3.774,15.01,91.09,,,,,,,,,
2011-08-27,8.596,49.14,24.56,92.16,,,,10.57,67.69,1.869,18.12,92.16,,,,,,,,,
2011-08-28,9.031,48.77,25.6,89.32,,,,11.31,69.69,1.852,19.56,89.32,,,,,,,,,
2011-08-29,8.961,48.02,26.56,85.58,,,,11.18,69.33,6.422,19.29,85.58,,,,,,,,,
2011-08-30,8.81,53.17,26.41,100,,,,10.93,68.65,7.273,18.79,100,,,,,,,,,
2011-08-31,8.199,51.5,24.86,98.11,,,,9.894,65.6,7.207,16.75,98.11,,,,,,,,,
2011-09-01,8.234,51.4,23.63,100,,,,9.972,65.84,1.786,16.91,100,,,,,,,,,
2011-09-02,8.621,52.75,26.81,98.15,,,,10.64,67.8,10.62,18.19,98.15,,,,,,,,,
2011-09-03,8.45,52.3,25.04,100,,,,10.34,66.94,5.263,17.61,100,,,,,,,,,
2011-09-04,8.203,51.75,24.19,100,,,,9.928,65.67,4.348,16.8,100,,,,,,,,,
2011-09-05,7.597,50.85,22.77,100,,,,8.902,62.21,5.172,14.79,100,,,,,,,,,
2011-09-06,6.847,48.25,19.7,98.21,,,,7.635,57.12,1.709,12.32,98.21,,,,,,,,,
2011-09-07,7.163,49.41,20.5,100,,,,8.199,59.52,0.8475,13.43,100,,,,,,,,,
2011-09-08,6.678,46.88,19.03,95.61,,,,7.394,56.03,0.8403,11.85,95.61,,,,,,,,,
2011-09-09,4.987,44.24,12.37,100,,,,4.489,38.01,0.8333,6.164,100,,,,,,,,,
2011-09-10,4.743,43.48,11.18,100,,,,4.079,34.46,0.8264,5.362,100,,,,,,,,,
2011-09-11,5.853,47.38,17.32,100,,,,6.457,51.18,1.639,9.981,100,,,,,,,,,
2011-09-12,6.091,47.93,18.66,99.15,,,,6.897,53.6,3.252,10.88,99.15,,,,,,,,,
2011-09-13,5.803,47.71,17.84,100,,,,6.422,50.98,4.032,9.908,100,,,,,,,,,
2011-09-14,5.597,45.39,17.04,95,,,,6.073,48.89,4,9.199,95,,,,,,,,,
2011-09-15,4.868,43.71,13.43,96.69,,,,4.809,39.91,2.381,6.624,96.69,,,,,,,,,
2011-09-16,4.831,42.49,12.9,94.26,,,,4.765,39.53,0.7874,6.532,94.26,,,,,,,,,
2011-09-17,4.775,41.58,12.84,91.87,,,,4.672,38.79,1.562,6.349,91.87,,,,,,,,,
2011-09-18,5.237,44.15,16.39,92.74,,,,5.49,45.08,6.977,8.018,92.74,,,,,,,,,
2011-09-19,5.52,45.8,16.66,96.8,,,,6.004,48.48,3.077,9.064,96.8,,,,,,,,,
2011-09-20,6.147,48.6,20.59,97.62,,,,7.122,54.76,9.16,11.33,97.62,,,,,,,,,
2011-09-21,5.597,47.66,17.74,100,,,,6.151,49.4,6.061,9.367,100,,,,,,,,,
2011-09-22,5.475,47.07,17.27,99.22,,,,5.952,48.17,6.015,8.963,99.22,,,,,,,,,
2011-09-23,5.563,47.24,17.09,100,,,,6.116,49.19,3.731,9.298,100,,,,,,,,,
2011-09-24,5.458,46.84,16.47,100,,,,5.931,48.05,2.963,8.927,100,,,,,,,,,
2011-09-25,5.341,46.29,16.48,98.47,,,,5.785,47.09,4.412,8.623,98.47,,,,,,,,,
2011-09-26,4.874,45.03,13.62,100,,,,4.954,41.15,1.46,6.939,100,,,,,,,,,
2011-09-27,4.911,45.16,13.82,100,,,,5.027,41.73,1.449,7.092,100,,,,,,,,,
2011-09-28,4.763,45.17,13.84,100,,,,4.767,39.69,4.317,6.57,100,,,,,,,,,
2011-09-29,4.778,44.76,13.2,100,,,,4.796,39.95,1.429,6.634,100,,,,,,,,,
2011-09-30,5.144,45.19,15.12,97.79,,,,5.457,44.93,2.128,7.976,97.79,,,,,,,,,
2011-10-01,5.034,45.15,15.89,96.35,,,,5.274,43.63,7.042,7.607,96.35,,,,,,,,,
2011-10-02,5.007,44.05,14.56,95.65,,,,5.237,43.37,2.098,7.535,95.65,,,,,,,,,
2011-10-03,5.023,45.49,16.39,96.4,,,,5.274,43.65,9.028,7.612,96.4,,,,,,,,,
2011-10-04,4.957,44.5,14.01,97.86,,,,5.159,42.82,0.6897,7.384,97.86,,,,,,,,,
2011-10-05,4.885,46.06,15.23,100,,,,5.034,41.9,6.849,7.138,100,,,,,,,,,
2011-10-06,4.73,44.81,13.28,100,,,,4.755,39.74,2.041,6.581,100,,,,,,,,,
2011-10-07,4.276,42.15,10.69,97.2,,,,3.944,32.5,1.351,4.95,97.2,,,,,,,,,
2011-10-08,3.981,41.4,8.712,98.61,,,,3.41,26.88,0.6711,3.881,98.61,,,,,,,,,
2011-10-09,4.112,41.07,9.763,95.86,,,,3.664,29.66,1.333,4.391,95.86,,,,,,,,,
2011-10-10,4.075,39.47,9.579,91.78,,,,3.611,29.1,1.325,4.284,91.78,,,,,,,,,
2011-10-11,4.009,40.14,9.042,94.56,,,,3.505,27.94,0.6579,4.07,94.56,,,,,,,,,
2011-10-12,4.166,39.06,10.41,89.19,,,,3.813,31.19,1.961,4.687,89.19,,,,,,,,,
2011-10-13,4.037,39.7,9.461,92.62,,,,3.577,28.75,1.299,4.219,92.62,,,,,,,,,
2011-10-14,3.986,40.54,9.984,94,,,,3.496,27.87,4.516,4.057,94,,,,,,,,,
2011-10-15,3.837,39.34,8.839,92.72,,,,3.222,24.77,3.846,3.515,92.72,,,,,,,,,
2011-10-16,3.61,37.77,6.727,92.11,,,,2.802,19.52,1.911,2.678,92.11,,,,,,,,,
2011-10-17,2.581,36.38,0.3939,99.35,,,,0.9427,0,0.6329,0,99.35,,,,,,,,,
2011-10-18,2.422,35.63,0.325,97.4,,,,0.6712,0,0.6289,0,97.4,,,,,,,,,
2011-10-19,2.217,34.27,0.3978,93.55,,,,0.3411,0,1.25,0,93.55,,,,,,,,,
2011-10-20,2.356,34.93,0.308,95.51,,,,0.6111,0,0.6211,0,95.51,,,,,,,,,
2011-10-21,2.57,34.93,1.025,94.27,,,,1.015,0,3.086,0,94.27,,,,,,,,,
2011-10-22,3.155,36.7,3.782,94.3,,,,2.131,8.701,3.067,1.23,94.3,,,,,,,,,
2011-10-23,3.148,38.7,4.03,99.37,,,,2.115,8.528,4.268,1.209,99.37,,,,,,,,,
2011-10-24,2.523,36.96,1.296,99.38,,,,0.9412,0,4.242,0,99.38,,,,,,,,,
2011-10-25,2.802,36.56,1.723,97.52,,,,1.471,0,5.422,0,97.52,,,,,,,,,
2011-10-26,2.778,35.56,1.562,95.06,,,,1.458,0,4.79,0,95.06,,,,,,,,,
2011-10-27,3.045,30.1,2.782,77.91,,,,1.963,5.883,2.381,0.9018,77.91,,,,,,,,,
2011-10-28,3.18,31.54,4.956,78.05,,,,2.211,10.27,5.917,1.421,78.05,,,,,,,,,
2011-10-29,3.569,36.78,8.974,85.45,,,,2.954,21.18,8.824,2.933,85.45,,,,,,,,,
2011-10-30,3.257,34.9,5.96,85.54,,,,2.353,12.74,7.018,1.733,85.54,,,,,,,,,
2011-10-31,3.265,37.62,6.769,91.62,,,,2.369,13.05,9.884,1.774,91.62,,,,,,,,,
2011-11-01,3.171,38.81,6.22,95.83,,,,2.19,10.29,10.98,1.423,95.83,,,,,,,,,
2011-11-02,3.256,39.31,7.339,95.27,,,,2.372,13.13,12.07,1.784,95.27,,,,,,,,,
2011-11-03,3.168,37.63,5.688,93.53,,,,2.201,10.53,8.571,1.452,93.53,,,,,,,,,
2011-11-04,3.12,34.63,5.968,84.8,,,,2.111,9.116,11.36,1.28,84.8,,,,,,,,,
2011-11-05,2.978,31.36,4.428,78.49,,,,1.836,4.406,10.73,0.7369,78.49,,,,,,,,,
2011-11-06,2.963,36.05,4.136,91.91,,,,1.804,3.942,10.11,0.6861,91.91,,,,,,,,,
2011-11-07,3.018,33.96,4.429,85.63,,,,1.91,5.958,8.939,0.9103,85.63,,,,,,,,,
2011-11-08,3.057,38.83,5.83,96.57,,,,1.996,7.463,12.78,1.084,96.57,,,,,,,,,
2011-11-09,2.92,39.98,5.678,100,,,,2.053,5.938,13.81,0.908,100,,,,,,,,,
2011-11-10,2.857,35.16,3.92,89.83,,,,1.929,3.746,9.341,0.6647,89.83,,,,,,,,,
2011-11-11,3.068,38.58,5.403,96.63,,,,2.349,11.17,6.557,1.533,96.63,,,,,,,,,
2011-11-12,3.026,38.58,6.355,94.97,,,,2.261,9.834,11.96,1.367,94.97,,,,,,,,,
2011-11-13,2.986,35.92,5.971,88.33,,,,2.182,8.592,11.89,1.217,88.33,,,,,,,,,
2011-11-14,2.224,37.07,1.115,100,,,,0.6951,0,3.763,0,100,,,,,,,,,
2011-11-15,2.322,37.87,2.362,100,,,,0.8918,0,8.556,0,100,,,,,,,,,
2011-11-16,2.547,37.32,2.134,98.91,,,,1.989,0,6.383,0.1643,98.91,,,,,,,,,
2011-11-17,2.279,37.11,1.17,100,,,,1.504,0,3.175,0,100,,,,,,,,,
2011-11-18,2.105,36.34,0.575,98.92,,,,1.247,0,1.053,0,98.92,,,,,,,,,
2011-11-19,2.203,35.31,0.4893,96.24,,,,1.434,0,0.5236,0,96.24,,,,,,,,,
2011-11-20,2.202,29.39,1.271,78.61,,,,1.438,0,3.646,0,78.61,,,,,,,,,
2011-11-21,2.28,25.48,0.5264,69.15,,,,1.587,0,0.5181,0,69.15,,,,,,,,,
2011-11-22,2.322,5.455,2.223,11.11,,,,1.674,0,7.216,0,11.11,,,,,,,,,
2011-11-23,2.33,1.032,1.32,0.5263,,,,1.692,0,3.59,0,0.5263,,,,,,,,,
2011-11-24,2.439,0.9253,0.8556,1.047,,,,1.892,0,1.531,0,1.047,,,,,,,,,
2011-11-25,2.496,2.067,2.951,0.5208,,,,2.001,0,9.645,0.1565,0.5208,,,,,,,,,
2011-11-26,2.472,3.263,1.279,6.736,,,,1.988,0,3.03,0.09786,6.736,,,,,,,,,
2011-11-27,2.478,5.504,1.286,12.89,,,,1.998,0,3.015,0.1306,12.89,,,,,,,,,
2011-11-28,2.541,3.029,3.587,2.051,,,,2.228,2.581,9,0.5394,2.051,,,,,,,,,
2011-11-29,2.758,4.838,7.311,0.5102,,,,2.63,10.71,14.43,1.475,0.5102,,,,,,,,,
2011-11-30,2.966,7.432,11.39,0.5076,,,,3.015,17.4,22.77,2.368,0.5076,,,,,,,,,
2011-12-01,3.083,8.698,13.38,0.5051,,,,3.235,20.81,26.6,2.875,0.5051,,,,,,,,,
2011-12-02,3.1,8.103,12.16,1.005,,,,3.266,21.34,21.08,2.957,1.005,,,,,,,,,
2011-12-03,2.804,5.913,8.721,1,,,,2.7,12.44,18.05,1.694,1,,,,,,,,,
2011-12-04,2.82,5.283,8.018,0.4975,,,,2.727,13.01,14.56,1.768,0.4975,,,,,,,,,
2011-12-05,2.875,6.864,10.5,0.495,,,,2.838,14.93,22.22,2.024,0.495,,,,,,,,,
2011-12-06,3.025,9.344,12.71,3.448,,,,3.129,19.56,25.48,2.684,3.448,,,,,,,,,
2011-12-07,2.986,6.756,10.34,0.4902,,,,3.101,18.91,16.75,2.588,0.4902,,,,,,,,,
2011-12-08,2.992,8.067,12.4,0.4878,,,,3.107,19.11,24.76,2.617,0.4878,,,,,,,,,
2011-12-09,2.956,6.943,10.63,0.4854,,,,3.033,18.08,18.96,2.466,0.4854,,,,,,,,,
2011-12-10,3.069,8.158,11.99,1.449,,,,3.259,21.45,20.28,2.974,1.449,,,,,,,,,
2011-12-11,3.249,9.625,14.85,0.4808,,,,3.609,26.21,25.82,3.762,0.4808,,,,,,,,,
2011-12-12,3.187,7.643,11.74,0.4785,,,,3.473,24.57,15.42,3.481,0.4785,,,,,,,,,
2011-12-13,3.241,8.778,12.98,1.429,,,,3.581,26,18.6,3.725,1.429,,,,,,,,,
2011-12-14,3.155,9.026,13.91,0.4739,,,,3.413,23.87,25,3.365,0.4739,,,,,,,,,
2011-12-15,3.203,7.307,10.94,0.9434,,,,3.508,25.17,11.52,3.582,0.9434,,,,,,,,,
2011-12-16,3.209,7.378,11.33,0.4695,,,,3.515,25.33,12.84,3.61,0.4695,,,,,,,,,
2011-12-17,3.193,9.249,14.27,0.4673,,,,3.479,24.94,25.11,3.542,0.4673,,,,,,,,,
2011-12-18,3.194,9.705,13.92,2.326,,,,3.48,25.01,23.64,3.556,2.326,,,,,,,,,
2011-12-19,3.526,12.07,18.43,0.9259,,,,4.158,32.88,31.67,5.028,0.9259,,,,,,,,,
2011-12-20,3.953,14.39,20.77,3.226,,,,5.023,40.97,30.18,6.894,3.226,,,,,,,,,
2011-12-21,3.889,15.6,21.11,5.963,,,,4.875,39.78,33.18,6.593,5.963,,,,,,,,,
2011-12-22,3.903,16.44,21.14,8.219,,,,4.892,39.97,33.04,6.641,8.219,,,,,,,,,
2011-12-23,3.938,17.14,20.96,10.45,,,,4.954,40.54,31.56,6.783,10.45,,,,,,,,,
2011-12-24,3.939,17.32,21.27,10.41,,,,4.956,40.58,32.74,6.795,10.41,,,,,,,,,
2011-12-25,4.234,20.14,24.69,12.16,,,,5.584,45.42,39.65,8.118,12.16,,,,,,,,,
2011-12-26,3.999,19.77,22.87,14.35,,,,5.075,41.61,37.72,7.06,14.35,,,,,,,,,
2011-12-27,4.096,18.86,22.5,12.5,,,,5.272,43.18,34.06,7.482,12.5,,,,,,,,,
2011-12-28,4.207,19,23.51,11.11,,,,5.501,44.9,35.65,7.967,11.11,,,,,,,,,
2011-12-29,4.173,18.61,22.41,11.95,,,,5.425,44.37,32.03,7.814,11.95,,,,,,,,,
2011-12-30,4.311,20.47,23.86,14.54,,,,5.71,46.41,34.91,8.413,14.54,,,,,,,,,
2011-12-31,4.714,42.56,26.78,70.18,,,,6.562,51.75,38.63,10.18,70.18,,,,,,,,,
2012-01-01,5.295,48.96,30.52,81.22,,,,7.789,57.98,43.59,12.71,81.22,,,,,,,,,
2012-01-02,5.205,46.97,29.59,77.39,,,,7.609,57.15,41.28,12.34,77.39,,,,,,,,,
2012-01-03,4.871,45.41,28.07,75.76,,,,6.875,53.49,41.1,10.83,75.76,,,,,,,,,
2012-01-04,5.586,46.78,31.88,72.84,,,,8.387,60.51,44.73,13.91,72.84,,,,,,,,,
2012-01-05,6.874,53.61,37.41,81.97,,,,11.07,69.3,50,19.26,81.97,,,,,,,,,
2012-01-06,6.683,58.42,36.85,96.15,,,,10.6,67.91,50.63,18.27,96.15,,,,,,,,,
2012-01-07,6.796,59.62,37.51,98.3,,,,10.82,68.48,52.08,18.67,98.3,,,,,,,,,
2012-01-08,7.097,59.93,37.99,98.31,,,,11.44,70.07,50.62,19.85,98.31,,,,,,,,,
2012-01-09,6.289,58.68,35.07,100,,,,9.635,64.8,49.59,16.27,100,,,,,,,,,
2012-01-10,6.528,58.57,34.89,100,,,,10.16,66.45,45.68,17.29,100,,,,,,,,,
2012-01-11,6.889,60.02,37.17,100,,,,10.92,68.6,50.41,18.75,100,,,,,,,,,
2012-01-12,6.774,59.53,36.65,99.58,,,,10.61,67.67,50.2,18.1,99.58,,,,,,,,,
2012-01-13,6.454,57.98,34.21,99.59,,,,9.901,65.51,44.72,16.7,99.59,,,,,,,,,
2012-01-14,6.762,58.6,36.13,97.93,,,,10.56,67.44,48.58,17.95,97.93,,,,,,,,,
2012-01-15,7.047,59.02,36.54,98.35,,,,11.17,69.1,46.77,19.12,98.35,,,,,,,,,
2012-01-16,6.716,58.99,36.73,97.95,,,,10.43,67.01,51.81,17.66,97.95,,,,,,,,,
2012-01-17,5.6,55.36,30.78,98.37,,,,7.985,58.56,43.6,12.97,98.37,,,,,,,,,
2012-01-18,5.9,55.58,30.2,100,,,,8.659,61.21,36.65,14.27,100,,,,,,,,,
2012-01-19,6.316,57.23,33.95,97.98,,,,9.548,64.26,46.03,15.95,97.98,,,,,,,,,
2012-01-20,6.501,57.03,34.31,96.77,,,,9.955,65.53,45.06,16.71,96.77,,,,,,,,,
2012-01-21,6.181,56.85,34.25,96.39,,,,9.241,63.21,49.21,15.34,96.39,,,,,,,,,
2012-01-22,6.303,55.96,32.86,96.4,,,,9.512,64.1,41.96,15.85,96.4,,,,,,,,,
2012-01-23,6.375,56.83,35.58,94.02,,,,9.667,64.58,51.95,16.13,94.02,,,,,,,,,
2012-01-24,6.274,54.75,32.74,93.25,,,,9.438,63.82,42.02,15.69,93.25,,,,,,,,,
2012-01-25,5.81,53.93,30.76,94.47,,,,8.411,60.18,40.7,13.75,94.47,,,,,,,,,
2012-01-26,5.367,53.14,27.49,98.03,,,,7.45,56.22,34.36,11.93,98.03,,,,,,,,,
2012-01-27,5.303,53.04,27.33,98.04,,,,7.326,55.66,34.62,11.7,98.04,,,,,,,,,
2012-01-28,5.66,55.26,29.69,100,,,,8.131,59.09,38.31,13.22,100,,,,,,,,,
2012-01-29,5.391,55.34,30.04,99.61,,,,7.54,56.61,43.89,12.1,99.61,,,,,,,,,
2012-01-30,5.503,54.98,31.03,96.9,,,,7.8,57.72,46.01,12.59,96.9,,,,,,,,,
2012-01-31,5.538,51.67,29.35,90.73,,,,7.892,58.1,38.64,12.76,90.73,,,,,,,,,
2012-02-01,6.075,52.6,31.67,89.23,,,,9.087,62.59,40,15,89.23,,,,,,,,,
2012-02-02,6.1,54.33,33.49,90.8,,,,9.136,62.74,46.99,15.08,90.8,,,,,,,,,
2012-02-03,5.952,54.29,32.53,92.37,,,,8.8,61.56,45.32,14.45,92.37,,,,,,,,,
2012-02-04,5.895,52.28,32.19,87.45,,,,8.674,61.09,44.78,14.21,87.45,,,,,,,,,
2012-02-05,5.678,50.24,29.38,86.74,,,,8.185,59.24,36.8,13.29,86.74,,,,,,,,,
2012-02-06,5.483,49.81,28.24,87.55,,,,7.761,57.53,35.19,12.5,87.55,,,,,,,,,
2012-02-07,5.662,46.94,28.64,78.95,,,,8.173,59.19,33.95,13.27,78.95,,,,,,,,,
2012-02-08,5.619,41.08,29.46,61.42,,,,8.078,58.8,37.87,13.09,61.42,,,,,,,,,
2012-02-09,5.836,39.7,30.62,55.6,,,,8.574,60.69,39.19,14,55.6,,,,,,,,,
2012-02-10,5.938,41.16,30.69,59.48,,,,8.814,61.55,37.96,14.45,59.48,,,,,,,,,
2012-02-11,5.612,40.98,29.47,61.11,,,,8.044,58.64,38.18,13.01,61.11,,,,,,,,,
2012-02-12,5.519,40.3,29.8,58.67,,,,7.834,57.79,40.94,12.62,58.67,,,,,,,,,
2012-02-13,5.348,41.8,26.82,68.01,,,,7.544,56.59,31.05,12.09,68.01,,,,,,,,,
2012-02-14,4.484,50.08,21.55,100,,,,5.644,46.83,25.18,8.542,100,,,,,,,,,
2012-02-15,4.326,45.06,20.34,88.32,,,,5.327,44.81,23.3,7.94,88.32,,,,,,,,,
2012-02-16,4.255,44.52,20.09,87.27,,,,5.194,43.92,23.57,7.688,87.27,,,,,,,,,
2012-02-17,4.392,45.98,22.35,87.32,,,,5.522,46.05,29.54,8.305,87.32,,,,,,,,,
2012-02-18,4.27,46.34,22.28,88.45,,,,5.276,44.45,31.56,7.838,88.45,,,,,,,,,
2012-02-19,4.39,48.22,22.75,92.81,,,,5.564,46.3,30.74,8.382,92.81,,,,,,,,,
2012-02-20,4.365,44.9,21.2,86.38,,,,5.515,46,25,8.292,86.38,,,,,,,,,
2012-02-21,4.315,46.74,19.98,93.57,,,,5.411,45.34,21.05,8.096,93.57,,,,,,,,,
2012-02-22,4.419,50.07,23.16,97.15,,,,5.664,46.93,31.47,8.574,97.15,,,,,,,,,
2012-02-23,5.04,53.83,28.25,98.58,,,,7.096,54.59,40.07,11.26,98.58,,,,,,,,,
2012-02-24,5.026,51.41,26.67,94.7,,,,7.057,54.4,34.03,11.19,94.7,,,,,,,,,
2012-02-25,4.773,49.39,25.91,90.49,,,,6.46,51.45,35.64,10.08,90.49,,,,,,,,,
2012-02-26,4.926,49.99,25.82,92.28,,,,6.824,53.28,32.41,10.75,92.28,,,,,,,,,
2012-02-27,4.953,47.64,26.5,84.62,,,,6.882,53.57,34.71,10.86,84.62,,,,,,,,,
2012-02-28,4.857,47.54,26.12,85.02,,,,6.653,52.45,34.93,10.44,85.02,,,,,,,,,
2012-02-29,4.873,48.48,28.37,83.68,,,,6.776,53.05,43,10.66,83.68,,,,,,,,,
2012-03-01,4.922,16.57,25.83,0.346,,,,6.889,53.6,31.97,10.88,0.346,,,,,,,,,
2012-03-02,4.715,15.63,23.18,2.414,,,,6.418,51.24,25.08,9.999,2.414,,,,,,,,,
2012-03-03,4.628,13.56,20.72,1.031,,,,6.217,50.17,16.89,9.626,1.031,,,,,,,,,
2012-03-04,4.834,16.87,24.55,3.425,,,,6.704,52.7,28.28,10.53,3.425,,,,,,,,,
2012-03-05,4.982,17.81,26.04,3.413,,,,7.053,54.38,31.54,11.18,3.413,,,,,,,,,
2012-03-06,4.988,16.74,25.53,1.361,,,,7.062,54.42,29.43,11.2,1.361,,,,,,,,,
2012-03-07,4.949,17.32,26.82,0.678,,,,6.966,53.97,35.33,11.02,0.678,,,,,,,,,
2012-03-08,4.935,17.61,26.9,1.351,,,,6.935,53.83,35.88,10.96,1.351,,,,,,,,,
2012-03-09,4.872,18.55,27.42,3.03,,,,6.787,53.12,39.07,10.69,3.03,,,,,,,,,
2012-03-10,4.841,18.18,26.85,3.02,,,,6.723,52.8,37.29,10.57,3.02,,,,,,,,,
2012-03-11,4.892,15.86,24.35,1.003,,,,6.85,53.42,26.32,10.8,1.003,,,,,,,,,
2012-03-12,4.911,17.94,27.61,1,,,,6.897,53.65,39.02,10.89,1,,,,,,,,,
2012-03-13,5.291,21.06,29.87,5.648,,,,7.801,57.62,41.5,12.54,5.648,,,,,,,,,
2012-03-14,5.391,20.32,27.77,7.285,,,,8.025,58.51,31.6,12.95,7.285,,,,,,,,,
2012-03-15,5.341,16.65,25.98,0.33,,,,7.894,57.98,25.32,12.71,0.33,,,,,,,,,
2012-03-16,5.34,19.09,29.24,1.316,,,,7.879,57.91,38.51,12.67,1.316,,,,,,,,,
2012-03-17,5.236,19.69,30.57,0.6557,,,,7.636,56.91,45.48,12.23,0.6557,,,,,,,,,
2012-03-18,5.27,18.99,29.47,0.6536,,,,7.722,57.26,40.51,12.39,0.6536,,,,,,,,,
2012-03-19,4.679,15.22,23.36,0.9772,,,,6.304,50.73,26.6,9.821,0.9772,,,,,,,,,
2012-03-20,4.831,16.9,26,0.974,,,,6.682,52.63,34.19,10.51,0.974,,,,,,,,,
2012-03-21,4.817,17.51,25.48,3.56,,,,6.675,52.59,32.17,10.49,3.56,,,,,,,,,
2012-03-22,4.73,16.32,24.91,1.29,,,,6.474,51.6,31.43,10.13,1.29,,,,,,,,,
2012-03-23,4.692,14.66,21.93,1.929,,,,6.381,51.13,20.25,9.963,1.929,,,,,,,,,
2012-03-24,4.652,17.95,27.12,1.923,,,,6.299,50.71,41.64,9.814,1.923,,,,,,,,,
2012-03-25,4.552,16.01,23.7,2.556,,,,6.066,49.48,29.87,9.394,2.556,,,,,,,,,
2012-03-26,4.633,16.69,23.86,4.14,,,,6.271,50.57,28.84,9.766,4.14,,,,,,,,,
2012-03-27,4.811,17.37,25.48,3.175,,,,6.712,52.78,31.87,10.56,3.175,,,,,,,,,
2012-03-28,4.791,17.85,24.97,5.38,,,,6.66,52.53,30.22,10.47,5.38,,,,,,,,,
2012-03-29,4.794,18.81,23.97,9.779,,,,6.676,52.61,26.09,10.5,9.779,,,,,,,,,
2012-03-30,4.861,20.59,26.06,11.01,,,,7.021,54.23,31.89,11.12,11.01,,,,,,,,,
2012-03-31,4.89,52.52,28.25,94.98,,,,7.09,54.54,40.12,11.24,94.98,,,,,,,,,
2012-04-01,4.793,49.79,24.31,94.38,,,,6.852,53.44,26.15,10.81,94.38,,,,,,,,,
2012-04-02,4.983,49.42,23.01,95.64,,,,7.321,55.57,17.48,11.66,95.64,,,,,,,,,
2012-04-03,4.956,49.68,24.47,93.79,,,,7.292,55.44,23.55,11.61,93.79,,,,,,,,,
2012-04-04,4.918,22.16,24.74,17.65,,,,7.196,55.01,25.3,11.43,17.65,,,,,,,,,
2012-04-05,4.921,21.89,22.75,20.37,,,,7.2,55.03,17.33,11.44,20.37,,,,,,,,,
2012-04-06,4.949,24.86,24.82,24.92,,,,7.265,55.32,25.15,11.56,24.92,,,,,,,,,
2012-04-07,4.71,23,22.64,23.62,,,,6.67,52.57,20.85,10.49,23.62,,,,,,,,,
2012-04-08,4.779,28.38,25.37,33.64,,,,6.845,53.41,30.42,10.8,33.64,,,,,,,,,
2012-04-09,4.853,41.63,25.52,69.82,,,,7.02,54.22,29.73,11.12,69.82,,,,,,,,,
2012-04-10,4.841,41,25.53,68.09,,,,6.995,54.1,29.94,11.07,68.09,,,,,,,,,
2012-04-11,4.915,42.21,25.46,71.52,,,,7.177,54.92,28.36,11.4,71.52,,,,,,,,,
2012-04-12,4.901,20.78,23.5,16.01,,,,7.133,54.72,20.83,11.32,16.01,,,,,,,,,
2012-04-13,4.934,19.62,23.26,13.25,,,,7.213,55.08,19.29,11.46,13.25,,,,,,,,,
2012-04-14,4.956,21.04,25.33,13.51,,,,7.265,55.3,27.22,11.55,13.51,,,,,,,,,
2012-04-15,4.962,18.93,21.71,14.07,,,,7.272,55.33,12.68,11.56,14.07,,,,,,,,,
2012-04-16,4.951,21.75,27.01,12.54,,,,7.239,55.18,34.12,11.5,12.54,,,,,,,,,
2012-04-17,4.969,21.96,24.64,17.26,,,,7.282,55.37,24.34,11.58,17.26,,,,,,,,,
2012-04-18,5.124,24.14,25.22,22.26,,,,7.668,56.97,23.98,12.26,22.26,,,,,,,,,
2012-04-19,5.131,27.33,29.08,24.26,,,,7.677,57,39.36,12.27,24.26,,,,,,,,,
2012-04-20,5.367,27.61,30.58,22.42,,,,8.256,59.22,41.57,13.28,22.42,,,,,,,,,
2012-04-21,5.283,26.78,29.98,21.18,,,,8.04,58.41,40.58,12.9,21.18,,,,,,,,,
2012-04-22,5.196,24.58,27.4,19.65,,,,7.808,57.5,31.79,12.49,19.65,,,,,,,,,
2012-04-23,5.111,23.29,25.74,19.01,,,,7.607,56.7,26.51,12.14,19.01,,,,,,,,,
2012-04-24,5.088,23.97,26.34,19.83,,,,7.548,56.46,29.31,12.04,19.83,,,,,,,,,
2012-04-25,5.149,20.93,24.75,14.24,,,,7.642,56.82,22.35,12.19,14.24,,,,,,,,,
2012-04-26,5.097,22.72,28.25,13.04,,,,7.527,56.36,37.14,11.99,13.04,,,,,,,,,
2012-04-27,5.096,21.4,25.37,14.45,,,,7.524,56.34,25.64,11.99,14.45,,,,,,,,,
2012-04-28,4.971,20.68,27.22,9.222,,,,7.207,55.02,35.23,11.44,9.222,,,,,,,,,
2012-04-29,4.903,22.23,29.84,8.908,,,,7.059,54.38,46.74,11.18,8.908,,,,,,,,,
2012-04-30,4.942,22.31,30.15,8.596,,,,7.172,54.87,47.18,11.38,8.596,,,,,,,,,
2012-05-01,4.987,22.24,29.4,9.714,,,,7.289,55.36,43.38,11.58,9.714,,,,,,,,,
2012-05-02,5.053,20.07,27.63,6.838,,,,7.461,56.07,35.11,11.87,6.838,,,,,,,,,
2012-05-03,5.119,20.66,28.73,6.534,,,,7.628,56.74,38.38,12.16,6.534,,,,,,,,,
2012-05-04,5.086,42.56,29.32,65.72,,,,7.541,56.39,41.34,12.01,65.72,,,,,,,,,
2012-05-05,5.057,42.23,29.72,64.12,,,,7.466,56.09,43.45,11.88,64.12,,,,,,,,,
2012-05-06,5.048,48.17,29.5,80.85,,,,7.474,56.12,42.5,11.89,80.85,,,,,,,,,
2012-05-07,5.068,48.55,30.39,80.34,,,,7.527,56.33,45.71,11.98,80.34,,,,,,,,,
2012-05-08,5.023,46.58,30.79,74.23,,,,7.415,55.88,48.07,11.79,74.23,,,,,,,,,
2012-05-09,5.041,44.43,29.59,70.39,,,,7.461,56.06,42.98,11.87,70.39,,,,,,,,,
2012-05-10,4.927,46.36,23.35,86.63,,,,7.166,54.83,20.05,11.36,86.63,,,,,,,,,
2012-05-11,4.964,23.01,25.84,18.06,,,,7.268,55.26,29.32,11.53,18.06,,,,,,,,,
2012-05-12,4.947,37.13,23.36,61.22,,,,7.188,54.92,19.95,11.4,61.22,,,,,,,,,
2012-05-13,4.945,39.72,25,65.47,,,,7.198,54.96,26.43,11.41,65.47,,,,,,,,,
2012-05-14,5.011,40.8,25.7,67.22,,,,7.38,55.72,27.99,11.72,67.22,,,,,,,,,
2012-05-15,5.034,37.88,24.36,61.54,,,,7.44,55.96,22.22,11.82,61.54,,,,,,,,,
2012-05-16,5.088,38.94,23.93,65.21,,,,7.594,56.57,19.46,12.08,65.21,,,,,,,,,
2012-05-17,5.09,39.15,23.28,66.94,,,,7.616,56.66,16.71,12.12,66.94,,,,,,,,,
2012-05-18,5.118,25.93,28.13,22.07,,,,7.715,57.05,35.48,12.29,22.07,,,,,,,,,
2012-05-19,5.113,26.23,28.49,22.28,,,,7.7,56.98,37,12.26,22.28,,,,,,,,,
2012-05-20,5.094,24.91,27.06,21.14,,,,7.703,57,31.28,12.27,21.14,,,,,,,,,
2012-05-21,5.094,22.29,24.84,17.84,,,,7.74,57.15,22.13,12.34,17.84,,,,,,,,,
2012-05-22,5.089,20.63,23.48,15.63,,,,7.733,57.12,16.76,12.32,15.63,,,,,,,,,
2012-05-23,5.129,21.46,25.89,13.71,,,,7.836,57.51,25.73,12.49,13.71,,,,,,,,,
2012-05-24,5.119,21.13,25.23,13.94,,,,7.847,57.55,23.02,12.52,13.94,,,,,,,,,
2012-05-25,5.137,22.12,24.83,17.38,,,,7.894,57.73,21.11,12.59,17.38,,,,,,,,,
2012-05-26,5.104,24.96,28.55,18.67,,,,7.843,57.54,36.32,12.51,18.67,,,,,,,,,
2012-05-27,5.135,28.51,31.28,23.67,,,,7.922,57.83,46.72,12.64,23.67,,,,,,,,,
2012-05-28,5.136,41.29,28.97,62.86,,,,7.928,57.85,37.43,12.65,62.86,,,,,,,,,
2012-05-29,5.148,26.13,25.79,26.72,,,,7.961,57.97,24.54,12.7,26.72,,,,,,,,,
2012-05-30,5.138,26.2,27.3,24.27,,,,7.935,57.87,30.73,12.66,24.27,,,,,,,,,
2012-05-31,5.182,27.6,28.93,25.26,,,,8.114,58.54,36.1,12.97,25.26,,,,,,,,,
2012-06-01,5.267,49.04,31.91,79,,,,8.337,59.34,46.63,13.34,79,,,,,,,,,
2012-06-02,5.244,30.98,33.13,27.23,,,,8.272,59.1,51.94,13.22,27.23,,,,,,,,,
2012-06-03,5.213,37.47,31.87,47.26,,,,8.189,58.79,47.42,13.08,47.26,,,,,,,,,
2012-06-04,5.259,32.75,32.87,32.55,,,,8.312,59.22,50.64,13.28,32.55,,,,,,,,,
2012-06-05,5.426,25.93,33.18,13.25,,,,8.755,60.73,49.23,14.02,13.25,,,,,,,,,
2012-06-06,5.446,27.2,34.75,13.99,,,,8.802,60.87,55.24,14.09,13.99,,,,,,,,,
2012-06-07,5.587,30.31,33.6,24.55,,,,9.172,62.04,48.47,14.7,24.55,,,,,,,,,
2012-06-08,5.623,30.14,34.7,22.16,,,,9.255,62.29,52.42,14.83,22.16,,,,,,,,,
2012-06-09,5.557,30.34,37.25,18.25,,,,9.072,61.7,63.71,14.52,18.25,,,,,,,,,
2012-06-10,5.458,46.96,36.43,65.38,,,,8.801,60.82,62.03,14.07,65.38,,,,,,,,,
2012-06-11,5.587,32.96,34.99,29.41,,,,9.14,61.89,54.29,14.62,29.41,,,,,,,,,
2012-06-12,5.727,52.04,37.61,77.3,,,,9.508,62.99,62.72,15.22,77.3,,,,,,,,,
2012-06-13,5.909,50.46,38.29,71.76,,,,9.988,64.35,62.81,16,71.76,,,,,,,,,
2012-06-14,5.962,52.67,39.12,76.4,,,,10.13,64.72,65.41,16.22,76.4,,,,,,,,,
2012-06-15,6.523,56.63,41.97,82.28,,,,11.61,68.39,69.25,18.61,82.28,,,,,,,,,
2012-06-16,6.444,55.12,41.3,79.29,,,,11.37,67.8,67.83,18.19,79.29,,,,,,,,,
2012-06-17,6.2,56.95,40.56,85.64,,,,10.68,66.09,68.41,17.06,85.64,,,,,,,,,
2012-06-18,6.311,57.05,41.26,84.67,,,,10.98,66.81,69.73,17.53,84.67,,,,,,,,,
2012-06-19,6.495,57.45,41.15,85.96,,,,11.48,67.98,66.83,18.32,85.96,,,,,,,,,
2012-06-20,6.694,58.97,41.95,88.75,,,,12.02,69.19,67.41,19.18,88.75,,,,,,,,,
2012-06-21,6.672,59.8,41.25,92.27,,,,11.95,68.99,65.02,19.04,92.27,,,,,,,,,
2012-06-22,6.564,59.83,41,92.79,,,,11.63,68.25,65.6,18.51,92.79,,,,,,,,,
2012-06-23,6.448,60.38,41.7,93.05,,,,11.29,67.46,70.1,17.96,93.05,,,,,,,,,
2012-06-24,6.35,57.76,39.43,89.85,,,,11.03,66.81,62.35,17.52,89.85,,,,,,,,,
2012-06-25,6.317,60.4,41.16,94.07,,,,10.94,66.58,69.76,17.38,94.07,,,,,,,,,
2012-06-26,6.433,57.12,41.49,84.48,,,,11.24,67.28,69.59,17.84,84.48,,,,,,,,,
2012-06-27,6.616,59.23,42.52,88.45,,,,11.73,68.39,71.36,18.61,88.45,,,,,,,,,
2012-06-28,6.59,60.95,41.16,95.59,,,,11.65,68.19,66.34,18.47,95.59,,,,,,,,,
2012-06-29,6.659,59.87,42.24,90.71,,,,11.83,68.58,69.81,18.74,90.71,,,,,,,,,
2012-06-30,6.68,59.27,41.29,90.73,,,,11.89,68.68,65.78,18.81,90.73,,,,,,,,,
2012-07-01,6.627,51.73,42.08,68.61,,,,11.73,68.33,69.71,18.56,68.61,,,,,,,,,
2012-07-02,6.743,56.9,42.82,81.55,,,,12.04,68.98,71.22,19.03,81.55,,,,,,,,,
2012-07-03,6.45,49.96,41.85,64.16,,,,11.23,67.13,71.29,17.74,64.16,,,,,,,,,
2012-07-04,6.515,55.75,41.65,80.43,,,,11.4,67.51,69.69,18,80.43,,,,,,,,,
2012-07-05,6.642,57.15,42.02,83.61,,,,11.75,68.28,69.52,18.53,83.61,,,,,,,,,
2012-07-06,6.672,56.38,42.71,80.29,,,,11.82,68.43,71.97,18.63,80.29,,,,,,,,,
2012-07-07,6.808,49.32,43.37,59.71,,,,12.22,69.28,72.75,19.25,59.71,,,,,,,,,
2012-07-08,6.796,47.29,43.14,54.55,,,,12.17,69.15,72.1,19.16,54.55,,,,,,,,,
2012-07-09,7.032,36.14,44.24,21.96,,,,12.81,70.44,73.58,20.13,21.96,,,,,,,,,
2012-07-10,7.179,51.13,44.56,62.62,,,,13.35,71.59,72.24,21.06,62.62,,,,,,,,,
2012-07-11,7.185,58.49,43.73,84.32,,,,13.34,71.53,69.01,21.01,84.32,,,,,,,,,
2012-07-12,7.556,50.99,46,59.72,,,,14.35,73.31,73.77,22.56,59.72,,,,,,,,,
2012-07-13,7.631,54.64,46.28,69.27,,,,14.52,73.53,74.3,22.76,69.27,,,,,,,,,
2012-07-14,7.58,58.11,46.17,79.01,,,,14.47,73.53,73.89,22.77,79.01,,,,,,,,,
2012-07-15,7.627,55.95,45.83,73.65,,,,14.59,73.71,72.09,22.93,73.65,,,,,,,,,
2012-07-16,8.493,54.82,48.99,65.02,,,,16.93,77.15,75.41,26.46,65.02,,,,,,,,,
2012-07-17,8.752,55.09,49.91,64.17,,,,17.49,77.71,77.31,27.12,64.17,,,,,,,,,
2012-07-18,9.095,58.46,50.48,72.43,,,,18.37,78.75,76.44,28.37,72.43,,,,,,,,,
2012-07-19,8.88,60.77,49.01,81.35,,,,17.69,77.83,73.27,27.26,81.35,,,,,,,,,
2012-07-20,8.532,55.4,48.52,67.44,,,,16.69,76.49,75.17,25.74,67.44,,,,,,,,,
2012-07-21,8.876,50.89,49.22,53.83,,,,17.6,77.66,74.54,27.06,53.83,,,,,,,,,
2012-07-22,8.507,60.32,48.49,81.02,,,,16.54,76.23,75.74,25.45,81.02,,,,,,,,,
2012-07-23,8.531,47.96,47.91,48.04,,,,16.59,76.28,73.29,25.5,48.04,,,,,,,,,
2012-07-24,8.575,53.43,48.8,61.52,,,,16.68,76.38,76.54,25.61,61.52,,,,,,,,,
2012-07-25,8.769,40.47,49.41,24.83,,,,17.2,77.04,77.05,26.34,24.83,,,,,,,,,
2012-07-26,8.876,53.2,49.79,59.17,,,,17.43,77.3,77.78,26.64,59.17,,,,,,,,,
2012-07-27,8.891,39.98,50.01,22.43,,,,17.44,77.27,78.73,26.61,22.43,,,,,,,,,
2012-07-28,8.843,38.56,49.11,20.09,,,,17.27,77.02,75.85,26.32,20.09,,,,,,,,,
2012-07-29,8.748,50.17,49.16,51.94,,,,16.96,76.59,77.25,25.84,51.94,,,,,,,,,
2012-07-30,9.088,37.82,50.47,15.68,,,,17.88,77.74,79.1,27.15,15.68,,,,,,,,,
2012-07-31,9.321,36.19,49.35,13.15,,,,18.46,78.38,72.65,27.92,13.15,,,,,,,,,
2012-08-01,9.568,40.31,50.41,22.62,,,,19.08,79.07,74.72,28.78,22.62,,,,,,,,,
2012-08-02,10.55,56.48,54.05,60.72,,,,21.67,81.62,80.58,32.35,60.72,,,,,,,,,
2012-08-03,10.92,51.88,54.89,46.62,,,,22.57,82.38,81.07,33.53,46.62,,,,,,,,,
2012-08-04,10.92,57.24,54.51,62.02,,,,22.47,82.24,80,33.31,62.02,,,,,,,,,
2012-08-05,10.81,57.48,53.42,64.57,,,,22.06,81.82,77.16,32.65,64.57,,,,,,,,,
2012-08-06,10.87,57.26,53.54,63.76,,,,22.15,81.87,77.43,32.73,63.76,,,,,,,,,
2012-08-07,10.94,54.06,54.6,53.12,,,,22.28,81.97,81.24,32.89,53.12,,,,,,,,,
2012-08-08,11.07,60.36,54.77,70.16,,,,22.53,82.13,81.28,33.14,70.16,,,,,,,,,
2012-08-09,11.1,62.12,54.82,74.89,,,,22.54,82.11,81.54,33.11,74.89,,,,,,,,,
2012-08-10,11.45,54.43,55.25,52.99,,,,23.4,82.84,80.48,34.28,52.99,,,,,,,,,
2012-08-11,11.54,55.41,55.72,54.87,,,,23.58,82.97,81.84,34.51,54.87,,,,,,,,,
2012-08-12,11.59,48.41,55.51,35.98,,,,23.65,83.02,80.79,34.58,35.98,,,,,,,,,
2012-08-13,11.98,49.12,56.42,36.34,,,,24.6,83.74,81.48,35.84,36.34,,,,,,,,,
2012-08-14,12.19,55.09,56.68,52.31,,,,25.02,84.03,81.3,36.35,52.31,,,,,,,,,
2012-08-15,13.17,59.59,58.81,60.96,,,,27.53,85.76,82.21,39.72,60.96,,,,,,,,,
2012-08-16,13.45,59.82,59.12,61.05,,,,28.08,86.04,82.03,40.32,61.05,,,,,,,,,
2012-08-17,12.08,63.66,54.99,78.82,,,,24.19,83.17,77.75,34.84,78.82,,,,,,,,,
2012-08-18,11.58,57.95,53.84,65.14,,,,22.6,81.67,78.66,32.42,65.14,,,,,,,,,
2012-08-19,7.831,58.37,43.65,84.13,,,,12.72,69.05,73.76,19.08,84.13,,,,,,,,,
2012-08-20,9.98,59.86,50.18,76.79,,,,18.38,77.43,78.11,26.79,76.79,,,,,,,,,
2012-08-21,9.903,50.71,49.88,52.16,,,,18.15,77.16,77.73,26.48,52.16,,,,,,,,,
2012-08-22,9.773,60.62,48.74,81.43,,,,17.77,76.67,74.57,25.93,81.43,,,,,,,,,
2012-08-23,10.09,61.51,50.11,81.47,,,,18.59,77.65,77.19,27.04,81.47,,,,,,,,,
2012-08-24,10.59,63.62,50.69,86.24,,,,19.88,79.04,75.11,28.75,86.24,,,,,,,,,
2012-08-25,10.58,63.24,50.09,86.27,,,,19.79,78.93,73.04,28.6,86.27,,,,,,,,,
2012-08-26,10.55,65.1,51.88,88.22,,,,19.65,78.76,80.72,28.4,88.22,,,,,,,,,
2012-08-27,10.9,64.42,51.05,87.82,,,,20.42,79.45,75.05,29.28,87.82,,,,,,,,,
2012-08-28,10.93,63.16,51.37,83.8,,,,20.43,79.42,76.37,29.24,83.8,,,,,,,,,
2012-08-29,10.87,65.61,52.04,89.36,,,,20.22,79.2,79.79,28.95,89.36,,,,,,,,,
2012-08-30,10.73,67.36,50.77,96.39,,,,19.82,78.78,76.05,28.42,96.39,,,,,,,,,
2012-08-31,10.1,65.35,47.97,95.76,,,,17.99,76.59,71.49,25.84,95.76,,,,,,,,,
2012-09-01,10.01,65.15,48.62,94.08,,,,17.74,76.3,74.9,25.53,94.08,,,,,,,,,
2012-09-02,10.23,65.32,49.6,92.83,,,,18.31,76.98,76.83,26.28,92.83,,,,,,,,,
2012-09-03,10.5,64.72,49.85,90.74,,,,19,77.78,75.42,27.2,90.74,,,,,,,,,
2012-09-04,10.36,64.01,49.09,90.13,,,,18.6,77.31,73.8,26.65,90.13,,,,,,,,,
2012-09-05,11.03,66.53,52.56,90.99,,,,20.29,79.13,81.95,28.85,90.99,,,,,,,,,
2012-09-06,11.16,68.1,52.49,95.4,,,,20.59,79.41,80.75,29.23,95.4,,,,,,,,,
2012-09-07,11.08,66.47,52.08,91.65,,,,20.33,79.14,79.96,28.87,91.65,,,,,,,,,
2012-09-08,11.04,63.58,50.27,86.88,,,,20.2,79,73.2,28.69,86.88,,,,,,,,,
2012-09-09,11.06,64.66,51.24,88.15,,,,20.19,78.97,77.16,28.65,88.15,,,,,,,,,
2012-09-10,11.13,63.86,50.44,87.34,,,,20.09,78.67,74.74,28.28,87.34,,,,,,,,,
2012-09-11,11.27,63.41,50.42,86.13,,,,20.42,79,73.57,28.7,86.13,,,,,,,,,
2012-09-12,11.32,64.09,51.35,86.36,,,,20.49,79.06,77.1,28.77,86.36,,,,,,,,,
2012-09-13,11.38,62.01,49.73,83.51,,,,20.61,79.18,70.2,28.93,83.51,,,,,,,,,
2012-09-14,11.73,63.84,52.94,82.92,,,,21.47,80.01,80.24,30.03,82.92,,,,,,,,,
2012-09-15,11.72,62.48,51.37,81.93,,,,21.36,79.88,74.39,29.86,81.93,,,,,,,,,
2012-09-16,11.89,53.28,53.04,53.69,,,,21.73,80.21,79.92,30.31,53.69,,,,,,,,,
2012-09-17,11.91,56.39,53.44,61.55,,,,21.72,80.18,81.58,30.26,61.55,,,,,,,,,
2012-09-18,12.26,51.78,54.19,47.55,,,,22.54,80.91,82.02,31.3,47.55,,,,,,,,,
2012-09-19,12.5,60.89,52.97,74.75,,,,23.06,81.32,75.6,31.89,74.75,,,,,,,,,
2012-09-20,12.37,58.25,53.21,67.07,,,,22.56,80.82,78.27,31.17,67.07,,,,,,,,,
2012-09-21,12.33,46.72,54.07,33.87,,,,22.39,80.64,82.33,30.91,33.87,,,,,,,,,
2012-09-22,12.21,46.28,52.72,35.02,,,,22.01,80.29,78.16,30.42,35.02,,,,,,,,,
2012-09-23,12.17,45.56,52.54,33.33,,,,21.83,80.13,78,30.19,33.33,,,,,,,,,
2012-09-24,12.11,43.02,51.94,27.42,,,,21.63,79.94,76.25,29.93,27.42,,,,,,,,,
2012-09-25,12.18,44.4,50.69,33.4,,,,21.74,80.03,70.92,30.06,33.4,,,,,,,,,
2012-09-26,12.32,40.52,51.17,21.89,,,,22.02,80.28,71.97,30.4,21.89,,,,,,,,,
2012-09-27,12.32,45.73,52.85,33.27,,,,21.95,80.2,78.97,30.28,33.27,,,,,,,,,
2012-09-28,12.38,49.18,52.59,43.2,,,,22.01,80.22,77.82,30.31,43.2,,,,,,,,,
2012-09-29,12.4,42.17,53.38,22.55,,,,22,80.2,81.03,30.28,22.55,,,,,,,,,
2012-09-30,12.39,41.55,52.42,22.51,,,,21.9,80.11,77.51,30.16,22.51,,,,,,,,,
2012-10-01,12.39,38.99,50.02,19.68,,,,21.84,80.05,68.11,30.09,19.68,,,,,,,,,
2012-10-02,12.81,41.74,52.56,22.82,,,,22.81,80.9,75.25,31.28,22.82,,,,,,,,,
2012-10-03,12.96,40.09,51.34,20.4,,,,23.08,81.11,69.61,31.58,20.4,,,,,,,,,
2012-10-04,12.86,53.52,50.9,58.1,,,,22.75,80.81,68.88,31.15,58.1,,,,,,,,,
2012-10-05,12.75,55.6,50.86,63.91,,,,22.42,80.53,69.73,30.75,63.91,,,,,,,,,
2012-10-06,12.51,51.64,51.91,51.18,,,,21.75,79.93,76.02,29.92,51.18,,,,,,,,,
2012-10-07,11.87,59.67,47.74,80.55,,,,20.14,78.36,64.59,27.89,80.55,,,,,,,,,
2012-10-08,11.73,55.46,51.4,62.55,,,,19.74,77.93,80.58,27.37,62.55,,,,,,,,,
2012-10-09,11.83,53.91,48.37,63.6,,,,19.97,78.19,67.64,27.69,63.6,,,,,,,,,
2012-10-10,12.11,57.24,49.66,70.51,,,,20.63,78.88,70.6,28.54,70.51,,,,,,,,,
2012-10-11,12.07,58.53,48.65,75.83,,,,20.49,78.75,66.99,28.37,75.83,,,,,,,,,
2012-10-12,12.03,54.39,49.23,63.42,,,,20.36,78.62,69.75,28.21,63.42,,,,,,,,,
2012-10-13,11.93,52.8,48.69,60,,,,20.08,78.34,68.46,27.87,60,,,,,,,,,
2012-10-14,11.65,53.07,46.86,63.95,,,,19.36,77.58,63.53,26.96,63.95,,,,,,,,,
2012-10-15,11.91,56.46,50.6,66.73,,,,19.97,78.23,76.44,27.74,66.73,,,,,,,,,
2012-10-16,11.85,55.21,48.92,66.22,,,,19.78,78.03,70.36,27.5,66.22,,,,,,,,,
2012-10-17,11.92,38.4,48.01,21.58,,,,19.9,78.13,66.41,27.62,21.58,,,,,,,,,
2012-10-18,11.93,47.49,49.25,44.42,,,,19.88,78.1,71.43,27.58,44.42,,,,,,,,,
2012-10-19,11.76,37.5,47.08,20.73,,,,19.43,77.63,64.26,27.02,20.73,,,,,,,,,
2012-10-20,11.69,39.41,48.24,23.95,,,,19.25,77.45,69.45,26.81,23.95,,,,,,,,,
2012-10-21,11.66,51.62,48.34,57.36,,,,19.1,77.25,70.45,26.58,57.36,,,,,,,,,
2012-10-22,11.74,49.46,47.95,52.1,,,,19.28,77.46,68.24,26.82,52.1,,,,,,,,,
2012-10-23,11.71,52.53,46.41,63.24,,,,19.17,77.34,62.45,26.68,63.24,,,,,,,,,
2012-10-24,11.63,52.9,48.03,61.41,,,,18.96,77.1,69.68,26.41,61.41,,,,,,,,,
2012-10-25,10.75,49.73,44.32,59.2,,,,16.78,74.45,62.41,23.63,59.2,,,,,,,,,
2012-10-26,10.13,49.85,43.37,61.17,,,,15.26,72.35,64.17,21.71,61.17,,,,,,,,,
2012-10-27,10.46,51.12,45.01,61.81,,,,16.09,73.56,67.6,22.79,61.81,,,,,,,,,
2012-10-28,10.71,42.33,45.17,37.36,,,,16.71,74.4,65.98,23.59,37.36,,,,,,,,,
2012-10-29,10.63,38.52,44.39,28.25,,,,16.5,74.13,63.62,23.32,28.25,,,,,,,,,
2012-10-30,10.86,35.07,44.26,18.98,,,,17.06,74.86,61.08,24.03,18.98,,,,,,,,,
2012-10-31,11.15,40.49,45.19,32.27,,,,17.73,75.69,62.45,24.88,32.27,,,,,,,,,
2012-11-01,10.61,35.57,43.17,22.28,,,,16.42,74.02,59,23.22,22.28,,,,,,,,,
2012-11-02,10.53,37.12,43.16,26.54,,,,16.23,73.78,59.63,22.99,26.54,,,,,,,,,
2012-11-03,10.65,32.48,43.58,13.06,,,,16.52,74.18,60.26,23.37,13.06,,,,,,,,,
2012-11-04,10.8,32.89,44.77,12.1,,,,16.85,74.6,63.84,23.78,12.1,,,,,,,,,
2012-11-05,10.74,34.49,44.74,16.54,,,,16.7,74.4,64.27,23.58,16.54,,,,,,,,,
2012-11-06,10.87,30.89,43.55,8.72,,,,17,74.79,58.46,23.97,8.72,,,,,,,,,
2012-11-07,10.95,35.34,45.06,18.33,,,,17.19,75.02,63.85,24.19,18.33,,,,,,,,,
2012-11-08,10.89,33.19,44.65,13.12,,,,17.02,74.8,62.82,23.98,13.12,,,,,,,,,
2012-11-09,10.82,32.56,44.31,11.99,,,,16.82,74.54,62.16,23.72,11.99,,,,,,,,,
2012-11-10,10.86,31.58,43.74,10.31,,,,16.92,74.68,59.49,23.85,10.31,,,,,,,,,
2012-11-11,10.84,31.57,43.73,10.29,,,,16.85,74.58,59.74,23.76,10.29,,,,,,,,,
2012-11-12,11.03,31.7,43.63,10.83,,,,17.29,75.12,57.82,24.3,10.83,,,,,,,,,
2012-11-13,11,31.17,43.64,9.341,,,,17.18,74.98,58.26,24.15,9.341,,,,,,,,,
2012-11-14,10.96,31.42,43.74,9.872,,,,17.06,74.83,59.06,24,9.872,,,,,,,,,
2012-11-15,11.18,31.2,43.92,8.942,,,,17.56,75.45,58.05,24.63,8.942,,,,,,,,,
2012-11-16,11.71,37.79,46.16,23.13,,,,18.79,76.88,62.82,26.16,23.13,,,,,,,,,
2012-11-17,11.75,36.47,45.78,20.18,,,,18.87,76.95,61.08,26.24,20.18,,,,,,,,,
2012-11-18,11.67,38.51,45.99,25.41,,,,18.62,76.66,62.77,25.92,25.41,,,,,,,,,
2012-11-19,11.75,38.16,46.19,24.09,,,,18.79,76.84,63.02,26.12,24.09,,,,,,,,,
2012-11-20,11.7,38.67,45.99,25.86,,,,18.64,76.66,62.72,25.92,25.86,,,,,,,,,
2012-11-21,11.73,39.07,46.44,26.17,,,,18.68,76.7,64.4,25.96,26.17,,,,,,,,,
2012-11-22,12.29,40.13,47.42,27.39,,,,20,78.13,63.93,27.62,27.39,,,,,,,,,
2012-11-23,12.28,40.44,48.64,26.08,,,,19.91,78.02,69.16,27.48,26.08,,,,,,,,,
2012-11-24,12.41,41.21,48.04,29.26,,,,20.19,78.31,65.84,27.83,29.26,,,,,,,,,
2012-11-25,12.53,42.29,47.92,32.44,,,,20.41,78.52,64.65,28.1,32.44,,,,,,,,,
2012-11-26,12.18,37.04,47.68,18.43,,,,19.52,77.57,66.67,26.95,18.43,,,,,,,,,
2012-11-27,12.16,45.35,46.77,42.86,,,,19.43,77.47,63.36,26.83,42.86,,,,,,,,,
2012-11-28,12.33,36.21,46.48,36.36,,,0,19.8,77.86,60.95,27.29,36.36,,,,,,,,,0
2012-11-29,12.5,38.16,42.87,48.93,,,0.1609,20.16,78.23,45.33,27.74,48.93,,,,,,,,,0.1609
2012-11-30,12.59,28.96,39.27,25.22,,,0.3218,20.31,78.39,30.46,27.93,25.22,,,,,,,,,0.3218
2012-12-01,12.59,34.43,43.24,35.99,,,0.4827,20.29,78.37,46.4,27.91,35.99,,,,,,,,,0.4827
2012-12-02,12.5,34.68,41.26,40.18,,,0.6436,20.03,78.11,39.3,27.59,40.18,,,,,,,,,0.6436
2012-12-03,12.66,35.08,41.99,40.11,,,0.8045,20.36,78.45,41.16,28.01,40.11,,,,,,,,,0.8045
2012-12-04,13.37,28.5,39.55,22.93,,,0.9654,21.91,79.87,26.57,29.84,22.93,,,,,,,,,0.9654
2012-12-05,13.31,26.39,40.73,13.91,,,1.126,21.68,79.63,32.11,29.52,13.91,,,,,,,,,1.126
2012-12-06,13.48,28.76,43.2,17.22,,,1.287,22,79.93,40.94,29.92,17.22,,,,,,,,,1.287
2012-12-07,13.48,27.32,42.39,13.86,,,1.448,21.9,79.82,38.09,29.77,13.86,,,,,,,,,1.448
2012-12-08,13.5,31.19,43.25,24.87,,,1.609,21.9,79.83,41.49,29.79,24.87,,,,,,,,,1.609
2012-12-09,13.35,28.88,41.25,20.8,,,1.77,21.48,79.43,34.84,29.25,20.8,,,,,,,,,1.77
2012-12-10,13.49,30.56,43.54,22.16,,,1.931,21.76,79.7,43.08,29.61,22.16,,,,,,,,,1.931
2012-12-11,13.62,36.59,43.87,41.11,,,2.092,21.98,79.9,43.7,29.88,41.11,,,,,,,,,2.092
2012-12-12,13.67,32.71,42.71,30.43,,,2.253,22.02,79.93,38.97,29.92,30.43,,,,,,,,,2.253
2012-12-13,13.76,39.66,42.8,52.78,,,2.414,22.13,79.99,39.07,30.01,52.78,,,,,,,,,2.414
2012-12-14,13.6,31.85,38.5,34.84,,,2.574,21.71,79.61,23.2,29.49,34.84,,,,,,,,,2.574
2012-12-15,13.53,38.69,39.63,55.02,,,2.735,21.5,79.44,28.3,29.26,55.02,,,,,,,,,2.735
2012-12-16,13.33,28.98,38.49,25.39,,,2.896,21,78.96,25.34,28.65,25.39,,,,,,,,,2.896
2012-12-17,13.32,29.88,41.9,22.24,,,3.057,20.94,78.93,39.15,28.6,22.24,,,,,,,,,3.057
2012-12-18,13.27,28.19,40.23,19.62,,,3.218,20.78,78.78,32.94,28.41,19.62,,,,,,,,,3.218
2012-12-19,13.54,27.66,43.34,12.37,,,3.379,21.34,79.32,43.61,29.11,12.37,,,,,,,,,3.379
2012-12-20,13.57,25.17,38.19,13.21,,,3.54,21.35,79.33,22.96,29.13,13.21,,,,,,,,,3.54
2012-12-21,13.43,26.94,40.85,14.21,,,3.701,20.97,78.97,34.8,28.66,14.21,,,,,,,,,3.701
2012-12-22,13.43,27.1,43.66,9.744,,,3.862,20.94,78.96,46.1,28.64,9.744,,,,,,,,,3.862
2012-12-23,13.32,26.1,39.61,13.48,,,4.023,20.66,78.7,30.8,28.31,13.48,,,,,,,,,4.023
2012-12-24,13.43,27.98,41.82,15.67,,,4.183,20.88,78.93,38.85,28.61,15.67,,,,,,,,,4.183
2012-12-25,13.37,27.46,40.03,17.01,,,4.344,20.71,78.78,32.21,28.42,17.01,,,,,,,,,4.344
2012-12-26,13.45,31.01,43.78,21.9,,,4.505,20.88,78.96,46.63,28.65,21.9,,,,,,,,,4.505
2012-12-27,13.4,30.94,43.72,21.69,,,4.666,20.72,78.82,46.89,28.46,21.69,,,,,,,,,4.666
2012-12-28,13.46,30.67,44.66,19.12,,,4.827,20.8,78.91,50.34,28.58,19.12,,,,,,,,,4.827
2012-12-29,13.37,31.13,42.67,23.99,,,4.988,20.59,78.72,43.05,28.33,23.99,,,,,,,,,4.988
2012-12-30,13.45,35.31,44.35,34.57,,,5.149,20.72,78.85,49.33,28.51,34.57,,,,,,,,,5.149
2012-12-31,13.55,41.38,44.07,54.71,,,5.31,20.87,78.98,47.75,28.67,54.71,,,,,,,,,5.31
2013-01-01,13.33,34.53,43.84,32.77,,,5.471,20.35,78.48,48.5,28.04,32.77,,,,,,,,,5.471
2013-01-02,13.28,32.11,42.88,26.51,,,5.632,20.21,78.35,45.09,27.88,26.51,,,,,,,,,5.632
2013-01-03,13.38,37.18,44.03,40.87,,,5.792,20.41,78.56,49,28.15,40.87,,,,,,,,,5.792
2013-01-04,13.45,42.53,43.35,59.36,,,5.953,20.52,78.68,45.94,28.29,59.36,,,,,,,,,5.953
2013-01-05,13.46,41.83,42.25,58.93,,,6.114,20.51,78.67,41.56,28.28,58.93,,,,,,,,,6.114
2013-01-06,13.5,35.42,42.84,37,,,6.275,20.58,78.75,43.64,28.38,37,,,,,,,,,6.275
2013-01-07,13.56,41.88,44.74,54.58,,,6.436,20.65,78.84,50.99,28.49,54.58,,,,,,,,,6.436
2013-01-08,13.78,34.09,42.15,33.72,,,6.597,21.09,79.26,39.21,29.03,33.72,,,,,,,,,6.597
2013-01-09,13.82,33.48,42.05,31.84,,,6.758,21.14,79.31,38.65,29.1,31.84,,,,,,,,,6.758
2013-01-10,14.12,34.1,44.52,29.47,,,6.919,21.74,79.87,46.63,29.83,29.47,,,,,,,,,6.919
2013-01-11,14.23,37.92,40.82,48.26,,,7.08,21.91,80.02,31.31,30.04,48.26,,,,,,,,,7.08
2013-01-12,14.21,34.27,41.77,34.65,,,7.241,21.83,79.96,35.35,29.96,34.65,,,,,,,,,7.241
2013-01-13,14.16,38.56,43.14,46.13,,,7.401,21.66,79.8,41.34,29.75,46.13,,,,,,,,,7.401
2013-01-14,14.32,35.86,45.64,32.89,,,7.562,21.95,80.08,50.41,30.13,32.89,,,,,,,,,7.562
2013-01-15,14.31,39.45,41.78,51.23,,,7.723,21.88,80.01,35.18,30.03,51.23,,,,,,,,,7.723
2013-01-16,14.71,31.14,44.34,19.67,,,7.884,22.68,80.72,42.93,31.02,19.67,,,,,,,,,7.884
2013-01-17,15.6,35.3,43.7,34.21,,,8.045,24.49,82.19,34.9,33.23,34.21,,,,,,,,,8.045
2013-01-18,15.72,51.03,45.65,81.86,,,8.206,24.64,82.28,42.3,33.38,81.86,,,,,,,,,8.206
2013-01-19,15.59,51.4,48.23,78.47,,,8.367,24.27,82,53.72,32.93,78.47,,,,,,,,,8.367
2013-01-20,15.72,50.9,46.48,79.8,,,8.528,24.49,82.18,46.04,33.22,79.8,,,,,,,,,8.528
2013-01-21,16.78,51.3,49.13,76.42,,,8.689,26.63,83.73,50.32,35.82,76.42,,,,,,,,,8.689
2013-01-22,17.3,53.64,50.99,80.68,,,8.85,27.5,84.22,55.56,36.7,80.68,,,,,,,,,8.85
2013-01-23,17.54,52.05,49.81,77.47,,,9.01,27.83,84.4,50,37.03,77.47,,,,,,,,,9.01
2013-01-24,16.9,52.46,50.25,77.99,,,9.171,26.32,83.35,56.18,35.14,77.99,,,,,,,,,9.171
2013-01-25,17.41,52.47,50.19,78.03,,,9.332,27.27,84,53.21,36.3,78.03,,,,,,,,,9.332
2013-01-26,17.55,49.67,51.37,66.77,,,9.493,27.43,84.1,57.44,36.49,66.77,,,,,,,,,9.493
2013-01-27,17.86,52.58,51.46,76.01,,,9.654,27.88,84.34,56.71,36.93,76.01,,,,,,,,,9.654
2013-01-28,18.79,53.89,52.91,77.65,,,9.815,29.65,85.41,57.58,39,77.65,,,,,,,,,9.815
2013-01-29,19.51,55.58,54.04,81.06,,,9.976,30.79,85.93,59.39,40.07,81.06,,,,,,,,,9.976
2013-01-30,19.74,54.03,54.03,75.96,,,10.14,30.95,85.94,59.14,40.1,75.96,,,,,,,,,10.14
2013-01-31,20.51,59.82,57.32,88.96,,,10.3,32.21,86.52,69.21,41.35,88.96,,,,,,,,,10.3
2013-02-01,20.44,58.31,54.19,89.46,,,10.46,31.58,85.99,58.95,40.21,89.46,,,,,,,,,10.46
2013-02-02,19.64,58.13,52.88,91.07,,,10.62,29.75,84.96,58.7,38.12,91.07,,,,,,,,,10.62
2013-02-03,20.58,58.52,56.27,86.31,,,10.78,31.49,85.97,67.46,40.17,86.31,,,,,,,,,10.78
2013-02-04,20.44,54.04,54.26,75.2,,,10.94,31,85.71,60.73,39.61,75.2,,,,,,,,,10.94
2013-02-05,20.66,57.17,54.66,84.6,,,11.1,31.23,85.83,61.73,39.87,84.6,,,,,,,,,11.1
2013-02-06,21.21,49.25,54.56,58.95,,,11.26,32.1,86.3,58.96,40.89,58.95,,,,,,,,,11.26
2013-02-07,22.12,52.87,56.13,67.88,,,11.42,33.66,87.1,61.07,42.68,67.88,,,,,,,,,11.42
2013-02-08,22.79,52.9,56.75,66.82,,,11.58,34.64,87.53,61.13,43.7,66.82,,,,,,,,,11.58
2013-02-09,23.73,54.76,57.69,71.14,,,11.75,36.18,88.23,60.88,45.47,71.14,,,,,,,,,11.75
2013-02-10,23.9,55.02,59.35,68.98,,,11.91,36.21,88.28,67.34,45.59,68.98,,,,,,,,,11.91
2013-02-11,24.5,51.3,60.02,55.66,,,12.07,37.03,88.64,67.86,46.55,55.66,,,,,,,,,12.07
2013-02-12,24.98,53.64,58.62,65.62,,,12.23,37.57,88.86,60.9,47.15,65.62,,,,,,,,,12.23
2013-02-13,24.64,59.45,60.48,81.19,,,12.39,36.51,88.37,71.23,45.82,81.19,,,,,,,,,12.39
2013-02-14,27.28,57.27,63.06,69.48,,,12.55,41.03,90.14,70.19,50.88,69.48,,,,,,,,,12.55
2013-02-15,27.17,61.82,64.57,81.56,,,12.71,40.22,89.76,78.6,49.71,81.56,,,,,,,,,12.71
2013-02-16,27.35,58.99,65.14,71.29,,,12.87,40.07,89.7,81.27,49.53,71.29,,,,,,,,,12.87
2013-02-17,26.93,55.58,64.08,61.99,,,13.03,38.86,89.23,80.06,48.17,61.99,,,,,,,,,13.03
2013-02-18,26.93,57.6,61.69,72.63,,,13.19,38.46,89.09,71.45,47.77,72.63,,,,,,,,,13.19
2013-02-19,29.41,58.57,65.03,69.88,,,13.35,42.45,90.57,74.88,52.24,69.88,,,,,,,,,13.35
2013-02-20,29.82,59.83,67.83,68.99,,,13.52,42.61,90.62,85.69,52.39,68.99,,,,,,,,,13.52
2013-02-21,29.82,57,66.4,62.23,,,13.68,42.1,90.47,81.11,51.92,62.23,,,,,,,,,13.68
2013-02-22,30.47,49.14,66.47,36.48,,,13.84,42.69,90.68,79.91,52.59,36.48,,,,,,,,,13.84
2013-02-23,29.81,48.69,64.64,38.12,,,14,41.05,90.13,76.57,50.83,38.12,,,,,,,,,14
2013-02-24,29.88,48.22,63.33,38.83,,,14.16,40.63,89.94,72.48,50.26,38.83,,,,,,,,,14.16
2013-02-25,30.35,55.09,66.93,54.77,,,14.32,40.74,89.84,87.18,49.97,54.77,,,,,,,,,14.32
2013-02-26,31.16,54.56,65.42,55.61,,,14.48,41.59,90.17,78.96,50.95,55.61,,,,,,,,,14.48
2013-02-27,31.24,49.73,67.14,36.81,,,14.64,41.3,90.13,86.3,50.84,36.81,,,,,,,,,14.64
2013-02-28,33.38,56.62,67.76,58.04,,,14.8,44.02,90.92,82.67,53.41,58.04,,,,,,,,,14.8
2013-03-01,34.61,58.75,67.69,64.98,,,14.96,45.35,91.35,79.21,54.87,64.98,,,,,,,,,14.96
2013-03-02,34.14,55.13,65.87,56.34,,,15.12,44.03,90.99,74.85,53.62,56.34,,,,,,,,,15.12
2013-03-03,34.45,55.95,67.66,55.79,,,15.29,44.01,91.06,81.69,53.87,55.79,,,,,,,,,15.29
2013-03-04,36.38,53.76,70.54,43.53,,,15.45,46.38,91.84,87.31,56.64,43.53,,,,,,,,,15.45
2013-03-05,40.67,60.89,72.33,63.53,,,15.61,51.94,93.26,81.75,62.36,63.53,,,,,,,,,15.61
2013-03-06,43.28,70.93,74.84,91.65,,,15.77,54.37,93.6,87.5,63.89,91.65,,,,,,,,,15.77
2013-03-07,41.95,70.59,72.86,93.94,,,15.93,51.2,92.76,87.22,60.25,93.94,,,,,,,,,15.93
2013-03-08,43.9,71.87,74.15,95.76,,,16.09,53.11,93.32,87.54,62.64,95.76,,,,,,,,,16.09
2013-03-09,46.89,72.91,76.04,95.77,,,16.25,56.19,94.06,87.86,66.04,95.77,,,,,,,,,16.25
2013-03-10,46.07,72.32,74.89,95.78,,,16.41,53.94,93.62,88.02,63.97,95.78,,,,,,,,,16.41
2013-03-11,48.28,70.87,76.01,89.01,,,16.57,55.88,94.14,87.59,66.44,89.01,,,,,,,,,16.57
2013-03-12,44.41,69.67,70.99,93.83,,,16.73,49.59,92.62,82.09,59.66,93.83,,,,,,,,,16.73
2013-03-13,47.02,71.78,73.83,95.65,,,16.89,52.15,93.33,87.18,62.66,95.65,,,,,,,,,16.89
2013-03-14,46.93,70.44,73.42,91.9,,,17.06,51.09,93.11,87.8,61.7,91.9,,,,,,,,,17.06
2013-03-15,46.9,69.09,72.83,88.47,,,17.22,50.17,92.91,87.37,60.88,88.47,,,,,,,,,17.22
2013-03-16,47.16,70.3,72.71,92.53,,,17.38,49.71,92.88,87.54,60.73,92.53,,,,,,,,,17.38
2013-03-17,47.33,70.95,73.1,93.88,,,17.54,49.17,92.82,89.93,60.48,93.88,,,,,,,,,17.54
2013-03-18,51.37,71.25,75.41,90.76,,,17.7,53.21,93.88,89.35,65.18,90.76,,,,,,,,,17.7
2013-03-19,59.5,72.7,80.16,87.05,,,17.86,61.43,95.52,89.96,73.75,87.05,,,,,,,,,17.86
2013-03-20,63.69,74.17,82.41,87.82,,,18.02,64.49,96.04,92.18,76.94,87.82,,,,,,,,,18.02
2013-03-21,70.92,77,85.5,91.54,,,18.18,70.17,96.8,93.08,81.96,91.54,,,,,,,,,18.18
2013-03-22,69.85,77.6,83.5,96.89,,,18.34,66.66,96.21,93.09,78.04,96.89,,,,,,,,,18.34
2013-03-23,64.38,75.75,79.09,98.52,,,18.5,59.13,94.91,91.92,70.38,98.52,,,,,,,,,18.5
2013-03-24,71.69,78.01,82.57,99.7,,,18.66,65.16,96.11,91.64,77.37,99.7,,,,,,,,,18.66
2013-03-25,74.31,77.61,82.02,99.26,,,18.83,65.64,96.1,89.02,77.34,99.26,,,,,,,,,18.83
2013-03-26,78.61,78.69,83.75,99.71,,,18.99,67.84,96.53,90.5,80.12,99.71,,,,,,,,,18.99
2013-03-27,88.85,80.6,87.57,99.12,,,19.15,74.94,97.57,90.07,87.69,99.12,,,,,,,,,19.15
2013-03-28,87.67,79.93,85.86,99.85,,,19.31,70.96,96.94,92.57,82.97,99.85,,,,,,,,,19.31
2013-03-29,90.3,79.95,85.85,99.85,,,19.47,70.87,97,92.14,83.41,99.85,,,,,,,,,19.47
2013-03-30,92.19,79.5,85.3,99.27,,,19.63,69.94,96.84,92.15,82.28,99.27,,,,,,,,,19.63
2013-03-31,93.9,78.95,85.16,97.66,,,19.79,69.24,96.89,91.87,82.63,97.66,,,,,,,,,19.79
2013-04-01,103.6,80.78,88.02,98.54,,,19.95,74.11,97.45,93.77,86.74,98.54,,,,,,,,,19.95
2013-04-02,116.7,81.8,91.53,95.63,,,20.11,80.77,98.24,93.78,93.33,95.63,,,,,,,,,20.11
2013-04-03,131.4,82.66,93.58,94.76,,,20.27,86.45,98.48,93.93,95.46,94.76,,,,,,,,,20.27
2013-04-04,133,79.8,91.94,88.23,,,20.43,83.32,98.21,93.22,93.02,88.23,,,,,,,,,20.43
2013-04-05,142.6,78.44,92.27,83.16,,,20.6,84.82,98.14,93.66,92.44,83.16,,,,,,,,,20.6
2013-04-06,143.1,72.32,90.77,65.8,,,20.76,81.24,97.89,93.67,90.29,65.8,,,,,,,,,20.76
2013-04-07,162.9,78.54,95.55,77.57,,,20.92,89.05,98.93,94.4,99.83,77.57,,,,,,,,,20.92
2013-04-08,186.4,81.6,99.11,81.21,,,21.08,96.35,99.52,94.55,106,81.21,,,,,,,,,21.08
2013-04-09,230.7,87.21,104.8,89.32,,,21.24,109.9,100.1,96.56,112.8,89.32,,,,,,,,,21.24
2013-04-10,161.2,77.66,82.87,96.69,,,21.4,69.21,95.28,94.56,72.41,96.69,,,,,,,,,21.4
2013-04-11,82.9,65.18,58.4,98.85,,,21.56,29.56,83.34,85.57,35.13,98.85,,,,,,,,,21.56
2013-04-12,111.5,70.52,69.01,97.56,,,21.72,44.02,90.31,90.3,51.4,97.56,,,,,,,,,21.72
2013-04-13,97.61,68.09,64.38,97.7,,,21.88,36.73,87.64,89.17,43.97,97.7,,,,,,,,,21.88
2013-04-14,88.86,66.58,60.62,99.28,,,22.04,32.23,85.61,85.21,39.42,99.28,,,,,,,,,22.04
2013-04-15,80.87,65.41,58.08,99.86,,,22.2,28.32,83.55,84.94,35.49,99.86,,,,,,,,,22.2
2013-04-16,68.28,62.87,53.39,99.71,,,22.37,22.22,79.1,83.4,28.82,99.71,,,,,,,,,22.37
2013-04-17,92.86,67.92,62.8,99.57,,,22.53,33.95,86.91,88.1,42.24,99.57,,,,,,,,,22.53
2013-04-18,108.6,70.34,67.26,99.57,,,22.69,40.99,89.91,87.98,50.16,99.57,,,,,,,,,22.69
2013-04-19,119,71.76,69.93,99.43,,,22.85,45.2,91.35,88.28,54.89,99.43,,,,,,,,,22.85
2013-04-20,128.2,73.03,72.47,99.01,,,23.01,48.66,92.44,89.84,58.95,99.01,,,,,,,,,23.01
2013-04-21,118.5,70.95,69.37,97.59,,,23.17,43.38,90.81,90.28,53.02,97.59,,,,,,,,,23.17
2013-04-22,126.3,70.7,70.96,93.91,,,23.33,46.25,91.8,89.31,56.5,93.91,,,,,,,,,23.33
2013-04-23,142.1,73.01,75.22,93.92,,,23.49,52.27,93.47,91.85,63.28,93.92,,,,,,,,,23.49
2013-04-24,154.1,74.73,76.98,96.33,,,23.65,55.79,94.07,92.01,66.07,96.33,,,,,,,,,23.65
2013-04-25,141,71.4,72.76,92.81,,,23.81,48.97,92.31,91.32,58.43,92.81,,,,,,,,,23.81
2013-04-26,137.2,71.47,71.31,95.49,,,23.97,46.59,91.71,90.77,56.17,95.49,,,,,,,,,23.97
2013-04-27,128.2,68.1,67.97,90.3,,,24.14,42.15,90.28,88.13,51.32,90.3,,,,,,,,,24.14
2013-04-28,134.6,69.82,69.99,92.28,,,24.3,44.25,91.12,90.52,54.07,92.28,,,,,,,,,24.3
2013-04-29,143.8,71,71.97,92.57,,,24.46,47.19,92.07,91.09,57.51,92.57,,,,,,,,,24.46
2013-04-30,139.1,70.7,69.76,95.38,,,24.62,44.63,91.35,88.18,54.89,95.38,,,,,,,,,24.62
2013-05-01,116.1,67.83,63.19,97.48,,,24.78,35.17,87.8,85.42,44.37,97.48,,,,,,,,,24.78
2013-05-02,106.3,66.43,59.65,99.02,,,24.94,31.16,85.89,81.55,40,99.02,,,,,,,,,24.94
2013-05-03,96.32,64.95,56.7,99.3,,,25.1,27.11,83.46,80.89,35.35,99.3,,,,,,,,,25.1
2013-05-04,112.5,67.96,62.17,99.44,,,25.26,33.29,87.22,85.2,42.96,99.44,,,,,,,,,25.26
2013-05-05,116.5,68.43,63.39,98.75,,,25.42,34.56,87.91,86.46,44.63,98.75,,,,,,,,,25.42
2013-05-06,112.1,67.72,61.94,98.89,,,25.58,32.64,87.01,85.66,42.48,98.89,,,,,,,,,25.58
2013-05-07,111.6,67.65,61.7,99.03,,,25.74,32.23,86.87,85.54,42.15,99.03,,,,,,,,,25.74
2013-05-08,113.1,67.74,61.97,98.75,,,25.91,32.62,87.16,85.28,42.82,98.75,,,,,,,,,25.91
2013-05-09,112,67.08,61.25,97.79,,,26.07,31.98,86.9,83.93,42.21,97.79,,,,,,,,,26.07
2013-05-10,117.7,67.77,63.43,96.13,,,26.23,33.95,88.02,86.83,44.92,96.13,,,,,,,,,26.23
2013-05-11,115.5,65.46,62.95,89.38,,,26.39,32.86,87.5,87.81,43.64,89.38,,,,,,,,,26.39
2013-05-12,114.9,66.05,61.96,92.98,,,26.55,32.42,87.34,84.82,43.25,92.98,,,,,,,,,26.55
2013-05-13,117.4,66.14,62.78,91.75,,,26.71,33.13,87.77,85.93,44.3,91.75,,,,,,,,,26.71
2013-05-14,107.9,63.35,59.11,89.01,,,26.87,29.51,85.85,81.17,39.9,89.01,,,,,,,,,26.87
2013-05-15,109,57.46,59.08,69.82,,,27.03,29.75,86.04,80.25,40.31,69.82,,,,,,,,,27.03
2013-05-16,112.9,61.32,60.24,80.27,,,27.19,31,86.83,81.09,42.05,80.27,,,,,,,,,27.19
2013-05-17,117.3,65.37,61.6,90.97,,,27.35,32.37,87.63,82.47,43.94,90.97,,,,,,,,,27.35
2013-05-18,118.2,64.21,61.34,87.57,,,27.51,32.41,87.66,81.28,44.02,87.57,,,,,,,,,27.51
2013-05-19,117,63.68,61.09,86.22,,,27.67,31.82,87.42,81.71,43.43,86.22,,,,,,,,,27.67
2013-05-20,117.8,65.47,60.54,92.92,,,27.84,31.91,87.52,79.03,43.69,92.92,,,,,,,,,27.84
2013-05-21,117.3,66.65,60.81,96.19,,,28,31.54,87.39,80.95,43.36,96.19,,,,,,,,,28
2013-05-22,119,67.39,61.29,97.69,,,28.16,31.95,87.66,81.51,44.03,97.69,,,,,,,,,28.16
2013-05-23,123.7,68.36,63.35,97.15,,,28.32,33.36,88.44,85.58,46.01,97.15,,,,,,,,,28.32
2013-05-24,129,68.35,64.45,95.12,,,28.48,34.88,89.21,85.6,48.11,95.12,,,,,,,,,28.48
2013-05-25,128.8,68.13,63.67,95.67,,,28.64,34.43,88.93,84.01,47.32,95.67,,,,,,,,,28.64
2013-05-26,130.2,68.39,63.73,96.35,,,28.8,34.65,89.1,83.36,47.81,96.35,,,,,,,,,28.8
2013-05-27,126.4,68.22,63.21,96.63,,,28.96,33.16,88.43,85.25,45.99,96.63,,,,,,,,,28.96
2013-05-28,125.9,66.83,62.03,94.07,,,29.12,32.79,88.3,81.39,45.65,94.07,,,,,,,,,29.12
2013-05-29,129.6,68.17,63.17,96.37,,,29.28,33.75,88.8,83.16,46.98,96.37,,,,,,,,,29.28
2013-05-30,126.5,67.24,62.78,93.95,,,29.44,32.52,88.23,84.91,45.45,93.95,,,,,,,,,29.44
2013-05-31,127.8,63.53,62.66,82.01,,,29.61,32.73,88.37,83.73,45.82,82.01,,,,,,,,,29.61
2013-06-01,128.8,64.26,64.03,81.9,,,29.77,32.84,88.48,88.68,46.11,81.9,,,,,,,,,29.77
2013-06-02,122.6,61.76,61.93,77.38,,,29.93,30.66,87.35,86.44,43.27,77.38,,,,,,,,,29.93
2013-06-03,122.9,62.25,62.32,78.21,,,30.09,30.6,87.36,88.05,43.29,78.21,,,,,,,,,30.09
2013-06-04,120.2,62.03,61.46,78.91,,,30.25,29.57,86.79,87.53,41.96,78.91,,,,,,,,,30.25
2013-06-05,120.9,62.33,59.9,82.53,,,30.41,29.62,86.84,81.06,42.08,82.53,,,,,,,,,30.41
2013-06-06,119.1,59.44,59.11,74.43,,,30.57,28.83,86.35,80.29,40.98,74.43,,,,,,,,,30.57
2013-06-07,110.2,59.74,56.18,80.45,,,30.73,25.96,84.47,77.15,37.16,80.45,,,,,,,,,30.73
2013-06-08,109.2,61,56.19,84.46,,,30.89,25.57,84.23,78.23,36.72,84.46,,,,,,,,,30.89
2013-06-09,99.9,60.18,52.87,87.53,,,31.05,22.61,81.86,74.31,32.71,87.53,,,,,,,,,31.05
2013-06-10,104.4,60.54,54.7,85.43,,,31.21,23.96,83.07,77.11,34.67,85.43,,,,,,,,,31.21
2013-06-11,107.5,61.37,55.66,86.38,,,31.38,24.85,83.8,78.06,35.93,86.38,,,,,,,,,31.38
2013-06-12,106.4,60.75,55.73,84.15,,,31.54,24.44,83.52,79.53,35.45,84.15,,,,,,,,,31.54
2013-06-13,101.3,59,53.93,81.53,,,31.7,22.85,82.24,77.33,33.32,81.53,,,,,,,,,31.7
2013-06-14,99.21,57.76,53.07,78.92,,,31.86,22.16,81.67,76.05,32.42,78.92,,,,,,,,,31.86
2013-06-15,99.88,54.19,53.14,67.11,,,32.02,22.32,81.85,75.69,32.7,67.11,,,,,,,,,32.02
2013-06-16,99.04,54.54,53.05,68.33,,,32.18,22.02,81.6,76.24,32.32,68.33,,,,,,,,,32.18
2013-06-17,100.1,50.89,50.85,60.24,,,32.34,22.32,81.91,66.36,32.8,60.24,,,,,,,,,32.34
2013-06-18,104.3,51.97,51.89,61.86,,,32.5,23.54,83.02,66.41,34.59,61.86,,,,,,,,,32.5
2013-06-19,104.4,50.54,51.55,57.72,,,32.66,23.52,83.04,65.02,34.62,57.72,,,,,,,,,32.66
2013-06-20,104.3,54.38,53.08,67.45,,,32.82,23.44,83.01,71.3,34.57,67.45,,,,,,,,,32.82
2013-06-21,101.4,55.63,52.94,71.67,,,32.98,22.52,82.25,73.67,33.32,71.67,,,,,,,,,32.98
2013-06-22,100,50.9,52.88,56.32,,,33.15,22.06,81.86,74.87,32.71,56.32,,,,,,,,,33.15
2013-06-23,100.3,52.06,52.2,61.2,,,33.31,22.11,81.93,71.93,32.83,61.2,,,,,,,,,33.31
2013-06-24,99.05,51.07,50.28,61.25,,,33.47,21.68,81.56,65.63,32.26,61.25,,,,,,,,,33.47
2013-06-25,97.83,50.87,50.37,60.39,,,33.63,21.28,81.21,67.23,31.74,60.39,,,,,,,,,33.63
2013-06-26,98.65,51.02,52.05,57.85,,,33.79,21.49,81.43,73.2,32.07,57.85,,,,,,,,,33.79
2013-06-27,96.8,55.38,50.59,74.48,,,33.95,20.91,80.91,69.24,31.28,74.48,,,,,,,,,33.95
2013-06-28,89.42,52.79,47.63,71.15,,,34.11,18.72,78.58,65.04,28.17,71.15,,,,,,,,,34.11
2013-06-29,88.8,53.34,47.26,73.51,,,34.27,18.51,78.35,64.31,27.88,73.51,,,,,,,,,34.27
2013-06-30,89.48,53.47,46.19,75.74,,,34.43,18.7,78.61,59.23,28.2,75.74,,,,,,,,,34.43
2013-07-01,82.87,54.32,43.79,82.6,,,34.59,16.72,76.12,56.98,25.33,82.6,,,,,,,,,34.59
2013-07-02,87.82,55.39,45.44,83.14,,,34.75,18.16,77.97,58.18,27.43,83.14,,,,,,,,,34.75
2013-07-03,77.69,56.3,43.17,89.97,,,34.92,15.19,73.93,60.41,23.13,89.97,,,,,,,,,34.92
2013-07-04,79.13,56.66,42.62,92.04,,,35.08,15.63,74.64,56.38,23.81,92.04,,,,,,,,,35.08
2013-07-05,67.45,56.49,38.5,98.59,,,35.24,12.29,68.88,53.89,18.96,98.59,,,,,,,,,35.24
2013-07-06,66.34,56.12,38.13,97.95,,,35.4,12.07,68.49,53.31,18.68,97.95,,,,,,,,,35.4
2013-07-07,72.11,57.43,41.02,97.06,,,35.56,13.77,71.79,57.31,21.23,97.06,,,,,,,,,35.56
2013-07-08,73.99,57.75,42.23,95.91,,,35.72,14.32,72.76,59.77,22.06,95.91,,,,,,,,,35.72
2013-07-09,74.89,56.55,42.22,91.96,,,35.88,14.59,73.23,58.56,22.49,91.96,,,,,,,,,35.88
2013-07-10,85.01,60.81,47.54,96.43,,,36.04,17.49,77.41,68.48,26.76,96.43,,,,,,,,,36.04
2013-07-11,87.5,60.65,46.53,97.58,,,36.2,18.19,78.29,61.82,27.81,97.58,,,,,,,,,36.2
2013-07-12,90.05,60.56,46.09,97.97,,,36.36,18.88,79.09,57.58,28.81,97.97,,,,,,,,,36.36
2013-07-13,91.59,61.09,46.82,98.35,,,36.52,19.27,79.51,59.14,29.36,98.35,,,,,,,,,36.52
2013-07-14,89.89,60.99,47.15,97.34,,,36.69,18.75,78.93,62.34,28.6,97.34,,,,,,,,,36.69
2013-07-15,93.8,61.87,47.95,98.73,,,36.85,19.85,80.18,61.51,30.26,98.73,,,,,,,,,36.85
2013-07-16,91.78,61.43,47.15,98.61,,,37.01,19.25,79.54,60.43,29.4,98.61,,,,,,,,,37.01
2013-07-17,91.03,62.5,48.67,99.37,,,37.17,19.02,79.32,67.25,29.1,99.37,,,,,,,,,37.17
2013-07-18,84.96,60.21,44.07,99.87,,,37.33,17.28,77.22,55.26,26.54,99.87,,,,,,,,,37.33
2013-07-19,86.24,60.93,45.37,99.87,,,37.49,17.65,77.73,58.95,27.14,99.87,,,,,,,,,37.49
2013-07-20,84.91,61.08,45.74,99.62,,,37.65,17.26,77.25,61.88,26.58,99.62,,,,,,,,,37.65
2013-07-21,85.66,61.94,47.37,99.5,,,37.81,17.47,77.54,67.54,26.92,99.5,,,,,,,,,37.81
2013-07-22,85.65,60.41,44.48,99.5,,,37.97,17.46,77.55,55.99,26.92,99.5,,,,,,,,,37.97
2013-07-23,86.98,59.68,43.01,99.62,,,38.13,17.83,78.03,48.69,27.49,99.62,,,,,,,,,38.13
2013-07-24,88.15,60.69,44.91,99.5,,,38.29,18.14,78.43,55.1,27.98,99.5,,,,,,,,,38.29
2013-07-25,90.17,60.46,44.51,99.38,,,38.46,18.7,79.1,51.43,28.83,99.38,,,,,,,,,38.46
2013-07-26,89.98,61.2,45.98,99.13,,,38.62,18.62,79.02,57.57,28.72,99.13,,,,,,,,,38.62
2013-07-27,88.17,61.33,46.39,98.75,,,38.78,18.07,78.37,61.21,27.91,98.75,,,,,,,,,38.78
2013-07-28,92.75,61.78,47.26,98.63,,,38.94,19.36,79.89,59.9,29.87,98.63,,,,,,,,,38.94
2013-07-29,93.3,62.33,48.3,98.51,,,39.1,19.5,80.07,63.54,30.11,98.51,,,,,,,,,39.1
2013-07-30,96.66,63.94,51.17,98.63,,,39.26,20.42,81.05,71.73,31.5,98.63,,,,,,,,,39.26
2013-07-31,98.02,63.92,51.16,98.51,,,39.42,20.75,81.38,70.53,31.98,98.51,,,,,,,,,39.42
2013-08-01,96.57,63.04,49.33,98.76,,,39.58,20.3,80.92,64.78,31.31,98.76,,,,,,,,,39.58
2013-08-02,96.07,63.38,50.27,98.14,,,39.74,20.09,80.67,69.37,30.95,98.14,,,,,,,,,39.74
2013-08-03,95.51,61.86,47.68,97.65,,,39.9,19.81,80.29,60.2,30.42,97.65,,,,,,,,,39.9
2013-08-04,96.37,61.4,48.9,93.95,,,40.06,20.02,80.53,64.29,30.75,93.95,,,,,,,,,40.06
2013-08-05,97.53,62.96,50.26,96.55,,,40.23,20.3,80.82,68.75,31.16,96.55,,,,,,,,,40.23
2013-08-06,97.67,62.8,50.35,95.81,,,40.39,20.31,80.85,69.03,31.2,95.81,,,,,,,,,40.39
2013-08-07,97.05,62.4,49.48,95.94,,,40.55,20.1,80.64,66.26,30.9,95.94,,,,,,,,,40.55
2013-08-08,94.26,63.23,49.92,97.79,,,40.71,19.28,79.76,70.94,29.69,97.79,,,,,,,,,40.71
2013-08-09,92.47,61.91,48.11,96.56,,,40.87,18.76,79.17,65.61,28.91,96.56,,,,,,,,,40.87
2013-08-10,93.29,62.22,49.69,94.73,,,41.03,18.97,79.42,71.13,29.24,94.73,,,,,,,,,41.03
2013-08-11,94.27,62.41,50.42,94,,,41.19,19.22,79.72,73.11,29.64,94,,,,,,,,,41.19
2013-08-12,95.45,62.36,50.84,93.03,,,41.35,19.53,80.07,73.63,30.11,93.03,,,,,,,,,41.35
2013-08-13,97.76,61.92,48.7,95.24,,,41.51,20.08,80.62,63.23,30.88,95.24,,,,,,,,,41.51
2013-08-14,99.12,61.46,47.81,95.24,,,41.67,20.42,80.98,58.42,31.4,95.24,,,,,,,,,41.67
2013-08-15,98.11,61.71,47.46,96.59,,,41.83,20.09,80.63,58.23,30.88,96.59,,,,,,,,,41.83
2013-08-16,98.29,61.25,47.19,95.5,,,42,20.1,80.65,57.07,30.92,95.5,,,,,,,,,42
2013-08-17,99.63,56.4,49.79,75.09,,,42.16,20.44,81,66.3,31.43,75.09,,,,,,,,,42.16
2013-08-18,99.18,55.47,50,71.6,,,42.32,20.28,80.85,67.67,31.2,71.6,,,,,,,,,42.32
2013-08-19,102.8,54.87,49.46,70.55,,,42.48,21.23,81.81,62.17,32.64,70.55,,,,,,,,,42.48
2013-08-20,104.5,59.96,51.58,83.29,,,42.64,21.65,82.22,69.19,33.27,83.29,,,,,,,,,42.64
2013-08-21,110.8,61.23,54.42,82.35,,,42.8,23.32,83.71,74.88,35.77,82.35,,,,,,,,,42.8
2013-08-22,109.5,61.41,54.77,82.25,,,42.96,22.91,83.36,77.67,35.16,82.25,,,,,,,,,42.96
2013-08-23,107.7,58.2,52.83,75.15,,,43.12,22.34,82.85,71.82,34.3,75.15,,,,,,,,,43.12
2013-08-24,108.9,58.11,52.04,76.14,,,43.28,22.62,83.11,67.66,34.74,76.14,,,,,,,,,43.28
2013-08-25,113.1,58.73,50.1,81.47,,,43.44,23.71,84.06,56.22,36.41,81.47,,,,,,,,,43.44
2013-08-26,112.1,60.95,51.01,87.02,,,43.6,23.38,83.79,60.93,35.92,87.02,,,,,,,,,43.6
2013-08-27,117.8,63.19,53.53,89.8,,,43.77,24.84,84.96,66.23,38.1,89.8,,,,,,,,,43.77
2013-08-28,118.3,64.23,54.59,91.25,,,43.93,24.9,84.99,70.32,38.17,91.25,,,,,,,,,43.93
2013-08-29,118.8,64.04,55.7,88.62,,,44.09,24.94,85.01,74.64,38.2,88.62,,,,,,,,,44.09
2013-08-30,124.9,64.05,57.85,84.81,,,44.25,26.46,86.11,78.36,40.46,84.81,,,,,,,,,44.25
2013-08-31,128.4,64.91,58.91,85.66,,,44.41,27.28,86.65,80.05,41.65,85.66,,,,,,,,,44.41
2013-09-01,130.5,65.35,59.25,86.4,,,44.57,27.73,86.93,80.07,42.28,86.4,,,,,,,,,44.57
2013-09-02,129.6,66.84,58.77,92.01,,,44.73,27.34,86.66,79.38,41.68,92.01,,,,,,,,,44.73
2013-09-03,129.2,66.45,57.99,92.02,,,44.89,27.08,86.43,77.28,41.17,92.02,,,,,,,,,44.89
2013-09-04,122.5,63.54,52.82,91.56,,,45.05,25.23,85.15,62.41,38.47,91.56,,,,,,,,,45.05
2013-09-05,122.4,65.81,54.46,95.96,,,45.21,25.12,85.08,69.3,38.33,95.96,,,,,,,,,45.21
2013-09-06,117.9,65.6,53.27,97.27,,,45.37,23.87,84.11,68.63,36.49,97.27,,,,,,,,,45.37
2013-09-07,119.8,63.32,49.61,96.21,,,45.53,24.32,84.49,52.41,37.2,96.21,,,,,,,,,45.53
2013-09-08,118.1,63.84,50.06,97.04,,,45.7,23.8,84.09,55.88,36.46,97.04,,,,,,,,,45.7
2013-09-09,121.3,67.19,55.62,98.11,,,45.86,24.56,84.68,75.68,37.57,98.11,,,,,,,,,45.86
2013-09-10,122.2,66.68,54.96,97.52,,,46.02,24.73,84.83,72.42,37.85,97.52,,,,,,,,,46.02
2013-09-11,127.1,67.16,56.94,95.52,,,46.18,25.91,85.7,76.55,39.6,95.52,,,,,,,,,46.18
2013-09-12,126.8,67.21,57.07,95.41,,,46.34,25.7,85.5,77.87,39.2,95.41,,,,,,,,,46.34
2013-09-13,127.4,66.42,56.89,93.06,,,46.5,25.78,85.58,76.84,39.35,93.06,,,,,,,,,46.5
2013-09-14,124.3,65.52,56.38,90.95,,,46.66,24.88,84.88,77.8,37.96,90.95,,,,,,,,,46.66
2013-09-15,125.1,64.03,54.02,90.14,,,46.82,25.01,85,67.91,38.18,90.14,,,,,,,,,46.82
2013-09-16,126.2,63.1,51.18,92.03,,,46.98,25.21,85.16,55.83,38.5,92.03,,,,,,,,,46.98
2013-09-17,126.9,65,54.11,92.97,,,47.14,25.32,85.26,67.17,38.7,92.97,,,,,,,,,47.14
2013-09-18,126.9,65.15,52.14,96.84,,,47.3,25.24,85.2,59.53,38.59,96.84,,,,,,,,,47.3
2013-09-19,124.2,65.53,53.92,94.86,,,47.47,24.41,84.5,69.57,37.22,94.86,,,,,,,,,47.47
2013-09-20,122.9,66.19,54.3,96.27,,,47.63,24.03,84.22,72.27,36.7,96.27,,,,,,,,,47.63
2013-09-21,123.5,65.1,53.3,94.41,,,47.79,24.13,84.31,67.9,36.88,94.41,,,,,,,,,47.79
2013-09-22,123.1,66.38,54.36,96.62,,,47.95,23.96,84.18,72.69,36.62,96.62,,,,,,,,,47.95
2013-09-23,122.9,66.7,54.77,96.86,,,48.11,23.84,84.1,74.68,36.48,96.86,,,,,,,,,48.11
2013-09-24,123.8,66.82,54.95,96.86,,,48.27,24.01,84.24,74.83,36.74,96.86,,,,,,,,,48.27
2013-09-25,123.6,65.63,54.35,93.97,,,48.43,23.9,84.16,72.78,36.58,93.97,,,,,,,,,48.43
2013-09-26,124.7,63.17,49.99,93.51,,,48.59,24.11,84.34,54.61,36.92,93.51,,,,,,,,,48.59
2013-09-27,126.6,63.4,52.29,90.16,,,48.75,24.53,84.69,62.37,37.58,90.16,,,,,,,,,48.75
2013-09-28,126.8,63.94,52.05,92.25,,,48.91,24.52,84.7,61.38,37.59,92.25,,,,,,,,,48.91
2013-09-29,127.1,63.18,51.19,91.22,,,49.07,24.53,84.72,57.86,37.65,91.22,,,,,,,,,49.07
2013-09-30,126.1,60.94,50.08,85.81,,,49.24,24.21,84.47,54.47,37.17,85.81,,,,,,,,,49.24
2013-10-01,127.6,63.15,53.06,87.67,,,49.4,24.51,84.71,65.41,37.63,87.67,,,,,,,,,49.4
2013-10-02,104.1,60.71,44.72,94.25,,,49.56,18.7,79.2,52.06,28.95,94.25,,,,,,,,,49.56
2013-10-03,117.6,63.7,50.44,93.91,,,49.72,22,82.63,63.2,33.94,93.91,,,,,,,,,49.72
2013-10-04,121.9,63.99,49.94,95.64,,,49.88,23.03,83.56,57.65,35.52,95.64,,,,,,,,,49.88
2013-10-05,121.4,64.27,53.62,90.02,,,50.04,22.85,83.41,72.98,35.26,90.02,,,,,,,,,50.04
2013-10-06,122.5,60.43,50.17,83.51,,,50.2,23.06,83.61,58.43,35.6,83.51,,,,,,,,,50.2
2013-10-07,123.9,59.41,47.9,84.1,,,50.36,23.26,83.68,48.92,35.73,84.1,,,,,,,,,50.36
2013-10-08,124.8,58.83,48.59,80.91,,,50.52,23.41,83.82,51.14,35.98,80.91,,,,,,,,,50.52
2013-10-09,125.9,59.66,50.4,80.37,,,50.68,23.63,84.01,57.66,36.31,80.37,,,,,,,,,50.68
2013-10-10,126.7,62.07,52.15,85.06,,,50.84,23.76,84.13,64.17,36.53,85.06,,,,,,,,,50.84
2013-10-11,127.3,63.29,51.29,90.43,,,51.01,23.84,84.19,60.48,36.65,90.43,,,,,,,,,51.01
2013-10-12,127.9,64.25,54.45,87.94,,,51.17,23.92,84.26,72.85,36.78,87.94,,,,,,,,,51.17
2013-10-13,132.4,65.97,56.23,90.34,,,51.33,24.97,85.09,76.5,38.37,90.34,,,,,,,,,51.33
2013-10-14,135.3,66.44,57.63,89.33,,,51.49,25.58,85.54,80.14,39.27,89.33,,,,,,,,,51.49
2013-10-15,141.5,68.58,59.02,93.76,,,51.65,26.95,86.48,81.4,41.26,93.76,,,,,,,,,51.65
2013-10-16,138.3,67.59,56.63,94.68,,,51.81,26.04,85.79,74.89,39.78,94.68,,,,,,,,,51.81
2013-10-17,143.7,65.44,53.43,93.21,,,51.97,27.22,86.59,58.38,41.51,93.21,,,,,,,,,51.97
2013-10-18,152.8,68.47,59.12,92.99,,,52.13,29.26,87.86,74.83,44.53,92.99,,,,,,,,,52.13
2013-10-19,165.8,71.49,62.82,96.28,,,52.29,32.15,89.41,81.03,48.69,96.28,,,,,,,,,52.29
2013-10-20,166.5,71.75,62.28,97.97,,,52.45,32.13,89.4,78.92,48.65,97.97,,,,,,,,,52.45
2013-10-21,179.9,73.14,64.69,98.2,,,52.61,34.87,90.52,81.3,52.07,98.2,,,,,,,,,52.61
2013-10-22,190.4,74.7,67.15,98.88,,,52.78,36.87,91.21,86.13,54.37,98.88,,,,,,,,,52.78
2013-10-23,204.6,75.41,68.56,98.65,,,52.94,39.65,92.11,84.8,57.66,98.65,,,,,,,,,52.94
2013-10-24,194.4,73.71,66.06,97.42,,,53.1,36.94,91.01,82.59,53.7,97.42,,,,,,,,,53.1
2013-10-25,185.6,73.15,64,99.1,,,53.26,34.22,89.43,83.61,48.75,99.1,,,,,,,,,53.26
2013-10-26,179.8,71.92,61.29,99.78,,,53.42,32.71,88.73,76.95,46.78,99.78,,,,,,,,,53.42
2013-10-27,194.5,73.37,63.86,99.89,,,53.58,35.85,90.24,78.2,51.17,99.89,,,,,,,,,53.58
2013-10-28,196.3,73.37,63.89,99.78,,,53.74,36,90.33,77.78,51.45,99.78,,,,,,,,,53.74
2013-10-29,204.4,73.47,64.28,99.33,,,53.9,37.44,90.84,75.69,53.14,99.33,,,,,,,,,53.9
2013-10-30,197.9,73.64,64.24,99.89,,,54.06,35.72,90.13,80.27,50.83,99.89,,,,,,,,,54.06
2013-10-31,203.3,74.16,65.34,99.55,,,54.22,36.65,90.54,82.06,52.13,99.55,,,,,,,,,54.22
2013-11-01,203,73.59,65,98.22,,,54.38,36.31,90.39,81.64,51.66,98.22,,,,,,,,,54.38
2013-11-02,204.8,73.64,64.93,98.44,,,54.55,36.46,90.49,80.77,51.98,98.44,,,,,,,,,54.55
2013-11-03,210.3,73.9,65.43,98.34,,,54.71,37.39,90.89,80.13,53.3,98.34,,,,,,,,,54.71
2013-11-04,228.8,74.94,68.06,97.01,,,54.87,40.76,91.97,82.36,57.14,97.01,,,,,,,,,54.87
2013-11-05,243.6,75.87,69.23,97.9,,,55.03,43.33,92.71,80.84,60.05,97.9,,,,,,,,,55.03
2013-11-06,263.2,77.12,71.57,97.79,,,55.19,46.87,93.75,81.08,64.59,97.79,,,,,,,,,55.19
2013-11-07,290.1,78.91,73.78,99.67,,,55.35,51.39,94.68,79.89,69.15,99.67,,,,,,,,,55.35
2013-11-08,333.8,81.64,78.73,99.78,,,55.51,59.05,96.19,81.78,77.91,99.78,,,,,,,,,55.51
2013-11-09,331.1,81.33,78.06,99.89,,,55.67,57.27,95.78,83.88,75.32,99.89,,,,,,,,,55.67
2013-11-10,327.6,81.35,78.05,99.89,,,55.83,55.55,95.42,88.06,73.18,99.89,,,,,,,,,55.83
2013-11-11,342.7,82.24,79.78,99.67,,,55.99,57.42,95.79,90.48,75.41,99.67,,,,,,,,,55.99
2013-11-12,354.6,82.56,80.52,99.34,,,56.15,58.46,95.94,91.37,76.32,99.34,,,,,,,,,56.15
2013-11-13,394.5,83.93,83.7,98.13,,,56.32,64.4,96.95,90.39,83.05,98.13,,,,,,,,,56.32
2013-11-14,416.7,84.62,85.19,97.7,,,56.48,66.66,97.22,91.82,85.06,97.7,,,,,,,,,56.48
2013-11-15,408.4,83.76,82.86,98.9,,,56.64,63.53,96.67,90.2,81.04,98.9,,,,,,,,,56.64
2013-11-16,435.8,85.16,85.59,98.58,,,56.8,66.78,97.26,93.04,85.3,98.58,,,,,,,,,56.8
2013-11-17,485.3,86.89,89.52,97.27,,,56.96,73.2,98.2,93.7,92.98,97.27,,,,,,,,,56.96
2013-11-18,657.8,93.36,102.5,95.52,,,57.12,96.92,100.5,94.35,118.1,95.52,,,,,,,,,57.12
2013-11-19,546.9,86.85,89.9,96.29,,,57.28,75.92,98.19,92.62,92.87,96.29,,,,,,,,,57.28
2013-11-20,595.3,87.6,92.42,94.23,,,57.44,80.27,98.64,93.82,96.96,94.23,,,,,,,,,57.44
2013-11-21,720.8,91.5,100.7,92.27,,,57.6,94.58,100.2,94.37,113.8,92.27,,,,,,,,,57.6
2013-11-22,802.9,91.91,102.3,90.87,,,57.76,99.52,100.2,95.57,113.7,90.87,,,,,,,,,57.76
2013-11-23,834.3,92.49,101.4,94.25,,,57.92,98,100,95.68,111.8,94.25,,,,,,,,,57.92
2013-11-24,807.2,88.8,97.5,88.94,,,58.09,90.26,99.45,95.04,105.3,88.94,,,,,,,,,58.09
2013-11-25,816.2,87.82,95.81,88.62,,,58.25,87.22,99.11,95.26,101.6,88.62,,,,,,,,,58.25
2013-11-26,916.1,90.19,96.89,94.37,,,58.41,92.67,99.01,95.26,100.6,94.37,,,,,,,,,58.41
2013-11-27,962.9,90.57,97.11,95.14,,,58.57,92.79,98.98,96.34,100.3,95.14,,,,,,,,,58.57
2013-11-28,1007,91,96.69,97.19,,,58.73,92.32,98.84,96.67,98.92,97.19,,,,,,,,,58.73
2013-11-29,1129,92.85,99.76,97.73,,,58.89,98.59,99.36,96.78,104.3,97.73,,,,,,,,,58.89
2013-11-30,1119,91.24,97.15,96.98,,,59.05,92.81,98.96,96.68,100.1,96.98,,,,,,,,,59.05
2013-12-01,964.5,86.88,88.09,98.6,,,59.21,75.53,97.04,96.15,83.67,98.6,,,,,,,,,59.21
2013-12-02,1041,88.03,90.18,98.6,,,59.37,79.52,97.72,94.55,88.92,98.6,,,,,,,,,59.37
2013-12-03,1054,87.95,90.05,98.5,,,59.53,77.83,97.62,96.58,88.15,98.5,,,,,,,,,59.53
2013-12-04,1135,89.38,91.92,99.79,,,59.69,81.45,98.15,95.52,92.56,99.79,,,,,,,,,59.69
2013-12-05,1027,95.1,102.5,99.79,,,59.86,104.5,102.2,94.24,109.1,99.79,,,,,,,,,59.86
2013-12-06,824.6,87.71,88.72,99.79,,,60.02,78.56,98.25,93.82,84.26,99.79,,,,,,,,,60.02
2013-12-07,703.7,82.77,79.81,99.25,,,60.18,63.32,94.7,92.13,69.08,99.25,,,,,,,,,60.18
2013-12-08,783.6,85.53,84.89,99.25,,,60.34,71.76,96.98,92.56,78.27,99.25,,,,,,,,,60.34
2013-12-09,896.1,89.19,91.75,99.04,,,60.5,83.4,99.53,92.89,91.19,99.04,,,,,,,,,60.5
2013-12-10,977.2,91.9,96.26,99.89,,,60.66,90.7,100.9,93.85,99.61,99.89,,,,,,,,,60.66
2013-12-11,875.5,87.76,88.53,99.89,,,60.82,77.8,98.63,91.42,86.25,99.89,,,,,,,,,60.82
2013-12-12,873.3,87.44,87.88,99.89,,,60.98,76.43,98.51,91.01,85.59,99.89,,,,,,,,,60.98
2013-12-13,879.2,87.45,87.86,99.89,,,61.14,75.81,98.45,91.86,85.32,99.89,,,,,,,,,61.14
2013-12-14,852.9,86.58,86.25,99.79,,,61.3,72.2,97.9,92.4,82.52,99.79,,,,,,,,,61.3
2013-12-15,864.1,86.52,86.22,99.58,,,61.46,72.4,98.05,91.14,83.3,99.58,,,,,,,,,61.46
2013-12-16,677.9,79.99,73.92,99.79,,,61.63,52.58,92.53,88.72,61.83,99.79,,,,,,,,,61.63
2013-12-17,682.6,80.15,74.17,99.79,,,61.79,52.75,92.7,88.84,62.38,99.79,,,,,,,,,61.79
2013-12-18,526.1,73.89,62.45,99.89,,,61.95,36.57,85.22,83.6,44.41,99.89,,,,,,,,,61.95
2013-12-19,685.5,80.47,74.67,99.79,,,62.11,52.6,92.84,90.44,62.81,99.79,,,,,,,,,62.11
2013-12-20,600.2,76.56,67.31,99.89,,,62.27,43.7,89.23,83.42,52.9,99.89,,,,,,,,,62.27
2013-12-21,597,75.62,65.58,99.79,,,62.43,42.77,88.59,79.56,51.39,99.79,,,,,,,,,62.43
2013-12-22,615,76.71,67.68,99.58,,,62.59,44.81,89.9,81.47,54.55,99.58,,,,,,,,,62.59
2013-12-23,657.9,78.46,71.06,99.26,,,62.75,48.81,91.69,84.41,59.34,99.26,,,,,,,,,62.75
2013-12-24,650.7,77.47,69.48,98.74,,,62.91,47.35,90.86,82.65,57.04,98.74,,,,,,,,,62.91
2013-12-25,678.3,78.14,70.86,98.43,,,63.07,49.71,91.86,82.05,59.83,98.43,,,,,,,,,63.07
2013-12-26,750,81.04,76.36,98.11,,,63.23,56.27,94.27,87.38,67.53,98.11,,,,,,,,,63.23
2013-12-27,722.6,79.69,74.3,97.28,,,63.4,53.12,93.21,86.88,63.98,97.28,,,,,,,,,63.4
2013-12-28,715.9,78.31,72.04,96.65,,,63.56,52.13,92.95,79.92,63.15,96.65,,,,,,,,,63.56
2013-12-29,727.3,78.82,73.83,95.09,,,63.72,52.89,93.31,84.82,64.31,95.09,,,,,,,,,63.72
2013-12-30,735.7,79.71,74.48,96.76,,,63.88,53.36,93.59,85.77,65.21,96.76,,,,,,,,,63.88
2013-12-31,729.6,78.56,74.27,93.33,,,64.04,52.45,93.35,86.83,64.44,93.33,,,,,,,,,64.04
2014-01-01,752.4,79.38,75.86,93.12,,,64.2,54.28,94.11,88.08,66.98,93.12,,,,,,,,,64.2
2014-01-02,785,80.09,74.99,96.88,,,64.36,56.84,95.02,77.85,70.24,96.88,,,,,,,,,64.36
2014-01-03,807.2,82.12,77.76,98.54,,,64.52,58.37,95.53,84.9,72.23,98.54,,,,,,,,,64.52
2014-01-04,828.6,81.73,77.12,98.34,,,64.68,59.48,95.75,80.17,73.07,98.34,,,,,,,,,64.68
2014-01-05,902.5,84.72,83.15,97.41,,,64.84,65.43,97.41,89.58,80.2,97.41,,,,,,,,,64.84
2014-01-06,914.5,84.79,83.17,97.51,,,65,65.76,97.54,88.56,80.84,97.51,,,,,,,,,65
2014-01-07,803.4,81.03,76.2,97.41,,,65.16,55.37,94.6,86.1,68.73,97.41,,,,,,,,,65.16
2014-01-08,820.7,80.98,77.13,95.55,,,65.33,56.32,94.89,87.55,69.77,95.55,,,,,,,,,65.33
2014-01-09,831.3,79.97,77.68,91.22,,,65.49,56.81,95.11,88.18,70.62,91.22,,,,,,,,,65.49
2014-01-10,853.3,80.16,78.46,90.4,,,65.65,58.27,95.66,87.17,72.73,90.4,,,,,,,,,65.65
2014-01-11,889.6,80.76,80.57,88.56,,,65.81,60.75,96.39,89.44,75.7,88.56,,,,,,,,,65.81
2014-01-12,845.2,79.07,77.5,88.36,,,65.97,56.46,95.14,87.7,70.72,88.36,,,,,,,,,65.97
2014-01-13,822.9,77.61,74.81,88.27,,,66.13,54.17,94.46,82.4,68.2,88.27,,,,,,,,,66.13
2014-01-14,815.3,75.83,73.5,84.69,,,66.29,53.13,94.14,79.65,67.08,84.69,,,,,,,,,66.29
2014-01-15,841.1,76.97,76.08,83.78,,,66.45,54.82,94.73,85.6,69.19,83.78,,,,,,,,,66.45
2014-01-16,815.9,73.91,74.21,77.03,,,66.61,52.33,93.91,84.29,66.3,77.03,,,,,,,,,66.61
2014-01-17,792.8,65.97,70.77,57.17,,,66.77,50.13,93.17,75.94,63.84,57.17,,,,,,,,,66.77
2014-01-18,809.8,68.56,72.58,62.33,,,66.93,51.24,93.67,79.94,65.47,62.33,,,,,,,,,66.93
2014-01-19,838.4,65.73,73.93,50.72,,,67.1,53.24,94.45,79.86,68.16,50.72,,,,,,,,,67.1
2014-01-20,828.9,68.37,74.67,57.92,,,67.26,52.12,94.11,85.47,66.97,57.92,,,,,,,,,67.26
2014-01-21,823.8,71.08,72.45,70.51,,,67.42,51.4,93.91,78.17,66.31,70.51,,,,,,,,,67.42
2014-01-22,819,74.52,73.37,80.02,,,67.58,50.68,93.69,83.57,65.54,80.02,,,,,,,,,67.58
2014-01-23,810.9,75.2,71.71,85.03,,,67.74,49.77,93.41,79.03,64.63,85.03,,,,,,,,,67.74
2014-01-24,781,76.26,70.13,91.15,,,67.9,47.13,92.4,79.55,61.44,91.15,,,,,,,,,67.9
2014-01-25,804.4,75.71,70.34,88.92,,,68.06,48.72,93.09,75.94,63.6,88.92,,,,,,,,,68.06
2014-01-26,814.5,76.2,70.21,90.66,,,68.22,49.25,93.37,73.74,64.49,90.66,,,,,,,,,68.22
2014-01-27,742.7,73.78,66.65,88.95,,,68.38,43.46,90.95,74.87,57.3,88.95,,,,,,,,,68.38
2014-01-28,790.2,74.45,68.54,87.74,,,68.54,46.93,92.54,72.78,61.88,87.74,,,,,,,,,68.54
2014-01-29,793.4,74.42,68.49,87.65,,,68.7,46.93,92.59,72.41,62.02,87.65,,,,,,,,,68.7
2014-01-30,799.5,72.36,69.76,78.67,,,68.87,47.17,92.74,76.66,62.47,78.67,,,,,,,,,68.87
2014-01-31,803.2,73.13,70.15,80.4,,,69.03,47.24,92.82,77.79,62.75,80.4,,,,,,,,,69.03
2014-02-01,813.2,67.63,70.71,61.45,,,69.19,47.71,93.03,78.71,63.4,61.45,,,,,,,,,69.19
2014-02-02,814.5,50.87,70.52,7.258,,,69.35,47.58,93.04,78.03,63.42,7.258,,,,,,,,,69.35
2014-02-03,807,49.49,69.64,4.23,,,69.51,46.79,92.76,76.45,62.56,4.23,,,,,,,,,69.51
2014-02-04,800.1,48.3,68.7,1.911,,,69.67,46.08,92.53,74.37,61.83,1.911,,,,,,,,,69.67
2014-02-05,784.5,46.76,66.42,0.804,,,69.83,43.98,91.13,72.8,57.77,0.804,,,,,,,,,69.83
2014-02-06,763.6,46.14,65.57,0.2008,,,69.99,42.27,90.36,73.93,55.73,0.2008,,,,,,,,,69.99
2014-02-07,711.6,45.52,61.11,5.918,,,70.15,38.33,88.37,66.87,50.88,5.918,,,,,,,,,70.15
2014-02-08,677.7,44.94,60.28,5.411,,,70.31,35.76,86.89,70.79,47.69,5.411,,,,,,,,,70.31
2014-02-09,687.4,43.6,56.94,6.807,,,70.47,36.38,87.32,55.48,48.59,6.807,,,,,,,,,70.47
2014-02-10,685.5,46.01,58.81,11.3,,,70.64,36.15,87.22,63.48,48.38,11.3,,,,,,,,,70.64
2014-02-11,671.9,44.91,58.66,7.892,,,70.8,35.09,86.62,65.81,47.13,7.892,,,,,,,,,70.8
2014-02-12,653.8,49.96,58.25,24.95,,,70.96,33.73,85.77,68.02,45.46,24.95,,,,,,,,,70.96
2014-02-13,612.9,55.78,54.9,49.65,,,71.12,30.71,83.63,63.69,41.59,49.65,,,,,,,,,71.12
2014-02-14,668.8,59.93,59.69,54.68,,,71.28,34.69,86.48,70.76,46.85,54.68,,,,,,,,,71.28
2014-02-15,654.4,56.55,58.57,45.57,,,71.44,33.57,85.77,69.5,45.45,45.57,,,,,,,,,71.44
2014-02-16,623.3,62.64,56.68,68.59,,,71.6,31.27,84.15,68.84,42.48,68.59,,,,,,,,,71.6
2014-02-17,631.3,57.12,53.24,56.6,,,71.76,31.81,84.6,53.26,43.28,56.6,,,,,,,,,71.76
2014-02-18,627.3,58.72,53.8,60.71,,,71.92,31.47,84.38,56.47,42.89,60.71,,,,,,,,,71.92
2014-02-19,623.5,61.45,56.89,64.12,,,72.08,31.19,84.22,69.53,42.61,64.12,,,,,,,,,72.08
2014-02-20,563.8,57.4,49.52,63.76,,,72.24,26.88,80.65,53.6,36.95,63.76,,,,,,,,,72.24
2014-02-21,580.3,54.31,48.41,55.59,,,72.41,28.04,81.72,45.37,38.53,55.59,,,,,,,,,72.41
2014-02-22,607.1,56.93,53.66,54.84,,,72.57,29.93,83.34,60.28,41.11,54.84,,,,,,,,,72.57
2014-02-23,610.1,50.5,52.47,35.93,,,72.73,30.1,83.5,54.91,41.38,35.93,,,,,,,,,72.73
2014-02-24,542.3,60.83,48.76,75.94,,,72.89,25.34,79.36,55.15,35.16,75.94,,,,,,,,,72.89
2014-02-25,533.7,58.98,45.31,75.86,,,73.05,24.89,79.05,42.55,34.75,75.86,,,,,,,,,73.05
2014-02-26,587.6,63.85,52.32,79.33,,,73.21,28.68,82.61,58.08,39.92,79.33,,,,,,,,,73.21
2014-02-27,585.4,63.54,52.37,78.17,,,73.37,28.51,82.51,58.71,39.75,78.17,,,,,,,,,73.37
2014-02-28,551.3,59.59,48.18,72.59,,,73.53,26.02,80.22,50.15,36.34,72.59,,,,,,,,,73.53
2014-03-01,567.5,61.87,46.51,82.83,,,73.69,27.17,81.35,39.55,37.97,82.83,,,,,,,,,73.69
2014-03-02,558.5,60.94,45.63,81.27,,,73.85,26.53,80.79,38.05,37.15,81.27,,,,,,,,,73.85
2014-03-03,676.5,66.82,55.04,83.84,,,74.01,34.76,87.22,49.81,48.38,83.84,,,,,,,,,74.01
2014-03-04,674.5,66.97,54.86,84.54,,,74.18,34.54,87.11,49.66,48.14,84.54,,,,,,,,,74.18
2014-03-05,670.3,68.79,55.19,89.83,,,74.34,34.15,86.86,52.14,47.61,89.83,,,,,,,,,74.34
2014-03-06,667.7,70.5,57.07,91.99,,,74.5,33.86,86.67,60.54,47.23,91.99,,,,,,,,,74.5
2014-03-07,631.8,67.5,51.84,91.32,,,74.66,30.58,83.78,51.17,41.85,91.32,,,,,,,,,74.66
2014-03-08,621.5,67.15,51.04,91.52,,,74.82,29.8,83.17,50.34,40.84,91.52,,,,,,,,,74.82
2014-03-09,640.6,66.32,53.61,84.23,,,74.98,30.66,83.57,58.72,41.49,84.23,,,,,,,,,74.98
2014-03-10,628.2,64.64,49.11,86.58,,,75.14,29.71,82.81,43.66,40.25,86.58,,,,,,,,,75.14
2014-03-11,633.7,65.65,51.14,86.2,,,75.3,30.03,83.08,50.77,40.68,86.2,,,,,,,,,75.3
2014-03-12,634.6,65.44,52.99,82.23,,,75.46,30.01,83.05,58.26,40.63,82.23,,,,,,,,,75.46
2014-03-13,643.4,64.15,51.04,81.38,,,75.62,30.55,83.49,48.75,41.36,81.38,,,,,,,,,75.62
2014-03-14,628.3,61.37,47.52,78.39,,,75.78,29.48,82.67,37.9,40.02,78.39,,,,,,,,,75.78
2014-03-15,636.2,62.27,50.63,75.8,,,75.95,29.98,83.1,48.75,40.72,75.8,,,,,,,,,75.95
2014-03-16,634.2,61.71,50.97,73.31,,,76.11,29.79,82.97,50.63,40.5,73.31,,,,,,,,,76.11
2014-03-17,622.8,62.12,49.08,77.87,,,76.27,28.96,82.31,45.58,39.45,77.87,,,,,,,,,76.27
2014-03-18,614.3,56.9,47.11,64.29,,,76.43,28.33,81.79,39.67,38.64,64.29,,,,,,,,,76.43
2014-03-19,610.5,60.13,47.9,73.29,,,76.59,28.03,81.55,43.76,38.27,73.29,,,,,,,,,76.59
2014-03-20,586.6,60.61,47.42,75.63,,,76.75,26.38,80.08,47.08,36.15,75.63,,,,,,,,,76.75
2014-03-21,569.7,61.15,46.66,78.63,,,76.91,25.13,78.81,48.28,34.43,78.63,,,,,,,,,76.91
2014-03-22,564.7,59.5,44.75,76.54,,,77.07,24.76,78.46,41.82,33.97,76.54,,,,,,,,,77.07
2014-03-23,559,61.69,48.31,77.33,,,77.23,24.35,78.05,57.36,33.46,77.33,,,,,,,,,77.23
2014-03-24,585,61.26,47.89,76.58,,,77.39,26.1,79.82,49.86,35.78,76.58,,,,,,,,,77.39
2014-03-25,583.8,59.3,45.08,75.07,,,77.55,25.97,79.7,39.03,35.62,75.07,,,,,,,,,77.55
2014-03-26,579.2,52.14,44.85,52.11,,,77.72,25.64,79.39,39.18,35.2,52.11,,,,,,,,,77.72
2014-03-27,483.2,52.01,38.52,62.68,,,77.88,19.14,71.75,36.57,26.61,62.68,,,,,,,,,77.88
2014-03-28,498.7,56.48,39.59,75.24,,,78.04,20.22,73.26,36.82,28.07,75.24,,,,,,,,,78.04
2014-03-29,489.5,56.84,39,77.36,,,78.2,19.6,72.44,36.69,27.27,77.36,,,,,,,,,78.2
2014-03-30,459,57.76,35.92,85.69,,,78.36,17.56,69.47,32.1,24.56,85.69,,,,,,,,,78.36
2014-03-31,455.4,57.6,36.71,83.7,,,78.52,17.36,69.19,35.96,24.33,83.7,,,,,,,,,78.52
2014-04-01,479,59.55,38.26,87.24,,,78.68,18.97,71.65,35.92,26.51,87.24,,,,,,,,,78.68
2014-04-02,439,58.56,35.88,88.11,,,78.84,16.29,67.48,36.84,22.92,88.11,,,,,,,,,78.84
2014-04-03,449.4,59.31,37.07,88.4,,,79,17.01,68.67,38.69,23.89,88.4,,,,,,,,,79
2014-04-04,449.7,57.99,36.67,84.71,,,79.16,17.04,68.74,36.96,23.95,84.71,,,,,,,,,79.16
2014-04-05,461.7,59.03,37.04,87.38,,,79.32,17.93,70.19,34.84,25.19,87.38,,,,,,,,,79.32
2014-04-06,458.6,58.74,36.38,87.49,,,79.49,17.71,69.87,33.02,24.9,87.49,,,,,,,,,79.49
2014-04-07,448.7,58.63,35.69,88.26,,,79.65,17.05,68.82,32.89,24.01,88.26,,,,,,,,,79.65
2014-04-08,452.8,58.28,35.16,87.98,,,79.81,17.34,69.31,29.57,24.42,87.98,,,,,,,,,79.81
2014-04-09,442.8,58.08,35.44,86.77,,,79.97,16.66,68.19,33.4,23.5,86.77,,,,,,,,,79.97
2014-04-10,366.9,55.68,28.5,91.03,,,80.13,11.63,58.13,27.54,16.69,91.03,,,,,,,,,80.13
2014-04-11,421.9,58.02,34.18,88.58,,,80.29,15.41,66.11,33.33,21.87,88.58,,,,,,,,,80.29
2014-04-12,424.3,58.34,34.25,89.44,,,80.45,15.57,66.41,32.93,22.1,89.44,,,,,,,,,80.45
2014-04-13,416.4,58.38,34.27,89.45,,,80.61,15.04,65.43,35.24,21.37,89.45,,,,,,,,,80.61
2014-04-14,461.1,60.47,37.89,89.84,,,80.77,18.06,70.55,37.45,25.5,89.84,,,,,,,,,80.77
2014-04-15,521.6,62.48,42.22,88.72,,,80.93,22.12,76.04,39.66,31.05,88.72,,,,,,,,,80.93
2014-04-16,531.5,62.6,41.78,89.77,,,81.09,22.68,76.64,36.07,31.74,89.77,,,,,,,,,81.09
2014-04-17,499.8,61.28,39.82,88.84,,,81.26,20.51,73.95,36.04,28.78,88.84,,,,,,,,,81.26
2014-04-18,483,60.51,38.45,88.66,,,81.42,19.39,72.45,34.7,27.27,88.66,,,,,,,,,81.42
2014-04-19,504.4,59.31,39.91,82.12,,,81.58,20.82,74.38,35.23,29.22,82.12,,,,,,,,,81.58
2014-04-20,501.6,59.07,40.28,80.64,,,81.74,20.63,74.15,37.34,28.99,80.64,,,,,,,,,81.74
2014-04-21,498.1,57.74,39.72,77.2,,,81.9,20.39,73.84,36,28.66,77.2,,,,,,,,,81.9
2014-04-22,489.5,56.55,38.63,75.16,,,82.06,19.82,73.08,33.74,27.9,75.16,,,,,,,,,82.06
2014-04-23,490.6,55.82,39.02,72.01,,,82.22,19.85,73.11,35.19,27.92,72.01,,,,,,,,,82.22
2014-04-24,503.3,56.39,39.43,73.07,,,82.38,20.68,74.22,33.77,29.06,73.07,,,,,,,,,82.38
2014-04-25,466.4,57.37,37.69,79.24,,,82.54,18.22,70.78,36.05,25.71,79.24,,,,,,,,,82.54
2014-04-26,459.2,53.57,36.52,68.84,,,82.7,17.73,70.04,33.24,25.05,68.84,,,,,,,,,82.7
2014-04-27,438.7,50.12,35.41,59.48,,,82.86,16.36,67.79,34.32,23.17,59.48,,,,,,,,,82.86
2014-04-28,441.5,50.71,34.75,62.49,,,83.02,16.57,68.18,30.78,23.48,62.49,,,,,,,,,83.02
2014-04-29,447.7,46.35,35.91,46.2,,,83.19,16.99,68.89,33.7,24.07,46.2,,,,,,,,,83.19
2014-04-30,448.9,49.7,34.53,59.41,,,83.35,17.07,69.02,27.86,24.18,59.41,,,,,,,,,83.35
2014-05-01,460.2,49.32,37.15,53.52,,,83.51,17.83,70.23,35.3,25.22,53.52,,,,,,,,,83.51
2014-05-02,452.2,42.74,35.96,34.14,,,83.67,17.29,69.38,32.69,24.49,34.14,,,,,,,,,83.67
2014-05-03,439,36.3,33.96,16.64,,,83.83,16.4,67.92,28.24,23.28,16.64,,,,,,,,,83.83
2014-05-04,436.7,41.99,34.24,34.53,,,83.99,16.26,67.67,29.96,23.08,34.53,,,,,,,,,83.99
2014-05-05,432.3,48.08,32.26,57.75,,,84.15,15.98,67.2,23.14,22.7,57.75,,,,,,,,,84.15
2014-05-06,430.1,50.82,35.33,61.2,,,84.31,15.84,66.98,35.96,22.53,61.2,,,,,,,,,84.31
2014-05-07,442.2,48.45,35.06,53.87,,,84.47,16.66,68.39,31.53,23.66,53.87,,,,,,,,,84.47
2014-05-08,440.4,47.64,35.28,50.78,,,84.63,16.54,68.19,32.88,23.5,50.78,,,,,,,,,84.63
2014-05-09,452.7,48.78,36.28,52.67,,,84.79,17.36,69.55,33.58,24.63,52.67,,,,,,,,,84.79
2014-05-10,456.8,44.15,37.04,36.18,,,84.96,17.63,69.98,35.56,25,36.18,,,,,,,,,84.96
2014-05-11,439.1,48.48,34.41,54.77,,,85.12,16.45,68.04,29.77,23.37,54.77,,,,,,,,,85.12
2014-05-12,441.3,49.28,35.2,55.91,,,85.28,16.6,68.3,32.3,23.59,55.91,,,,,,,,,85.28
2014-05-13,439,46.61,34.84,47.8,,,85.44,16.45,68.06,31.45,23.39,47.8,,,,,,,,,85.44
2014-05-14,444.8,43.39,34.74,37.42,,,85.6,16.85,68.74,29.42,23.95,37.42,,,,,,,,,85.6
2014-05-15,447,46.84,35.9,46.53,,,85.76,16.99,68.98,33.48,24.15,46.53,,,,,,,,,85.76
2014-05-16,448.7,45.68,36.48,41.64,,,85.92,17.12,69.2,35.27,24.33,41.64,,,,,,,,,85.92
2014-05-17,449.2,49.58,36.09,54.93,,,86.08,17.15,69.25,33.61,24.37,54.93,,,,,,,,,86.08
2014-05-18,447,47.82,35.89,49.5,,,86.24,16.99,69,33.39,24.16,49.5,,,,,,,,,86.24
2014-05-19,447.4,49.38,35.8,54.64,,,86.4,17.03,69.06,32.91,24.21,54.64,,,,,,,,,86.4
2014-05-20,490.3,51.2,39.53,53.96,,,86.56,19.87,73.32,36.78,28.13,53.96,,,,,,,,,86.56
2014-05-21,493.9,53.56,39.72,61.18,,,86.73,20.09,73.61,36.74,28.43,61.18,,,,,,,,,86.73
2014-05-22,526.8,56.96,41.92,68.3,,,86.89,22.25,76.34,37.7,31.39,68.3,,,,,,,,,86.89
2014-05-23,523.7,57.9,41.39,72.23,,,87.05,22.02,76.06,36.4,31.07,72.23,,,,,,,,,87.05
2014-05-24,527.7,57.57,41.13,71.53,,,87.21,22.25,76.32,34.57,31.37,71.53,,,,,,,,,87.21
2014-05-25,573.3,58.23,44.57,67.57,,,87.37,25.22,79.56,38.05,35.44,67.57,,,,,,,,,87.37
2014-05-26,584.8,58.28,45.17,66.61,,,87.53,25.95,80.29,38.02,36.43,66.61,,,,,,,,,87.53
2014-05-27,573.9,58.24,43.07,70.07,,,87.69,25.02,79.23,33.03,34.98,70.07,,,,,,,,,87.69
2014-05-28,579.2,58.79,44.96,68.47,,,87.85,25.33,79.54,39.57,35.4,68.47,,,,,,,,,87.85
2014-05-29,570.3,58.87,42.97,72.11,,,88.01,24.71,78.91,33.69,34.57,72.11,,,,,,,,,88.01
2014-05-30,620.8,61.32,47.47,72.14,,,88.17,27.9,81.88,41.29,38.78,72.14,,,,,,,,,88.17
2014-05-31,627.9,59.89,46.85,68.47,,,88.33,28.3,82.22,37.58,39.31,68.47,,,,,,,,,88.33
2014-06-01,630.1,64.65,48.5,81.01,,,88.5,28.38,82.29,43.91,39.41,81.01,,,,,,,,,88.5
2014-06-02,663.5,66.17,52.03,79.68,,,88.66,30.48,83.98,51.48,42.19,79.68,,,,,,,,,88.66
2014-06-03,672.4,66.51,51.37,81.85,,,88.82,30.98,84.35,47.32,42.84,81.85,,,,,,,,,88.82
2014-06-04,643.9,63.42,49.36,75.22,,,88.98,29.04,82.8,45.4,40.22,75.22,,,,,,,,,88.98
2014-06-05,661.5,62.79,48.76,74.17,,,89.14,30.13,83.68,39.55,41.69,74.17,,,,,,,,,89.14
2014-06-06,650.1,62.47,47.38,75.45,,,89.3,29.34,83.06,36.49,40.65,75.45,,,,,,,,,89.3
2014-06-07,656.8,64.33,48.49,79.5,,,89.46,29.73,83.38,39.66,41.18,79.5,,,,,,,,,89.46
2014-06-08,657.8,63.06,47.6,76.83,,,89.62,29.74,83.4,36.06,41.21,76.83,,,,,,,,,89.62
2014-06-09,648.3,63.72,47.86,78.46,,,89.78,29.04,82.82,39.32,40.25,78.46,,,,,,,,,89.78
2014-06-10,650.9,64.56,48.59,79.82,,,89.94,29.14,82.88,41.96,40.36,79.82,,,,,,,,,89.94
2014-06-11,631.5,62.35,46.21,76.72,,,90.1,27.82,81.76,36.68,38.59,76.72,,,,,,,,,90.1
2014-06-12,592,63.32,44.34,83.07,,,90.27,24.92,78.77,39.31,34.37,83.07,,,,,,,,,90.27
2014-06-13,597,63.66,44.2,84.33,,,90.43,25.21,79.07,37.77,34.77,84.33,,,,,,,,,90.43
2014-06-14,575.6,62.32,43.44,81.23,,,90.59,23.81,77.61,39.42,32.91,81.23,,,,,,,,,90.59
2014-06-15,589.7,62.19,45.02,77.96,,,90.75,24.71,78.58,42.65,34.13,77.96,,,,,,,,,90.75
2014-06-16,590.6,63.53,44.96,82.33,,,90.91,24.73,78.61,42.35,34.17,82.33,,,,,,,,,90.91
2014-06-17,609.1,63.96,46.01,81.81,,,91.07,25.91,79.79,42.58,35.75,81.81,,,,,,,,,91.07
2014-06-18,607.6,63.06,44.44,81.56,,,91.23,25.78,79.68,36.72,35.6,81.56,,,,,,,,,91.23
2014-06-19,595.8,63.79,44.11,84.41,,,91.39,24.99,78.9,38.01,34.55,84.41,,,,,,,,,91.39
2014-06-20,591.5,62.68,44.68,79.73,,,91.55,24.7,78.61,41.23,34.17,79.73,,,,,,,,,91.55
2014-06-21,592.8,60.79,44.7,73.47,,,91.71,24.76,78.67,41.11,34.25,73.47,,,,,,,,,91.71
2014-06-22,599.6,60.84,44.85,73.32,,,91.87,25.17,79.11,40.28,34.82,73.32,,,,,,,,,91.87
2014-06-23,589.6,59.61,43.95,70.79,,,92.04,24.49,78.4,39.02,33.91,70.79,,,,,,,,,92.04
2014-06-24,580,59.83,43.75,71.78,,,92.2,23.85,77.72,40.39,33.04,71.78,,,,,,,,,92.2
2014-06-25,562.2,60.45,42.42,76.04,,,92.36,22.7,76.44,39.04,31.52,76.04,,,,,,,,,92.36
2014-06-26,580.7,59.17,42.86,71.04,,,92.52,23.85,77.73,36.81,33.06,71.04,,,,,,,,,92.52
2014-06-27,600.6,61.28,45.66,72.91,,,92.68,25.1,79.04,43.78,34.73,72.91,,,,,,,,,92.68
2014-06-28,594.4,59.44,44.34,69.16,,,92.84,24.68,78.61,39.9,34.17,69.16,,,,,,,,,92.84
2014-06-29,600.8,57.41,43.42,64.09,,,93,25.03,78.96,35.05,34.62,64.09,,,,,,,,,93
2014-06-30,638.9,61.47,44.42,75.44,,,93.16,27.41,81.23,31.27,37.79,75.44,,,,,,,,,93.16
2014-07-01,643,62.8,44.7,79.23,,,93.32,27.6,81.39,31.76,38.04,79.23,,,,,,,,,93.32
2014-07-02,651.3,62.79,45.31,78.02,,,93.48,28.04,81.75,32.87,38.58,78.02,,,,,,,,,93.48
2014-07-03,646.4,61.96,45.06,75.68,,,93.64,27.67,81.41,33.1,38.07,75.68,,,,,,,,,93.64
2014-07-04,630.6,63.13,45.54,78.58,,,93.81,26.63,80.47,38.38,36.69,78.58,,,,,,,,,93.81
2014-07-05,630.5,63.09,44.7,79.83,,,93.97,26.58,80.44,35.13,36.64,79.83,,,,,,,,,93.97
2014-07-06,634.7,62.89,44.28,79.84,,,94.13,26.82,80.67,32.67,36.97,79.84,,,,,,,,,94.13
2014-07-07,622.9,63.07,44,80.82,,,94.29,26.04,79.93,34.11,35.93,80.82,,,,,,,,,94.29
2014-07-08,624.9,62.51,44.11,78.75,,,94.45,26.14,80.04,34.17,36.09,78.75,,,,,,,,,94.45
2014-07-09,621.9,63.31,44.7,80.24,,,94.61,25.9,79.79,37.35,35.75,80.24,,,,,,,,,94.61
2014-07-10,616.5,63.12,43.34,81.91,,,94.77,25.52,79.43,33.16,35.25,81.91,,,,,,,,,94.77
2014-07-11,634.5,63.28,44.97,79.5,,,94.93,26.63,80.5,35.99,36.74,79.5,,,,,,,,,94.93
2014-07-12,636.9,62.48,45.11,76.56,,,95.09,26.75,80.63,36.13,36.92,76.56,,,,,,,,,95.09
2014-07-13,629.9,63.84,44.76,81.53,,,95.25,26.28,80.19,36.27,36.29,81.53,,,,,,,,,95.25
2014-07-14,619.2,62.51,42.47,81.11,,,95.41,25.58,79.52,29.42,35.37,81.11,,,,,,,,,95.41
2014-07-15,621.9,64.71,44.14,85.28,,,95.58,25.72,79.67,35.6,35.57,85.28,,,,,,,,,95.58
2014-07-16,616.4,63.11,42.79,82.35,,,95.74,25.35,79.31,31.44,35.09,82.35,,,,,,,,,95.74
2014-07-17,624.3,64.89,44.9,84.36,,,95.9,25.81,79.77,38.3,35.71,84.36,,,,,,,,,95.9
2014-07-18,630.8,66.18,45.38,87.65,,,96.06,26.19,80.14,38.95,36.23,87.65,,,,,,,,,96.06
2014-07-19,629.2,62.21,45.49,74.46,,,96.22,26.07,80.04,39.78,36.09,74.46,,,,,,,,,96.22
2014-07-20,625.2,62.55,43.85,78.36,,,96.38,25.8,79.78,34.08,35.73,78.36,,,,,,,,,96.38
2014-07-21,621.3,64.16,43.49,84.15,,,96.54,25.51,79.49,33.62,35.33,84.15,,,,,,,,,96.54
2014-07-22,619.8,64.14,42.55,85.63,,,96.7,25.39,79.38,30.25,35.18,85.63,,,,,,,,,96.7
2014-07-23,619.8,64.34,42.78,85.81,,,96.86,25.34,79.33,31.34,35.12,85.81,,,,,,,,,96.86
2014-07-24,602.9,63.21,41.36,84.54,,,97.02,24.27,78.23,29.26,33.68,84.54,,,,,,,,,97.02
2014-07-25,601.6,61.51,42.51,76.91,,,97.18,24.17,78.13,34.19,33.55,76.91,,,,,,,,,97.18
2014-07-26,594.7,61.38,40.31,80.27,,,97.35,23.72,77.66,26.9,32.97,80.27,,,,,,,,,97.35
2014-07-27,591.6,61.11,41.13,77.89,,,97.51,23.51,77.43,30.89,32.69,77.89,,,,,,,,,97.51
2014-07-28,587.5,61.03,40.62,78.42,,,97.67,23.24,77.15,29.75,32.35,78.42,,,,,,,,,97.67
2014-07-29,584.1,62,40.31,82.04,,,97.83,23.03,76.92,29.22,32.07,82.04,,,,,,,,,97.83
2014-07-30,562.9,60.4,40.17,77.01,,,97.99,21.71,75.38,33.28,30.31,77.01,,,,,,,,,97.99
2014-07-31,582,57.34,40.43,66.52,,,98.15,22.87,76.76,30.19,31.88,66.52,,,,,,,,,98.15
2014-08-01,596.5,59.21,41.66,70.39,,,98.31,23.74,77.72,32.12,33.05,70.39,,,,,,,,,98.31
2014-08-02,589.8,58.18,41.42,67.35,,,98.47,23.3,77.24,32.68,32.46,67.35,,,,,,,,,98.47
2014-08-03,586.8,57.05,40.63,64.99,,,98.63,23.1,77.02,30.2,32.2,64.99,,,,,,,,,98.63
2014-08-04,587.6,55.1,39.09,61.28,,,98.79,23.12,77.04,23.98,32.22,61.28,,,,,,,,,98.79
2014-08-05,581.9,55.95,38.94,64.2,,,98.95,22.62,76.38,25.32,31.45,64.2,,,,,,,,,98.95
2014-08-06,582.2,57.18,40.72,65,,,99.12,22.63,76.4,32.4,31.46,65,,,,,,,,,99.12
2014-08-07,586,56.4,40.78,62.31,,,99.28,22.85,76.65,31.87,31.76,62.31,,,,,,,,,99.28
2014-08-08,589,56.4,40.75,62.26,,,99.44,23.02,76.85,31.17,31.99,62.26,,,,,,,,,99.44
2014-08-09,589,55.93,42.25,58.05,,,99.6,22.99,76.82,37.22,31.96,58.05,,,,,,,,,99.6
2014-08-10,589.4,58.32,41.97,66.22,,,99.76,23,76.83,36.09,31.97,66.22,,,,,,,,,99.76
2014-08-11,573.4,54.75,41.07,56.09,,,99.92,22.01,75.68,35.97,30.64,56.09,,,,,,,,,99.92
2014-08-12,568.3,53.54,40.04,54.02,,,99.84,21.68,75.29,33,30.21,54.02,,,,,,,,,99.84
2014-08-13,548.4,52.81,36.93,57.26,,,99.52,20.44,73.73,24.98,28.55,57.26,,,,,,,,,99.52
2014-08-14,505.1,50.24,35.54,51.48,,,99.2,17.81,70,29.33,25.02,51.48,,,,,,,,,99.2
2014-08-15,500.3,51.45,34.48,57.42,,,98.87,17.52,69.57,26.2,24.64,57.42,,,,,,,,,98.87
2014-08-16,521.7,48.71,35.73,46.5,,,98.55,18.84,71.56,26.09,26.43,46.5,,,,,,,,,98.55
2014-08-17,497.8,48.24,34.5,47.31,,,98.23,17.36,69.3,26.91,24.42,47.31,,,,,,,,,98.23
2014-08-18,469,53.38,33.58,65.77,,,97.91,15.63,66.42,30.15,22.11,65.77,,,,,,,,,97.91
2014-08-19,486.8,54.24,34.43,67.23,,,97.59,16.74,68.34,29.04,23.61,67.23,,,,,,,,,97.59
2014-08-20,515.1,52.11,35.78,58.1,,,97.26,18.48,71.07,27.59,25.97,58.1,,,,,,,,,97.26
2014-08-21,519.3,51.59,35.9,56.38,,,96.94,18.74,71.46,27.07,26.33,56.38,,,,,,,,,96.94
2014-08-22,516.2,51.75,35.16,58.34,,,96.62,18.54,71.17,24.87,26.07,58.34,,,,,,,,,96.62
2014-08-23,497.1,51.28,33.93,59.13,,,96.3,17.38,69.4,24.44,24.5,59.13,,,,,,,,,96.3
2014-08-24,508.4,53.25,33.98,65.61,,,95.98,18.08,70.48,21.92,25.44,65.61,,,,,,,,,95.98
2014-08-25,501.6,57.51,32.8,81.69,,,95.66,17.65,69.84,18.82,24.88,81.69,,,,,,,,,95.66
2014-08-26,511.9,60.96,35.75,87.89,,,95.33,18.28,70.8,28.2,25.73,87.89,,,,,,,,,95.33
2014-08-27,510.2,61.29,35.36,89.82,,,95.01,18.18,70.64,27.02,25.59,89.82,,,,,,,,,95.01
2014-08-28,506.3,61.62,35.39,90.99,,,94.69,18.03,70.49,27.57,25.45,90.99,,,,,,,,,94.69
2014-08-29,508.9,61.74,35.41,91.5,,,94.37,18.2,70.76,26.97,25.69,91.5,,,,,,,,,94.37
2014-08-30,501.3,62.5,35.52,93.92,,,94.05,17.73,70.04,29.27,25.05,93.92,,,,,,,,,94.05
2014-08-31,478.5,61.75,34.03,94.26,,,93.72,16.33,67.74,28.91,23.13,94.26,,,,,,,,,93.72
2014-09-01,474.5,59.9,30.31,94.93,,,93.4,16.08,67.31,15.07,22.79,94.93,,,,,,,,,93.4
2014-09-02,474.4,60.4,31.28,95.02,,,93.08,16.09,67.34,18.86,22.82,95.02,,,,,,,,,93.08
2014-09-03,474,60.49,32.49,93.36,,,92.76,16.07,67.3,23.8,22.78,93.36,,,,,,,,,92.76
2014-09-04,489.6,61.21,33.24,94.53,,,92.44,17.02,68.91,22.96,24.09,94.53,,,,,,,,,92.44
2014-09-05,478.7,59.99,31.4,93.95,,,92.12,16.35,67.78,18.32,23.16,93.95,,,,,,,,,92.12
2014-09-06,480.6,61.79,33.61,96.11,,,91.79,16.46,67.97,26.71,23.32,96.11,,,,,,,,,91.79
2014-09-07,478.4,60.77,32.08,95.62,,,91.47,16.33,67.76,21.09,23.15,95.62,,,,,,,,,91.47
2014-09-08,469,59.88,30.42,95.79,,,91.15,15.76,66.77,16.79,22.37,95.79,,,,,,,,,91.15
2014-09-09,473.5,60.49,31,96.94,,,90.83,16.06,67.3,17.85,22.79,96.94,,,,,,,,,90.83
2014-09-10,477.8,61.25,32.16,97.52,,,90.51,16.33,67.78,21.36,23.17,97.52,,,,,,,,,90.51
2014-09-11,477.3,61.82,32.85,98.35,,,90.19,16.3,67.74,24.22,23.13,98.35,,,,,,,,,90.19
2014-09-12,474,61,31.69,97.86,,,89.86,16.12,67.42,20.34,22.88,97.86,,,,,,,,,89.86
2014-09-13,478,62.1,33.53,98.35,,,89.54,16.36,67.84,26.72,23.21,98.35,,,,,,,,,89.54
2014-09-14,475.6,60.82,32.05,96.96,,,89.22,16.22,67.59,21.38,23.02,96.96,,,,,,,,,89.22
2014-09-15,472.7,61.08,31.78,98.44,,,88.9,16.04,67.29,21.03,22.78,98.44,,,,,,,,,88.9
2014-09-16,464.2,60.7,31.88,97.21,,,88.58,15.52,66.38,23.55,22.07,97.21,,,,,,,,,88.58
2014-09-17,456.3,60.62,31.96,96.96,,,88.25,15.05,65.49,25.9,21.42,96.96,,,,,,,,,88.25
2014-09-18,426.9,59.27,28.98,97.95,,,87.93,13.27,61.96,21.71,18.99,97.95,,,,,,,,,87.93
2014-09-19,393.9,57.27,25.08,98.44,,,87.61,11.3,57.4,15.33,16.28,98.44,,,,,,,,,87.61
2014-09-20,411,58.5,27.45,98.45,,,87.29,12.41,60.08,19.48,17.82,98.45,,,,,,,,,87.29
2014-09-21,400.4,57.41,25.42,98.61,,,86.97,11.76,58.56,14.41,16.93,98.61,,,,,,,,,86.97
2014-09-22,400.9,57.45,25.67,98.45,,,86.65,11.81,58.67,15.22,17,98.45,,,,,,,,,86.65
2014-09-23,438.5,58.85,28.13,98.86,,,86.32,14.13,63.8,14.39,20.21,98.86,,,,,,,,,86.32
2014-09-24,423.7,57.69,27.19,96.9,,,86,13.23,61.92,14.62,18.97,96.9,,,,,,,,,86
2014-09-25,409.5,56.81,26.96,94.62,,,85.68,12.37,60.01,17.69,17.78,94.62,,,,,,,,,85.68
2014-09-26,405.3,55.53,24.16,95.52,,,85.36,12.14,59.49,7.543,17.47,95.52,,,,,,,,,85.36
2014-09-27,400.6,54.19,23.75,92.03,,,85.04,11.87,58.83,7.212,17.09,92.03,,,,,,,,,85.04
2014-09-28,375.5,52.68,21.36,91.46,,,84.71,10.33,54.89,5.263,14.95,91.46,,,,,,,,,84.71
2014-09-29,373.1,52.11,21.46,89.6,,,84.39,10.24,54.64,6.149,14.83,89.6,,,,,,,,,84.39
2014-09-30,389.3,53.06,24,88.39,,,84.07,11.25,57.34,11.16,16.25,88.39,,,,,,,,,84.07
2014-10-01,382.9,52.73,23.48,88.4,,,83.75,10.89,56.4,10.9,15.74,88.4,,,,,,,,,83.75
2014-10-02,372.5,51.71,21.54,88.65,,,83.43,10.27,54.74,6.295,14.88,88.65,,,,,,,,,83.43
2014-10-03,357.7,52.15,20.53,91.98,,,83.11,9.422,52.32,6.694,13.7,91.98,,,,,,,,,83.11
2014-10-04,328.8,51.2,17.94,93.61,,,82.78,7.682,46.68,6.124,11.26,93.61,,,,,,,,,82.78
2014-10-05,322.8,52.89,17.84,99.43,,,82.46,7.323,45.39,7.89,10.76,99.43,,,,,,,,,82.46
2014-10-06,326.8,53.03,18.23,99.35,,,82.14,7.742,46.86,6.999,11.34,99.35,,,,,,,,,82.14
2014-10-07,333.6,52.86,18.06,99.27,,,81.82,8.183,48.38,3.698,11.96,99.27,,,,,,,,,81.82
2014-10-08,354.4,54.05,20.5,99.03,,,81.5,9.47,52.48,6.265,13.78,99.03,,,,,,,,,81.5
2014-10-09,361.7,54.47,21.46,98.87,,,81.17,9.952,53.9,7.544,14.46,98.87,,,,,,,,,81.17
2014-10-10,358.9,54.37,21.56,98.55,,,80.85,9.799,53.46,8.741,14.24,98.55,,,,,,,,,80.85
2014-10-11,361.9,54.21,21.35,98.55,,,80.53,10,54.04,6.811,14.53,98.55,,,,,,,,,80.53
2014-10-12,377.9,55.15,23.19,98.55,,,80.21,11,56.78,9.047,15.95,98.55,,,,,,,,,80.21
2014-10-13,392,55.99,25.03,98.23,,,79.89,11.84,58.91,12.24,17.13,98.23,,,,,,,,,79.89
2014-10-14,400.9,55.66,24.4,98.39,,,79.57,12.39,60.21,7.114,17.9,98.39,,,,,,,,,79.57
2014-10-15,394.6,55.98,25.1,98.4,,,79.24,12.05,59.41,11.5,17.43,98.4,,,,,,,,,79.24
2014-10-16,382.3,55.11,23.66,98.24,,,78.92,11.29,57.52,9.497,16.35,98.24,,,,,,,,,78.92
2014-10-17,382.2,54.81,23.28,98.08,,,78.6,11.3,57.57,7.895,16.37,98.08,,,,,,,,,78.6
2014-10-18,391.3,55.68,25.55,97.12,,,78.28,11.86,58.97,14.18,17.17,97.12,,,,,,,,,78.28
2014-10-19,388.7,54.46,23.38,97.12,,,77.96,11.7,58.57,6.29,16.94,97.12,,,,,,,,,77.96
2014-10-20,381.2,54.1,22.93,96.88,,,77.63,11.24,57.42,6.762,16.29,96.88,,,,,,,,,77.63
2014-10-21,385.2,54.95,24.42,97.21,,,77.31,11.5,58.07,11.45,16.65,97.21,,,,,,,,,77.31
2014-10-22,380.8,55.38,24.34,98.88,,,76.99,11.23,57.39,12.47,16.28,98.88,,,,,,,,,76.99
2014-10-23,357.3,53.33,21.31,97.69,,,76.67,9.803,53.48,7.698,14.25,97.69,,,,,,,,,76.67
2014-10-24,357.5,53.7,21.91,98.01,,,76.35,9.841,53.59,9.913,14.31,98.01,,,,,,,,,76.35
2014-10-25,345.8,52.9,20.33,98.33,,,76.03,9.132,51.46,7.448,13.3,98.33,,,,,,,,,76.03
2014-10-26,353.1,52.3,19.95,97.22,,,75.7,9.593,52.86,3.405,13.96,97.22,,,,,,,,,75.7
2014-10-27,350,53.02,21.11,97.7,,,75.38,9.423,52.35,8.94,13.71,97.7,,,,,,,,,75.38
2014-10-28,354.7,52.73,20.48,98.02,,,75.06,9.72,53.24,4.822,14.14,98.02,,,,,,,,,75.06
2014-10-29,333.6,51.82,19.1,97.62,,,74.74,8.441,49.24,6.398,12.32,97.62,,,,,,,,,74.74
2014-10-30,344.6,53.3,21.39,98.57,,,74.42,9.144,51.5,11.6,13.32,98.57,,,,,,,,,74.42
2014-10-31,337.2,53.25,21.53,98.34,,,74.09,8.721,50.16,14.51,12.72,98.34,,,,,,,,,74.09
2014-11-01,324.4,51.07,18.34,96.99,,,73.77,7.936,47.52,6.304,11.6,96.99,,,,,,,,,73.77
2014-11-02,324.2,50.74,18.13,96.44,,,73.45,7.94,47.53,5.433,11.6,96.44,,,,,,,,,73.45
2014-11-03,325.4,51,19.06,95.81,,,73.13,8.03,47.84,8.655,11.73,95.81,,,,,,,,,73.13
2014-11-04,329.7,47.62,19.2,84.77,,,72.81,8.326,48.85,7.469,12.15,84.77,,,,,,,,,72.81
2014-11-05,338.8,46.94,19.24,82.65,,,72.49,8.907,50.76,4.321,12.98,82.65,,,,,,,,,72.49
2014-11-06,349.7,48.97,21.06,86.21,,,72.16,9.558,52.76,8.006,13.91,86.21,,,,,,,,,72.16
2014-11-07,342.1,48.96,19.96,88.27,,,71.84,9.101,51.37,6.118,13.26,88.27,,,,,,,,,71.84
2014-11-08,345.7,49.05,20.62,87.57,,,71.52,9.325,52.06,7.524,13.58,87.57,,,,,,,,,71.52
2014-11-09,363.6,50.96,22.45,90.72,,,71.2,10.46,55.37,8.771,15.2,90.72,,,,,,,,,71.2
2014-11-10,365.5,50.58,22.42,89.71,,,70.88,10.58,55.69,8.059,15.37,89.71,,,,,,,,,70.88
2014-11-11,367.8,50.24,21.74,89.95,,,70.56,10.73,56.11,4.535,15.58,89.95,,,,,,,,,70.56
2014-11-12,422.6,53.91,28.28,90.59,,,70.23,14.13,64.07,14.53,20.4,90.59,,,,,,,,,70.23
2014-11-13,421.9,54.69,28.03,93.73,,,69.91,14.02,63.81,14.05,20.22,93.73,,,,,,,,,69.91
2014-11-14,398.4,54.05,26.36,94.75,,,69.59,12.55,60.61,14.12,18.15,94.75,,,,,,,,,69.59
2014-11-15,378,52.02,23.2,93.82,,,69.27,11.28,57.53,7.638,16.35,93.82,,,,,,,,,69.27
2014-11-16,390.2,53.74,25.32,95.86,,,68.95,12.05,59.42,12.38,17.43,95.86,,,,,,,,,68.95
2014-11-17,387.5,53.31,24.53,96.02,,,68.62,11.89,59.06,9.961,17.22,96.02,,,,,,,,,68.62
2014-11-18,373.9,52.89,23.88,95.94,,,68.3,11.05,56.94,11.51,16.03,95.94,,,,,,,,,68.3
2014-11-19,377.6,52.84,23.35,96.88,,,67.98,11.31,57.6,8.081,16.39,96.88,,,,,,,,,67.98
2014-11-20,356.2,51.23,20.94,96.02,,,67.66,9.995,54.04,5.202,14.53,96.02,,,,,,,,,67.66
2014-11-21,350.7,49.82,20.1,93.07,,,67.34,9.673,53.1,3.569,14.07,93.07,,,,,,,,,67.34
2014-11-22,352.5,50.6,21.73,92.92,,,67.02,9.786,53.44,9.457,14.23,92.92,,,,,,,,,67.02
2014-11-23,367.8,51.12,22.56,93.31,,,66.69,10.75,56.14,7.746,15.6,93.31,,,,,,,,,66.69
2014-11-24,377,52.21,24,94.48,,,66.37,11.33,57.66,10.6,16.42,94.48,,,,,,,,,66.37
2014-11-25,376.8,51.62,22.83,94.8,,,66.05,11.32,57.64,5.955,16.41,94.8,,,,,,,,,66.05
2014-11-26,367.5,51.48,22.25,95.5,,,65.73,10.75,56.15,6.491,15.6,95.5,,,,,,,,,65.73
2014-11-27,369.5,51.04,22.82,93.26,,,65.41,10.88,56.49,8.108,15.79,93.26,,,,,,,,,65.41
2014-11-28,377.9,52.4,24.72,94.5,,,65.08,11.61,58.43,11.96,16.86,94.5,,,,,,,,,65.08
2014-11-29,376.1,52.45,25.29,93.81,,,64.76,11.5,58.16,14.8,16.7,93.81,,,,,,,,,64.76
2014-11-30,378.7,52.98,25.84,94.74,,,64.44,11.66,58.57,16.18,16.93,94.74,,,,,,,,,64.44
2014-12-01,379.1,51.86,23.41,95.52,,,64.12,11.69,58.64,6.313,16.98,95.52,,,,,,,,,64.12
2014-12-02,382.9,53.38,25.66,96.68,,,63.8,11.96,59.31,14,17.36,96.68,,,,,,,,,63.8
2014-12-03,375.9,51.3,22.56,95.52,,,63.48,11.52,58.21,3.766,16.73,95.52,,,,,,,,,63.48
2014-12-04,368.8,52.65,24.01,97.53,,,63.15,11.14,57.25,11.44,16.2,97.53,,,,,,,,,63.15
2014-12-05,378.4,54.07,25.93,98.92,,,62.83,11.74,58.79,16.12,17.06,98.92,,,,,,,,,62.83
2014-12-06,375.1,52.76,24.04,98.15,,,62.51,11.54,58.27,9.586,16.77,98.15,,,,,,,,,62.51
2014-12-07,376.6,52.14,23.24,97.69,,,62.19,11.64,58.52,5.9,16.91,97.69,,,,,,,,,62.19
2014-12-08,363.2,53.1,25.16,97.62,,,61.87,10.95,56.8,16.92,15.95,97.62,,,,,,,,,61.87
2014-12-09,351.1,50.88,22,96.08,,,61.54,10.19,54.69,8.263,14.85,96.08,,,,,,,,,61.54
2014-12-10,347.9,50.34,21.87,94.7,,,61.22,10.04,54.25,8.563,14.63,94.7,,,,,,,,,61.22
2014-12-11,348.6,50.44,22.47,94.17,,,60.9,10.1,54.43,10.62,14.72,94.17,,,,,,,,,60.9
2014-12-12,353.2,50.27,22.46,93.79,,,60.58,10.4,55.28,9.008,15.15,93.79,,,,,,,,,60.58
2014-12-13,349.2,48.97,22.5,89.66,,,60.26,10.16,54.59,10.45,14.8,89.66,,,,,,,,,60.26
2014-12-14,356.1,48.32,22.94,86.92,,,59.94,10.59,55.82,9.909,15.43,86.92,,,,,,,,,59.94
2014-12-15,347.1,48.54,21.82,89.76,,,59.61,10.04,54.25,8.378,14.63,89.76,,,,,,,,,59.61
2014-12-16,328.6,46.44,19.81,86.63,,,59.29,8.887,50.7,6.697,12.96,86.63,,,,,,,,,59.29
2014-12-17,320.3,46.29,18.3,88.93,,,58.97,8.381,49.01,3.574,12.22,88.93,,,,,,,,,58.97
2014-12-18,313.5,45.39,17.64,87.34,,,58.65,7.978,47.6,3.343,11.63,87.34,,,,,,,,,58.65
2014-12-19,318.2,45.07,18.51,84.91,,,58.33,8.297,48.72,4.935,12.1,84.91,,,,,,,,,58.33
2014-12-20,330.1,45.67,19.67,85,,,58,9.059,51.26,5.159,13.21,85,,,,,,,,,58
2014-12-21,321,45.56,18.77,86.38,,,57.68,8.537,49.54,4.549,12.45,86.38,,,,,,,,,57.68
2014-12-22,331.8,47.09,22.49,85.02,,,57.36,9.233,51.81,15.45,13.46,85.02,,,,,,,,,57.36
2014-12-23,336.1,34.77,22.06,45.9,,,57.04,9.602,52.97,11.66,14.01,45.9,,,,,,,,,57.04
2014-12-24,323,34.66,20.71,48.06,,,56.72,8.781,50.35,10.89,12.8,48.06,,,,,,,,,56.72
2014-12-25,319,37.41,20.63,57.28,,,56.4,8.533,49.52,12.02,12.44,57.28,,,,,,,,,56.4
2014-12-26,329.2,36.18,21.49,51.93,,,56.07,9.186,51.67,11.71,13.4,51.93,,,,,,,,,56.07
2014-12-27,316,37.03,19.77,57.88,,,55.75,8.353,48.9,9.66,12.18,57.88,,,,,,,,,55.75
2014-12-28,317,36.04,21.38,52.01,,,55.43,8.435,49.18,15.61,12.3,52.01,,,,,,,,,55.43
2014-12-29,313.1,34.22,20.58,47.66,,,55.11,8.2,48.37,13.79,11.95,47.66,,,,,,,,,55.11
2014-12-30,310.4,32.78,19.56,44.9,,,54.79,8.129,48.11,10.17,11.84,44.9,,,,,,,,,54.79
2014-12-31,320.7,34.08,20.81,47.13,,,54.47,8.809,50.44,11.14,12.84,47.13,,,,,,,,,54.47
2015-01-01,314.8,31.46,21.26,37.96,,,54.14,8.437,49.18,15.11,12.3,37.96,,,,,,,,,54.14
2015-01-02,315.9,31.53,21.47,38.01,,,53.82,8.517,49.46,15.48,12.41,38.01,,,,,,,,,53.82
2015-01-03,285.6,18.52,16.7,4.22,,,53.5,6.637,42.35,8.183,9.636,4.22,,,,,,,,,53.5
2015-01-04,263.3,16.57,14.07,2.636,,,53.18,5.254,36.07,7.352,7.584,2.636,,,,,,,,,53.18
2015-01-05,275,16.49,14.96,0.9782,,,52.86,6.04,39.73,5.322,8.74,0.9782,,,,,,,,,52.86
2015-01-06,287.5,17.25,16.93,0.1504,,,52.53,6.842,43.17,7.79,9.931,0.1504,,,,,,,,,52.53
2015-01-07,297.5,17.38,17.27,0.1503,,,52.21,7.483,45.71,5.015,10.88,0.1503,,,,,,,,,52.21
2015-01-08,284.3,16.67,16,0.2252,,,51.89,6.689,42.52,5.086,9.698,0.2252,,,,,,,,,51.89
2015-01-09,292.5,17.07,16.88,0.15,,,51.57,7.252,44.79,4.933,10.53,0.15,,,,,,,,,51.57
2015-01-10,276.2,16.1,15.18,0.1499,,,51.25,6.233,40.55,4.929,9.013,0.1499,,,,,,,,,51.25
2015-01-11,268.8,15.74,14.51,0.2996,,,50.93,5.767,38.44,5.522,8.318,0.2996,,,,,,,,,50.93
2015-01-12,268.6,15.48,14.07,0.3743,,,50.6,5.785,38.51,3.654,8.342,0.3743,,,,,,,,,50.6
2015-01-13,224.1,12.15,7.863,0.5984,,,50.28,3.017,23.06,1.192,4.187,0.5984,,,,,,,,,50.28
2015-01-14,175.6,7.948,0.1454,0.5979,,,49.96,0.06046,0,0.5212,0,0.5979,,,,,,,,,49.96
2015-01-15,212.3,11.33,6.609,0.4481,,,49.64,2.426,18.62,2.158,3.232,0.4481,,,,,,,,,49.64
2015-01-16,207.6,10.74,5.768,0.1493,,,49.32,2.146,16.49,1.636,2.802,0.1493,,,,,,,,,49.32
2015-01-17,199.8,9.918,4.335,0.1491,,,48.99,1.665,12.64,0.9658,2.071,0.1491,,,,,,,,,48.99
2015-01-18,211.1,11.13,6.596,0.2981,,,48.67,2.399,18.36,2.45,3.178,0.2981,,,,,,,,,48.67
2015-01-19,216.9,11.6,7.474,0.4468,,,48.35,2.777,21.07,2.3,3.748,0.4468,,,,,,,,,48.35
2015-01-20,211.9,10.88,6.312,0.2976,,,48.03,2.476,18.89,0.593,3.288,0.2976,,,,,,,,,48.03
2015-01-21,227.9,12.52,9.528,0.1487,,,47.71,3.607,26.36,3.185,4.958,0.1487,,,,,,,,,47.71
2015-01-22,233.6,14.2,10.16,4.681,,,47.39,3.979,28.64,2.517,5.523,4.681,,,,,,,,,47.39
2015-01-23,233.1,13.1,9.999,1.559,,,47.06,3.953,28.49,2.071,5.485,1.559,,,,,,,,,47.06
2015-01-24,249.1,14.16,12.22,1.261,,,46.74,4.974,34.22,2.661,7.037,1.261,,,,,,,,,46.74
2015-01-25,254.5,14.53,13.01,1.26,,,46.42,5.325,36.03,3.102,7.569,1.26,,,,,,,,,46.42
2015-01-26,274,15.93,15.57,1.481,,,46.1,6.636,42.09,3.985,9.546,1.481,,,,,,,,,46.1
2015-01-27,264.8,15.7,15.28,1.406,,,45.78,6.052,39.49,6.932,8.659,1.406,,,,,,,,,45.78
2015-01-28,235.7,13.62,11.54,1.331,,,45.45,4.198,29.88,6.264,5.842,1.331,,,,,,,,,45.45
2015-01-29,234,13.51,11.34,1.478,,,45.13,4.104,29.31,6.259,5.694,1.478,,,,,,,,,45.13
2015-01-30,228.9,12.48,9.912,0.8124,,,44.81,3.8,27.46,3.164,5.227,0.8124,,,,,,,,,44.81
2015-01-31,217.3,11.76,8.755,0.6642,,,44.49,3.087,22.8,5,4.13,0.6642,,,,,,,,,44.49
2015-02-01,227.1,12.5,10.08,0.885,,,44.17,3.723,26.95,4.555,5.101,0.885,,,,,,,,,44.17
2015-02-02,240.1,13.76,12.4,1.105,,,43.85,4.571,31.93,6.681,6.393,1.105,,,,,,,,,43.85
2015-02-03,227.8,12.32,9.681,1.325,,,43.52,3.785,27.32,2.421,5.194,1.325,,,,,,,,,43.52
2015-02-04,226.8,12.81,10.36,1.913,,,43.2,3.736,27.01,5.572,5.117,1.913,,,,,,,,,43.2
2015-02-05,217,12.03,8.739,2.353,,,42.88,3.128,23.03,4.615,4.181,2.353,,,,,,,,,42.88
2015-02-06,222.7,13.15,10.62,2.866,,,42.56,3.502,25.51,8.712,4.755,2.866,,,,,,,,,42.56
2015-02-07,228.6,13.52,10.82,3.891,,,42.24,3.892,27.95,6.072,5.35,3.891,,,,,,,,,42.24
2015-02-08,224,13.65,9.317,7.117,,,41.91,3.599,26.13,2.632,4.903,7.117,,,,,,,,,41.91
2015-02-09,220.8,13.86,9.66,7.331,,,41.59,3.403,24.86,5.771,4.602,7.331,,,,,,,,,41.59
2015-02-10,220.9,13.17,9.184,6.081,,,41.27,3.419,24.97,3.723,4.626,6.081,,,,,,,,,41.27
2015-02-11,219.5,13.32,9.401,6.369,,,40.95,3.35,24.49,5.252,4.514,6.369,,,,,,,,,40.95
2015-02-12,222.6,12.73,9.025,5.267,,,40.63,3.555,25.82,1.895,4.829,5.267,,,,,,,,,40.63
2015-02-13,236.6,15.04,11.86,7.968,,,40.31,4.464,31.3,5.462,6.219,7.968,,,,,,,,,40.31
2015-02-14,257.6,17.69,16.5,8.619,,,39.98,5.832,38.41,13.46,8.309,8.619,,,,,,,,,39.98
2015-02-15,234.4,16.74,11.33,14.74,,,39.66,4.331,30.55,4.436,6.02,14.74,,,,,,,,,39.66
2015-02-16,235.1,16.28,12.36,11.6,,,39.34,4.379,30.83,8.14,6.094,11.6,,,,,,,,,39.34
2015-02-17,243.9,15.92,13.34,8.892,,,39.02,4.955,34.01,7.407,6.974,8.892,,,,,,,,,39.02
2015-02-18,236,15.09,13.31,6.409,,,38.7,4.444,31.21,11.39,6.196,6.409,,,,,,,,,38.7
2015-02-19,241.9,15.69,14.51,6.405,,,38.37,4.868,33.51,12.84,6.833,6.405,,,,,,,,,38.37
2015-02-20,245.5,17.5,14.39,12.65,,,38.05,5.078,34.66,10.65,7.164,12.65,,,,,,,,,38.05
2015-02-21,245.6,15.53,13.37,8.212,,,37.73,5.083,34.7,6.517,7.174,8.212,,,,,,,,,37.73
2015-02-22,236.7,16.88,12.45,14.38,,,37.41,4.509,31.59,7.381,6.3,14.38,,,,,,,,,37.41
2015-02-23,239.1,14.8,12.42,7.837,,,37.09,4.677,32.52,5.929,6.554,7.837,,,,,,,,,37.09
2015-02-24,239.9,15.48,12.04,10.88,,,36.77,4.739,32.86,3.902,6.648,10.88,,,,,,,,,36.77
2015-02-25,238.2,14.75,13.51,6.087,,,36.44,4.656,32.38,10.47,6.516,6.087,,,,,,,,,36.44
2015-02-26,237,15.17,12.67,9.051,,,36.12,4.583,31.99,7.72,6.407,9.051,,,,,,,,,36.12
2015-02-27,255.1,25.54,16.02,37.05,,,35.8,5.763,38.09,12.04,8.207,37.05,,,,,,,,,35.8
2015-02-28,254.9,24.28,15.24,34.49,,,35.48,5.757,38.06,8.934,8.2,34.49,,,,,,,,,35.48
2015-03-01,260.7,28.88,15.96,48.34,,,35.16,6.118,39.77,9.215,8.754,48.34,,,,,,,,,35.16
2015-03-02,276.3,33.85,20.32,57.04,,,34.84,7.14,44.2,19.64,10.31,57.04,,,,,,,,,34.84
2015-03-03,282.7,37.09,21.38,65.87,,,34.51,7.584,45.97,20.99,10.98,65.87,,,,,,,,,34.51
2015-03-04,273.4,32.58,18.15,57.03,,,34.19,6.974,43.52,12.07,10.06,57.03,,,,,,,,,34.19
2015-03-05,276.3,32.6,17.85,57.78,,,33.87,7.172,44.33,9.548,10.36,57.78,,,,,,,,,33.87
2015-03-06,273.3,32.91,19.25,56.52,,,33.55,6.975,43.52,16.43,10.06,56.52,,,,,,,,,33.55
2015-03-07,276.4,28.25,18.92,42.09,,,33.23,7.201,44.44,13.62,10.4,42.09,,,,,,,,,33.23
2015-03-08,275.3,20.14,20.4,13.3,,,32.9,7.156,44.26,19.84,10.33,13.3,,,,,,,,,32.9
2015-03-09,290.1,21.21,21.72,14.66,,,32.58,8.152,48.11,18.75,11.84,14.66,,,,,,,,,32.58
2015-03-10,292.3,27.04,22.7,32.02,,,32.26,8.256,48.5,22.03,12,32.02,,,,,,,,,32.26
2015-03-11,296.7,32.69,23.35,49.43,,,31.94,8.532,49.48,22.94,12.42,49.43,,,,,,,,,31.94
2015-03-12,295.8,27.26,21.1,35.84,,,31.62,8.42,49.09,14.64,12.26,35.84,,,,,,,,,31.62
2015-03-13,285.9,20.95,21.33,15.11,,,31.3,7.796,46.8,19.41,11.31,15.11,,,,,,,,,31.3
2015-03-14,283.6,19.14,19.22,13.1,,,30.97,7.645,46.23,11.91,11.08,13.1,,,,,,,,,30.97
2015-03-15,287.3,18.05,21.29,6.08,,,30.65,7.889,47.15,18.67,11.45,6.08,,,,,,,,,30.65
2015-03-16,291.4,18.16,21.58,6.076,,,30.33,8.169,48.19,18.09,11.88,6.076,,,,,,,,,30.33
2015-03-17,285.2,17.34,19.22,7.714,,,30.01,7.762,46.68,11.17,11.26,7.714,,,,,,,,,30.01
2015-03-18,257.3,17.32,17.56,10.71,,,29.69,5.942,39.01,16.79,8.504,10.71,,,,,,,,,29.69
2015-03-19,262.1,17.15,16.61,11.98,,,29.36,6.273,40.52,10.66,9.004,11.98,,,,,,,,,29.36
2015-03-20,263,21.18,16.69,25.09,,,29.04,6.338,40.81,10.51,9.103,25.09,,,,,,,,,29.04
2015-03-21,261.2,20.57,18.23,20.58,,,28.72,6.223,40.3,17.46,8.93,20.58,,,,,,,,,28.72
2015-03-22,268.9,21.34,18.62,22.56,,,28.4,6.738,42.56,15.46,9.71,22.56,,,,,,,,,28.4
2015-03-23,266.8,25.62,18.67,36.56,,,28.08,6.603,41.98,16.58,9.507,36.56,,,,,,,,,28.08
2015-03-24,246.8,24.34,17.81,34.04,,,27.76,5.3,35.9,22.52,7.531,34.04,,,,,,,,,27.76
2015-03-25,246.7,29.22,16.95,51.56,,,27.43,5.308,35.93,19.04,7.541,51.56,,,,,,,,,27.43
2015-03-26,249.5,29.31,16.07,53.58,,,27.11,5.505,36.91,14,7.84,53.58,,,,,,,,,27.11
2015-03-27,247.4,30.7,17.92,55.04,,,26.79,5.373,36.25,22.4,7.638,55.04,,,,,,,,,26.79
2015-03-28,253.2,30.23,16.87,55.49,,,26.47,5.764,38.17,15.32,8.233,55.49,,,,,,,,,26.47
2015-03-29,243,23.71,15.48,36.9,,,26.15,5.087,34.81,14.82,7.208,36.9,,,,,,,,,26.15
2015-03-30,248.3,22.55,15.2,33.76,,,25.82,5.454,36.66,10.93,7.763,33.76,,,,,,,,,25.82
2015-03-31,244.7,18.01,15.61,18.46,,,25.5,5.22,35.49,14.31,7.409,18.46,,,,,,,,,25.5
2015-04-01,247.2,14.69,14.23,10.25,,,25.18,5.431,36.52,7.254,7.719,10.25,,,,,,,,,25.18
2015-04-02,253.6,16.01,18.99,6.356,,,24.86,5.857,38.59,23.15,8.368,6.356,,,,,,,,,24.86
2015-04-03,254.8,15.83,17.3,8.892,,,24.54,5.944,39,15.75,8.501,8.892,,,,,,,,,24.54
2015-04-04,253.9,16.92,17.98,11.42,,,24.22,5.885,38.73,18.9,8.412,11.42,,,,,,,,,24.22
2015-04-05,261.1,18.38,18.77,14.94,,,23.89,6.362,40.91,18.68,9.138,14.94,,,,,,,,,23.89
2015-04-06,256.4,24.2,15.36,40,,,23.57,6.048,39.5,7.228,8.663,40,,,,,,,,,23.57
2015-04-07,254.8,32.04,18.16,60.73,,,23.25,5.95,39.04,19.14,8.515,60.73,,,,,,,,,23.25
2015-04-08,245.8,29.51,13.74,60.41,,,22.93,5.356,36.18,5.816,7.615,60.41,,,,,,,,,22.93
2015-04-09,243.9,25.72,14.05,47.72,,,22.61,5.242,35.6,7.913,7.44,47.72,,,,,,,,,22.61
2015-04-10,235.9,23.37,14.56,39.33,,,22.28,4.757,33.02,13.79,6.693,39.33,,,,,,,,,22.28
2015-04-11,237.4,26.72,13.6,52.07,,,21.96,4.865,33.6,9.091,6.857,52.07,,,,,,,,,21.96
2015-04-12,237.1,27.95,12.75,57.71,,,21.64,4.857,33.55,5.73,6.845,57.71,,,,,,,,,21.64
2015-04-13,225.5,31.24,12.95,68.19,,,21.32,4.104,29.31,12.71,5.694,68.19,,,,,,,,,21.32
2015-04-14,219.8,31.06,11.22,70.8,,,21,3.737,27.07,8.932,5.132,70.8,,,,,,,,,21
2015-04-15,223.3,27.3,10.49,60.04,,,20.68,4.034,28.8,3.556,5.565,60.04,,,,,,,,,20.68
2015-04-16,228.5,30.59,12.15,67.97,,,20.35,4.387,30.87,7.247,6.105,67.97,,,,,,,,,20.35
2015-04-17,222.8,30.41,10.59,70.3,,,20.03,4.015,28.69,4.109,5.535,70.3,,,,,,,,,20.03
2015-04-18,223.4,29.53,11.99,65.15,,,19.71,4.058,28.95,9.325,5.604,65.15,,,,,,,,,19.71
2015-04-19,223.3,28.76,11.94,62.88,,,19.39,4.053,28.93,9.179,5.597,62.88,,,,,,,,,19.39
2015-04-20,224.9,28.08,13.19,58.65,,,19.07,4.171,29.63,13.2,5.777,58.65,,,,,,,,,19.07
2015-04-21,234.9,26.62,15.41,50.17,,,18.74,4.853,33.46,16.53,6.817,50.17,,,,,,,,,18.74
2015-04-22,233.8,24.12,15.1,42.76,,,18.42,4.782,33.08,15.82,6.71,42.76,,,,,,,,,18.42
2015-04-23,235.9,24.3,13.19,46.83,,,18.1,4.922,33.84,7.074,6.925,46.83,,,,,,,,,18.1
2015-04-24,231.5,23.68,12.03,47.01,,,17.78,4.627,32.24,4.782,6.477,47.01,,,,,,,,,17.78
2015-04-25,226.4,25.57,14.94,48.23,,,17.46,4.294,30.37,19.11,5.971,48.23,,,,,,,,,17.46
2015-04-26,220.5,24.8,11.6,51.74,,,17.14,3.903,28.05,9.066,5.374,51.74,,,,,,,,,17.14
2015-04-27,227.3,20.74,12.31,37.47,,,16.81,4.372,30.81,7.953,6.089,37.47,,,,,,,,,16.81
2015-04-28,225.5,20.28,13.73,33.63,,,16.49,4.257,30.15,14.58,5.914,33.63,,,,,,,,,16.49
2015-04-29,225.7,12.95,11.39,14.07,,,16.17,4.269,30.23,5.11,5.934,14.07,,,,,,,,,16.17
2015-04-30,236.3,18.25,13.9,27.08,,,15.85,4.987,34.2,9.386,7.03,27.08,,,,,,,,,15.85
2015-05-01,232.7,21.85,14.83,37.3,,,15.53,4.749,32.93,14.97,6.67,37.3,,,,,,,,,15.53
2015-05-02,235.5,21.17,15.41,34.23,,,15.21,4.939,33.96,15.78,6.96,34.23,,,,,,,,,15.21
2015-05-03,240.5,25.6,15.62,48.45,,,14.88,5.269,35.68,14.05,7.465,48.45,,,,,,,,,14.88
2015-05-04,239,26.17,13.83,53.59,,,14.56,5.17,35.18,7.639,7.316,53.59,,,,,,,,,14.56
2015-05-05,236,25.26,16.46,46.17,,,14.24,4.976,34.17,19.67,7.023,46.17,,,,,,,,,14.24
2015-05-06,229.5,22.3,15.97,37.59,,,13.92,4.539,31.81,21.17,6.359,37.59,,,,,,,,,13.92
2015-05-07,237.1,21.38,15.02,36.39,,,13.6,5.061,34.63,13.26,7.153,36.39,,,,,,,,,13.6
2015-05-08,244.4,24.84,17.91,42.77,,,13.27,5.551,37.11,21.07,7.9,42.77,,,,,,,,,13.27
2015-05-09,242.7,25.55,14.85,50.58,,,12.95,5.437,36.55,9.671,7.729,50.58,,,,,,,,,12.95
2015-05-10,240.7,25.79,14.5,52.13,,,12.63,5.306,35.9,9.253,7.532,52.13,,,,,,,,,12.63
2015-05-11,242.2,31.63,18.38,64.47,,,12.31,5.425,36.49,23.9,7.71,64.47,,,,,,,,,12.31
2015-05-12,242.2,29.43,17.64,58.79,,,11.99,5.429,36.51,20.89,7.716,58.79,,,,,,,,,11.99
2015-05-13,236.6,28.54,17.74,55.87,,,11.67,5.05,34.58,24.18,7.141,55.87,,,,,,,,,11.67
2015-05-14,236.9,27.08,17.15,52.33,,,11.34,5.084,34.76,21.58,7.194,52.33,,,,,,,,,11.34
2015-05-15,237.5,29.41,16.41,61.34,,,11.02,5.123,34.97,18.29,7.254,61.34,,,,,,,,,11.02
2015-05-16,235.8,26.33,14.14,55.48,,,10.7,5.012,34.4,10.07,7.087,55.48,,,,,,,,,10.7
2015-05-17,237,28.01,18.49,53.49,,,10.38,5.091,34.82,26.85,7.21,53.49,,,,,,,,,10.38
2015-05-18,232.9,27.25,15.17,56.99,,,10.06,4.82,33.39,15.68,6.799,56.99,,,,,,,,,10.06
2015-05-19,232,25.53,13.28,54.86,,,9.735,4.764,33.09,8.562,6.715,54.86,,,,,,,,,9.735
2015-05-20,234.2,29.11,15.76,62.33,,,9.413,4.917,33.92,17.26,6.948,62.33,,,,,,,,,9.413
2015-05-21,235.6,30.9,17.37,65.48,,,9.091,5.012,34.42,22.95,7.094,65.48,,,,,,,,,9.091
2015-05-22,240.3,27.94,16.11,58.22,,,8.769,5.341,36.11,15.41,7.593,58.22,,,,,,,,,8.769
2015-05-23,239,25.06,13.21,54.11,,,8.447,5.252,35.66,4.452,7.46,54.11,,,,,,,,,8.447
2015-05-24,240.7,28.37,17.46,57.6,,,8.126,5.371,36.27,20.55,7.643,57.6,,,,,,,,,8.126
2015-05-25,237,27.91,16.14,58.56,,,7.804,5.127,35.03,17.12,7.273,58.56,,,,,,,,,7.804
2015-05-26,236.8,26.81,16.58,54.38,,,7.482,5.118,34.99,18.97,7.259,54.38,,,,,,,,,7.482
2015-05-27,237.2,29.34,15.76,64.18,,,7.16,5.153,35.17,15.41,7.313,64.18,,,,,,,,,7.16
2015-05-28,237,28.17,14.94,61.99,,,6.838,5.146,35.13,12.19,7.301,61.99,,,,,,,,,6.838
2015-05-29,236.6,30.93,17.92,65.89,,,6.516,5.126,35.03,24.25,7.274,65.89,,,,,,,,,6.516
2015-05-30,232.8,28.83,14.75,64.79,,,6.195,4.921,33.91,13.22,6.948,64.79,,,,,,,,,6.195
2015-05-31,229.5,28.47,16.01,61.58,,,5.873,4.702,32.74,20,6.615,61.58,,,,,,,,,5.873
2015-06-01,223.3,27.33,12.54,64.11,,,5.551,4.301,30.48,9.384,6.001,64.11,,,,,,,,,5.551
2015-06-02,225.3,24.86,15.56,50.96,,,5.229,4.454,31.34,20.21,6.232,50.96,,,,,,,,,5.229
2015-06-03,225.2,22.07,14.45,43.97,,,4.907,4.457,31.36,15.75,6.236,43.97,,,,,,,,,4.907
2015-06-04,223.5,20.54,14.02,39.93,,,4.586,4.348,30.74,14.93,6.071,39.93,,,,,,,,,4.586
2015-06-05,224.7,22.48,13.87,46.64,,,4.264,4.433,31.23,13.63,6.201,46.64,,,,,,,,,4.264
2015-06-06,225.2,24.27,18.03,45.34,,,3.942,4.464,31.41,30,6.251,45.34,,,,,,,,,3.942
2015-06-07,223.4,20.52,15.5,37.74,,,3.62,4.358,30.8,20.75,6.087,37.74,,,,,,,,,3.62
2015-06-08,228.8,22.68,17.58,41.3,,,3.298,4.727,32.87,26.1,6.651,41.3,,,,,,,,,3.298
2015-06-09,229.4,23.04,17.16,43.36,,,2.977,4.769,33.1,24.04,6.717,43.36,,,,,,,,,2.977
2015-06-10,228.6,20.33,18.33,32.67,,,2.655,4.724,32.86,29.11,6.648,32.67,,,,,,,,,2.655
2015-06-11,229.6,21.53,15.05,42.47,,,2.333,4.802,33.27,15.34,6.765,42.47,,,,,,,,,2.333
2015-06-12,229.8,19.08,16.34,32.4,,,2.011,4.815,33.36,20.41,6.789,32.4,,,,,,,,,2.011
2015-06-13,233,19.67,18.79,30.21,,,1.689,5.044,34.57,28.42,7.136,30.21,,,,,,,,,1.689
2015-06-14,232.5,22.2,17.86,40.21,,,1.368,5.013,34.41,24.93,7.09,40.21,,,,,,,,,1.368
2015-06-15,236.8,25.3,18.31,49.66,,,1.046,5.309,35.93,24.45,7.541,49.66,,,,,,,,,1.046
2015-06-16,251.4,23.23,17.23,45,,,0.7241,6.304,40.67,12.88,9.054,45,,,,,,,,,0.7241
2015-06-17,248,29.52,21.36,58.36,,,0.4023,6.067,39.6,31.1,8.697,58.36,,,,,,,,,0.4023
2015-06-18,249,27.62,21.48,52.12,,,0.08045,6.143,39.95,31.03,8.812,52.12,,,,,,,,,0.08045
2015-06-19,244.8,30.87,20.26,64.86,,,0,5.851,38.61,28.22,8.373,64.86,,,,,,,,,0
2015-06-20,245.6,32.49,19.25,71.92,,,0,5.904,38.86,23.77,8.454,71.92,,,,,,,,,0
2015-06-21,244.3,33.11,17.39,77.19,,,0,5.812,38.44,16.99,8.318,77.19,,,,,,,,,0
2015-06-22,247,35.07,21.17,76.92,,,0,6,39.32,30.75,8.604,76.92,,,,,,,,,0
2015-06-23,244.2,32.64,19.83,71.37,,,0,5.806,38.42,26.78,8.313,71.37,,,,,,,,,0
2015-06-24,240.5,31.76,20.38,67.53,,,0,5.556,37.22,30.82,7.935,67.53,,,,,,,,,0
2015-06-25,242.3,32.52,20.43,69.93,,,0,5.693,37.88,30,8.142,69.93,,,,,,,,,0
2015-06-26,243,32.45,20.8,69.04,,,0,5.739,38.1,31.16,8.212,69.04,,,,,,,,,0
2015-06-27,251.5,35.28,20.16,79.38,,,0,6.33,40.82,24.38,9.106,79.38,,,,,,,,,0
2015-06-28,249.1,36.95,21.02,83.29,,,0,6.157,40.05,29.04,8.847,83.29,,,,,,,,,0
2015-06-29,256.7,37,22.1,81.58,,,0,6.679,42.35,29.73,9.637,81.58,,,,,,,,,0
2015-06-30,263.9,38.35,23.78,83.01,,,0,7.167,44.38,33.22,10.37,83.01,,,,,,,,,0
2015-07-01,258,37.82,22.09,84.25,,,0,6.762,42.71,29.11,9.766,84.25,,,,,,,,,0
2015-07-02,254.7,38.59,23.13,84.93,,,0,6.538,41.76,34.79,9.43,84.93,,,,,,,,,0
2015-07-03,256.1,38.1,23.87,82.05,,,0,6.66,42.28,36.92,9.611,82.05,,,,,,,,,0
2015-07-04,260.5,39.05,24.07,84.79,,,0,6.966,43.56,35.68,10.07,84.79,,,,,,,,,0
2015-07-05,271.3,40.43,24.94,87.74,,,0,7.718,46.53,34.32,11.2,87.74,,,,,,,,,0
2015-07-06,269.1,42.1,26.96,89.66,,,0,7.562,45.94,43.36,10.97,89.66,,,,,,,,,0
2015-07-07,266.5,40.12,23.48,89.32,,,0,7.368,45.19,30.68,10.68,89.32,,,,,,,,,0
2015-07-08,270.6,38.47,26.24,79.11,,,0,7.651,46.29,39.93,11.11,79.11,,,,,,,,,0
2015-07-09,269.7,37.02,24.05,78.22,,,0,7.605,46.11,31.44,11.04,78.22,,,,,,,,,0
2015-07-10,285.6,41.02,27.93,84.45,,,0,8.699,50.07,40.27,12.68,84.45,,,,,,,,,0
2015-07-11,293.9,41.38,28.75,84.18,,,0,9.275,51.98,40.21,13.54,84.18,,,,,,,,,0
2015-07-12,311.5,42.56,30.12,85.62,,,0,10.48,55.63,39.04,15.34,85.62,,,,,,,,,0
2015-07-13,292.6,41.98,28.62,86.37,,,0,9.159,51.6,40.34,13.37,86.37,,,,,,,,,0
2015-07-14,287.7,41.3,27.74,85.68,,,0,8.816,50.47,38.84,12.85,85.68,,,,,,,,,0
2015-07-15,285.9,41.47,28.05,85.68,,,0,8.687,50.03,40.82,12.66,85.68,,,,,,,,,0
2015-07-16,278.5,40.75,25.69,87.47,,,0,8.177,48.25,34.45,11.9,87.47,,,,,,,,,0
2015-07-17,280.1,40.27,27.03,83.56,,,0,8.282,48.62,39.18,12.06,83.56,,,,,,,,,0
2015-07-18,277.4,40.8,26.81,85.68,,,0,8.097,47.96,39.38,11.78,85.68,,,,,,,,,0
2015-07-19,275.3,39.36,26.76,81.1,,,0,7.954,47.44,40.07,11.57,81.1,,,,,,,,,0
2015-07-20,279.1,38.3,27.57,76.23,,,0,8.239,48.47,41.58,11.99,76.23,,,,,,,,,0
2015-07-21,276.7,35.25,24.95,70.89,,,0,8.07,47.86,32.12,11.74,70.89,,,,,,,,,0
2015-07-22,277.8,36.91,27.37,72.05,,,0,8.149,48.15,41.3,11.86,72.05,,,,,,,,,0
2015-07-23,276.8,37.69,26.23,76.58,,,0,8.081,47.9,37.19,11.76,76.58,,,,,,,,,0
2015-07-24,289.3,40.77,29.89,80.21,,,0,8.951,50.92,46.64,13.05,80.21,,,,,,,,,0
2015-07-25,289.5,40.25,29.04,80,,,0,8.957,50.94,43.22,13.06,80,,,,,,,,,0
2015-07-26,293.3,39.25,28.91,76.99,,,0,9.22,51.79,41.16,13.46,76.99,,,,,,,,,0
2015-07-27,294.4,39.4,29.46,76.51,,,0,9.295,52.03,42.95,13.57,76.51,,,,,,,,,0
2015-07-28,295.4,39.68,28.71,78.7,,,0,9.36,52.24,39.59,13.66,78.7,,,,,,,,,0
2015-07-29,289.9,39.22,29.12,76.51,,,0,8.974,50.99,43.42,13.09,76.51,,,,,,,,,0
2015-07-30,288.2,38.8,27.63,77.74,,,0,8.866,50.63,38.08,12.93,77.74,,,,,,,,,0
2015-07-31,284.6,38.58,28.36,75.75,,,0,8.607,49.76,42.53,12.54,75.75,,,,,,,,,0
2015-08-01,281.7,39.21,28.31,77.88,,,0,8.402,49.05,43.56,12.24,77.88,,,,,,,,,0
2015-08-02,282.4,39.43,28.14,78.9,,,0,8.455,49.24,42.53,12.32,78.9,,,,,,,,,0
2015-08-03,282.2,38.91,28.63,76.37,,,0,8.44,49.19,44.59,12.3,76.37,,,,,,,,,0
2015-08-04,285.3,34.2,27.51,63.01,,,0,8.667,49.96,38.77,12.63,63.01,,,,,,,,,0
2015-08-05,282.3,30.4,26.91,51.71,,,0,8.461,49.26,37.6,12.33,51.71,,,,,,,,,0
2015-08-06,279,23.79,27.32,29.52,,,0,8.227,48.44,40.62,11.98,29.52,,,,,,,,,0
2015-08-07,279.5,33.56,26.91,61.99,,,0,8.265,48.58,38.77,12.04,61.99,,,,,,,,,0
2015-08-08,261.5,31.56,26,57.05,,,0,6.993,43.78,43.08,10.15,57.05,,,,,,,,,0
2015-08-09,266.3,25.97,25.56,39.66,,,0,7.437,45.51,38.49,10.8,39.66,,,,,,,,,0
2015-08-10,264.9,26.23,27.26,37.53,,,0,7.343,45.14,45.89,10.66,37.53,,,,,,,,,0
2015-08-11,271.4,20.92,27.93,19.11,,,0,7.802,46.89,45.68,11.35,19.11,,,,,,,,,0
2015-08-12,268.1,16.88,24.58,11.85,,,0,7.573,46.03,33.7,11.01,11.85,,,,,,,,,0
2015-08-13,264.7,15.08,25.96,3.562,,,0,7.335,45.12,40.75,10.65,3.562,,,,,,,,,0
2015-08-14,266.4,16.12,25.87,7.123,,,0,7.459,45.6,39.59,10.84,7.123,,,,,,,,,0
2015-08-15,261.9,14.03,24.77,2.26,,,0,7.155,44.41,37.12,10.39,2.26,,,,,,,,,0
2015-08-16,258.9,14.05,24.44,2.877,,,0,6.956,43.61,37.12,10.09,2.877,,,,,,,,,0
2015-08-17,258,14.45,25.16,2.945,,,0,6.899,43.37,40.34,10,2.945,,,,,,,,,0
2015-08-18,217.9,12.77,17.3,11.23,,,0,4.101,29.82,29.45,5.827,11.23,,,,,,,,,0
2015-08-19,227.2,13.92,20.65,9.11,,,0,4.789,33.56,37.4,6.848,9.11,,,,,,,,,0
2015-08-20,235.5,15.71,21.78,12.95,,,0,5.4,36.64,37.33,7.756,12.95,,,,,,,,,0
2015-08-21,232.8,16.02,22.58,12.53,,,0,5.225,35.77,41.85,7.492,12.53,,,,,,,,,0
2015-08-22,230.6,14.16,21.65,8.151,,,0,5.081,35.05,39.18,7.277,8.151,,,,,,,,,0
2015-08-23,228.7,12.4,19.07,6.918,,,0,4.941,34.34,29.93,7.069,6.918,,,,,,,,,0
2015-08-24,212,10.82,17.85,3.904,,,0,3.8,27.95,34.32,5.35,3.904,,,,,,,,,0
2015-08-25,222.7,10.55,18.35,2.192,,,0,4.663,32.73,29.38,6.613,2.192,,,,,,,,,0
2015-08-26,226.1,12.17,21.55,1.849,,,0,4.951,34.22,40,7.037,1.849,,,,,,,,,0
2015-08-27,224.9,10.79,19.22,1.438,,,0,4.871,33.81,31.3,6.917,1.438,,,,,,,,,0
2015-08-28,232.2,12.2,22.31,0.6164,,,0,5.386,36.44,39.73,7.695,0.6164,,,,,,,,,0
2015-08-29,229.8,12.23,22.44,0.4795,,,0,5.226,35.64,41.44,7.454,0.4795,,,,,,,,,0
2015-08-30,229,11.71,21.43,0.5479,,,0,5.17,35.37,37.81,7.372,0.5479,,,,,,,,,0
2015-08-31,230.7,12.14,22.46,0.137,,,0,5.292,35.98,41.03,7.556,0.137,,,,,,,,,0
2015-09-01,228,11.69,21.63,0.137,,,0,5.103,35.03,39.11,7.273,0.137,,,,,,,,,0
2015-09-02,229.5,12.22,22.62,0.137,,,0,5.221,35.63,42.19,7.451,0.137,,,,,,,,,0
2015-09-03,227.1,11.36,20.94,0.274,,,0,5.064,34.83,36.64,7.212,0.274,,,,,,,,,0
2015-09-04,231.2,12.44,22.74,0.6164,,,0,5.358,36.31,41.64,7.657,0.6164,,,,,,,,,0
2015-09-05,235.9,12.69,22.75,1.438,,,0,5.696,37.96,39.18,8.167,1.438,,,,,,,,,0
2015-09-06,240.8,13.11,23.41,1.644,,,0,6.047,39.6,39.32,8.696,1.644,,,,,,,,,0
2015-09-07,240.6,13.58,24.28,1.644,,,0,6.033,39.54,42.88,8.677,1.644,,,,,,,,,0
2015-09-08,244.2,13,23.35,1.37,,,0,6.283,40.67,37.4,9.055,1.37,,,,,,,,,0
2015-09-09,238.7,13.12,23.73,1.096,,,0,5.894,38.91,41.64,8.473,1.096,,,,,,,,,0
2015-09-10,238.8,14.46,25.37,2.603,,,0,5.911,38.99,48.08,8.497,2.603,,,,,,,,,0
2015-09-11,240.8,14.4,24.87,3.288,,,0,6.063,39.69,45,8.725,3.288,,,,,,,,,0
2015-09-12,236.4,14.24,21.99,7.808,,,0,5.743,38.21,35.75,8.246,7.808,,,,,,,,,0
2015-09-13,230.5,13.02,22.57,2.808,,,0,5.331,36.23,41.1,7.63,2.808,,,,,,,,,0
2015-09-14,230.9,13.26,22.83,3.151,,,0,5.367,36.4,41.85,7.684,3.151,,,,,,,,,0
2015-09-15,230.4,13.95,23.36,4.452,,,0,5.333,36.24,44.25,7.633,4.452,,,,,,,,,0
2015-09-16,229,12.65,21.46,3.562,,,0,5.24,35.78,37.33,7.494,3.562,,,,,,,,,0
2015-09-17,233.2,12.37,22.5,0.8219,,,0,5.54,37.26,39.25,7.946,0.8219,,,,,,,,,0
2015-09-18,233.2,12.69,22.94,1.096,,,0,5.539,37.26,41.03,7.947,1.096,,,,,,,,,0
2015-09-19,232.2,11.23,20.43,0.7534,,,0,5.475,36.95,31.44,7.851,0.7534,,,,,,,,,0
2015-09-20,231.4,11.46,20.66,1.096,,,0,5.414,36.66,32.81,7.762,1.096,,,,,,,,,0
2015-09-21,226.8,11.3,20.25,1.301,,,0,5.084,35.02,33.63,7.269,1.301,,,,,,,,,0
2015-09-22,230.6,12.77,23.52,0.3425,,,0,5.365,36.43,44.59,7.691,0.3425,,,,,,,,,0
2015-09-23,230.1,13.17,23.55,1.575,,,0,5.348,36.33,44.86,7.663,1.575,,,,,,,,,0
2015-09-24,234.3,12.93,22.65,2.397,,,0,5.649,37.8,39.04,8.116,2.397,,,,,,,,,0
2015-09-25,235.5,14.09,25.02,1.986,,,0,5.738,38.23,47.88,8.251,1.986,,,,,,,,,0
2015-09-26,234.6,13.36,23.57,2.192,,,0,5.671,37.91,42.53,8.152,2.192,,,,,,,,,0
2015-09-27,233.2,14.01,23.55,4.315,,,0,5.575,37.46,43.15,8.01,4.315,,,,,,,,,0
2015-09-28,240,15.44,24.24,7.74,,,0,6.069,39.76,42.4,8.75,7.74,,,,,,,,,0
2015-09-29,237.3,16.38,25.84,8.014,,,0,5.875,38.88,50.14,8.462,8.014,,,,,,,,,0
2015-09-30,236.7,15.11,24.11,6.918,,,0,5.834,38.69,43.49,8.401,6.918,,,,,,,,,0
2015-10-01,238.2,15.41,24.46,7.26,,,0,5.947,39.22,44.11,8.571,7.26,,,,,,,,,0
2015-10-02,237.9,18.86,23.28,20.55,,,0,5.925,39.12,39.52,8.539,20.55,,,,,,,,,0
2015-10-03,239.7,16.7,24.45,11.51,,,0,6.054,39.71,43.29,8.734,11.51,,,,,,,,,0
2015-10-04,239.5,16.41,25.07,9.452,,,0,6.039,39.65,45.89,8.713,9.452,,,,,,,,,0
2015-10-05,241,16.33,25.33,8.767,,,0,6.143,40.12,46.16,8.871,8.767,,,,,,,,,0
2015-10-06,246.9,15.42,25.38,5.685,,,0,6.574,42.01,43.42,9.516,5.685,,,,,,,,,0
2015-10-07,243.7,14.54,23.82,5.548,,,0,6.354,41.06,38.7,9.187,5.548,,,,,,,,,0
2015-10-08,243,15.45,24.59,7.192,,,0,6.311,40.87,42.05,9.122,7.192,,,,,,,,,0
2015-10-09,244.4,14.81,23.24,7.466,,,0,6.413,41.32,35.96,9.276,7.466,,,,,,,,,0
2015-10-10,246,15.87,26.74,4.795,,,0,6.524,41.8,49.18,9.443,4.795,,,,,,,,,0
2015-10-11,248.5,15.27,26.16,3.836,,,0,6.712,42.59,45.62,9.723,3.836,,,,,,,,,0
2015-10-12,246.1,14.75,25.4,3.493,,,0,6.558,41.94,43.63,9.492,3.493,,,,,,,,,0
2015-10-13,250.5,15.14,25.72,4.178,,,0,6.871,43.25,42.81,9.961,4.178,,,,,,,,,0
2015-10-14,253.1,18.31,27.47,11.44,,,0,7.08,44.1,48.42,10.27,11.44,,,,,,,,,0
2015-10-15,254.7,17.65,28.47,7.534,,,0,7.19,44.54,51.71,10.44,7.534,,,,,,,,,0
2015-10-16,262.7,18.23,28.37,9.589,,,0,7.767,46.76,47.67,11.3,9.589,,,,,,,,,0
2015-10-17,271.9,19.99,29.14,13.97,,,0,8.426,49.13,46.71,12.27,13.97,,,,,,,,,0
2015-10-18,263.5,19.6,28.58,13.7,,,0,7.807,46.92,48.22,11.36,13.7,,,,,,,,,0
2015-10-19,264.4,20.22,29.87,13.42,,,0,7.87,47.15,53.01,11.45,13.42,,,,,,,,,0
2015-10-20,270.8,19.33,28.15,13.56,,,0,8.327,48.8,43.36,12.13,13.56,,,,,,,,,0
2015-10-21,268,18.59,29.19,9.315,,,0,8.121,48.07,48.77,11.82,9.315,,,,,,,,,0
2015-10-22,275.4,21.54,30.42,16.78,,,0,8.653,49.92,50.48,12.61,16.78,,,,,,,,,0
2015-10-23,278.6,22.3,30.93,18.36,,,0,8.877,50.67,51.23,12.94,18.36,,,,,,,,,0
2015-10-24,283.6,25.21,31.35,27.05,,,0,9.231,51.82,50.89,13.47,27.05,,,,,,,,,0
2015-10-25,286,31.4,32.26,45.62,,,0,9.398,52.35,53.56,13.71,45.62,,,,,,,,,0
2015-10-26,286.7,35.23,32.94,56.85,,,0,9.437,52.47,56.1,13.77,56.85,,,,,,,,,0
2015-10-27,295.6,38.64,33.05,67.74,,,0,10.06,54.36,53.08,14.69,67.74,,,,,,,,,0
2015-10-28,304.4,32.73,33.58,47.6,,,0,10.68,56.13,51.92,15.59,47.6,,,,,,,,,0
2015-10-29,314.9,37.77,35.67,60.34,,,0,11.4,58.05,56.58,16.64,60.34,,,,,,,,,0
2015-10-30,328.5,41.19,38.02,67.33,,,0,12.33,60.34,61.44,17.98,67.33,,,,,,,,,0
2015-10-31,314.1,35.59,35.17,54.11,,,0,11.25,57.61,55.41,16.4,54.11,,,,,,,,,0
2015-11-01,329.9,35.13,37.26,48.97,,,0,12.37,60.41,58.22,18.03,48.97,,,,,,,,,0
2015-11-02,364.6,38.74,40.8,54.52,,,0,14.84,65.69,61.1,21.56,54.52,,,,,,,,,0
2015-11-03,400.9,44.7,44.31,67.74,,,0,17.36,70.11,64.66,25.12,67.74,,,,,,,,,0
2015-11-04,405.5,50.08,44.55,84.79,,,0,17.54,70.3,65.07,25.28,84.79,,,,,,,,,0
2015-11-05,384.3,49.51,41.88,87.6,,,0,15.91,67.47,61.23,22.92,87.6,,,,,,,,,0
2015-11-06,373,50.28,40.63,92.33,,,0,15.07,65.91,59.79,21.73,92.33,,,,,,,,,0
2015-11-07,386.5,52.16,42.38,95.34,,,0,16.01,67.61,62.88,23.03,95.34,,,,,,,,,0
2015-11-08,372.4,51.43,40.24,96.71,,,0,14.98,65.71,58.7,21.57,96.71,,,,,,,,,0
2015-11-09,380.5,52.7,41.51,98.63,,,0,15.54,66.73,61.44,22.34,98.63,,,,,,,,,0
2015-11-10,337.8,49.08,36.98,94.79,,,0,12.47,60.43,56.99,18.03,94.79,,,,,,,,,0
2015-11-11,308.9,46.26,34.87,89.32,,,0,10.41,55.21,58.77,15.12,89.32,,,,,,,,,0
2015-11-12,337.5,48.55,37.75,91.71,,,0,12.5,60.5,59.93,18.08,91.71,,,,,,,,,0
2015-11-13,337.3,48.68,37.61,92.4,,,0,12.47,60.42,59.52,18.03,92.4,,,,,,,,,0
2015-11-14,333,48.01,36.21,92.67,,,0,12.16,59.69,55.41,17.59,92.67,,,,,,,,,0
2015-11-15,319.9,48.41,35.63,95,,,0,11.2,57.32,57.74,16.24,95,,,,,,,,,0
2015-11-16,331.1,47.21,37.7,87.47,,,0,12.03,59.39,61.99,17.41,87.47,,,,,,,,,0
2015-11-17,335.8,44.01,36.81,78.63,,,0,12.35,60.12,56.92,17.85,78.63,,,,,,,,,0
2015-11-18,335.7,45.72,37.05,83.77,,,0,12.33,60.08,57.95,17.83,83.77,,,,,,,,,0
2015-11-19,326.2,45.3,34.82,86.3,,,0,11.64,58.41,52.4,16.84,86.3,,,,,,,,,0
2015-11-20,321.9,47.45,36.15,90.96,,,0,11.33,57.63,59.25,16.41,90.96,,,,,,,,,0
2015-11-21,325.9,47.98,37.09,91.03,,,0,11.62,58.36,61.58,16.82,91.03,,,,,,,,,0
2015-11-22,323.7,47.65,36.63,90.75,,,0,11.46,57.94,60.55,16.58,90.75,,,,,,,,,0
2015-11-23,323,47.25,36.09,90.41,,,0,11.41,57.82,58.63,16.51,90.41,,,,,,,,,0
2015-11-24,320,46.41,35.27,89.11,,,0,11.19,57.25,56.44,16.2,89.11,,,,,,,,,0
2015-11-25,329,47.25,35.92,90.68,,,0,11.85,58.9,55.82,17.13,90.68,,,,,,,,,0
2015-11-26,356.3,50.83,40.51,94.32,,,0,13.83,63.36,64.93,19.91,94.32,,,,,,,,,0
2015-11-27,359.3,23.76,38.21,10.34,,,0,14.03,63.76,54.86,20.19,10.34,,,,,,,,,0
2015-11-28,356.6,23.89,39.28,8.904,,,0,13.82,63.32,60.07,19.89,8.904,,,,,,,,,0
2015-11-29,371.7,25.78,40.52,12.88,,,0,14.93,65.51,60.21,21.43,12.88,,,,,,,,,0
2015-11-30,377.4,38.52,41.9,51.85,,,0,15.3,66.2,64.18,21.94,51.85,,,,,,,,,0
2015-12-01,362.5,50.17,40.64,91.92,,,0,14.21,64.06,63.9,20.4,91.92,,,,,,,,,0
2015-12-02,359.2,47.19,39.89,83.56,,,0,13.96,63.55,61.99,20.05,83.56,,,,,,,,,0
2015-12-03,361.2,40.91,38.79,65.07,,,0,14.1,63.84,56.99,20.24,65.07,,,,,,,,,0
2015-12-04,363.2,32.7,39.71,36.78,,,0,14.24,64.12,60.07,20.43,36.78,,,,,,,,,0
2015-12-05,389.4,34.44,43.77,35.34,,,0,16.14,67.66,68.22,23.06,35.34,,,,,,,,,0
2015-12-06,393.3,29.59,43.16,20.62,,,0,16.39,68.07,64.79,23.4,20.62,,,,,,,,,0
2015-12-07,395.3,27.25,42.59,14.04,,,0,16.51,68.24,62.05,23.54,14.04,,,,,,,,,0
2015-12-08,413.8,26.81,46.15,6.37,,,0,17.83,70.36,71.1,25.34,6.37,,,,,,,,,0
2015-12-09,417.6,26.25,45.93,4.932,,,0,18.02,70.61,69.52,25.56,4.932,,,,,,,,,0
2015-12-10,415.7,33.27,48.95,22.47,,,0,17.86,70.33,82.33,25.31,22.47,,,,,,,,,0
2015-12-11,453.9,41.64,48.65,50.21,,,0,20.59,74.17,70.82,29.01,50.21,,,,,,,,,0
2015-12-12,435.9,37.25,47.03,38.77,,,0,19.23,72.3,69.45,27.13,38.77,,,,,,,,,0
2015-12-13,434.4,31.95,45.45,24.32,,,0,19.11,72.11,63.63,26.95,24.32,,,,,,,,,0
2015-12-14,443,38.11,50.04,36.3,,,0,19.68,72.86,79.93,27.68,36.3,,,,,,,,,0
2015-12-15,464.6,30.77,51.28,10.27,,,0,21.21,74.83,79.38,29.7,10.27,,,,,,,,,0
2015-12-16,454.1,30.94,48.46,15.75,,,0,20.41,73.78,71.03,28.61,15.75,,,,,,,,,0
2015-12-17,456.2,34.09,47.98,26.85,,,0,20.53,73.92,68.7,28.75,26.85,,,,,,,,,0
2015-12-18,463.2,34.47,49.89,24.73,,,0,21,74.49,74.73,29.35,24.73,,,,,,,,,0
2015-12-19,461.4,29.11,48.43,9.863,,,0,20.83,74.26,69.52,29.1,9.863,,,,,,,,,0
2015-12-20,442.2,28.77,47.12,11.03,,,0,19.4,72.34,69.59,27.16,11.03,,,,,,,,,0
2015-12-21,437.6,27.12,45.59,8.356,,,0,19.06,71.85,64.73,26.7,8.356,,,,,,,,,0
2015-12-22,435.3,25.29,45.4,2.74,,,0,18.87,71.57,64.73,26.44,2.74,,,,,,,,,0
2015-12-23,442.7,25.91,46.48,2.877,,,0,19.39,72.29,67.12,27.12,2.877,,,,,,,,,0
2015-12-24,455.9,25.55,46.28,2.055,,,0,20.33,73.55,62.88,28.37,2.055,,,,,,,,,0
2015-12-25,455.7,26.04,48,0.6164,,,0,20.28,73.46,70,28.27,0.6164,,,,,,,,,0
2015-12-26,418.2,24.27,44.95,0.2055,,,0,17.52,69.49,68.22,24.57,0.2055,,,,,,,,,0
2015-12-27,422.7,41.07,48.05,49.38,,,0,17.85,70,79.32,25.02,49.38,,,,,,,,,0
2015-12-28,421.1,29.99,43.8,20.82,,,0,17.73,69.81,62.81,24.86,20.82,,,,,,,,,0
2015-12-29,431.3,28.15,45.32,12.19,,,0,18.49,70.95,65.96,25.86,12.19,,,,,,,,,0
2015-12-30,426,26.58,45.17,7.329,,,0,18.09,70.35,66.92,25.33,7.329,,,,,,,,,0
2015-12-31,429.7,23.74,43.89,0.3425,,,0,18.34,70.7,60.89,25.64,0.3425,,,,,,,,,0
2016-01-01,434.7,24.07,43.76,1.644,,,0,18.7,71.24,58.97,26.13,1.644,,,,,,,,,0
2016-01-02,434.4,25.01,44.49,3.425,,,0,18.68,71.2,61.99,26.09,3.425,,,,,,,,,0
2016-01-03,430.1,24.96,44.01,4.11,,,0,18.34,70.7,61.37,25.64,4.11,,,,,,,,,0
2016-01-04,433.4,26.59,47.16,3.904,,,0,18.58,71.03,73.08,25.94,3.904,,,,,,,,,0
2016-01-05,432.7,24.98,45.05,2.329,,,0,18.51,70.92,64.93,25.84,2.329,,,,,,,,,0
2016-01-06,430.7,23.81,43.63,1.027,,,0,18.35,70.69,59.86,25.63,1.027,,,,,,,,,0
2016-01-07,459.2,26.26,46.65,3.699,,,0,20.38,73.47,64.45,28.28,3.699,,,,,,,,,0
2016-01-08,454.1,27.09,48.27,3.562,,,0,19.98,72.92,72.47,27.73,3.562,,,,,,,,,0
2016-01-09,449.8,25.57,46,2.603,,,0,19.65,72.47,64.59,27.29,2.603,,,,,,,,,0
2016-01-10,448.6,26.52,47.76,2.603,,,0,19.51,72.25,72.19,27.08,2.603,,,,,,,,,0
2016-01-11,449,26.3,47.27,2.74,,,0,19.52,72.23,70.27,27.07,2.74,,,,,,,,,0
2016-01-12,441.8,25.91,46.43,2.945,,,0,18.96,71.45,68.97,26.32,2.945,,,,,,,,,0
2016-01-13,432.3,24.19,43.78,1.986,,,0,18.27,70.43,61.03,25.4,1.986,,,,,,,,,0
2016-01-14,429.8,23.97,42.29,3.904,,,0,18.08,70.16,55.75,25.16,3.904,,,,,,,,,0
2016-01-15,367.8,22.11,35.35,10,,,0,13.55,62.23,46.44,19.17,10,,,,,,,,,0
2016-01-16,388.1,25.6,38.94,15.07,,,0,15.06,65.15,54.38,21.16,15.07,,,,,,,,,0
2016-01-17,382.5,24.89,38.86,12.88,,,0,14.64,64.38,55.82,20.62,12.88,,,,,,,,,0
2016-01-18,384.9,26.91,40.69,16.23,,,0,14.83,64.73,62.33,20.87,16.23,,,,,,,,,0
2016-01-19,378.2,25.04,37.23,16.23,,,0,14.34,63.81,50.55,20.22,16.23,,,,,,,,,0
2016-01-20,420.6,33.13,42.81,32.74,,,0,17.45,69.2,60.27,24.33,32.74,,,,,,,,,0
2016-01-21,409.3,42.53,40.63,67.12,,,0,16.61,67.84,54.86,23.21,67.12,,,,,,,,,0
2016-01-22,381,40.94,40.49,62.19,,,0,14.64,64.41,62.26,20.64,62.19,,,,,,,,,0
2016-01-23,386.4,41.71,41.29,63.29,,,0,15.03,65.14,63.84,21.16,63.29,,,,,,,,,0
2016-01-24,403.4,44.72,42.47,71.03,,,0,16.28,67.34,63.42,22.82,71.03,,,,,,,,,0
2016-01-25,392,44.57,40.59,73.84,,,0,15.42,65.83,59.45,21.66,73.84,,,,,,,,,0
2016-01-26,391.1,47.54,40.3,83.97,,,0,15.36,65.71,58.56,21.57,83.97,,,,,,,,,0
2016-01-27,394.6,49.76,40.2,91.37,,,0,15.61,66.16,57.12,21.91,91.37,,,,,,,,,0
2016-01-28,378.9,47.4,37.93,87.67,,,0,14.47,64.06,52.81,20.39,87.67,,,,,,,,,0
2016-01-29,379,49.38,39.69,91.03,,,0,14.5,64.13,59.66,20.45,91.03,,,,,,,,,0
2016-01-30,377.3,48.37,40.63,86.1,,,0,14.37,63.87,64.04,20.26,86.1,,,,,,,,,0
2016-01-31,366.3,47.06,38.95,84.79,,,0,13.57,62.28,60.75,19.2,84.79,,,,,,,,,0
2016-02-01,371.2,47.1,38.12,86.37,,,0,13.98,63.12,55.62,19.75,86.37,,,,,,,,,0
2016-02-02,372.9,47.25,39.72,84.04,,,0,14.11,63.39,61.44,19.93,84.04,,,,,,,,,0
2016-02-03,368.1,46.64,38.99,83.36,,,0,13.77,62.71,60,19.48,83.36,,,,,,,,,0
2016-02-04,389.7,49.73,40.58,90.62,,,0,15.35,65.73,59.66,21.59,90.62,,,,,,,,,0
2016-02-05,384.4,50.35,41.46,91.1,,,0,14.96,65.01,64.79,21.06,91.1,,,,,,,,,0
2016-02-06,374.6,46.36,41.04,78.84,,,0,14.25,63.64,66.16,20.11,78.84,,,,,,,,,0
2016-02-07,375.2,44.99,39.44,77.19,,,0,14.28,63.72,59.59,20.16,77.19,,,,,,,,,0
2016-02-08,370.8,44.59,37.01,80.14,,,0,13.97,63.1,51.23,19.74,80.14,,,,,,,,,0
2016-02-09,373.5,46.23,39.25,81.58,,,0,14.19,63.53,59.25,20.03,81.58,,,,,,,,,0
2016-02-10,379.1,47.17,38.84,85.34,,,0,14.59,64.31,55.89,20.57,85.34,,,,,,,,,0
2016-02-11,377.6,48.8,40.81,87.19,,,0,14.48,64.09,64.25,20.42,87.19,,,,,,,,,0
2016-02-12,382.3,48.17,39.71,87.05,,,0,14.82,64.73,58.42,20.87,87.05,,,,,,,,,0
2016-02-13,389.6,48.7,39.21,89.66,,,0,15.36,65.71,54.18,21.58,89.66,,,,,,,,,0
2016-02-14,406.2,48.55,41.87,84.52,,,0,16.57,67.79,59.93,23.17,84.52,,,,,,,,,0
2016-02-15,399.3,48.79,39.85,88.84,,,0,16.05,66.91,53.97,22.48,88.84,,,,,,,,,0
2016-02-16,407,47.76,39.62,85.89,,,0,16.59,67.81,50.89,23.19,85.89,,,,,,,,,0
2016-02-17,415.3,49.93,41.68,89.32,,,0,17.17,68.72,56.92,23.93,89.32,,,,,,,,,0
2016-02-18,421.3,49.92,43.47,86.16,,,0,17.59,69.37,62.47,24.47,86.16,,,,,,,,,0
2016-02-19,419.6,47.69,41.13,83.01,,,0,17.44,69.11,53.7,24.26,83.01,,,,,,,,,0
2016-02-20,440.2,49.45,43.57,84.45,,,0,18.94,71.33,57.81,26.21,84.45,,,,,,,,,0
2016-02-21,438.7,48.38,41.6,84.45,,,0,18.81,71.14,50.41,26.04,84.45,,,,,,,,,0
2016-02-22,437.5,48.92,41.3,86.71,,,0,18.7,70.97,49.66,25.88,86.71,,,,,,,,,0
2016-02-23,420,48.3,40.32,86.44,,,0,17.4,69.01,50.68,24.17,86.44,,,,,,,,,0
2016-02-24,424,46.04,39.24,80.96,,,0,17.68,69.43,45.34,24.53,80.96,,,,,,,,,0
2016-02-25,424.1,46.31,42.24,76.58,,,0,17.68,69.42,57.33,24.52,76.58,,,,,,,,,0
2016-02-26,431.8,44.76,41.72,72.47,,,0,18.23,70.25,53.15,25.24,72.47,,,,,,,,,0
2016-02-27,432.9,48.38,42.3,83.22,,,0,18.31,70.36,55.21,25.34,83.22,,,,,,,,,0
2016-02-28,433.1,47.31,41.17,81.71,,,0,18.3,70.33,50.75,25.31,81.71,,,,,,,,,0
2016-02-29,437.8,49.53,41.46,88.42,,,0,18.6,70.75,50.82,25.68,88.42,,,,,,,,,0
2016-03-01,432.8,51.54,41.62,94.66,,,0,18.19,70.11,53.08,25.11,94.66,,,,,,,,,0
2016-03-02,423.1,50.89,42.02,91.85,,,0,17.46,69,57.47,24.16,91.85,,,,,,,,,0
2016-03-03,419.3,50.69,39.73,95.21,,,0,17.16,68.53,49.45,23.77,95.21,,,,,,,,,0
2016-03-04,408,50.06,40.21,92.33,,,0,16.33,67.17,54.66,22.68,92.33,,,,,,,,,0
2016-03-05,397.3,49.45,38.57,93.22,,,0,15.53,65.8,51.3,21.64,93.22,,,,,,,,,0
2016-03-06,403.7,49.53,39.06,92.6,,,0,16.01,66.62,51.37,22.26,92.6,,,,,,,,,0
2016-03-07,413.2,50.74,38.82,96.99,,,0,16.7,67.76,47.67,23.15,96.99,,,,,,,,,0
2016-03-08,411.4,51.7,40.36,97.4,,,0,16.56,67.53,54.38,22.97,97.4,,,,,,,,,0
2016-03-09,412.5,52.17,41.7,96.58,,,0,16.65,67.69,59.38,23.09,96.58,,,,,,,,,0
2016-03-10,416.3,50.56,40.87,92.81,,,0,16.92,68.12,55,23.44,92.81,,,,,,,,,0
2016-03-11,419.5,46.46,41.67,78.08,,,0,17.15,68.47,57.33,23.73,78.08,,,,,,,,,0
2016-03-12,410.3,43.34,39.19,72.26,,,0,16.46,67.35,50.14,22.82,72.26,,,,,,,,,0
2016-03-13,411.8,43.07,38.46,72.67,,,0,16.57,67.53,46.78,22.96,72.67,,,,,,,,,0
2016-03-14,415,44.61,40.31,74.45,,,0,16.8,67.9,53.29,23.26,74.45,,,,,,,,,0
2016-03-15,415.3,43.63,41.14,69.79,,,0,16.81,67.91,56.58,23.27,69.79,,,,,,,,,0
2016-03-16,417,39.82,40.41,58.7,,,0,16.93,68.09,53.22,23.42,58.7,,,,,,,,,0
2016-03-17,418.6,41.42,39.59,65.34,,,0,17.04,68.26,49.52,23.55,65.34,,,,,,,,,0
2016-03-18,408.9,38.5,38.23,58.22,,,0,16.31,67.07,46.92,22.6,58.22,,,,,,,,,0
2016-03-19,409.1,38.85,38.21,59.38,,,0,16.33,67.11,46.78,22.63,59.38,,,,,,,,,0
2016-03-20,412.1,39.41,39.33,59.25,,,0,16.55,67.46,50.41,22.91,59.25,,,,,,,,,0
2016-03-21,411.6,36.13,38.65,49.79,,,0,16.5,67.38,47.88,22.84,49.79,,,,,,,,,0
2016-03-22,416.6,35.45,40.01,45.21,,,0,16.86,67.95,51.92,23.3,45.21,,,,,,,,,0
2016-03-23,417.4,33.02,40.16,37.05,,,0,16.91,68.03,52.33,23.36,37.05,,,,,,,,,0
2016-03-24,413.6,30.34,39.4,29.66,,,0,16.61,67.54,50.48,22.97,29.66,,,,,,,,,0
2016-03-25,416.4,31.61,39.57,33.49,,,0,16.81,67.85,50.41,23.22,33.49,,,,,,,,,0
2016-03-26,416.8,30.31,40.21,28.15,,,0,16.83,67.88,52.88,23.24,28.15,,,,,,,,,0
2016-03-27,425.5,32,39.9,34.18,,,0,17.46,68.86,49.25,24.04,34.18,,,,,,,,,0
2016-03-28,422.9,32.83,42.42,32.47,,,0,17.25,68.53,60.14,23.77,32.47,,,,,,,,,0
2016-03-29,415.9,30.02,40.42,26.85,,,0,16.72,67.68,54.18,23.08,26.85,,,,,,,,,0
2016-03-30,412.8,25.25,39.07,13.7,,,0,16.49,67.29,49.73,22.78,13.7,,,,,,,,,0
2016-03-31,416,22.64,37.43,8.082,,,0,16.72,67.66,42.26,23.07,8.082,,,,,,,,,0
2016-04-01,417.2,23.67,40.04,6.849,,,0,16.8,67.79,52.4,23.17,6.849,,,,,,,,,0
2016-04-02,419.8,22.82,38.93,6.027,,,0,16.99,68.08,47.26,23.41,6.027,,,,,,,,,0
2016-04-03,420.1,23.74,39.24,8.493,,,0,17,68.1,48.42,23.42,8.493,,,,,,,,,0
2016-04-04,419.5,23.96,41.49,5.274,,,0,16.96,68.02,57.6,23.36,5.274,,,,,,,,,0
2016-04-05,422.5,23.77,40.66,6.096,,,0,17.17,68.35,53.49,23.62,6.096,,,,,,,,,0
2016-04-06,421.9,23.48,40.79,4.932,,,0,17.1,68.23,54.32,23.53,4.932,,,,,,,,,0
2016-04-07,421.5,22.29,38.81,4.521,,,0,17.02,68.06,46.78,23.39,4.521,,,,,,,,,0
2016-04-08,418.6,22.39,38.97,4.589,,,0,16.8,67.72,48.22,23.12,4.589,,,,,,,,,0
2016-04-09,418.8,23.87,40.68,6.37,,,0,16.81,67.73,55.07,23.12,6.37,,,,,,,,,0
2016-04-10,422,26.27,42.06,11.78,,,0,17.02,68.05,59.79,23.38,11.78,,,,,,,,,0
2016-04-11,423.3,25.15,40.18,11.44,,,0,17.11,68.19,51.92,23.49,11.44,,,,,,,,,0
2016-04-12,427.4,24.92,40.09,10.82,,,0,17.4,68.63,50.48,23.85,10.82,,,,,,,,,0
2016-04-13,424.9,25.2,41.32,9.589,,,0,17.21,68.32,56.16,23.6,9.589,,,,,,,,,0
2016-04-14,425.9,25.46,41.37,10.34,,,0,17.27,68.42,56.1,23.68,10.34,,,,,,,,,0
2016-04-15,430.7,24.57,39.34,11.03,,,0,17.63,68.96,46.64,24.13,11.03,,,,,,,,,0
2016-04-16,432.2,23.4,39.35,7.192,,,0,17.73,69.1,46.3,24.25,7.192,,,,,,,,,0
2016-04-17,429.3,24.6,41.07,8.082,,,0,17.51,68.77,54.04,23.97,8.082,,,,,,,,,0
2016-04-18,429.7,23.97,38.64,10.27,,,0,17.53,68.79,44.25,23.99,10.27,,,,,,,,,0
2016-04-19,437.6,24.89,41.03,9.11,,,0,18.1,69.65,51.64,24.71,9.11,,,,,,,,,0
2016-04-20,442.7,27.94,43.12,15.34,,,0,18.46,70.17,58.7,25.16,15.34,,,,,,,,,0
2016-04-21,452.2,27.5,42.55,14.93,,,0,19.15,71.12,53.9,26.02,14.93,,,,,,,,,0
2016-04-22,448.1,27.23,41.13,16.51,,,0,18.82,70.65,49.45,25.6,16.51,,,,,,,,,0
2016-04-23,453.9,27.9,41.91,17.33,,,0,19.23,71.21,51.1,26.1,17.33,,,,,,,,,0
2016-04-24,463.4,28.2,41.38,19.25,,,0,19.92,72.13,46.51,26.97,19.25,,,,,,,,,0
2016-04-25,465.3,25.89,40.95,12.47,,,0,20.01,72.22,44.52,27.06,12.47,,,,,,,,,0
2016-04-26,469.6,27.51,44,12.4,,,0,20.29,72.57,55.75,27.39,12.4,,,,,,,,,0
2016-04-27,445.7,24.13,39.21,9.795,,,0,18.52,70.15,43.01,25.15,9.795,,,,,,,,,0
2016-04-28,451.1,24.45,40.2,9.11,,,0,18.9,70.68,45.62,25.62,9.11,,,,,,,,,0
2016-04-29,457,26.03,43.36,8.699,,,0,19.33,71.26,56.71,26.15,8.699,,,,,,,,,0
2016-04-30,449.9,24.86,41.28,8.562,,,0,18.79,70.51,50.34,25.47,8.562,,,,,,,,,0
2016-05-01,455,25.81,42.64,9.247,,,0,19.15,71,54.52,25.91,9.247,,,,,,,,,0
2016-05-02,444.9,24.89,41.79,7.74,,,0,18.39,69.93,53.9,24.95,7.74,,,,,,,,,0
2016-05-03,451.6,24.76,41.71,7.466,,,0,18.88,70.62,51.78,25.57,7.466,,,,,,,,,0
2016-05-04,448.4,32.25,43.17,29.25,,,0,18.63,70.26,58.56,25.25,29.25,,,,,,,,,0
2016-05-05,449.3,32.38,41.86,31.99,,,0,18.69,70.35,53.08,25.32,31.99,,,,,,,,,0
2016-05-06,461.7,27.01,43.94,10.89,,,0,19.59,71.57,58.15,26.44,10.89,,,,,,,,,0
2016-05-07,461.4,25.96,42.34,10.27,,,0,19.55,71.5,51.92,26.38,10.27,,,,,,,,,0
2016-05-08,461.4,26.77,44.4,9.315,,,0,19.54,71.48,60.21,26.36,9.315,,,,,,,,,0
2016-05-09,463.5,27.8,44.83,11.92,,,0,19.68,71.66,61.44,26.53,11.92,,,,,,,,,0
2016-05-10,451.1,28,42.06,17.4,,,0,18.75,70.38,53.77,25.35,17.4,,,,,,,,,0
2016-05-11,453.9,26.41,39.53,16.64,,,0,18.94,70.64,42.95,25.59,16.64,,,,,,,,,0
2016-05-12,455.6,26.29,40.3,14.93,,,0,19.06,70.8,45.62,25.73,14.93,,,,,,,,,0
2016-05-13,457.2,28.12,41.81,18.22,,,0,19.17,70.95,51.23,25.87,18.22,,,,,,,,,0
2016-05-14,458.1,28.03,40.99,19.38,,,0,19.22,71.01,47.81,25.92,19.38,,,,,,,,,0
2016-05-15,460.9,27.69,40.7,18.77,,,0,19.41,71.27,45.96,26.16,18.77,,,,,,,,,0
2016-05-16,455.2,30.61,40.33,28.9,,,0,18.99,70.69,46.03,25.63,28.9,,,,,,,,,0
2016-05-17,453.5,29.4,40.04,25.48,,,0,18.78,70.35,45.68,25.33,25.48,,,,,,,,,0
2016-05-18,454.5,27.66,41.39,17.47,,,0,18.84,70.43,50.89,25.4,17.47,,,,,,,,,0
2016-05-19,437.7,27.77,36.55,26.3,,,0,17.59,68.6,36.16,23.83,26.3,,,,,,,,,0
2016-05-20,442.4,24.48,39.51,10.41,,,0,17.93,69.1,46.78,24.24,10.41,,,,,,,,,0
2016-05-21,444.1,24.65,38.85,12.12,,,0,18.05,69.27,43.7,24.39,12.12,,,,,,,,,0
2016-05-22,440.6,26.81,43.05,11.78,,,0,17.78,68.87,61.51,24.06,11.78,,,,,,,,,0
2016-05-23,444.2,26.82,43.04,11.85,,,0,18.04,69.25,60.48,24.37,11.85,,,,,,,,,0
2016-05-24,445.7,24.52,39.52,10.55,,,0,18.14,69.4,46.03,24.5,10.55,,,,,,,,,0
2016-05-25,450.5,26.02,38.92,16.44,,,0,18.49,69.88,42.4,24.92,16.44,,,,,,,,,0
2016-05-26,454.4,24.08,38.96,10.07,,,0,18.76,70.26,41.58,25.25,10.07,,,,,,,,,0
2016-05-27,471.8,30.81,41.09,28.22,,,0,19.97,71.85,45.82,26.7,28.22,,,,,,,,,0
2016-05-28,530.9,41.55,45.88,54.73,,,0,24.26,76.8,50.55,31.93,54.73,,,,,,,,,0
2016-05-29,527.5,43.41,47.27,58.36,,,0,23.93,76.41,57.26,31.47,58.36,,,,,,,,,0
2016-05-30,533.5,40.85,47.37,49.86,,,0,24.29,76.74,56.58,31.87,49.86,,,,,,,,,0
2016-05-31,530.9,41.91,44.64,58.08,,,0,24.04,76.45,46.58,31.52,58.08,,,,,,,,,0
2016-06-01,537.6,43.26,47.38,57.67,,,0,24.47,76.87,56.16,32.01,57.67,,,,,,,,,0
2016-06-02,538.8,45.65,46.69,66.64,,,0,24.48,76.83,53.49,31.97,66.64,,,,,,,,,0
2016-06-03,570.2,38.8,50.02,38.56,,,0,26.75,79,59.66,34.68,38.56,,,,,,,,,0
2016-06-04,574.3,38.76,46.97,43.77,,,0,27,79.21,46.71,34.95,43.77,,,,,,,,,0
2016-06-05,575.1,53.16,52.82,80.34,,,0,27.01,79.19,70.14,34.94,80.34,,,,,,,,,0
2016-06-06,585.9,54.43,53.48,83.29,,,0,27.72,79.79,70.68,35.74,83.29,,,,,,,,,0
2016-06-07,578.5,53.76,50.01,87.19,,,0,27.12,79.24,58.7,35,87.19,,,,,,,,,0
2016-06-08,583.1,55.03,50.81,89.93,,,0,27.4,79.46,61.1,35.3,89.93,,,,,,,,,0
2016-06-09,577.1,55.33,52.07,88.7,,,0,26.91,79.01,67.67,34.69,88.7,,,,,,,,,0
2016-06-10,579.8,54.08,50.37,87.6,,,0,27.06,79.12,60.48,34.84,87.6,,,,,,,,,0
2016-06-11,605.4,58.05,53.32,95.34,,,0,28.89,80.69,66.71,37,95.34,,,,,,,,,0
2016-06-12,670.4,60.53,57.14,96.71,,,0,33.5,84.05,68.7,42.32,96.71,,,,,,,,,0
2016-06-13,704.3,62.53,60.86,96.71,,,0,35.68,85.3,77.88,44.57,96.71,,,,,,,,,0
2016-06-14,684.9,59.61,56.26,95.27,,,0,34.13,84.26,63.97,42.67,95.27,,,,,,,,,0
2016-06-15,695,61.85,58.97,97.81,,,0,34.68,84.54,73.49,43.18,97.81,,,,,,,,,0
2016-06-16,767.4,63.61,63.29,95.96,,,0,39.62,87.27,77.81,48.48,95.96,,,,,,,,,0
2016-06-17,750,63.18,61.87,97.05,,,0,38.18,86.42,76.16,46.72,97.05,,,,,,,,,0
2016-06-18,758.3,63.57,63.04,96.3,,,0,38.65,86.65,79.66,47.2,96.3,,,,,,,,,0
2016-06-19,766.8,64.76,64.61,97.4,,,0,39.15,86.91,84.66,47.73,97.4,,,,,,,,,0
2016-06-20,722.5,62.51,60.83,96.71,,,0,35.83,84.95,78.63,43.92,96.71,,,,,,,,,0
2016-06-21,669.6,60.28,55.25,99.25,,,0,31.89,82.29,67.4,39.41,99.25,,,,,,,,,0
2016-06-22,594.8,55.81,46.81,99.45,,,0,26.53,77.97,49.38,33.36,99.45,,,,,,,,,0
2016-06-23,627.7,57.96,51.24,98.7,,,0,28.88,80.02,60,36.06,98.7,,,,,,,,,0
2016-06-24,664.1,58.64,52.55,98.63,,,0,31.47,82.03,57.67,39.01,98.63,,,,,,,,,0
2016-06-25,668.9,60.9,56.31,99.38,,,0,31.74,82.21,71.99,39.29,99.38,,,,,,,,,0
2016-06-26,630.4,57.42,51.73,96.1,,,0,28.94,80.05,61.85,36.1,96.1,,,,,,,,,0
2016-06-27,652.2,56.38,53.5,89.59,,,0,30.47,81.26,64.45,37.84,89.59,,,,,,,,,0
2016-06-28,647.2,57.47,53.14,93.77,,,0,30.06,80.95,64.18,37.38,93.77,,,,,,,,,0
2016-06-29,638.6,56.36,52.19,91.85,,,0,29.42,80.44,62.26,36.65,91.85,,,,,,,,,0
2016-06-30,674.3,57.62,55,91.03,,,0,31.91,82.32,66.3,39.46,91.03,,,,,,,,,0
2016-07-01,677.5,58.67,55.64,93.29,,,0,32.08,82.43,68.42,39.64,93.29,,,,,,,,,0
2016-07-02,702.7,58.56,56.81,90.89,,,0,33.83,83.65,68.15,41.63,90.89,,,,,,,,,0
2016-07-03,662.6,57.79,54.18,93.01,,,0,30.88,81.54,66.03,38.25,93.01,,,,,,,,,0
2016-07-04,679.8,58.49,55.12,93.63,,,0,32.08,82.42,66.37,39.62,93.63,,,,,,,,,0
2016-07-05,668.2,56.55,53.62,89.93,,,0,31.18,81.74,63.01,38.57,89.93,,,,,,,,,0
2016-07-06,677.7,55.19,53.65,85.48,,,0,31.8,82.2,61.3,39.27,85.48,,,,,,,,,0
2016-07-07,640.1,51.46,50.33,79.18,,,0,29.08,80.11,55.96,36.18,79.18,,,,,,,,,0
2016-07-08,665.1,53.11,53.15,79.59,,,0,30.83,81.48,62.12,38.17,79.59,,,,,,,,,0
2016-07-09,651.9,49.95,48.89,76.78,,,0,29.83,80.69,48.01,37.02,76.78,,,,,,,,,0
2016-07-10,650,48.64,43.67,81.58,,,0.1609,29.65,80.55,27.67,36.8,81.58,,,,,,,,,0.1609
2016-07-11,650.3,43.63,42.46,67.33,,,0.3218,29.62,80.52,22.95,36.76,67.33,,,,,,,,,0.3218
2016-07-12,670,41.33,43.81,57.4,,,0.4827,30.98,81.58,24.38,38.32,57.4,,,,,,,,,0.4827
2016-07-13,658.3,42.56,42.19,64.18,,,0.6436,30.11,80.91,20.41,37.32,64.18,,,,,,,,,0.6436
2016-07-14,660.9,45.97,42.98,73.77,,,0.8045,30.25,81.03,23.15,37.5,73.77,,,,,,,,,0.8045
2016-07-15,666.8,43.41,43.01,65.34,,,0.9654,30.64,81.33,22.12,37.95,65.34,,,,,,,,,0.9654
2016-07-16,665.3,46.86,44.74,73.42,,,1.126,30.49,81.23,29.45,37.79,73.42,,,,,,,,,1.126
2016-07-17,681.1,46.94,45.12,72.95,,,1.287,31.55,82.02,27.95,38.99,72.95,,,,,,,,,1.287
2016-07-18,675.1,46.27,44.57,71.64,,,1.448,31.09,81.67,27.05,38.46,71.64,,,,,,,,,1.448
2016-07-19,674.7,44.84,42.97,69.73,,,1.609,30.99,81.59,20.96,38.33,69.73,,,,,,,,,1.609
2016-07-20,667.3,46.47,44.14,72.88,,,1.77,30.43,81.17,27.26,37.71,72.88,,,,,,,,,1.77
2016-07-21,666.9,41.02,42.68,57.67,,,1.931,30.37,81.13,21.58,37.65,57.67,,,,,,,,,1.931
2016-07-22,650.6,40.51,41.41,58.15,,,2.092,29.19,80.2,19.93,36.32,58.15,,,,,,,,,2.092
2016-07-23,657.4,41.54,42.02,60.34,,,2.253,29.65,80.59,20.96,36.87,60.34,,,,,,,,,2.253
2016-07-24,661.4,41.02,41.71,59.11,,,2.414,29.86,80.74,19.18,37.08,59.11,,,,,,,,,2.414
2016-07-25,655.1,40.78,41.81,58.08,,,2.574,29.38,80.36,20.96,36.54,58.08,,,,,,,,,2.574
2016-07-26,654.6,41.37,41.61,60.27,,,2.735,29.31,80.31,20.34,36.46,60.27,,,,,,,,,2.735
2016-07-27,656.3,43.49,41.63,67.05,,,2.896,29.39,80.37,20.21,36.55,67.05,,,,,,,,,2.896
2016-07-28,656.2,35.77,42.12,41.03,,,3.057,29.35,80.34,22.26,36.51,41.03,,,,,,,,,3.057
2016-07-29,657.6,41.5,43,58.01,,,3.218,29.41,80.4,25.62,36.59,58.01,,,,,,,,,3.218
2016-07-30,655.4,40.73,41.02,58.9,,,3.379,29.22,80.24,18.22,36.37,58.9,,,,,,,,,3.379
2016-07-31,624.8,42.98,41.2,65.82,,,3.54,27.06,78.42,25.41,33.92,65.82,,,,,,,,,3.54
2016-08-01,606.5,45.53,39.78,76.51,,,3.701,25.79,77.26,23.56,32.49,76.51,,,,,,,,,3.701
2016-08-02,527,22.32,34.24,10.68,,,3.862,20.33,71.39,18.97,26.27,10.68,,,,,,,,,3.862
2016-08-03,570.3,23.21,38.23,6.507,,,4.023,23.38,74.93,24.79,29.82,6.507,,,,,,,,,4.023
2016-08-04,583.5,22.08,38.33,2.603,,,4.183,24.26,75.84,22.4,30.82,2.603,,,,,,,,,4.183
2016-08-05,581.3,22.91,39.34,3.425,,,4.344,24.09,75.67,26.99,30.63,3.425,,,,,,,,,4.344
2016-08-06,590.8,23.26,39.8,3.699,,,4.505,24.75,76.35,26.71,31.4,3.699,,,,,,,,,4.505
2016-08-07,594.7,22.37,38.79,2.466,,,4.666,25.01,76.61,21.85,31.71,2.466,,,,,,,,,4.666
2016-08-08,591.6,22.29,38.62,2.466,,,4.827,24.78,76.39,21.85,31.45,2.466,,,,,,,,,4.827
2016-08-09,587.9,20.82,36.89,0.6164,,,4.988,24.51,76.13,15.75,31.16,0.6164,,,,,,,,,4.988
2016-08-10,590,21.66,38.71,0.06849,,,5.149,24.66,76.3,22.53,31.35,0.06849,,,,,,,,,5.149
2016-08-11,589.6,21.62,38.6,0.06849,,,5.31,24.63,76.27,22.19,31.32,0.06849,,,,,,,,,5.31
2016-08-12,587.2,21.53,38.38,0.06849,,,5.471,24.45,76.1,21.85,31.12,0.06849,,,,,,,,,5.471
2016-08-13,585.4,21.97,39.16,0.06849,,,5.632,24.31,75.96,25.41,30.96,0.06849,,,,,,,,,5.632
2016-08-14,571.4,21.42,38.08,0.06849,,,5.792,23.32,74.93,24.25,29.82,0.06849,,,,,,,,,5.792
2016-08-15,566.6,20.68,36.63,0.137,,,5.953,22.99,74.58,19.52,29.44,0.137,,,,,,,,,5.953
2016-08-16,578.4,20.87,36.98,0.06849,,,6.114,23.8,75.45,18.29,30.39,0.06849,,,,,,,,,6.114
2016-08-17,573.7,20.19,35.67,0.06849,,,6.275,23.46,75.1,14.11,30,0.06849,,,,,,,,,6.275
2016-08-18,573.3,21.31,37.7,0.06849,,,6.436,23.42,75.07,22.33,29.96,0.06849,,,,,,,,,6.436
2016-08-19,574,21.38,37.78,0.06849,,,6.597,23.46,75.11,22.53,30.01,0.06849,,,,,,,,,6.597
2016-08-20,581.8,21.75,38.42,0.06849,,,6.758,23.96,75.61,23.56,30.57,0.06849,,,,,,,,,6.758
2016-08-21,580.8,21.99,38.82,0.06849,,,6.919,23.87,75.53,25.41,30.47,0.06849,,,,,,,,,6.919
2016-08-22,585,22.01,38.77,0.137,,,7.08,24.15,75.82,24.32,30.8,0.137,,,,,,,,,7.08
2016-08-23,582.6,21.56,37.81,0.274,,,7.241,23.98,75.65,21.03,30.61,0.274,,,,,,,,,7.241
2016-08-24,578.7,21.59,37.9,0.137,,,7.401,23.7,75.37,22.26,30.29,0.137,,,,,,,,,7.401
2016-08-25,576,20.75,36.33,0.06849,,,7.562,23.46,75.09,16.78,29.99,0.06849,,,,,,,,,7.562
2016-08-26,578.9,20.97,36.7,0.06849,,,7.723,23.64,75.29,17.67,30.21,0.06849,,,,,,,,,7.723
2016-08-27,570.2,21.01,36.64,0.2055,,,7.884,23.04,74.64,19.38,29.5,0.2055,,,,,,,,,7.884
2016-08-28,575.1,21.53,37.62,0.137,,,8.045,23.37,75.01,22.19,29.9,0.137,,,,,,,,,8.045
2016-08-29,573.4,21.35,37.27,0.06849,,,8.206,23.25,74.89,21.16,29.78,0.06849,,,,,,,,,8.206
2016-08-30,575.7,22.07,38.57,0.06849,,,8.367,23.39,75.04,25.89,29.94,0.06849,,,,,,,,,8.367
2016-08-31,572.3,20.92,36.33,0.137,,,8.528,23.13,74.75,17.81,29.62,0.137,,,,,,,,,8.528
2016-09-01,572.2,21.4,36.63,1.096,,,8.689,23.12,74.75,19.04,29.62,1.096,,,,,,,,,8.689
2016-09-02,576.8,22.12,37.84,1.233,,,8.85,23.43,75.08,22.88,29.98,1.233,,,,,,,,,8.85
2016-09-03,600.4,22.14,37.69,1.507,,,9.01,25.04,76.74,17.12,31.86,1.507,,,,,,,,,9.01
2016-09-04,610.5,24.81,42.52,1.644,,,9.171,25.72,77.4,34.32,32.65,1.644,,,,,,,,,9.171
2016-09-05,607.5,23,39.03,1.781,,,9.332,25.48,77.17,21.1,32.38,1.781,,,,,,,,,9.332
2016-09-06,613,23.03,39.04,1.781,,,9.493,25.83,77.5,20.07,32.77,1.781,,,,,,,,,9.493
2016-09-07,615.7,23.85,40.48,1.849,,,9.654,25.98,77.64,25.34,32.95,1.849,,,,,,,,,9.654
2016-09-08,630.6,24.24,41,2.123,,,9.815,26.97,78.55,24.38,34.1,2.123,,,,,,,,,9.815
2016-09-09,623,23.98,40.23,2.534,,,9.976,26.42,78.04,23.01,33.45,2.534,,,,,,,,,9.976
2016-09-10,624.8,25.03,41.4,3.836,,,10.14,26.52,78.14,27.4,33.57,3.836,,,,,,,,,10.14
2016-09-11,608.2,24.98,41.07,4.178,,,10.3,25.36,77.04,29.66,32.21,4.178,,,,,,,,,10.3
2016-09-12,607.7,24.79,40.86,3.836,,,10.46,25.31,76.99,28.97,32.16,3.836,,,,,,,,,10.46
2016-09-13,608.7,25.38,41.13,5.205,,,10.62,25.34,77.01,30,32.19,5.205,,,,,,,,,10.62
2016-09-14,609.4,24.79,40.3,4.658,,,10.78,25.37,77.04,26.58,32.22,4.658,,,,,,,,,10.78
2016-09-15,607.1,25.33,39.89,7.055,,,10.94,25.19,76.87,25.48,32.02,7.055,,,,,,,,,10.94
2016-09-16,607.8,25.11,38.64,8.425,,,11.1,25.21,76.89,20.41,32.04,8.425,,,,,,,,,11.1
2016-09-17,607.4,26.5,40.75,9.178,,,11.26,25.17,76.85,28.97,31.99,9.178,,,,,,,,,11.26
2016-09-18,611.5,26.11,39.44,10.14,,,11.42,25.43,77.12,22.88,32.31,10.14,,,,,,,,,11.42
2016-09-19,608.9,26.96,38.39,14.66,,,11.58,25.24,76.93,19.32,32.08,14.66,,,,,,,,,11.58
2016-09-20,608.4,27.25,39.74,13.15,,,11.75,25.15,76.83,25,31.97,13.15,,,,,,,,,11.75
2016-09-21,596.9,27.55,40.12,13.36,,,11.91,24.36,76.04,29.04,31.05,13.36,,,,,,,,,11.91
2016-09-22,595.6,27.21,37.8,16.23,,,12.07,24.26,75.94,20.07,30.94,16.23,,,,,,,,,12.07
2016-09-23,602.4,26.71,38.01,14.18,,,12.23,24.71,76.41,19.45,31.48,14.18,,,,,,,,,12.23
2016-09-24,602.7,28.53,40.63,15.41,,,12.39,24.73,76.44,29.86,31.51,15.41,,,,,,,,,12.39
2016-09-25,600.6,30.09,42,18.01,,,12.55,24.56,76.26,35.89,31.3,18.01,,,,,,,,,12.55
2016-09-26,606.8,29.43,39.68,19.86,,,12.71,24.96,76.66,25.34,31.77,19.86,,,,,,,,,12.71
2016-09-27,605.2,28.03,40.95,13.01,,,12.87,24.83,76.53,30.82,31.61,13.01,,,,,,,,,12.87
2016-09-28,604.7,28.22,39.1,16.78,,,13.03,24.78,76.49,23.56,31.56,16.78,,,,,,,,,13.03
2016-09-29,605.2,29.12,38.65,20.41,,,13.19,24.8,76.51,21.71,31.59,20.41,,,,,,,,,13.19
2016-09-30,608.9,27.18,38.83,13.7,,,13.35,25.04,76.75,21.64,31.88,13.7,,,,,,,,,13.35
2016-10-01,615.4,29.72,40.64,18.7,,,13.52,25.47,77.18,27.53,32.38,18.7,,,,,,,,,13.52
2016-10-02,611.7,29.13,38.91,19.73,,,13.68,25.2,76.92,21.44,32.08,19.73,,,,,,,,,13.68
2016-10-03,612.6,29.51,39.94,19.11,,,13.84,25.23,76.94,25.48,32.1,19.11,,,,,,,,,13.84
2016-10-04,610,28.97,40.3,16.64,,,14,25.02,76.72,27.6,31.84,16.64,,,,,,,,,14
2016-10-05,612.1,28.33,41.48,12.4,,,14.16,25.14,76.85,31.92,31.99,12.4,,,,,,,,,14.16
2016-10-06,611.8,28.06,40.62,12.95,,,14.32,25.1,76.81,28.63,31.94,12.95,,,,,,,,,14.32
2016-10-07,617.9,27.4,39.46,12.74,,,14.48,25.5,77.2,22.74,32.41,12.74,,,,,,,,,14.48
2016-10-08,619.3,28.54,42.21,11.58,,,14.64,25.57,77.27,33.49,32.49,11.58,,,,,,,,,14.64
2016-10-09,617.1,28.16,40.9,12.53,,,14.8,25.4,77.11,28.77,32.31,12.53,,,,,,,,,14.8
2016-10-10,618.1,26.36,37.96,11.78,,,14.96,25.45,77.16,16.85,32.36,11.78,,,,,,,,,14.96
2016-10-11,643,28.36,40.82,13.15,,,15.12,27.09,78.67,23.29,34.25,13.15,,,,,,,,,15.12
2016-10-12,636.6,31.36,40.81,22.88,,,15.29,26.59,78.2,24.79,33.65,22.88,,,,,,,,,15.29
2016-10-13,635.4,28.24,39.26,15.34,,,15.45,26.49,78.11,18.9,33.53,15.34,,,,,,,,,15.45
2016-10-14,639.6,29.67,40.19,18.29,,,15.61,26.75,78.34,21.85,33.83,18.29,,,,,,,,,15.61
2016-10-15,637.3,32.63,40.64,27.05,,,15.77,26.57,78.18,24.18,33.62,27.05,,,,,,,,,15.77
2016-10-16,642.9,33.86,39.82,32.4,,,15.93,26.93,78.51,19.79,34.04,32.4,,,,,,,,,15.93
2016-10-17,639.1,33.85,39.28,33.22,,,16.09,26.62,78.21,18.63,33.66,33.22,,,,,,,,,16.09
2016-10-18,635.6,35.34,41.66,33.84,,,16.25,26.34,77.94,29.04,33.32,33.84,,,,,,,,,16.25
2016-10-19,629.6,30.6,38.59,23.7,,,16.41,25.91,77.54,18.08,32.83,23.7,,,,,,,,,16.41
2016-10-20,628.6,31.08,39.06,24.38,,,16.57,25.82,77.46,20.21,32.73,24.38,,,,,,,,,16.57
2016-10-21,630.9,31.12,42.44,18.49,,,16.73,25.94,77.56,33.42,32.85,18.49,,,,,,,,,16.73
2016-10-22,654.5,30.43,42.45,16.16,,,16.89,27.5,79,28.63,34.67,16.16,,,,,,,,,16.89
2016-10-23,652,32.42,41.78,23.7,,,17.06,27.3,78.82,26.58,34.44,23.7,,,,,,,,,17.06
2016-10-24,650,34.68,41.52,31.44,,,17.22,27.14,78.66,26.03,34.24,31.44,,,,,,,,,17.22
2016-10-25,655.8,32.91,41.48,25.68,,,17.38,27.48,78.96,24.86,34.63,25.68,,,,,,,,,17.38
2016-10-26,675.1,32.35,42.78,21.51,,,17.54,28.72,80,26.37,36.04,21.51,,,,,,,,,17.54
2016-10-27,686.5,37.94,46.03,33.9,,,17.7,29.41,80.54,37.4,36.79,33.9,,,,,,,,,17.7
2016-10-28,690.4,35.03,45.51,25.27,,,17.86,29.62,80.71,34.66,37.03,25.27,,,,,,,,,17.86
2016-10-29,715.4,37.77,46.92,31.64,,,18.02,31.24,81.94,35.62,38.87,31.64,,,,,,,,,18.02
2016-10-30,699.3,37.09,47.22,28.84,,,18.18,30.12,81.09,40.07,37.59,28.84,,,,,,,,,18.18
2016-10-31,698.9,35.71,45.38,27.47,,,18.34,30.03,81,33.01,37.46,27.47,,,,,,,,,18.34
2016-11-01,730.6,39.14,47.31,35.14,,,18.5,32.08,82.53,34.86,39.79,35.14,,,,,,,,,18.5
2016-11-02,740.4,40.13,46.37,39.93,,,18.66,32.66,82.94,29.45,40.45,39.93,,,,,,,,,18.66
2016-11-03,689.9,41.06,45.51,44.38,,,18.83,29.25,80.35,35.89,36.53,44.38,,,,,,,,,18.83
2016-11-04,705.4,38.57,42.09,42.19,,,18.99,30.25,81.14,19.32,37.67,42.19,,,,,,,,,18.99
2016-11-05,706.8,37.73,45.86,32.81,,,19.15,30.31,81.2,34.18,37.75,32.81,,,,,,,,,19.15
2016-11-06,715.9,38.64,47.06,33.56,,,19.31,30.87,81.63,37.33,38.4,33.56,,,,,,,,,19.31
2016-11-07,706.2,39.71,45.65,39.45,,,19.47,30.19,81.1,33.7,37.61,39.45,,,,,,,,,19.47
2016-11-08,711.8,41.89,47.84,42.6,,,19.63,30.5,81.33,41.58,37.94,42.6,,,,,,,,,19.63
2016-11-09,721.5,43.82,46.81,50.62,,,19.79,31.07,81.75,35.82,38.58,50.62,,,,,,,,,19.79
2016-11-10,713.4,41.74,47.78,42.05,,,19.95,30.49,81.3,41.44,37.91,42.05,,,,,,,,,19.95
2016-11-11,715.7,37.54,47.57,28.7,,,20.11,30.6,81.38,40.27,38.03,28.7,,,,,,,,,20.11
2016-11-12,703.8,38.61,47.16,32.81,,,20.27,29.78,80.75,41.03,37.1,32.81,,,,,,,,,20.27
2016-11-13,703.6,37.39,44.59,33.29,,,20.43,29.74,80.72,30.82,37.06,33.29,,,,,,,,,20.43
2016-11-14,705.6,37.63,47.52,28.84,,,20.6,29.83,80.8,42.26,37.17,28.84,,,,,,,,,20.6
2016-11-15,712.3,36.54,46.79,26.51,,,20.76,30.23,81.11,38.22,37.61,26.51,,,,,,,,,20.76
2016-11-16,742.1,40.12,49.39,33.49,,,20.92,32.09,82.47,43.29,39.7,33.49,,,,,,,,,20.92
2016-11-17,735.3,41.33,48.3,39.25,,,21.08,31.58,82.08,40.48,39.08,39.25,,,,,,,,,21.08
2016-11-18,749.6,41.48,48.3,39.66,,,21.24,32.45,82.7,38.01,40.06,39.66,,,,,,,,,21.24
2016-11-19,751.2,40.69,47.88,37.74,,,21.4,32.51,82.74,36.16,40.13,37.74,,,,,,,,,21.4
2016-11-20,730.4,38.87,44.49,37.67,,,21.56,31.1,81.71,26.64,38.52,37.67,,,,,,,,,21.56
2016-11-21,736.5,38.06,46.32,31.78,,,21.72,31.45,81.98,32.95,38.92,31.78,,,,,,,,,21.72
2016-11-22,748,37.67,46.37,30.34,,,21.88,32.14,82.47,31.16,39.7,30.34,,,,,,,,,21.88
2016-11-23,741.2,37.18,47.56,26.58,,,22.04,31.59,82.03,37.6,39.01,26.58,,,,,,,,,22.04
2016-11-24,737.4,41.96,48.42,40.55,,,22.2,31.24,81.74,42.12,38.56,40.55,,,,,,,,,22.2
2016-11-25,739.7,41.87,47.81,41.23,,,22.37,31.35,81.83,39.38,38.69,41.23,,,,,,,,,22.37
2016-11-26,734.7,39.39,47.55,33.56,,,22.53,30.98,81.55,39.38,38.27,33.56,,,,,,,,,22.53
2016-11-27,727.7,40.43,46.13,39.32,,,22.69,30.49,81.18,35.14,37.72,39.32,,,,,,,,,22.69
2016-11-28,730.1,37.29,48.01,25.75,,,22.85,30.6,81.26,42.33,37.84,25.75,,,,,,,,,22.85
2016-11-29,731.6,37.13,46.89,27.12,,,23.01,30.67,81.31,37.67,37.92,27.12,,,,,,,,,23.01
2016-11-30,742.2,36.87,46.85,26.23,,,23.17,31.3,81.79,35.68,38.64,26.23,,,,,,,,,23.17
2016-12-01,753.7,36.58,47.92,23.36,,,23.33,31.99,82.28,38.01,39.4,23.36,,,,,,,,,23.33
2016-12-02,772.3,36.52,48.71,21.71,,,23.49,33.11,83.06,38.01,40.64,21.71,,,,,,,,,23.49
2016-12-03,766.1,35.26,49.96,15.34,,,23.65,32.48,82.5,45.14,39.74,15.34,,,,,,,,,23.65
2016-12-04,766.4,35.6,48.63,18.7,,,23.81,32.45,82.48,39.86,39.72,18.7,,,,,,,,,23.81
2016-12-05,752.7,36.48,47.99,22.6,,,23.97,31.51,81.8,40,38.65,22.6,,,,,,,,,23.97
2016-12-06,759.1,36.52,48.21,22.26,,,24.14,31.89,82.07,39.79,39.08,22.26,,,,,,,,,24.14
2016-12-07,765,37.96,49.89,23.9,,,24.3,32.21,82.31,45.62,39.44,23.9,,,,,,,,,24.3
2016-12-08,767.7,36.01,49.21,18.7,,,24.46,32.32,82.37,42.6,39.54,18.7,,,,,,,,,24.46
2016-12-09,771.9,33.03,47.3,12.26,,,24.62,32.54,82.53,34.32,39.8,12.26,,,,,,,,,24.62
2016-12-10,775.5,33.29,47.03,13.49,,,24.78,32.7,82.64,32.81,39.97,13.49,,,,,,,,,24.78
2016-12-11,770.5,36.83,50.75,18.42,,,24.94,32.34,82.38,48.7,39.56,18.42,,,,,,,,,24.94
2016-12-12,778.5,35.51,49.66,15.96,,,25.1,32.8,82.7,43.08,40.07,15.96,,,,,,,,,25.1
2016-12-13,778.9,35.76,50.66,14.93,,,25.26,32.76,82.67,47.19,40.02,14.93,,,,,,,,,25.26
2016-12-14,777,33.84,47.91,13.42,,,25.42,32.58,82.54,36.71,39.81,13.42,,,,,,,,,25.42
2016-12-15,776.2,32.63,45.97,12.81,,,25.58,32.46,82.45,29.32,39.66,12.81,,,,,,,,,25.58
2016-12-16,782.2,32.56,47.47,9.863,,,25.74,32.79,82.68,34.38,40.03,9.863,,,,,,,,,25.74
2016-12-17,789.6,33.14,49.1,8.836,,,25.91,33.21,82.97,39.73,40.5,8.836,,,,,,,,,25.91
2016-12-18,790.6,33.06,48.89,8.836,,,26.07,33.21,82.96,38.9,40.49,8.836,,,,,,,,,26.07
2016-12-19,790.3,33.8,49.68,9.795,,,26.23,33.14,82.92,42.26,40.41,9.795,,,,,,,,,26.23
2016-12-20,799.8,33.68,49.02,10.48,,,26.39,33.67,83.27,38.15,40.99,10.48,,,,,,,,,26.39
2016-12-21,828.5,35,51.97,9.521,,,26.55,35.36,84.32,45.41,42.8,9.521,,,,,,,,,26.55
2016-12-22,858.5,35.27,53.45,7.74,,,26.71,37.12,85.36,46.64,44.68,7.74,,,,,,,,,26.71
2016-12-23,915.6,36.39,55.94,6.918,,,26.87,40.52,87.17,47.81,48.28,6.918,,,,,,,,,26.87
2016-12-24,891.2,34.58,53.59,5.068,,,27.03,38.86,86.27,42.81,46.44,5.068,,,,,,,,,27.03
2016-12-25,896,36.27,55.63,6.918,,,27.19,39.08,86.39,50.41,46.66,6.918,,,,,,,,,27.19
2016-12-26,903.2,35.33,54.31,6.096,,,27.35,39.42,86.56,44.25,47.02,6.096,,,,,,,,,27.35
2016-12-27,926,36.54,56.36,6.37,,,27.51,40.72,87.23,49.11,48.4,6.37,,,,,,,,,27.51
2016-12-28,980,39.28,60.18,8.493,,,27.67,43.89,88.74,56.37,51.74,8.493,,,,,,,,,27.67
2016-12-29,973.5,38.35,58.06,9.11,,,27.84,43.27,88.39,49.66,50.94,9.11,,,,,,,,,27.84
2016-12-30,961.2,38.36,57.87,9.384,,,28,42.34,87.91,51.37,49.87,9.384,,,,,,,,,28
2016-12-31,969,38.03,57.37,9.11,,,28.16,42.72,88.11,48.36,50.29,9.11,,,,,,,,,28.16
2017-01-01,997.3,39.52,59.63,9.932,,,28.32,44.34,88.86,53.29,52.03,9.932,,,,,,,,,28.32
2017-01-02,1017,40.97,61.06,12.05,,,28.48,45.36,89.29,56.58,53.03,12.05,,,,,,,,,28.48
2017-01-03,1033,42.67,62.29,15.34,,,28.64,46.1,89.56,59.79,53.71,15.34,,,,,,,,,28.64
2017-01-04,1134,47.67,66.21,24.66,,,28.8,52.01,91.82,61.3,59.73,24.66,,,,,,,,,28.8
2017-01-05,1000,42.78,57.13,24.59,,,28.96,43.33,88.01,47.12,50.07,24.59,,,,,,,,,28.96
2017-01-06,892.5,36.96,53,12.81,,,29.12,36.63,84.43,47.95,42.98,12.81,,,,,,,,,29.12
2017-01-07,903.5,36.84,52.03,14.04,,,29.28,37.26,84.83,42.33,43.69,14.04,,,,,,,,,29.28
2017-01-08,912.5,39.44,54.73,17.67,,,29.44,37.74,85.12,51.85,44.23,17.67,,,,,,,,,29.44
2017-01-09,903.5,37.61,51.83,16.71,,,29.61,37.11,84.75,41.92,43.55,16.71,,,,,,,,,29.61
2017-01-10,906.5,37.66,53.57,13.77,,,29.77,37.22,84.82,48.56,43.68,13.77,,,,,,,,,29.77
2017-01-11,788.3,36.49,46.85,21.64,,,29.93,29.99,79.95,41.51,35.96,21.64,,,,,,,,,29.93
2017-01-12,807.1,37.04,48.91,19.73,,,30.09,31.14,80.85,46.44,37.23,19.73,,,,,,,,,30.09
2017-01-13,826.7,34.71,48.58,12.67,,,30.25,32.31,81.72,41.78,38.52,12.67,,,,,,,,,30.25
2017-01-14,820,35.14,49.57,12.26,,,30.41,31.87,81.42,46.92,38.08,12.26,,,,,,,,,30.41
2017-01-15,824.5,35.38,49.41,13.22,,,30.57,32.12,81.61,45.55,38.36,13.22,,,,,,,,,30.57
2017-01-16,830.8,35.12,49.99,11.3,,,30.73,32.47,81.87,46.85,38.76,11.3,,,,,,,,,30.73
2017-01-17,906,37.14,53.26,12.05,,,30.89,36.96,84.79,47.67,43.62,12.05,,,,,,,,,30.89
2017-01-18,881.3,35.87,51.21,11.44,,,31.05,35.39,83.82,43.7,41.92,11.44,,,,,,,,,31.05
2017-01-19,902.3,37.56,54.46,11.16,,,31.21,36.59,84.57,53.42,43.23,11.16,,,,,,,,,31.21
2017-01-20,895.2,38.35,55.53,11.78,,,31.38,36.1,84.28,59.04,42.71,11.78,,,,,,,,,31.38
2017-01-21,924.5,39.43,56.38,13.7,,,31.54,37.8,85.3,57.88,44.56,13.7,,,,,,,,,31.54
2017-01-22,922.5,38.74,55.49,12.95,,,31.7,37.59,85.17,54.86,44.33,12.95,,,,,,,,,31.7
2017-01-23,919.1,36.78,52.11,12.4,,,31.86,37.3,85,42.12,44.02,12.4,,,,,,,,,31.86
2017-01-24,887.7,36.09,51.1,11.85,,,32.02,35.33,83.79,43.42,41.86,11.85,,,,,,,,,32.02
2017-01-25,895.7,35.76,51.54,9.932,,,32.18,35.73,84.03,44.11,42.29,9.932,,,,,,,,,32.18
2017-01-26,916.7,36.48,52.98,9.658,,,32.34,36.91,84.75,46.71,43.56,9.658,,,,,,,,,32.34
2017-01-27,920.5,37.23,54.57,9.247,,,32.5,37.06,84.86,52.6,43.75,9.247,,,,,,,,,32.5
2017-01-28,922.8,36.37,53.09,8.973,,,32.66,37.14,84.91,46.44,43.86,8.973,,,,,,,,,32.66
2017-01-29,915.6,36.58,53.9,8.151,,,32.82,36.59,84.56,51.23,43.21,8.151,,,,,,,,,32.82
2017-01-30,920.3,35.53,52.09,7.808,,,32.98,36.8,84.69,43.42,43.45,7.808,,,,,,,,,32.98
2017-01-31,968.5,36.72,54.73,6.986,,,33.15,39.59,86.29,46.58,46.47,6.986,,,,,,,,,33.15
2017-02-01,987.5,39.38,60.41,5.616,,,33.31,40.61,86.82,66.64,47.55,5.616,,,,,,,,,33.31
2017-02-02,1008,37.52,57.85,3.973,,,33.47,41.68,87.36,53.7,48.67,3.973,,,,,,,,,33.47
2017-02-03,1015,36.65,57.13,2.329,,,33.63,41.97,87.48,50.14,48.92,2.329,,,,,,,,,33.63
2017-02-04,1034,36.9,57.58,2.26,,,33.79,42.94,87.96,49.45,49.98,2.26,,,,,,,,,33.79
2017-02-05,1015,37.57,58.2,3.288,,,33.95,41.69,87.34,55.14,48.63,3.288,,,,,,,,,33.95
2017-02-06,1023,35.97,55.21,3.219,,,34.11,42.08,87.53,42.19,49.03,3.219,,,,,,,,,34.11
2017-02-07,1054,38.17,59.25,3.219,,,34.27,43.71,88.3,54.25,50.74,3.219,,,,,,,,,34.27
2017-02-08,1052,37.65,58.47,2.808,,,34.43,43.49,88.19,51.71,50.48,2.808,,,,,,,,,34.43
2017-02-09,982.8,37.87,57.12,5.822,,,34.59,39.29,86.03,57.19,45.95,5.822,,,,,,,,,34.59
2017-02-10,996.7,36.13,55.33,3.219,,,34.75,39.98,86.39,48.29,46.66,3.219,,,,,,,,,34.75
2017-02-11,1011,36.62,55.33,4.726,,,34.92,40.77,86.83,46.16,47.55,4.726,,,,,,,,,34.92
2017-02-12,1006,37.16,55.11,6.781,,,35.08,40.38,86.63,46.3,47.15,6.781,,,,,,,,,35.08
2017-02-13,1000,38.91,57.3,8.562,,,35.24,39.9,86.37,56.3,46.63,8.562,,,,,,,,,35.24
2017-02-14,1012,39.43,58.58,7.945,,,35.4,40.52,86.7,59.79,47.3,7.945,,,,,,,,,35.4
2017-02-15,1014,37.95,55.19,8.973,,,35.56,40.54,86.73,46.16,47.35,8.973,,,,,,,,,35.56
2017-02-16,1037,39.45,57.74,9.315,,,35.72,41.76,87.36,53.15,48.67,9.315,,,,,,,,,35.72
2017-02-17,1059,40.91,58.8,12.12,,,35.88,42.86,87.89,54.66,49.81,12.12,,,,,,,,,35.88
2017-02-18,1061,41.19,58.84,12.88,,,36.04,42.86,87.89,54.79,49.81,12.88,,,,,,,,,36.04
2017-02-19,1059,39.3,56.74,10.34,,,36.2,42.65,87.79,46.92,49.6,10.34,,,,,,,,,36.2
2017-02-20,1089,41.16,59.84,10.89,,,36.36,44.25,88.56,55.21,51.33,10.89,,,,,,,,,36.36
2017-02-21,1129,42.42,60.52,13.7,,,36.52,46.38,89.51,52.6,53.57,13.7,,,,,,,,,36.52
2017-02-22,1130,42.58,60.34,14.45,,,36.69,46.2,89.38,52.53,53.27,14.45,,,,,,,,,36.69
2017-02-23,1189,46.16,64.87,18.08,,,36.85,49.34,90.67,62.95,56.53,18.08,,,,,,,,,36.85
2017-02-24,1185,48.64,65.75,24.52,,,37.01,48.84,90.39,67.95,55.8,24.52,,,,,,,,,37.01
2017-02-25,1152,48.42,64.35,26.16,,,37.17,46.77,89.53,67.47,53.63,26.16,,,,,,,,,37.17
2017-02-26,1182,49.33,66.38,25.48,,,37.33,48.34,90.21,71.64,55.34,25.48,,,,,,,,,37.33
2017-02-27,1194,47.99,63.65,25.82,,,37.49,48.86,90.42,59.45,55.88,25.82,,,,,,,,,37.49
2017-02-28,1188,49.29,64.43,28.63,,,37.65,48.36,90.22,63.77,55.35,28.63,,,,,,,,,37.65
2017-03-01,1228,50.01,65.2,29.52,,,37.81,50.38,91,61.99,57.42,29.52,,,,,,,,,37.81
2017-03-02,1263,52.31,67.93,32.12,,,37.97,52.04,91.59,69.04,59.07,32.12,,,,,,,,,37.97
2017-03-03,1289,54.57,68.33,38.7,,,38.13,53.2,91.96,68.01,60.14,38.7,,,,,,,,,38.13
2017-03-04,1269,57.85,64.91,55.27,,,38.29,51.85,91.47,57.6,58.72,55.27,,,,,,,,,38.29
2017-03-05,1276,58.58,67.05,53.84,,,38.46,52.06,91.55,65.62,58.96,53.84,,,,,,,,,38.46
2017-03-06,1282,61.33,66.54,63.56,,,38.62,52.14,91.56,63.49,58.98,63.56,,,,,,,,,38.62
2017-03-07,1234,62.12,65.41,68.01,,,38.78,49.3,90.46,65.89,56,68.01,,,,,,,,,38.78
2017-03-08,1152,60.52,59.75,72.67,,,38.94,44.62,88.45,54.86,51.07,72.67,,,,,,,,,38.94
2017-03-09,1193,63.16,62.72,75.96,,,39.1,46.77,89.43,61.3,53.38,75.96,,,,,,,,,39.1
2017-03-10,1099,62.46,58.67,80.68,,,39.26,41.47,86.96,58.42,47.83,80.68,,,,,,,,,39.26
2017-03-11,1177,60.19,61.77,67.81,,,39.42,45.66,88.98,60.14,52.3,67.81,,,,,,,,,39.42
2017-03-12,1232,64.72,65.2,76.44,,,39.58,48.51,90.22,66.71,55.36,76.44,,,,,,,,,39.58
2017-03-13,1239,61.91,64.13,69.11,,,39.74,48.63,90.2,62.4,55.3,69.11,,,,,,,,,39.74
2017-03-14,1247,63.85,65.58,72.81,,,39.9,48.84,90.28,67.67,55.52,72.81,,,,,,,,,39.9
2017-03-15,1259,64.36,64.32,76.58,,,40.06,49.26,90.43,61.71,55.9,76.58,,,,,,,,,40.06
2017-03-16,1178,64.61,61.68,81.92,,,40.23,44.73,88.46,62.47,51.09,81.92,,,,,,,,,40.23
2017-03-17,1072,63.71,56.09,88.7,,,40.39,38.95,85.55,54.79,45.05,88.7,,,,,,,,,40.39
2017-03-18,962.6,62.6,50.46,94.86,,,40.55,33.02,81.89,48.15,38.79,94.86,,,,,,,,,40.55
2017-03-19,1020,64.86,54.62,94.86,,,40.71,36.08,83.91,56.44,42.07,94.86,,,,,,,,,40.71
2017-03-20,1038,63.45,52.3,94.25,,,40.87,36.98,84.48,44.66,43.08,94.25,,,,,,,,,40.87
2017-03-21,1112,66.56,56.32,97.26,,,41.03,40.82,86.62,50.68,47.13,97.26,,,,,,,,,41.03
2017-03-22,1037,65.24,54.52,96.03,,,41.19,36.73,84.31,54.25,42.78,96.03,,,,,,,,,41.19
2017-03-23,1028,63.74,52.75,94.18,,,41.35,36.21,84.02,48.49,42.27,94.18,,,,,,,,,41.35
2017-03-24,935.1,63.24,50.72,96.03,,,41.51,31.2,80.64,54.11,36.94,96.03,,,,,,,,,41.51
2017-03-25,968.5,61.36,48.67,93.42,,,41.67,32.94,81.9,41.03,38.8,93.42,,,,,,,,,41.67
2017-03-26,963,62.83,51.08,93.9,,,41.83,32.58,81.65,51.64,38.43,93.9,,,,,,,,,41.83
2017-03-27,1043,62.96,51.78,93.01,,,42,36.76,84.38,43.08,42.89,93.01,,,,,,,,,42
2017-03-28,1045,64.6,54.38,93.7,,,42.16,36.79,84.39,53.42,42.91,93.7,,,,,,,,,42.16
2017-03-29,1040,62.41,52.11,90.48,,,42.32,36.44,84.18,45.27,42.55,90.48,,,,,,,,,42.32
2017-03-30,1038,63.4,55.08,88.42,,,42.48,36.27,84.09,57.6,42.38,88.42,,,,,,,,,42.48
2017-03-31,1082,62.95,53.54,89.59,,,42.64,38.45,85.35,45.68,44.66,89.59,,,,,,,,,42.64
2017-04-01,1090,61.3,53.66,83.9,,,42.8,38.77,85.53,45.34,45,83.9,,,,,,,,,42.8
2017-04-02,1106,62.45,57.67,80.55,,,42.96,39.53,85.96,59.38,45.82,80.55,,,,,,,,,42.96
2017-04-03,1145,61.57,61.68,70.62,,,43.12,41.45,86.96,70.48,47.83,70.62,,,,,,,,,43.12
2017-04-04,1142,54.54,55.11,59.18,,,43.28,41.19,86.82,44.86,47.55,59.18,,,,,,,,,43.28
2017-04-05,1136,54.54,59.65,51.16,,,43.44,40.75,86.59,64.18,47.07,51.16,,,,,,,,,43.44
2017-04-06,1195,54.3,60.4,48.97,,,43.6,43.68,88.04,59.73,50.15,48.97,,,,,,,,,43.6
2017-04-07,1192,55.24,62.09,48.97,,,43.77,43.36,87.86,67.4,49.75,48.97,,,,,,,,,43.77
2017-04-08,1184,51.24,58.02,43.01,,,43.93,42.87,87.63,52.33,49.26,43.01,,,,,,,,,43.93
2017-04-09,1214,53.36,62.58,41.85,,,44.09,44.26,88.3,67.05,50.72,41.85,,,,,,,,,44.09
2017-04-10,1212,52.49,60.76,42.12,,,44.25,44.01,88.18,60.41,50.45,42.12,,,,,,,,,44.25
2017-04-11,1230,54.57,64.08,43.01,,,44.41,44.8,88.54,71.71,51.28,43.01,,,,,,,,,44.41
2017-04-12,1216,52.66,60.13,43.63,,,44.57,43.94,88.13,58.08,50.35,43.63,,,,,,,,,44.57
2017-04-13,1173,49.87,55.73,42.19,,,44.73,41.6,86.99,46.44,47.9,42.19,,,,,,,,,44.73
2017-04-14,1174,50.92,57.27,42.81,,,44.89,41.59,87,52.6,47.91,42.81,,,,,,,,,44.89
2017-04-15,1176,50.68,59.02,38.9,,,45.05,41.57,87.01,59.59,47.93,38.9,,,,,,,,,45.05
2017-04-16,1174,47.06,58.28,28.36,,,45.21,41.4,86.94,56.99,47.79,28.36,,,,,,,,,45.21
2017-04-17,1192,42.19,57.88,13.15,,,45.37,42.18,87.32,53.42,48.58,13.15,,,,,,,,,45.37
2017-04-18,1202,42.31,59.66,10.34,,,45.53,42.58,87.52,59.52,49.01,10.34,,,,,,,,,45.53
2017-04-19,1210,41.84,59.4,9.178,,,45.7,42.84,87.65,57.81,49.3,9.178,,,,,,,,,45.7
2017-04-20,1236,41.39,59.86,6.849,,,45.86,44.04,88.22,56.64,50.54,6.849,,,,,,,,,45.86
2017-04-21,1247,43.71,64.11,6.849,,,46.02,44.49,88.44,72.47,51.05,6.849,,,,,,,,,46.02
2017-04-22,1244,42.36,61.13,7.603,,,46.18,44.2,88.32,61.23,50.77,7.603,,,,,,,,,46.18
2017-04-23,1250,42.44,62.56,5.274,,,46.34,44.41,88.43,66.37,51.03,5.274,,,,,,,,,46.34
2017-04-24,1257,40.02,58.25,4.863,,,46.5,44.62,88.52,48.63,51.24,4.863,,,,,,,,,46.5
2017-04-25,1280,42.77,63.16,5.137,,,46.66,45.6,88.96,65.82,52.25,5.137,,,,,,,,,46.66
2017-04-26,1296,43.52,64.42,5.274,,,46.82,46.27,89.25,69.25,52.94,5.274,,,,,,,,,46.82
2017-04-27,1346,44.46,65.69,6.027,,,46.98,48.53,90.19,68.77,55.28,6.027,,,,,,,,,46.98
2017-04-28,1348,45.18,63.9,11.44,,,47.14,48.39,90.08,62.12,55.01,11.44,,,,,,,,,47.14
2017-04-29,1358,47.58,67.92,12.12,,,47.3,48.7,90.22,77.4,55.35,12.12,,,,,,,,,47.3
2017-04-30,1382,47.38,67.27,12.53,,,47.47,49.7,90.61,72.4,56.38,12.53,,,,,,,,,47.47
2017-05-01,1437,49.97,69.02,17.81,,,47.63,52.12,91.48,73.7,58.76,17.81,,,,,,,,,47.63
2017-05-02,1464,51.63,70.33,20.82,,,47.79,53.15,91.81,76.64,59.71,20.82,,,,,,,,,47.79
2017-05-03,1519,50.45,69.93,17.6,,,47.95,55.57,92.62,69.38,62.13,17.6,,,,,,,,,47.95
2017-05-04,1540,56.34,73.36,30.68,,,48.11,56.15,92.72,82.12,62.43,30.68,,,,,,,,,48.11
2017-05-05,1530,54.31,69.21,31.23,,,48.27,55.28,92.36,67.88,61.33,31.23,,,,,,,,,48.27
2017-05-06,1573,57.08,74.08,31.64,,,48.43,57.09,92.95,83.15,63.14,31.64,,,,,,,,,48.43
2017-05-07,1526,55.62,72.11,30.27,,,48.59,54.56,92.1,81.23,60.56,30.27,,,,,,,,,48.59
2017-05-08,1685,61.62,77.81,39.73,,,48.75,61.76,94.3,87.53,67.64,39.73,,,,,,,,,48.75
2017-05-09,1719,60.5,77.32,36.85,,,48.91,62.9,94.55,83.29,68.53,36.85,,,,,,,,,48.91
2017-05-10,1782,60.16,78.56,33.49,,,49.07,65.44,95.2,82.67,70.94,33.49,,,,,,,,,49.07
2017-05-11,1835,60.17,78.66,33.29,,,49.24,67.35,95.6,79.18,72.5,33.29,,,,,,,,,49.24
2017-05-12,1705,57.64,75.6,30.34,,,49.4,60.73,93.76,82.12,65.78,30.34,,,,,,,,,49.4
2017-05-13,1780,59.26,78.16,31.03,,,49.56,63.91,94.67,85.07,68.98,31.03,,,,,,,,,49.56
2017-05-14,1795,58.77,78.77,28.29,,,49.72,64.26,94.8,86.58,69.43,28.29,,,,,,,,,49.72
2017-05-15,1737,56.63,76.99,24.38,,,49.88,61.18,93.91,86.58,66.29,24.38,,,,,,,,,49.88
2017-05-16,1757,54.56,74.65,21.64,,,50.04,61.77,94.08,75.89,66.88,21.64,,,,,,,,,50.04
2017-05-17,1809,57,77.81,23.97,,,50.2,63.67,94.56,84.45,68.57,23.97,,,,,,,,,50.2
2017-05-18,1894,60.59,79.38,32.81,,,50.36,67.17,95.49,82.81,72.05,32.81,,,,,,,,,50.36
2017-05-19,1968,62.77,82.42,34.52,,,50.52,69.95,96.13,88.97,74.62,34.52,,,,,,,,,50.52
2017-05-20,2048,66.89,84.3,44.52,,,50.68,73.03,96.82,89.79,77.56,44.52,,,,,,,,,50.68
2017-05-21,2045,70.7,83.11,58.9,,,50.84,72.3,96.63,86.78,76.75,58.9,,,,,,,,,50.84
2017-05-22,2079,72.14,83.4,63.01,,,51.01,72.97,96.65,87.19,76.8,63.01,,,,,,,,,51.01
2017-05-23,2257,74.35,88.03,61.99,,,51.17,79.95,97.97,91.3,82.91,61.99,,,,,,,,,51.17
2017-05-24,2415,80.19,90.96,75.75,,,51.33,85.84,98.96,91.1,87.96,75.75,,,,,,,,,51.33
2017-05-25,2320,81.65,87.89,85.82,,,51.49,80.47,97.79,91.3,82,85.82,,,,,,,,,51.49
2017-05-26,2279,81.11,86.13,87.05,,,51.65,77.88,97.21,90.14,79.28,87.05,,,,,,,,,51.65
2017-05-27,2044,78.62,80.24,89.18,,,51.81,67.2,94.76,89.73,69.3,89.18,,,,,,,,,51.81
2017-05-28,2226,79.83,84.56,85.48,,,51.97,74.51,96.54,90.82,76.36,85.48,,,,,,,,,51.97
2017-05-29,2285,78.9,85.29,81.1,,,52.13,76.4,96.97,89.59,78.21,81.1,,,,,,,,,52.13
2017-05-30,2167,76.56,82.78,77.81,,,52.29,70.83,95.71,91.64,72.93,77.81,,,,,,,,,52.29
2017-05-31,2299,72.63,85.3,60.55,,,52.45,75.7,96.77,91.37,77.35,60.55,,,,,,,,,52.45
2017-06-01,2400,70.32,87.26,49.52,,,52.61,79.1,97.43,92.19,80.33,49.52,,,,,,,,,52.61
2017-06-02,2479,72.31,88.22,54.25,,,52.78,81.64,97.94,90.55,82.74,54.25,,,,,,,,,52.78
2017-06-03,2550,69.49,90.36,41.23,,,52.94,83.69,98.32,94.79,84.64,41.23,,,,,,,,,52.94
2017-06-04,2525,69.65,88.75,44.52,,,53.1,81.88,97.99,92.12,82.99,44.52,,,,,,,,,53.1
2017-06-05,2685,72.46,91.99,47.88,,,53.26,87.42,98.97,93.49,88.06,47.88,,,,,,,,,53.26
2017-06-06,2871,75.08,95.1,50.89,,,53.42,93.72,99.97,92.95,93.75,50.89,,,,,,,,,53.42
2017-06-07,2707,68.86,91.33,37.19,,,53.58,86.18,98.73,93.63,86.77,37.19,,,,,,,,,53.58
2017-06-08,2803,68.66,92.83,33.84,,,53.74,88.96,99.2,93.84,89.31,33.84,,,,,,,,,53.74
2017-06-09,2805,70.25,91.89,40.55,,,53.9,88.02,99.03,92.12,88.38,40.55,,,,,,,,,53.9
2017-06-10,2916,72.98,93.43,46.64,,,54.06,91.23,99.54,91.71,91.23,46.64,,,,,,,,,54.06
2017-06-11,2974,77.36,94.24,59.38,,,54.22,92.35,99.73,92.53,92.33,59.38,,,,,,,,,54.22
2017-06-12,2665,76.47,86.92,69.25,,,54.38,79.52,97.34,90.89,79.92,69.25,,,,,,,,,54.38
2017-06-13,2707,76.41,87.14,68.56,,,54.55,80.2,97.43,90.62,80.31,68.56,,,,,,,,,54.55
2017-06-14,2444,75.11,80.84,75.27,,,54.71,69.72,95.12,87.88,70.63,75.27,,,,,,,,,54.71
2017-06-15,2410,74.02,80.39,72.47,,,54.87,68.03,94.75,89.52,69.25,72.47,,,,,,,,,54.87
2017-06-16,2476,76.02,81.4,77.12,,,55.03,69.97,95.23,89.32,71.07,77.12,,,,,,,,,55.03
2017-06-17,2653,76.76,85.03,73.08,,,55.19,75.95,96.67,90.62,76.88,73.08,,,,,,,,,55.19
2017-06-18,2508,74.45,81.36,71.92,,,55.35,69.98,95.25,89.04,71.14,71.92,,,,,,,,,55.35
2017-06-19,2590,74.91,83.02,70.41,,,55.51,72.33,95.8,90.68,73.27,70.41,,,,,,,,,55.51
2017-06-20,2733,76.55,85.2,71.85,,,55.67,76.83,96.79,89.73,77.43,71.85,,,,,,,,,55.67
2017-06-21,2639,73.81,82.93,66.85,,,55.83,72.86,95.93,89.11,73.81,66.85,,,,,,,,,55.83
2017-06-22,2687,72.7,83.51,62.12,,,55.99,73.91,96.17,89.18,74.78,62.12,,,,,,,,,55.99
2017-06-23,2686,69.18,83.86,50,,,56.15,73.3,96.05,91.78,74.3,50,,,,,,,,,56.15
2017-06-24,2562,62.38,80.61,33.49,,,56.32,68.51,94.95,88.97,70.01,33.49,,,,,,,,,56.32
2017-06-25,2498,61.33,77.42,35.62,,,56.48,65.88,94.33,81.71,67.75,35.62,,,,,,,,,56.48
2017-06-26,2426,60.04,77.11,31.85,,,56.64,63.07,93.61,86.51,65.27,31.85,,,,,,,,,56.64
2017-06-27,2530,61.22,78.56,33.08,,,56.8,66.28,94.52,85,68.44,33.08,,,,,,,,,56.8
2017-06-28,2563,61.98,80.35,32.33,,,56.96,66.95,94.71,90.62,69.13,32.33,,,,,,,,,56.96
2017-06-29,2540,60.98,77.28,34.38,,,57.12,65.74,94.41,80.96,68.03,34.38,,,,,,,,,57.12
2017-06-30,2453,61.43,77.29,35.75,,,57.28,62.31,93.44,88.7,64.72,35.75,,,,,,,,,57.28
2017-07-01,2412,62.31,76.72,39.52,,,57.44,60.65,93,89.93,63.29,39.52,,,,,,,,,57.44
2017-07-02,2519,63.67,79.35,39.25,,,57.6,63.92,93.99,92.95,66.56,39.25,,,,,,,,,57.6
2017-07-03,2552,63.05,79.35,37.19,,,57.76,64.6,94.18,91.37,67.23,37.19,,,,,,,,,57.76
2017-07-04,2600,63.84,79.59,39.25,,,57.92,65.81,94.54,89.52,68.49,39.25,,,,,,,,,57.92
2017-07-05,2608,62.45,79.27,35.21,,,58.09,65.62,94.48,88.7,68.29,35.21,,,,,,,,,58.09
2017-07-06,2603,60.03,78.67,28.29,,,58.25,65.06,94.36,87.4,67.86,28.29,,,,,,,,,58.25
2017-07-07,2496,59.35,76.39,30,,,58.41,61.11,93.23,87.19,64.04,30,,,,,,,,,58.41
2017-07-08,2553,60.23,78.21,29.59,,,58.57,62.69,93.74,90.68,65.71,29.59,,,,,,,,,58.57
2017-07-09,2506,60.83,75.69,35.89,,,58.73,60.86,93.25,84.52,64.11,35.89,,,,,,,,,58.73
2017-07-10,2319,59.01,73.98,32.88,,,58.89,54.59,91.28,91.85,58.19,32.88,,,,,,,,,58.89
2017-07-11,2319,58.47,73.16,32.47,,,59.05,54.39,91.25,88.9,58.11,32.47,,,,,,,,,59.05
2017-07-12,2375,56.79,74.47,24.66,,,59.21,55.99,91.85,90.21,59.82,24.66,,,,,,,,,59.21
2017-07-13,2344,53.83,72.71,18.01,,,59.37,54.75,91.46,85.96,58.69,18.01,,,,,,,,,59.37
2017-07-14,2215,52.29,68.21,20.82,,,59.53,50.44,89.9,77.95,54.54,20.82,,,,,,,,,59.53
2017-07-15,1990,51.96,61.27,31.78,,,59.69,43.19,86.8,67.6,47.5,31.78,,,,,,,,,59.69
2017-07-16,1911,53.65,62.41,35.21,,,59.86,40.66,85.59,78.29,45.12,35.21,,,,,,,,,59.86
2017-07-17,2216,56.19,68.86,32.12,,,60.02,50.16,89.92,80.75,54.59,32.12,,,,,,,,,60.02
2017-07-18,2304,59.96,71.74,39.25,,,60.18,52.73,90.91,86.16,57.17,39.25,,,,,,,,,60.18
2017-07-19,2257,56.6,69.55,32.05,,,60.34,51.04,90.28,81.37,55.52,32.05,,,,,,,,,60.34
2017-07-20,2824,63.12,81.89,31.58,,,60.5,68.35,95.59,91.16,72.45,31.58,,,,,,,,,60.5
2017-07-21,2666,60.72,78.06,30.41,,,60.66,62.97,94.15,88.01,67.12,30.41,,,,,,,,,60.66
2017-07-22,2830,63.52,81.37,33.63,,,60.82,67.63,95.41,90.68,71.75,33.63,,,,,,,,,60.82
2017-07-23,2753,61.02,80,27.81,,,60.98,64.85,94.7,91.37,69.08,27.81,,,,,,,,,60.98
2017-07-24,2755,60.7,79.96,26.78,,,61.14,64.5,94.61,91.99,68.75,26.78,,,,,,,,,61.14
2017-07-25,2559,55,74.26,18.15,,,61.3,57.93,92.57,84.59,61.96,18.15,,,,,,,,,61.3
2017-07-26,2522,51.96,73.15,10.14,,,61.46,56.54,92.13,83.29,60.63,10.14,,,,,,,,,61.46
2017-07-27,2665,52.56,76.25,6.575,,,61.63,60.44,93.31,86.99,64.28,6.575,,,,,,,,,61.63
2017-07-28,2794,54.88,77.72,11.44,,,61.79,63.42,93.91,87.26,66.3,11.44,,,,,,,,,61.79
2017-07-29,2706,54.01,75.72,12.05,,,61.95,60.07,92.75,87.53,62.52,12.05,,,,,,,,,61.95
2017-07-30,2749,50.78,75.19,2.397,,,62.11,60.45,92.59,85.68,62.03,2.397,,,,,,,,,62.11
2017-07-31,2863,51.37,76.29,2.329,,,62.27,62.67,92.89,86.64,62.94,2.329,,,,,,,,,62.27
2017-08-01,2727,49.77,73.31,2.26,,,62.43,58.04,91.34,85.48,58.36,2.26,,,,,,,,,62.43
2017-08-02,2690,49.72,72.33,3.699,,,62.59,56.44,90.73,85.48,56.69,3.699,,,,,,,,,62.59
2017-08-03,2790,50.04,72.9,3.699,,,62.75,58.77,91.38,82.95,58.48,3.699,,,,,,,,,62.75
2017-08-04,2860,51.84,75.45,5,,,62.91,59.93,91.5,91.58,58.8,5,,,,,,,,,62.91
2017-08-05,3237,55.57,81.3,6.781,,,63.07,70.05,94.17,93.77,67.2,6.781,,,,,,,,,63.07
2017-08-06,3230,54.09,78.98,5.959,,,63.23,68.76,93.62,88.22,65.33,5.959,,,,,,,,,63.23
2017-08-07,3393,54.43,81.37,2.808,,,63.4,72.28,94.27,91.37,67.55,2.808,,,,,,,,,63.4
2017-08-08,3426,56.75,81.53,10,,,63.56,72.2,94.1,92.88,66.94,10,,,,,,,,,63.56
2017-08-09,3347,55.34,78.67,10.34,,,63.72,69.16,93.25,88.15,64.11,10.34,,,,,,,,,63.72
2017-08-10,3437,56.13,79.45,11.44,,,63.88,70.96,93.67,87.67,65.49,11.44,,,,,,,,,63.88
2017-08-11,3661,57.81,83.08,10.48,,,64.04,76.39,94.93,91.1,69.92,10.48,,,,,,,,,64.04
2017-08-12,3871,60.7,85.38,15.75,,,64.2,81.2,95.9,90.75,73.66,15.75,,,,,,,,,64.2
2017-08-13,4064,62.05,88.2,15.14,,,64.36,85.38,96.67,93.84,76.92,15.14,,,,,,,,,64.36
2017-08-14,4305,63.35,90.21,15.75,,,64.52,90.53,97.52,92.05,80.74,15.75,,,,,,,,,64.52
2017-08-15,4160,61.17,88.19,12.12,,,64.68,85.48,96.58,94.18,76.52,12.12,,,,,,,,,64.68
2017-08-16,4365,62.83,89.74,14.73,,,64.84,89.74,97.35,91.92,79.96,14.73,,,,,,,,,64.84
2017-08-17,4309,62.03,89.31,12.81,,,65,86.95,96.78,96.16,77.37,12.81,,,,,,,,,65
2017-08-18,4109,62.57,85.49,21.16,,,65.16,80.72,95.55,93.36,72.31,21.16,,,,,,,,,65.16
2017-08-19,4160,60.1,85.66,12.74,,,65.33,81.02,95.57,93.7,72.37,12.74,,,,,,,,,65.33
2017-08-20,4086,59.8,83.02,16.3,,,65.49,78.05,94.87,89.45,69.72,16.3,,,,,,,,,65.49
2017-08-21,3993,58.47,80.2,16.85,,,65.65,74.93,94.2,84.38,67.29,16.85,,,,,,,,,65.65
2017-08-22,4074,59.79,78.69,23.7,,,65.81,76.18,94.48,75.82,68.29,23.7,,,,,,,,,65.81
2017-08-23,4147,64.93,83.69,31.58,,,65.97,77.12,94.67,93.97,68.98,31.58,,,,,,,,,65.97
2017-08-24,4326,62.53,82.66,25.48,,,66.13,80.76,95.5,82.33,72.08,25.48,,,,,,,,,66.13
2017-08-25,4353,66.32,82.62,37.81,,,66.29,80.57,95.49,82.33,72.07,37.81,,,,,,,,,66.29
2017-08-26,4342,70.52,82.39,51.78,,,66.45,79.49,95.31,83.42,71.35,51.78,,,,,,,,,66.45
2017-08-27,4345,69.78,84.72,45.21,,,66.61,78.79,95.21,93.9,70.98,45.21,,,,,,,,,66.61
2017-08-28,4380,65.42,83.75,32.67,,,66.77,78.8,95.23,89.93,71.05,32.67,,,,,,,,,66.77
2017-08-29,4600,81.95,86.81,80.96,,,66.93,82.95,96.03,94.04,74.22,80.96,,,,,,,,,66.93
2017-08-30,4587,83.13,86.52,85.21,,,67.1,81.69,95.79,95.34,73.25,85.21,,,,,,,,,67.1
2017-08-31,4740,83.64,87.67,84.79,,,67.26,84.16,96.24,95.21,75.06,84.79,,,,,,,,,67.26
2017-09-01,4918,83.72,89.36,81.99,,,67.42,87.11,96.77,96.23,77.34,81.99,,,,,,,,,67.42
2017-09-02,4595,80.92,84.78,80.82,,,67.58,78.77,95.12,94.59,70.64,80.82,,,,,,,,,67.58
2017-09-03,4625,79.73,84.57,77.26,,,67.74,78.7,95.16,93.63,70.78,77.26,,,,,,,,,67.74
2017-09-04,4375,78.35,81.54,78.01,,,67.9,72.29,93.69,94.59,65.57,78.01,,,,,,,,,67.9
2017-09-05,4454,78.9,82.55,77.95,,,68.06,73.44,94.01,96.1,66.65,77.95,,,,,,,,,68.06
2017-09-06,4608,82.31,83.39,87.47,,,68.22,76.1,94.65,93.9,68.89,87.47,,,,,,,,,68.22
2017-09-07,4635,75.57,83.42,65.41,,,68.38,75.77,94.51,95,68.41,65.41,,,,,,,,,68.38
2017-09-08,4345,73.92,79.66,66.58,,,68.54,68.89,92.9,93.84,63,66.58,,,,,,,,,68.54
2017-09-09,4336,70.48,79.12,56.23,,,68.7,68.22,92.8,92.81,62.67,56.23,,,,,,,,,68.7
2017-09-10,4262,73.7,76.72,70.82,,,68.87,66.08,92.24,87.6,60.97,70.82,,,,,,,,,68.87
2017-09-11,4213,72.66,77.21,66.51,,,69.03,64.61,91.89,92.4,59.93,66.51,,,,,,,,,69.03
2017-09-12,4164,69.66,76.87,57.26,,,69.19,63.19,91.54,93.84,58.92,57.26,,,,,,,,,69.19
2017-09-13,3887,65.32,73.24,49.45,,,69.35,57.06,89.69,92.19,54.01,49.45,,,,,,,,,69.35
2017-09-14,3247,62.42,63.97,56.16,,,69.51,43.5,84.32,85.27,42.79,56.16,,,,,,,,,69.51
2017-09-15,3699,66.47,70.4,58.01,,,69.67,52.85,88.36,89.52,50.86,58.01,,,,,,,,,69.67
2017-09-16,3711,64.62,70.08,52.47,,,69.83,52.85,88.39,88.15,50.94,52.47,,,,,,,,,69.83
2017-09-17,3712,60.02,70.21,37.19,,,69.99,52.66,88.38,88.9,50.91,37.19,,,,,,,,,69.99
2017-09-18,4080,62.28,72.52,40.41,,,70.15,60.04,90.98,81.71,57.36,40.41,,,,,,,,,70.15
2017-09-19,3926,59.51,71.92,32.4,,,70.31,56.51,89.85,86.92,54.41,32.4,,,,,,,,,70.31
2017-09-20,3896,57.83,68.94,32.05,,,70.47,55.62,89.59,76.78,53.76,32.05,,,,,,,,,70.47
2017-09-21,3617,56.96,68.41,30.07,,,70.64,49.69,87.4,87.81,48.75,30.07,,,,,,,,,70.64
2017-09-22,3619,53.4,66.58,21.64,,,70.8,49.54,87.38,80.68,48.71,21.64,,,,,,,,,70.8
2017-09-23,3776,58.26,69.88,31.58,,,70.96,52.54,88.61,86.92,51.44,31.58,,,,,,,,,70.96
2017-09-24,3677,57.62,67.39,33.77,,,71.12,50.34,87.81,81.78,49.63,33.77,,,,,,,,,71.12
2017-09-25,3919,57.41,69.07,30.07,,,71.28,54.73,89.38,78.9,53.26,30.07,,,,,,,,,71.28
2017-09-26,3890,56.84,69.3,27.74,,,71.44,53.88,89.1,81.64,52.59,27.74,,,,,,,,,71.44
2017-09-27,4208,60.72,73.63,32.67,,,71.6,59.91,91.17,85.55,57.9,32.67,,,,,,,,,71.6
2017-09-28,4188,59.67,74.43,27.81,,,71.76,59.12,90.93,90.41,57.24,27.81,,,,,,,,,71.76
2017-09-29,4155,59.1,73.56,27.4,,,71.92,58.14,90.64,88.97,56.47,27.4,,,,,,,,,71.92
2017-09-30,4335,59.86,74.09,28.84,,,72.08,61.29,91.66,84.18,59.26,28.84,,,,,,,,,72.08
2017-10-01,4382,59,74.03,26.1,,,72.24,61.85,91.86,82.53,59.86,26.1,,,,,,,,,72.24
2017-10-02,4387,58.74,74.89,23.63,,,72.41,61.49,91.75,86.78,59.54,23.63,,,,,,,,,72.41
2017-10-03,4307,61.08,74.93,31.1,,,72.57,59.55,91.18,91.1,57.91,31.1,,,,,,,,,72.57
2017-10-04,4217,57.81,71.47,26.44,,,72.73,57.49,90.54,81.64,56.2,26.44,,,,,,,,,72.73
2017-10-05,4319,59.5,71.98,30.96,,,72.89,59.02,91.02,80.41,57.47,30.96,,,,,,,,,72.89
2017-10-06,4366,61.34,74.14,33.08,,,73.05,59.56,91.22,87.74,58.02,33.08,,,,,,,,,73.05
2017-10-07,4439,61.93,74.81,33.77,,,73.21,60.62,91.59,87.95,59.07,33.77,,,,,,,,,73.21
2017-10-08,4601,61.99,77.3,29.52,,,73.37,63.27,92.4,92.05,61.46,29.52,,,,,,,,,73.37
2017-10-09,4778,65.76,78.14,40.21,,,73.53,66,93.13,89.73,63.71,40.21,,,,,,,,,73.53
2017-10-10,4741,63.7,77.28,34.93,,,73.69,64.76,92.76,89.04,62.56,34.93,,,,,,,,,73.69
2017-10-11,4815,64.38,76.77,37.95,,,73.85,65.69,93.06,84.86,63.48,37.95,,,,,,,,,73.85
2017-10-12,5394,70.95,83.61,47.26,,,74.01,75.74,95.54,90.89,72.25,47.26,,,,,,,,,74.01
2017-10-13,5614,73.53,84.56,53.9,,,74.18,78.8,96.12,88.77,74.57,53.9,,,,,,,,,74.18
2017-10-14,5786,72.39,86.19,47.26,,,74.34,81.13,96.63,90.27,76.71,47.26,,,,,,,,,74.34
2017-10-15,5690,70.57,86.3,41.1,,,74.5,78.6,96.12,95.89,74.58,41.1,,,,,,,,,74.5
2017-10-16,5756,73.08,86.09,49.52,,,74.66,78.93,96.17,94.45,74.8,49.52,,,,,,,,,74.66
2017-10-17,5590,72.73,83.66,52.53,,,74.82,75.21,95.36,92.53,71.55,52.53,,,,,,,,,74.82
2017-10-18,5584,72.25,82.7,52.6,,,74.98,74.44,95.21,90.14,70.99,52.6,,,,,,,,,74.98
2017-10-19,5708,74.5,84.44,56.78,,,75.14,75.84,95.5,94.32,72.11,56.78,,,,,,,,,75.14
2017-10-20,6001,76.94,86.96,60.21,,,75.3,80.18,96.46,95.21,76,60.21,,,,,,,,,75.3
2017-10-21,6030,77.56,86.04,63.77,,,75.46,79.92,96.44,91.85,75.93,63.77,,,,,,,,,75.46
2017-10-22,5997,77.54,86.08,63.56,,,75.62,78.44,96.1,95.27,74.5,63.56,,,,,,,,,75.62
2017-10-23,5888,74.4,83.88,57.12,,,75.78,75.45,95.28,93.56,71.23,57.12,,,,,,,,,75.78
2017-10-24,5518,69.42,79.59,48.36,,,75.95,68.53,93.59,91.03,65.22,48.36,,,,,,,,,75.95
2017-10-25,5736,68.84,82.03,42.12,,,76.11,71.62,94.39,94.11,67.98,42.12,,,,,,,,,76.11
2017-10-26,5900,72.27,83.12,51.3,,,76.27,73.75,94.94,93.84,69.95,51.3,,,,,,,,,76.27
2017-10-27,5772,68.2,77.78,47.33,,,76.43,71.03,94.32,78.08,67.71,47.33,,,,,,,,,76.43
2017-10-28,5762,64.97,75.3,41.1,,,76.59,70.37,94.21,69.25,67.35,41.1,,,,,,,,,76.59
2017-10-29,6175,71,83.97,45.41,,,76.75,76.48,95.69,90.89,72.83,45.41,,,,,,,,,76.75
2017-10-30,6119,71.63,82.8,49.45,,,76.91,74.86,95.33,89.59,71.43,49.45,,,,,,,,,76.91
2017-10-31,6429,73.21,84.85,50.89,,,77.07,79.07,96.26,88.9,75.17,50.89,,,,,,,,,77.07
2017-11-01,6726,75.63,87.79,53.56,,,77.23,82.81,96.97,93.15,78.23,53.56,,,,,,,,,77.23
2017-11-02,7044,75.5,89.6,49.86,,,77.39,86.61,97.6,93.08,81.12,49.86,,,,,,,,,77.39
2017-11-03,7199,76.01,88.82,52.81,,,77.55,87.89,97.8,87.53,82.07,52.81,,,,,,,,,77.55
2017-11-04,7420,78.5,90.85,57.26,,,77.72,90.28,98.26,90.55,84.33,57.26,,,,,,,,,77.72
2017-11-05,7371,78.58,90.29,58.42,,,77.88,88.39,97.93,92.19,82.67,58.42,,,,,,,,,77.88
2017-11-06,6985,76.54,86.08,59.11,,,78.04,81.61,96.67,89.11,76.92,59.11,,,,,,,,,78.04
2017-11-07,7118,75.8,87.71,53.77,,,78.2,82.7,96.89,93.36,77.89,53.77,,,,,,,,,78.2
2017-11-08,7451,77.01,89.56,54.38,,,78.36,86.69,97.66,92.47,81.41,54.38,,,,,,,,,78.36
2017-11-09,7118,73.95,86.49,49.73,,,78.52,80.75,96.49,92.6,76.13,49.73,,,,,,,,,78.52
2017-11-10,6621,71.16,80.12,51.71,,,78.68,72.69,94.71,83.97,69.1,51.71,,,,,,,,,78.68
2017-11-11,6347,66.56,72.91,49.32,,,78.84,68.07,93.55,64.93,65.08,49.32,,,,,,,,,78.84
2017-11-12,5829,72.17,65.98,79.59,,,79,59.59,90.87,56.37,57.08,79.59,,,,,,,,,79
2017-11-13,6519,78.89,78.76,78.97,,,79.16,68.86,93.47,87.88,64.82,78.97,,,,,,,,,79.16
2017-11-14,6592,78.37,78.3,78.01,,,79.32,69.31,93.6,85.07,65.24,78.01,,,,,,,,,79.32
2017-11-15,7257,81.12,84.61,75.82,,,79.49,77.89,95.56,92.67,72.33,75.82,,,,,,,,,79.49
2017-11-16,7834,85.09,88.41,81.99,,,79.65,84.81,96.86,94.25,77.74,81.99,,,,,,,,,79.65
2017-11-17,7729,84.49,87.26,81.99,,,79.81,82.12,96.23,95.68,75.02,81.99,,,,,,,,,79.81
2017-11-18,7796,83.95,86.14,82.12,,,79.97,82.13,96.24,91.1,75.08,82.12,,,,,,,,,79.97
2017-11-19,8018,84.26,88.27,79.32,,,80.13,84.21,96.66,95.34,76.86,79.32,,,,,,,,,80.13
2017-11-20,8270,84.69,89.79,77.95,,,80.29,86.48,97.05,97.05,78.59,77.95,,,,,,,,,80.29
2017-11-21,8092,81.56,87.78,71.23,,,80.45,82.92,96.31,96.51,75.37,71.23,,,,,,,,,80.45
2017-11-22,8250,83.15,87.74,76.37,,,80.61,84.1,96.57,93.84,76.47,76.37,,,,,,,,,80.61
2017-11-23,8072,83.7,86.26,80.68,,,80.77,80.83,95.93,94.45,73.82,80.68,,,,,,,,,80.77
2017-11-24,8232,84.71,86.53,83.42,,,80.93,81.9,96.11,93.56,74.53,83.42,,,,,,,,,80.93
2017-11-25,8760,86.46,89.88,83.15,,,81.09,87.56,97.15,95.82,79.01,83.15,,,,,,,,,81.09
2017-11-26,9320,88.92,92.88,85.82,,,81.26,93.36,98.1,96.51,83.55,85.82,,,,,,,,,81.26
2017-11-27,9731,90.49,94.89,87.33,,,81.42,96.94,98.6,97.95,86.06,87.33,,,,,,,,,81.42
2017-11-28,9932,90.15,94.84,86.23,,,81.58,97.6,98.55,97.4,85.82,86.23,,,,,,,,,81.58
2017-11-29,9800,89.53,93.2,86.99,,,81.74,94.25,97.9,98.08,82.57,86.99,,,,,,,,,81.74
2017-11-30,9997,89.29,93.62,85.41,,,81.9,95.21,98.05,97.95,83.28,85.41,,,,,,,,,81.9
2017-12-01,1.081e+04,91.91,97.74,86.64,,,82.06,103.3,99.27,98.63,89.7,86.64,,,,,,,,,82.06
2017-12-02,1.093e+04,92.02,97.5,87.33,,,82.22,103.1,99.23,98.22,89.47,87.33,,,,,,,,,82.22
2017-12-03,1.121e+04,92.77,98.49,87.95,,,82.38,104.7,99.52,98.56,91.12,87.95,,,,,,,,,82.38
2017-12-04,1.156e+04,93.48,99.58,88.29,,,82.54,106.9,99.8,98.9,92.74,88.29,,,,,,,,,82.54
2017-12-05,1.174e+04,93.11,99.59,86.99,,,82.7,106.9,99.8,98.9,92.72,86.99,,,,,,,,,82.7
2017-12-06,1.399e+04,98.63,110.2,86.3,,,82.86,129.2,102.3,99.73,109.5,86.3,,,,,,,,,82.86
2017-12-07,1.703e+04,100,121.1,89.45,,,83.02,155.9,104,99.73,124.7,89.45,,,,,,,,,83.02
2017-12-08,1.63e+04,100,114.8,90.07,,,83.19,143,102.8,99.66,113.6,90.07,,,,,,,,,83.19
2017-12-09,1.505e+04,99.07,107.5,92.26,,,83.35,126.7,101.3,99.73,102.1,92.26,,,,,,,,,83.35
2017-12-10,1.547e+04,99.57,108.1,92.67,,,83.51,128.1,101.4,99.52,103.4,92.67,,,,,,,,,83.51
2017-12-11,1.687e+04,100,112.9,91.51,,,83.67,138.3,102.4,99.93,110.9,91.51,,,,,,,,,83.67
2017-12-12,1.743e+04,96.8,112.9,75.07,,,83.83,139.3,102.4,99.66,110.4,75.07,,,,,,,,,83.83
2017-12-13,1.652e+04,95.09,107.3,79.18,,,83.99,127,101.1,100,101.2,79.18,,,,,,,,,83.99
2017-12-14,1.66e+04,94.42,106.5,78.42,,,84.15,125,101,99.93,100.1,78.42,,,,,,,,,84.15
2017-12-15,1.77e+04,96.91,109.7,80.82,,,84.31,131.8,101.7,99.73,105.5,80.82,,,,,,,,,84.31
2017-12-16,1.964e+04,100,116.1,81.99,,,84.47,145.3,103.1,100,116.1,81.99,,,,,,,,,84.47
2017-12-17,1.925e+04,100,142.3,85.07,,,84.63,205.3,110.1,100,153.6,85.07,,,,,,,,,84.63
2017-12-18,1.898e+04,100,138.6,84.73,,,84.79,196.8,109.5,99.86,148.4,84.73,,,,,,,,,84.79
2017-12-19,1.765e+04,100,129.2,85.34,,,84.96,176.1,107.7,98.42,134.5,85.34,,,,,,,,,84.96
2017-12-20,1.645e+04,100,120.6,87.53,,,85.12,157.7,105.7,97.81,121.1,87.53,,,,,,,,,85.12
2017-12-21,1.563e+04,100,114.8,91.23,,,85.28,145.4,104.2,96.71,112.9,91.23,,,,,,,,,85.28
2017-12-22,1.431e+04,100,106.8,97.19,,,85.44,127.5,101.7,97.53,100.5,97.19,,,,,,,,,85.44
2017-12-23,1.491e+04,100,109.4,98.22,,,85.6,133.2,102.7,96.51,105.1,98.22,,,,,,,,,85.6
2017-12-24,1.403e+04,99.74,103.9,99.45,,,85.76,121.3,100.9,96.64,96.81,99.45,,,,,,,,,85.76
2017-12-25,1.408e+04,99.47,103.3,99.52,,,85.92,120.7,100.9,94.59,97,99.52,,,,,,,,,85.92
2017-12-26,1.573e+04,100,112.4,100,,,86.08,138.2,103.7,97.47,110.2,100,,,,,,,,,86.08
2017-12-27,1.539e+04,100,109.7,99.86,,,86.24,132.2,102.8,98.01,105.6,99.86,,,,,,,,,86.24
2017-12-28,1.429e+04,99.23,102.8,99.45,,,86.4,118.3,100.6,96.37,95.74,99.45,,,,,,,,,86.4
2017-12-29,1.457e+04,100,104.1,99.73,,,86.56,120.2,101.1,97.74,97.48,99.73,,,,,,,,,86.56
2017-12-30,1.295e+04,94.55,93.72,99.93,,,86.73,100.9,97.25,93.77,82.99,99.93,,,,,,,,,86.73
2017-12-31,1.392e+04,97.71,99.49,100,,,86.89,110.8,99.44,96.78,90.91,100,,,,,,,,,86.89
2018-01-01,1.346e+04,95.71,96.44,98.77,,,87.05,105,98.38,95.48,86.92,98.77,,,,,,,,,87.05
2018-01-02,1.475e+04,99.77,103.4,99.73,,,87.21,117.9,100.9,97.95,96.83,99.73,,,,,,,,,87.21
2018-01-03,1.501e+04,99.93,104,99.18,,,87.37,119.4,101.2,96.85,98.32,99.18,,,,,,,,,87.37
2018-01-04,1.507e+04,99.78,103.8,98.9,,,87.53,118.6,101.1,97.81,97.62,98.9,,,,,,,,,87.53
2018-01-05,1.7e+04,100,112.3,99.45,,,87.69,137,103.9,97.19,111.2,99.45,,,,,,,,,87.69
2018-01-06,1.71e+04,100,112.3,98.77,,,87.85,136.1,103.8,98.56,110.6,98.77,,,,,,,,,87.85
2018-01-07,1.623e+04,100,106.7,96.71,,,88.01,125.1,102,97.95,101.9,96.71,,,,,,,,,88.01
2018-01-08,1.494e+04,96.69,99.67,95.75,,,88.17,110.7,99.6,96.85,91.52,95.75,,,,,,,,,88.17
2018-01-09,1.438e+04,94.39,96.36,93.97,,,88.33,104.1,98.33,96.3,86.75,93.97,,,,,,,,,88.33
2018-01-10,1.467e+04,95.04,97.52,93.97,,,88.5,106.1,98.83,96.51,88.6,93.97,,,,,,,,,88.5
2018-01-11,1.319e+04,90.05,89.81,91.16,,,88.66,90.37,95.26,96.99,76.64,91.16,,,,,,,,,88.66
2018-01-12,1.379e+04,91.1,92.5,89.79,,,88.82,95.8,96.68,96.44,81.07,89.79,,,,,,,,,88.82
2018-01-13,1.423e+04,92.5,93.61,92.33,,,88.98,99.51,97.62,93.08,84.23,92.33,,,,,,,,,88.98
2018-01-14,1.368e+04,90.33,90.54,90.55,,,89.14,93.39,96.26,92.81,79.72,90.55,,,,,,,,,89.14
2018-01-15,1.359e+04,89.34,89.6,88.9,,,89.3,91.99,96.01,91.44,78.95,88.9,,,,,,,,,89.3
2018-01-16,1.143e+04,83.25,77.74,89.79,,,89.46,70.53,89.76,88.29,62.37,89.79,,,,,,,,,89.46
2018-01-17,1.116e+04,83.38,76.4,92.47,,,89.62,67.72,88.84,88.7,60.35,92.47,,,,,,,,,89.62
2018-01-18,1.125e+04,84.42,77.24,94.32,,,89.78,68.45,89.23,90.07,61.2,94.32,,,,,,,,,89.78
2018-01-19,1.144e+04,84.01,77.88,91.78,,,89.94,70.14,89.93,88.7,62.76,91.78,,,,,,,,,89.94
2018-01-20,1.277e+04,89.18,85.9,94.45,,,90.1,82.67,94.03,93.84,73.07,94.45,,,,,,,,,90.1
2018-01-21,1.142e+04,83.11,78.49,87.6,,,90.27,69.45,89.86,92.05,62.6,87.6,,,,,,,,,90.27
2018-01-22,1.074e+04,80.25,73.53,86.92,,,90.43,62.73,87.37,86.71,57.31,86.92,,,,,,,,,90.43
2018-01-23,1.085e+04,79.88,74.65,83.7,,,90.59,63.75,87.9,88.56,58.38,83.7,,,,,,,,,90.59
2018-01-24,1.123e+04,80.53,76.78,81.99,,,90.75,67.18,89.31,89.25,61.37,81.99,,,,,,,,,90.75
2018-01-25,1.113e+04,79.6,75.23,81.58,,,90.91,66.08,88.96,85.27,60.62,81.58,,,,,,,,,90.91
2018-01-26,1.104e+04,78.97,74.38,80.96,,,91.07,64.88,88.52,84.45,59.67,80.96,,,,,,,,,91.07
2018-01-27,1.132e+04,80.01,76.02,81.37,,,91.23,67.35,89.53,85.34,61.85,81.37,,,,,,,,,91.23
2018-01-28,1.162e+04,79.89,77.57,78.22,,,91.39,69.72,90.38,86.37,63.79,78.22,,,,,,,,,91.39
2018-01-29,1.113e+04,77.46,74.1,76.3,,,91.55,64.98,88.67,82.74,60,76.3,,,,,,,,,91.55
2018-01-30,9960,73.52,68.03,74.04,,,91.71,54.08,84.06,82.81,51.16,74.04,,,,,,,,,91.71
2018-01-31,1.005e+04,72.75,65.37,76.1,,,91.87,54.87,84.52,70.14,51.97,76.1,,,,,,,,,91.87
2018-02-01,9040,72.23,61.97,80.27,,,92.04,45.52,79.64,78.49,44.21,80.27,,,,,,,,,92.04
2018-02-02,8786,73.59,60.97,86.37,,,92.2,43.45,78.56,79.18,42.7,86.37,,,,,,,,,92.2
2018-02-03,9132,74.55,62.68,86.44,,,92.36,46.67,80.57,77.88,45.58,86.44,,,,,,,,,92.36
2018-02-04,8251,73.23,57.67,90.82,,,92.52,38.38,75.26,78.63,38.43,90.82,,,,,,,,,92.52
2018-02-05,6850,68.6,47.81,92.95,,,92.68,25.71,64.6,73.36,27.57,92.95,,,,,,,,,92.68
2018-02-06,7739,72.71,53.99,95.41,,,92.84,34.08,72.26,74.66,34.97,95.41,,,,,,,,,92.84
2018-02-07,7625,69.89,49.72,93.63,,,93,33.18,71.62,59.79,34.28,93.63,,,,,,,,,93
2018-02-08,8219,72.61,53.4,95.96,,,93.16,38.73,75.92,59.73,39.24,95.96,,,,,,,,,93.16
2018-02-09,8660,73.52,57.78,91.16,,,93.32,42.79,78.7,66.71,42.89,91.16,,,,,,,,,93.32
2018-02-10,8530,73.83,57.84,91.99,,,93.48,41.54,77.93,70.07,41.84,91.99,,,,,,,,,93.48
2018-02-11,8097,70.4,55.27,85.27,,,93.64,37.54,75.18,70,38.34,85.27,,,,,,,,,93.64
2018-02-12,8908,72.97,61.98,81.78,,,93.81,44.92,80.13,77.95,44.93,81.78,,,,,,,,,93.81
2018-02-13,8524,72.27,59.39,83.97,,,93.97,41.41,77.96,76.3,41.88,83.97,,,,,,,,,93.97
2018-02-14,9467,74.78,66.31,79.93,,,94.13,49.91,83.05,82.81,49.47,79.93,,,,,,,,,94.13
2018-02-15,1.011e+04,73.94,67.44,75.14,,,94.29,55.5,85.86,73.97,54.4,75.14,,,,,,,,,94.29
2018-02-16,1.019e+04,73.04,69.48,68.56,,,94.45,56.07,86.15,80.75,54.94,68.56,,,,,,,,,94.45
2018-02-17,1.109e+04,74.46,74.39,64.52,,,94.61,64.01,89.62,81.85,62.06,64.52,,,,,,,,,94.61
2018-02-18,1.045e+04,73.9,70.99,68.56,,,94.77,58.06,87.12,81.99,56.81,68.56,,,,,,,,,94.77
2018-02-19,1.114e+04,72.53,74.9,57.19,,,94.93,64.01,89.64,83.84,62.11,57.19,,,,,,,,,94.93
2018-02-20,1.125e+04,73.85,74.22,62.6,,,95.09,64.65,89.89,79.66,62.67,62.6,,,,,,,,,95.09
2018-02-21,1.046e+04,73.31,70.93,66.51,,,95.25,57.39,86.84,83.22,56.26,66.51,,,,,,,,,95.25
2018-02-22,9878,71.5,65.56,69.93,,,95.41,51.47,83.73,76.44,50.6,69.93,,,,,,,,,95.41
2018-02-23,1.016e+04,73.44,67.09,73.49,,,95.58,53.83,84.95,76.85,52.73,73.49,,,,,,,,,95.58
2018-02-24,9687,71.35,63.99,72.05,,,95.74,49.55,82.78,74.59,49.03,72.05,,,,,,,,,95.74
2018-02-25,9603,72.72,64.99,74.66,,,95.9,48.73,82.38,80.48,48.38,74.66,,,,,,,,,95.9
2018-02-26,1.031e+04,74.86,67.59,76.99,,,96.06,54.93,85.62,75.89,53.94,76.99,,,,,,,,,96.06
2018-02-27,1.065e+04,76.16,70.73,75.62,,,96.22,57.78,86.98,81.64,56.53,75.62,,,,,,,,,96.22
2018-02-28,1.031e+04,74.92,68.04,76.23,,,96.38,54.53,85.47,78.49,53.67,76.23,,,,,,,,,96.38
2018-03-01,1.092e+04,78.32,72.14,80,,,96.54,59.78,87.89,82.53,58.38,80,,,,,,,,,96.54
2018-03-02,1.101e+04,79.11,72.2,82.4,,,96.7,60.37,88.18,81.3,58.95,82.4,,,,,,,,,96.7
2018-03-03,1.143e+04,77.53,75.32,71.71,,,96.86,63.8,89.64,85.75,62.1,71.71,,,,,,,,,96.86
2018-03-04,1.146e+04,73.32,73.99,60.27,,,97.02,63.87,89.69,80.21,62.21,60.27,,,,,,,,,97.02
2018-03-05,1.154e+04,74.08,74.3,62.12,,,97.18,64.24,89.83,80.62,62.53,62.12,,,,,,,,,97.18
2018-03-06,1.068e+04,68.48,69.51,52.26,,,97.35,56.59,86.6,79.04,55.79,52.26,,,,,,,,,97.35
2018-03-07,9903,64.39,64.79,47.12,,,97.51,49.81,83.25,76.3,49.79,47.12,,,,,,,,,97.51
2018-03-08,9330,57.08,61.51,29.04,,,97.67,44.84,80.46,75.34,45.41,29.04,,,,,,,,,97.67
2018-03-09,9278,57.54,59.7,33.63,,,97.83,44.59,80.45,68.36,45.4,33.63,,,,,,,,,97.83
2018-03-10,8787,52.61,54.91,25.89,,,97.99,40.35,77.76,59.93,41.62,25.89,,,,,,,,,97.99
2018-03-11,9514,59.68,62.29,35.89,,,98.15,46.55,81.72,73.56,47.33,35.89,,,,,,,,,98.15
2018-03-12,9148,58.16,60.4,34.18,,,98.31,43.37,79.83,73.9,44.49,34.18,,,,,,,,,98.31
2018-03-13,9161,62.5,60.18,48.56,,,98.47,43.47,79.94,72.67,44.65,48.56,,,,,,,,,98.47
2018-03-14,8222,58.97,50.46,54.04,,,98.63,35.46,74.37,54.66,37.36,54.04,,,,,,,,,98.63
2018-03-15,8269,59.55,50.81,55.21,,,98.79,35.89,74.75,54.79,37.82,55.21,,,,,,,,,98.79
2018-03-16,8377,61.89,53.71,57.67,,,98.95,36.85,75.53,63.7,38.76,57.67,,,,,,,,,98.95
2018-03-17,7882,58.8,48.04,57.47,,,99.12,32.62,72.18,52.47,34.88,57.47,,,,,,,,,99.12
2018-03-18,8189,63.74,51.15,68.01,,,99.28,35.26,74.38,57.6,37.37,68.01,,,,,,,,,99.28
2018-03-19,8537,66.76,54.88,71.23,,,99.44,38.22,76.66,64.45,40.18,71.23,,,,,,,,,99.44
2018-03-20,8896,65.73,53.11,70.89,,,99.6,41.25,78.82,49.32,43.05,70.89,,,,,,,,,99.6
2018-03-21,8880,69.11,57.14,74.73,,,99.76,41.08,78.73,65.82,42.93,74.73,,,,,,,,,99.76
2018-03-22,8711,66.27,54.09,70.75,,,99.92,39.63,77.77,57.33,41.63,70.75,,,,,,,,,99.92
2018-03-23,8772,64.31,52.82,66.64,,,99.84,40.12,78.15,50.89,42.13,66.64,,,,,,,,,99.84
2018-03-24,8611,64.61,55.32,63.42,,,99.52,38.7,77.16,64.59,40.83,63.42,,,,,,,,,99.52
2018-03-25,8441,60.97,50.4,60.34,,,99.2,37.27,76.16,48.63,39.54,60.34,,,,,,,,,99.2
2018-03-26,8171,60.33,50.45,58.36,,,98.87,35.05,74.5,54.73,37.52,58.36,,,,,,,,,98.87
2018-03-27,7837,58.17,47.67,56.37,,,98.55,32.25,72.21,51.3,34.91,56.37,,,,,,,,,98.55
2018-03-28,7934,57.03,46.65,54.59,,,98.23,33.11,72.99,44.73,35.78,54.59,,,,,,,,,98.23
2018-03-29,7109,56.38,41.79,61.16,,,97.91,26.25,66.58,45,29.32,61.16,,,,,,,,,97.91
2018-03-30,6832,56.89,40.35,65.48,,,97.59,24.04,64.22,45.89,27.25,65.48,,,,,,,,,97.59
2018-03-31,6922,53.35,38.48,57.4,,,97.26,24.83,65.12,35.96,28.02,57.4,,,,,,,,,97.26
2018-04-01,6805,53.86,40.19,56.23,,,96.94,23.88,64.08,45.68,27.13,56.23,,,,,,,,,96.94
2018-04-02,7033,55.56,41.61,59.45,,,96.62,25.84,66.28,45.27,29.04,59.45,,,,,,,,,96.62
2018-04-03,7421,58.69,45.67,62.67,,,96.3,29.14,69.66,51.64,32.25,62.67,,,,,,,,,96.3
2018-04-04,6781,55.16,39.04,62.95,,,95.98,23.8,64.08,41.16,27.13,62.95,,,,,,,,,95.98
2018-04-05,6798,55.51,39.71,63.08,,,95.66,24.01,64.34,43.15,27.35,63.08,,,,,,,,,95.66
2018-04-06,6610,51.46,37.05,54.73,,,95.33,22.5,62.6,37.19,25.92,54.73,,,,,,,,,95.33
2018-04-07,6886,56.44,42.79,61.03,,,95.01,24.85,65.35,52.74,28.22,61.03,,,,,,,,,95.01
2018-04-08,7010,56.16,41.91,61.85,,,94.69,25.9,66.51,45.96,29.25,61.85,,,,,,,,,94.69
2018-04-09,6737,54.03,38.82,60.48,,,94.37,23.66,64.05,40.48,27.1,60.48,,,,,,,,,94.37
2018-04-10,6817,54.09,40.6,57.74,,,94.05,24.38,64.9,45.27,27.83,57.74,,,,,,,,,94.05
2018-04-11,6945,55.72,41.4,61.78,,,93.72,25.45,66.12,45.14,28.89,61.78,,,,,,,,,93.72
2018-04-12,7904,61.79,48.66,68.97,,,93.4,33.46,73.83,50.62,36.73,68.97,,,,,,,,,93.4
2018-04-13,7919,60.63,50.19,62.67,,,93.08,33.52,73.88,56.58,36.8,62.67,,,,,,,,,93.08
2018-04-14,8006,59.36,47.45,63.49,,,92.76,34.23,74.49,43.56,37.51,63.49,,,,,,,,,92.76
2018-04-15,8342,63.26,53.69,65.41,,,92.44,37,76.71,60.82,40.24,65.41,,,,,,,,,92.44
2018-04-16,8047,59.82,48.09,64.18,,,92.12,34.51,74.76,45.27,37.83,64.18,,,,,,,,,92.12
2018-04-17,7888,55.61,49.14,48.84,,,91.79,33.18,73.67,53.15,36.55,48.84,,,,,,,,,91.79
2018-04-18,8163,55.62,51.36,45.14,,,91.47,35.44,75.55,55.68,38.78,45.14,,,,,,,,,91.47
2018-04-19,8273,56.8,54.67,43.36,,,91.15,36.19,76.1,66.92,39.47,43.36,,,,,,,,,91.15
2018-04-20,8840,55.46,53.25,41.64,,,90.83,40.8,79.47,48.77,43.97,41.64,,,,,,,,,90.83
2018-04-21,8864,56.17,56.66,38.15,,,90.51,40.91,79.54,62.12,44.08,38.15,,,,,,,,,90.51
2018-04-22,8801,55.72,56.15,37.74,,,90.19,40.33,79.16,61.58,43.53,37.74,,,,,,,,,90.19
2018-04-23,8931,55.57,56,37.67,,,89.86,41.31,79.83,58.36,44.49,37.67,,,,,,,,,89.86
2018-04-24,9652,59.3,62.32,38.9,,,89.54,47.12,83.46,68.56,50.14,38.9,,,,,,,,,89.54
2018-04-25,8856,51.43,51.39,32.6,,,89.22,40.48,79.27,42.12,43.68,32.6,,,,,,,,,89.22
2018-04-26,9265,54.36,56.1,34.04,,,88.9,43.7,81.37,52.53,46.79,34.04,,,,,,,,,88.9
2018-04-27,8981,53.85,54.11,36.03,,,88.58,41.33,79.85,50.75,44.52,36.03,,,,,,,,,88.58
2018-04-28,9342,52.13,54.92,29.18,,,88.25,44.23,81.75,46.3,47.38,29.18,,,,,,,,,88.25
2018-04-29,9397,54.14,59.89,27.19,,,87.93,44.62,82.02,65.14,47.8,27.19,,,,,,,,,87.93
2018-04-30,9229,53.32,57.9,28.15,,,87.61,43.15,81.1,60.96,46.38,28.15,,,,,,,,,87.61
2018-05-01,9072,52.05,57.01,25.75,,,87.29,41.81,80.24,60.89,45.08,25.75,,,,,,,,,87.29
2018-05-02,9204,50.17,54.94,23.42,,,86.97,42.76,80.85,50.14,46,23.42,,,,,,,,,86.97
2018-05-03,9751,53.88,60.86,25.27,,,86.65,47.13,83.55,62.47,50.3,25.27,,,,,,,,,86.65
2018-05-04,9697,52.7,57.98,26.64,,,86.32,46.58,83.23,52.33,49.77,26.64,,,,,,,,,86.32
2018-05-05,9796,55.57,62.46,28.29,,,86,47.3,83.67,68.36,50.51,28.29,,,,,,,,,86
2018-05-06,9595,54.42,56.95,34.38,,,85.68,45.6,82.69,50.62,48.88,34.38,,,,,,,,,85.68
2018-05-07,9340,54.9,56.94,36.1,,,85.36,43.47,81.39,56.1,46.81,36.1,,,,,,,,,85.36
2018-05-08,9212,53.02,54.25,34.86,,,85.04,42.39,80.72,48.08,45.8,34.86,,,,,,,,,85.04
2018-05-09,9293,55.87,58.1,37.53,,,84.71,42.96,81.1,61.99,46.37,37.53,,,,,,,,,84.71
2018-05-10,9038,54.37,54.91,35.62,,,89.97,40.84,79.7,54.79,44.3,35.62,,,,,,,,95.56,84.39
2018-05-11,8420,49.65,47.71,34.73,,,86.27,35.85,76.06,39.52,39.42,34.73,,,,,,,,88.46,84.07
2018-05-12,8486,50.25,51.95,30.82,,,83.18,36.37,76.49,55,39.95,30.82,,,,,,,,82.61,83.75
2018-05-13,8696,50.47,51.26,34.11,,,80.42,38.03,77.78,47.6,41.64,34.11,,,,,,,,77.42,83.43
2018-05-14,8671,47.7,49.41,28.9,,,79.32,37.58,77.35,41.64,41.07,28.9,,,,,,,,75.53,83.11
2018-05-15,8488,45.98,49.3,25.89,,,74.55,36.08,76.22,45.27,39.62,25.89,,,,,,,,66.32,82.78
2018-05-16,8328,46.44,52.25,23.77,,,71.44,34.81,75.24,60.55,38.41,23.77,,,,,,,,60.42,82.46
2018-05-17,8051,43.16,44.99,28.9,,,65.3,32.41,73.15,38.42,35.96,28.9,,,,,,,,48.45,82.14
2018-05-18,8233,43.77,47.39,27.12,,,64.38,33.88,74.45,43.77,37.46,27.12,,,,,,,,46.94,81.82
2018-05-19,8229,44.07,47.87,28.22,,,62.47,33.82,74.42,45.82,37.42,28.22,,,,,,,,43.43,81.5
2018-05-20,8511,44.6,49.02,28.63,,,61.09,36.05,76.25,44.11,39.65,28.63,,,,,,,,41,81.17
2018-05-21,8399,46.72,49.36,34.86,,,61.22,35.11,75.5,48.08,38.73,34.86,,,,,,,,41.58,80.85
2018-05-22,8008,44.74,45.89,35.41,,,59.38,31.99,72.88,43.01,35.66,35.41,,,,,,,,38.24,80.53
2018-05-23,7521,44.49,43.08,40.55,,,57.34,28.13,69.25,43.08,31.85,40.55,,,,,,,,34.47,80.21
2018-05-24,7576,44.14,42.32,41.71,,,55.33,28.55,69.69,38.77,32.28,41.71,,,,,,,,30.77,79.89
2018-05-25,7425,45.81,43.68,45.41,,,54.07,27.38,68.53,47.67,31.13,45.41,,,,,,,,28.57,79.57
2018-05-26,7326,44.04,41.75,43.63,,,52.83,26.6,67.72,42.33,30.37,43.63,,,,,,,,26.42,79.24
2018-05-27,7338,36.13,41.91,38.22,16.67,,50.68,26.7,67.85,42.6,30.49,38.22,,,16.67,,,,,22.43,78.92
2018-05-28,7111,35.22,39.81,38.22,17.03,,49.49,24.94,65.96,39.59,28.76,38.22,,,17.03,,,,,20.37,78.6
2018-05-29,7454,34.91,41.07,35.41,17.39,,47.4,27.69,68.94,36.1,31.54,35.41,,,17.39,,,,,16.51,78.28
2018-05-30,7375,36.15,43.07,36.03,17.74,,48.98,27.07,68.31,45.96,30.93,36.03,,,17.74,,,,,20,77.96
2018-05-31,7479,35.89,43.51,34.04,18.09,,48.5,27.91,69.2,45.14,31.79,34.04,,,18.09,,,,,19.37,77.63
2018-06-01,7520,35.92,43.5,34.11,18.42,,48.03,28.25,69.56,44.04,32.15,34.11,,,18.42,,,,,18.75,77.31
2018-06-02,7637,35.57,43.48,31.44,18.75,,49.78,29.17,70.49,41.16,33.1,31.44,,,18.75,,,,,22.57,76.99
2018-06-03,7702,36.02,44.64,29.59,19.07,,52.59,29.66,70.98,44.32,33.61,29.59,,,19.07,,,,,28.51,76.67
2018-06-04,7487,36.39,44.71,29.45,19.39,,55.13,27.96,69.32,49.66,31.91,29.45,,,19.39,,,,,33.91,76.35
2018-06-05,7611,36.99,45.08,30.34,19.7,,56.55,28.96,70.34,48.08,32.94,30.34,,,19.7,,,,,37.07,76.03
2018-06-06,7651,36.1,43.18,29.32,20,,57.08,29.27,70.66,39.52,33.27,29.32,,,20,,,,,38.46,75.7
2018-06-07,7666,36.13,42.99,27.12,20.3,,61.84,29.39,70.79,38.36,33.4,27.12,,,20.3,,,,,48.31,75.38
2018-06-08,7623,36.27,42.8,26.64,20.59,,64,29.06,70.49,38.56,33.09,26.64,,,20.59,,,,,52.94,75.06
2018-06-09,7556,37.66,42.23,32.33,20.87,,65.91,28.53,69.99,37.81,32.58,32.33,,,20.87,,,,,57.08,74.74
2018-06-10,6745,29.44,33.54,34.04,0.9615,,62.83,22.2,62.91,22.88,26.17,34.04,,,0.9615,,,,,51.24,74.42
2018-06-11,6849,28.06,35.96,27.26,1.429,,55.29,23.09,64.05,29.59,27.11,27.26,,,1.429,,,,,36.48,74.09
2018-06-12,6527,27.37,33.56,28.63,1.887,,54.16,20.6,60.9,28.15,24.59,28.63,,,1.887,,,,,34.55,73.77
2018-06-13,6307,27.33,31.6,33.08,2.336,,50.84,19,58.73,25.68,22.97,33.08,,,2.336,,,,,28.23,73.45
2018-06-14,6630,29.27,35.85,35,2.778,,47.76,21.58,62.26,33.9,25.64,35,,,2.778,,,,,22.4,73.13
2018-06-15,6400,28.98,33.59,39.18,3.211,,43.94,19.81,59.9,30.82,23.83,39.18,,,3.211,,,,,15.08,72.81
2018-06-16,6495,29.81,35.89,38.97,3.636,,42.54,20.58,60.96,37.4,24.63,38.97,,,3.636,,,,,12.6,72.49
2018-06-17,6451,29.55,34.62,39.86,4.054,,42.14,20.24,60.52,33.42,24.29,39.86,,,4.054,,,,,12.11,72.16
2018-06-18,6704,31.19,37.58,40.68,4.464,,43.29,22.26,63.18,38.49,26.38,40.68,,,4.464,,,,,14.73,71.84
2018-06-19,6733,31.02,36.98,39.59,4.867,,45.38,22.5,63.5,35.27,26.64,39.59,,,4.867,,,,,19.23,71.52
2018-06-20,6753,30.89,37.2,36.64,5.263,,48.58,22.68,63.73,35.55,26.84,36.64,,,5.263,,,,,25.95,71.2
2018-06-21,6720,31.76,38.19,36.44,5.652,,52.11,22.4,63.39,40.41,26.56,36.44,,,5.652,,,,,33.33,70.88
2018-06-22,6060,27.21,30.2,30.68,6.034,,52.19,17.28,56.28,25.96,21.27,30.68,,,6.034,,,,,33.83,70.56
2018-06-23,6174,27.56,32.16,28.7,6.41,,51.53,18.21,57.7,30.48,22.24,28.7,,,6.41,,,,,32.84,70.23
2018-06-24,6146,29.06,33.23,34.25,6.78,,48.66,18.03,57.44,35.41,22.06,34.25,,,6.78,,,,,27.41,69.91
2018-06-25,6244,29.23,32.57,36.44,7.143,,47.29,18.82,58.62,29.93,22.89,36.44,,,7.143,,,,,25,69.59
2018-06-26,6096,28.77,30.07,39.73,7.5,,44.85,17.69,56.95,23.9,21.73,39.73,,,7.5,,,,,20.44,69.27
2018-06-27,6139,28.4,28.74,41.85,7.851,,41.36,18.37,58.07,16.03,22.51,41.85,,,7.851,,,,,13.77,68.95
2018-06-28,5859,29.62,29.27,47.33,8.197,,38.27,16.23,54.76,25.82,20.27,47.33,,,8.197,,,,,7.914,68.62
2018-06-29,6221,31.21,32.07,49.93,8.537,,36.12,19.09,59.17,26.71,23.29,49.93,,,8.537,,,,,3.929,68.3
2018-06-30,6376,32.6,32.56,54.18,8.871,,37,20.32,60.9,24.45,24.58,54.18,,,8.871,,,,,6.028,67.98
2018-07-01,6361,33.3,33.11,54.38,9.2,,39.99,20.29,60.91,26.64,24.59,54.38,,,9.2,,,,,12.32,67.66
2018-07-02,6608,33.38,34.69,50.75,9.524,,41.71,22.23,63.48,26.44,26.63,50.75,,,9.524,,,,,16.08,67.34
2018-07-03,6498,30.24,31.49,41.78,9.843,,43.58,21.38,62.4,16.44,25.75,41.78,,,9.843,,,,,20.14,67.02
2018-07-04,6579,31.04,33.65,38.97,10.16,,47.83,22.01,63.22,22.95,26.42,38.97,,,10.16,,,,,28.97,66.69
2018-07-05,6535,31.89,33.64,40.62,10.47,,51.17,21.67,62.79,24.04,26.07,40.62,,,10.47,,,,,35.96,66.37
2018-07-06,6598,32.94,37.01,37.33,10.77,,54.28,22.2,63.49,35.68,26.64,37.33,,,10.77,,,,,42.52,66.05
2018-07-07,6738,34.2,37.83,40,11.07,,56.17,23.29,64.87,35.34,27.81,40,,,11.07,,,,,46.62,65.73
2018-07-08,6705,34.32,37.77,38.36,11.36,,60.05,23.07,64.62,35.82,27.59,38.36,,,11.36,,,,,54.7,65.41
2018-07-09,6664,32.19,34.69,33.36,11.65,,62.21,22.75,64.23,24.52,27.26,33.36,,,11.65,,,,,59.33,65.08
2018-07-10,6309,31.01,32.91,30.68,11.94,,63.18,20,60.59,26.71,24.35,30.68,,,11.94,,,,,61.59,64.76
2018-07-11,6378,30.7,32.01,31.16,12.22,,62.15,20.57,61.4,21.1,24.97,31.16,,,12.22,,,,,59.87,64.44
2018-07-12,6159,29.85,30.73,30.27,12.5,,60.65,18.9,59.04,21.78,23.2,30.27,,,12.5,,,,,57.19,64.12
2018-07-13,6209,28.47,31.41,23.36,12.77,,59.82,19.33,59.69,22.95,23.67,23.36,,,12.77,,,,,55.84,63.8
2018-07-14,6255,27.78,30.93,21.78,13.04,,58.19,19.71,60.23,19.73,24.08,21.78,,,13.04,,,,,52.9,63.48
2018-07-15,6348,27.91,31.65,21.78,13.31,,56.26,20.43,61.25,20.07,24.85,21.78,,,13.31,,,,,49.36,63.15
2018-07-16,6711,30.19,33.7,28.49,13.57,,54.51,23.26,64.97,18.7,27.89,28.49,,,13.57,,,,,46.18,62.83
2018-07-17,7321,35.02,43.09,31.92,13.83,,55.31,27.98,70.32,41.16,32.92,31.92,,,13.83,,,,,48.1,62.51
2018-07-18,7376,36.5,44.48,33.36,14.08,,59.71,28.39,70.75,45.41,33.36,33.36,,,14.08,,,,,57.23,62.19
2018-07-19,7467,37.34,44.88,34.66,14.34,,62.34,29.06,71.43,44.93,34.08,34.66,,,14.34,,,,,62.81,61.87
2018-07-20,7327,38.29,42.6,40.89,14.58,,65.4,27.95,70.3,39.25,32.9,40.89,,,14.58,,,,,69.25,61.54
2018-07-21,7411,38.26,41.1,42.19,14.83,,67.34,28.58,70.95,31.3,33.57,42.19,,,14.83,,,,,73.46,61.22
2018-07-22,7399,39.8,45.03,41.03,15.07,,68.49,28.47,70.85,47.33,33.46,41.03,,,15.07,,,,,76.07,60.9
2018-07-23,7716,41.71,46.26,46.64,15.31,,68.7,30.9,73.23,44.86,36.05,46.64,,,15.31,,,,,76.83,60.58
2018-07-24,8398,44.17,50.49,48.77,15.54,,70.13,36.12,77.75,46.51,41.6,48.77,,,15.54,,,,,80,60.26
2018-07-25,8203,44.3,50.52,48.7,15.77,,70.78,34.54,76.45,51.16,39.91,48.7,,,15.77,,,,,81.63,59.94
2018-07-26,7914,43,47.48,48.01,16,,71.27,32.28,74.49,45.62,37.51,48.01,,,16,,,,,82.93,59.61
2018-07-27,8174,42.99,49.44,44.45,16.23,,71.02,34.25,76.22,47.67,39.62,44.45,,,16.23,,,,,82.74,59.29
2018-07-28,8190,41.79,47.92,40.96,16.45,,72.68,34.35,76.3,41.3,39.72,40.96,,,16.45,,,,,86.39,58.97
2018-07-29,8230,38.21,50,37.88,0.6536,,72.71,34.6,76.51,48.9,39.98,37.88,,,0.6536,,,,,86.76,58.65
2018-07-30,8172,37.12,46.47,38.97,0.974,,73.02,34.11,76.11,36.16,39.48,38.97,,,0.974,,,,,87.72,58.33
2018-07-31,7725,37.01,44.43,42.6,0.6452,,72.61,30.64,72.99,38.29,35.78,42.6,,,0.6452,,,,,87.21,58
2018-08-01,7597,36,43.71,39.86,0.9615,,71.33,29.64,72.04,38.42,34.73,39.86,,,0.9615,,,,,84.97,57.68
2018-08-02,7543,38.27,43.64,50.82,1.274,,68.34,29.23,71.64,39.38,34.3,50.82,,,1.274,,,,,79.31,57.36
2018-08-03,7411,39.51,43.79,56.3,1.582,,66.81,28.23,70.65,43.01,33.25,56.3,,,1.582,,,,,76.57,57.04
2018-08-04,7002,37.74,41.33,54.18,1.887,,64.01,25.09,67.23,43.08,29.91,54.18,,,1.887,,,,,71.31,56.72
2018-08-05,7032,37.8,40.15,58.29,2.188,,59.84,25.32,67.51,37.6,30.17,58.29,,,2.188,,,,,63.28,56.4
2018-08-06,6930,34.55,35.71,54.93,2.484,,53.88,24.57,66.65,22.26,29.37,54.93,,,2.484,,,,,51.69,56.07
2018-08-07,6723,35.16,36.12,60,2.778,,46.87,22.99,64.75,29.04,27.7,60,,,2.778,,,,,37.99,55.75
2018-08-08,6267,34.42,32.72,64.04,3.067,,43.83,19.53,60.11,27.26,23.99,64.04,,,3.067,,,,,32.22,55.43
2018-08-09,6558,34.85,34.56,64.32,3.354,,39.99,21.82,63.29,26.64,26.47,64.32,,,3.354,,,,,24.86,55.11
2018-08-10,6136,34.1,33.6,64.18,3.636,,36.6,18.6,58.76,34.04,23,64.18,,,3.636,,,,,18.41,54.79
2018-08-11,6314,34.48,34.71,64.73,3.916,,34.34,20,60.82,33.49,24.52,64.73,,,3.916,,,,,14.21,54.47
2018-08-12,6315,34.25,33.02,67.05,4.192,,33.05,20.01,60.86,26.64,24.55,67.05,,,4.192,,,,,11.96,54.14
2018-08-13,6266,34.23,31.98,68.63,4.464,,32.86,19.65,60.34,23.77,24.16,68.63,,,4.464,,,,,11.89,53.82
2018-08-14,6185,33.39,30.22,69.04,4.734,,30.51,19.08,59.54,18.7,23.56,69.04,,,4.734,,,,,7.527,53.5
2018-08-15,6270,33.04,33.3,62.53,5,,29.26,19.78,60.57,28.49,24.34,62.53,,,5,,,,,5.348,53.18
2018-08-16,6291,32.48,33.27,59.66,5.263,,29.75,19.95,60.82,27.81,24.52,59.66,,,5.263,,,,,6.649,52.86
2018-08-17,6563,33.68,35.12,61.64,5.523,,29.04,22.03,63.67,28.01,26.79,61.64,,,5.523,,,,,5.556,52.53
2018-08-18,6399,33.95,34.41,62.67,5.78,,31.24,20.78,61.99,29.45,25.43,62.67,,,5.78,,,,,10.26,52.21
2018-08-19,6491,33.17,33.55,59.59,6.034,,33.28,21.47,62.92,23.63,26.18,59.59,,,6.034,,,,,14.66,51.89
2018-08-20,6273,32.57,32.09,58.97,6.286,,33.99,19.8,60.62,23.56,24.37,58.97,,,6.286,,,,,16.41,51.57
2018-08-21,6473,33.97,33.79,61.3,6.534,,34.82,21.34,62.76,25,26.05,61.3,,,6.534,,,,,18.39,51.25
2018-08-22,6365,33.75,34.05,59.45,6.78,,35.26,20.51,61.63,28.9,25.14,59.45,,,6.78,,,,,19.59,50.93
2018-08-23,6516,32.38,34.26,53.36,7.022,,34.53,21.66,63.21,25.75,26.41,53.36,,,7.022,,,,,18.46,50.6
2018-08-24,6698,33.27,35.57,54.66,7.263,,34.45,23.04,65,26.3,27.92,54.66,,,7.263,,,,,18.62,50.28
2018-08-25,6745,33.35,34.58,56.99,7.5,,33.48,23.38,65.42,21.23,28.28,56.99,,,7.5,,,,,17.01,49.96
2018-08-26,6690,35.51,38.72,59.59,7.735,,31.64,22.93,64.85,39.32,27.79,59.59,,,7.735,,,,,13.64,49.64
2018-08-27,6839,36.27,40.83,60.21,7.967,,29.06,24.05,66.23,44.04,29,60.21,,,7.967,,,,,8.794,49.32
2018-08-28,7093,36.99,39.83,64.79,8.197,,29,25.96,68.46,33.84,31.07,64.79,,,8.197,,,,,9,48.99
2018-08-29,7033,36.18,37.43,65.75,8.424,,28.19,25.45,67.86,25.89,30.5,65.75,,,8.424,,,,,7.711,48.67
2018-08-30,6967,37.04,38.75,65.82,8.649,,30.24,24.93,67.26,32.88,29.94,65.82,,,8.649,,,,,12.13,48.35
2018-08-31,7025,37.88,39.4,68.77,8.871,,28.82,25.37,67.78,34.04,30.43,68.77,,,8.871,,,,,9.606,48.03
2018-09-01,7192,38.4,40.37,69.38,9.091,,28.14,26.63,69.21,33.84,31.8,69.38,,,9.091,,,,,8.578,47.71
2018-09-02,7287,37.76,40.09,67.19,9.309,,27.6,27.33,69.98,30.48,32.57,67.19,,,9.309,,,,,7.805,47.39
2018-09-03,7257,38.29,39.89,69.32,9.524,,28.14,27.1,69.73,30.41,32.32,69.32,,,9.524,,,,,9.223,47.06
2018-09-04,7359,38.39,38.38,70.41,9.737,,31.7,27.85,70.54,21.99,33.14,70.41,,,9.737,,,,,16.67,46.74
2018-09-05,6791,37.65,34.46,74.45,9.948,,30.66,23.54,65.63,20.21,28.46,74.45,,,9.948,,,,,14.9,46.42
2018-09-06,6488,39.93,33.87,77.6,19.79,,26.04,21.26,62.69,25.55,25.99,77.6,,,19.79,,,,,5.981,46.1
2018-09-07,6409,39.01,33.38,74.45,19.95,,25.98,20.68,61.91,25.55,25.37,74.45,,,19.95,,,,,6.19,45.78
2018-09-08,6188,37.87,31.03,73.49,20.62,,25.1,19.01,59.52,22.05,23.55,73.49,,,20.62,,,,,4.739,45.45
2018-09-09,6249,39.11,33.11,75.41,20.77,,24.22,19.49,60.24,28.63,24.09,75.41,,,20.77,,,,,3.302,45.13
2018-09-10,6295,38.06,30.91,75.07,20.92,,23.34,19.87,60.79,18.49,24.5,75.07,,,20.92,,,,,1.878,44.81
2018-09-11,6278,38.18,31.16,74.66,21.83,,22.48,19.77,60.67,19.79,24.41,74.66,,,21.83,,,,,0.4673,44.49
2018-09-12,6328,39.6,34.48,74.59,22.22,,22.32,20.17,61.25,31.64,24.85,74.59,,,22.22,,,,,0.4651,44.17
2018-09-13,6491,39.15,33.79,73.84,22.11,,22.62,21.47,63.07,24.32,26.3,73.84,,,22.11,,,,,1.389,43.85
2018-09-14,6495,40.05,32.41,78.63,23,,23.72,21.5,63.12,18.7,26.33,78.63,,,23,,,,,3.917,43.52
2018-09-15,6524,40.71,33.19,79.45,23.13,,24.7,21.72,63.43,21.03,26.59,79.45,,,23.13,,,,,6.193,43.2
2018-09-16,6497,40.6,32.88,75.75,23.27,,31.94,21.52,63.16,20.48,26.37,75.75,,,23.27,,,,,21,42.88
2018-09-17,6259,40.05,30.7,76.1,23.4,,34.01,19.71,60.64,18.08,24.38,76.1,,,23.4,,,,,25.45,42.56
2018-09-18,6340,41.25,31.85,77.33,24.51,,35.48,20.34,61.55,20.41,25.09,77.33,,,24.51,,,,,28.73,42.24
2018-09-19,6384,42.53,33.83,78.22,24.88,,36.95,20.68,62.03,27.12,25.46,78.22,,,24.88,,,,,31.98,41.91
2018-09-20,6499,42.75,34.65,76.64,25.24,,38.29,21.57,63.26,27.33,26.45,76.64,,,25.24,,,,,34.98,41.59
2018-09-21,6741,43.72,35.64,77.05,26.57,,39.61,23.46,65.74,24.79,28.56,77.05,,,26.57,,,,,37.95,41.27
2018-09-22,6705,44.14,36.62,76.23,26.92,,40.7,23.19,65.41,29.59,28.27,76.23,,,26.92,,,,,40.44,40.95
2018-09-23,6703,44.05,36.05,75.48,27.27,,42.77,23.17,65.38,27.4,28.25,75.48,,,27.27,,,,,44.91,40.63
2018-09-24,6577,43.7,34.55,75.34,27.38,,45.04,22.21,64.15,24.66,27.19,75.34,,,27.38,,,,,49.78,40.31
2018-09-25,6416,44.05,35.59,72.4,27.96,,49.16,21.03,62.59,32.81,25.91,72.4,,,27.96,,,,,58.33,39.98
2018-09-26,6463,43.3,32.7,72.6,28.3,,51.82,21.39,63.09,20,26.31,72.6,,,28.3,,,,,63.97,39.66
2018-09-27,6678,43.9,34.93,69.73,28.64,,54.13,23.02,65.23,23.36,28.12,69.73,,,28.64,,,,,68.91,39.34
2018-09-28,6623,44.01,35.77,67.26,28.97,,56.41,22.59,64.69,28.15,27.65,67.26,,,28.97,,,,,73.81,39.02
2018-09-29,6584,42.89,35.14,63.29,29.3,,56.42,22.31,64.33,26.58,27.34,63.29,,,29.3,,,,,74.14,38.7
2018-09-30,6604,43.48,36.56,63.42,29.63,,55.56,22.46,64.53,31.71,27.51,63.42,,,29.63,,,,,72.75,38.37
2018-10-01,6562,42.28,35.6,60.75,29.95,,53.32,22.16,64.15,28.9,27.19,60.75,,,29.95,,,,,68.59,38.05
2018-10-02,6509,40.8,32.81,59.45,30.28,,52.48,21.77,63.64,19.04,26.77,59.45,,,30.28,,,,,67.23,37.73
2018-10-03,6464,40.59,33.1,58.36,30.14,,52.18,21.45,63.22,21.3,26.42,58.36,,,30.14,,,,,66.95,37.41
2018-10-04,6545,39.73,34.41,52.81,30.91,,49.87,22.07,64.06,24.38,27.12,52.81,,,30.91,,,,,62.66,37.09
2018-10-05,6585,37.61,32.89,46.92,31.22,,48.32,22.37,64.46,17.26,27.45,46.92,,,31.22,,,,,59.87,36.77
2018-10-06,6550,44.63,32.12,37.26,72.52,,47.41,22.11,64.13,15.07,27.17,37.26,,,72.52,,,,,58.37,36.44
2018-10-07,6565,45.26,33.67,38.01,72.42,,45.98,22.22,64.27,20.89,27.29,38.01,,,72.42,,,,,55.83,36.12
2018-10-08,6605,44.69,33.34,37.88,72.32,,42.8,22.51,64.67,18.56,27.63,37.88,,,72.32,,,,,49.79,35.8
2018-10-09,6590,34.95,32.88,38.84,31.11,,42.12,22.41,64.53,17.05,27.51,38.84,,,31.11,,,,,48.76,35.48
2018-10-10,6529,45.73,33.52,42.33,73.01,,40.73,21.94,63.92,21.23,27,42.33,,,73.01,,,,,46.3,35.16
2018-10-11,6159,44.47,31.93,40.82,72.69,,39.24,19.31,60.27,24.04,24.11,40.82,,,72.69,,,,,43.65,34.84
2018-10-12,6192,43.14,29.81,40.41,73.25,,35.01,19.57,60.67,14.59,24.41,40.41,,,73.25,,,,,35.51,34.51
2018-10-13,6198,42.33,30.68,37.33,73.36,,31.02,19.63,60.76,17.88,24.47,37.33,,,73.36,,,,,27.85,34.19
2018-10-14,6183,40.2,27.67,35.14,73.48,,27.66,19.53,60.62,6.164,24.37,35.14,,,73.48,,,,,21.46,33.87
2018-10-15,6443,39.56,35.14,20,73.38,,26.55,21.5,63.42,29.04,26.59,20,,,73.38,,,,,19.56,33.55
2018-10-16,6462,38.14,32.45,19.59,73.71,,24.04,21.66,63.66,17.67,26.78,19.59,,,73.71,,,,,14.86,33.23
2018-10-17,6443,37.51,32.49,18.36,73.82,,20.75,21.53,63.5,18.29,26.64,18.36,,,73.82,,,,,8.6,32.9
2018-10-18,6396,39.64,32.17,18.22,81.62,,24.66,21.2,63.04,18.15,26.27,18.22,,,81.62,,,,,16.73,32.58
2018-10-19,6383,40.79,32.34,21.71,81.28,,27.54,21.08,62.88,19.25,26.15,21.71,,,81.28,,,,,22.82,32.26
2018-10-20,6408,41.38,32.83,21.64,81.78,,30,21.46,63.48,19.73,26.63,21.64,,,81.78,,,,,28.06,31.94
2018-10-21,6415,40.83,32.45,19.66,81.86,,30.47,21.51,63.56,18.01,26.7,19.66,,,81.86,,,,,29.33,31.62
2018-10-22,6408,41.45,34.28,18.63,81.72,,31.63,21.47,63.51,25.48,26.65,18.63,,,81.72,,,,,31.96,31.3
2018-10-23,6396,41.45,34.01,18.9,82.01,,31.5,21.39,63.41,24.66,26.57,18.9,,,82.01,,,,,32.03,30.97
2018-10-24,6414,39.55,29.82,18.15,82.08,,31.38,21.53,63.6,7.397,26.73,18.15,,,82.08,,,,,32.1,30.65
2018-10-25,6402,40.9,32.32,19.73,82.16,,30.77,21.45,63.51,17.67,26.66,19.73,,,82.16,,,,,31.2,30.33
2018-10-26,6404,41.16,32.86,19.18,81.82,,32.86,21.5,63.6,19.59,26.73,19.18,,,81.82,,,,,35.71,30.01
2018-10-27,6409,41.3,32.28,19.38,82.3,,34.75,21.54,63.66,17.12,26.78,19.38,,,82.3,,,,,39.81,29.69
2018-10-28,6407,41.96,32.64,20.27,82.38,,37.1,21.52,63.64,18.63,26.76,20.27,,,82.38,,,,,44.83,29.36
2018-10-29,6263,42.91,31.86,25.21,82.45,,37.9,20.45,62.14,19.32,25.55,25.21,,,82.45,,,,,46.76,29.04
2018-10-30,6272,43.33,32.81,25.27,82.11,,38.7,20.53,62.26,22.81,25.64,25.27,,,82.11,,,,,48.67,28.72
2018-10-31,6306,45.08,34.36,28.7,82.59,,40.34,20.81,62.66,28.01,25.96,28.7,,,82.59,,,,,52.27,28.4
2018-11-01,6343,44.54,33.48,28.08,82.26,,40.74,21.1,63.09,23.42,26.31,28.08,,,82.26,,,,,53.4,28.08
2018-11-02,6348,47.37,32.35,41.23,81.93,,43.11,21.14,63.15,18.77,26.36,41.23,,,81.93,,,,,58.46,27.76
2018-11-03,6332,47.78,34.41,38.15,82.8,,43.77,21.02,62.99,27.4,26.23,38.15,,,82.8,,,,,60.11,27.43
2018-11-04,6420,47.31,31.14,41.1,82.87,,45.18,21.68,63.91,11.99,26.98,41.1,,,82.87,,,,,63.25,27.11
2018-11-05,6403,48.48,32.95,42.26,82.54,,47.13,21.56,63.73,19.66,26.84,42.26,,,82.54,,,,,67.47,26.79
2018-11-06,6441,49.71,31.76,48.42,83,,48.51,21.84,64.13,13.9,27.17,48.42,,,83,,,,,70.56,26.47
2018-11-07,6501,50.67,32.44,50.07,82.68,,51.63,22.29,64.73,15.07,27.68,50.07,,,82.68,,,,,77.12,26.15
2018-11-08,6407,50.52,30.81,51.92,82.35,,53.08,21.57,63.77,11.03,26.87,51.92,,,82.35,,,,,80.33,25.82
2018-11-09,6331,50.3,30.74,50.14,82.81,,54.05,21.01,62.98,12.74,26.23,50.14,,,82.81,,,,,82.6,25.5
2018-11-10,6353,50.88,31.33,52.19,81.71,,55.02,21.17,63.22,14.52,26.42,52.19,,,81.71,,,,,84.85,25.18
2018-11-11,6335,51.7,32.55,53.08,81.59,,56.16,21.04,63.03,19.86,26.27,53.08,,,81.59,,,,,87.45,24.86
2018-11-12,6321,52.46,31.77,57.67,81.08,,57.2,20.93,62.89,17.12,26.15,57.67,,,81.08,,,,,89.86,24.54
2018-11-13,6268,52.16,29.48,61.51,79.62,,57.96,20.55,62.35,9.315,25.72,61.51,,,79.62,,,,,91.7,24.22
2018-11-14,5574,54.07,24.69,75.68,81.99,,57.81,15.39,54.07,9.452,19.83,75.68,,,81.99,,,,,91.73,23.89
2018-11-15,5539,54.29,23.82,77.67,83.59,,55.6,15.39,54.13,5.89,19.87,77.67,,,83.59,,,,,87.63,23.57
2018-11-16,5496,53.87,23.47,77.88,83.65,,52.7,15.12,53.66,5.548,19.57,77.88,,,83.65,,,,,82.14,23.25
2018-11-17,5501,53.89,25.24,76.23,83.71,,49.81,15.18,53.76,12.4,19.63,76.23,,,83.71,,,,,76.69,22.93
2018-11-18,5555,51.76,23.83,71.92,83.77,,45.17,15.6,54.53,5.068,20.12,71.92,,,83.77,,,,,67.73,22.61
2018-11-19,4792,50.89,17.04,82.6,83.83,,40.03,9.992,42.83,1.712,13.62,82.6,,,83.83,,,,,57.77,22.28
2018-11-20,4318,49.37,12.95,87.19,83.9,,32.11,6.713,34.02,1.301,9.769,87.19,,,83.9,,,,,42.25,21.96
2018-11-21,4549,49.82,14.97,89.04,83.96,,25.03,8.521,39.07,0.411,11.89,89.04,,,83.96,,,,,28.42,21.64
2018-11-22,4304,48.16,12.86,87.6,84.01,,21.15,6.745,34.07,0.8219,9.791,87.6,,,84.01,,,,,20.98,21.32
2018-11-23,4290,48.19,12.88,89.04,84.07,,18.25,6.705,33.93,1.164,9.735,89.04,,,84.07,,,,,15.51,21
2018-11-24,3806,46.26,7.994,91.64,84.13,,13.64,3.139,21.95,1.37,5.511,91.64,,,84.13,,,,,6.597,20.68
2018-11-25,3947,47.37,9.459,95.62,83.82,,10.7,4.291,26.07,0.6164,6.854,95.62,,,83.82,,,,,1.038,20.35
2018-11-26,3700,46.39,6.721,96.78,83.52,,10.19,2.549,19.51,0.06849,4.76,96.78,,,83.52,,,,,0.3448,20.03
2018-11-27,3777,46.87,7.886,97.19,83.21,,10.03,3.234,22.08,0.6849,5.549,97.19,,,83.21,,,,,0.3436,19.71
2018-11-28,4208,48.56,12.5,96.3,83.27,,9.866,6.522,33.25,0.7534,9.465,96.3,,,83.27,,,,,0.3425,19.39
2018-11-29,4239,48.83,12.65,95.96,84.42,,10.05,6.728,33.88,0.274,9.714,95.96,,,84.42,,,,,1.024,19.07
2018-11-30,3973,48.15,9.987,97.6,84.48,,10.14,4.803,27.67,0.06849,7.404,97.6,,,84.48,,,,,1.531,18.74
2018-12-01,4148,49.12,12.05,98.22,84.53,,9.89,6.092,31.91,1.233,8.95,98.22,,,84.53,,,,,1.356,18.42
2018-12-02,4099,48.27,11.46,95.41,84.59,,10.23,5.744,30.8,0.7534,8.531,95.41,,,84.59,,,,,2.365,18.1
2018-12-03,3844,47.49,8.52,97.19,84.64,,10.15,3.713,23.9,0.3425,6.131,97.19,,,84.64,,,,,2.525,17.78
2018-12-04,3893,47.66,9.238,96.58,84.7,,10.24,3.88,24.64,2.055,6.376,96.58,,,84.7,,,,,3.02,17.46
2018-12-05,3710,44.18,7.46,97.81,71.63,,10.57,2.939,20.79,0.9589,5.15,97.81,,,71.63,,,,,4.013,17.14
2018-12-06,3512,43.06,5.434,97.12,71.38,,9.99,1.705,15.48,0.9589,3.594,97.12,,,71.38,,,,,3.167,16.81
2018-12-07,3373,42.55,3.591,98.63,71.48,,8.911,0.7612,11.11,0.06849,2.421,98.63,,,71.48,,,,,1.329,16.49
2018-12-08,3408,42.83,4.218,98.36,71.93,,8.748,1.053,12.44,0.6164,2.767,98.36,,,71.93,,,,,1.325,16.17
2018-12-09,3540,43.52,5.943,98.22,72.03,,8.584,2.068,16.89,0.8219,3.993,98.22,,,72.03,,,,,1.32,15.85
2018-12-10,3414,42.8,4.346,97.81,72.13,,8.75,1.175,12.9,0.411,2.892,97.81,,,72.13,,,,,1.974,15.53
2018-12-11,3353,42.58,3.773,98.29,71.53,,9.078,0.8768,11.33,0.411,2.476,98.29,,,71.53,,,,,2.951,15.21
2018-12-12,3423,42.62,4.741,98.15,70.59,,8.177,1.455,13.93,0.411,3.168,98.15,,,70.59,,,,,1.471,14.88
2018-12-13,3260,41.62,2.799,97.81,70,,8.339,0.2764,8.316,0.8904,1.712,97.81,,,70,,,,,2.117,14.56
2018-12-14,3199,40.67,2.313,95.07,69.76,,7.932,0,6.259,1.781,1.212,95.07,,,69.76,,,,,1.623,14.24
2018-12-15,3185,40.87,2.219,95,70.89,,7.849,0,5.847,1.918,1.113,95,,,70.89,,,,,1.78,13.92
2018-12-16,3195,40.96,1.936,95.68,71.33,,7.363,0,6.368,0.137,1.238,95.68,,,71.33,,,,,1.129,13.6
2018-12-17,3499,43.12,6.871,96.58,71.09,,7.119,2.247,17.19,3.973,4.079,96.58,,,71.09,,,,,0.9646,13.27
2018-12-18,3660,43.7,8.433,97.67,68.81,,8.96,3.547,22.41,2.123,5.654,97.67,,,68.81,,,,,4.968,12.95
2018-12-19,3698,43.17,9.385,93.08,68.92,,10.07,3.875,23.64,3.973,6.049,93.08,,,68.92,,,,,7.508,12.63
2018-12-20,4068,44.39,13.38,91.37,68.01,,11.73,6.67,33.32,4.041,9.491,91.37,,,68.01,,,,,11.15,12.31
2018-12-21,3839,44.55,10.95,92.81,67.79,,19.17,4.992,27.71,3.699,7.417,92.81,,,67.79,,,,,26.35,11.99
2018-12-22,3965,46.58,14.46,93.22,67.89,,23.08,5.948,30.97,12.33,8.595,93.22,,,67.89,,,,,34.49,11.67
2018-12-23,3943,46.9,14.29,93.08,67.67,,27.12,5.802,30.48,12.47,8.412,93.08,,,67.67,,,,,42.9,11.34
2018-12-24,4040,46.44,14.11,91.71,67.11,,27.76,6.557,32.93,7.603,9.341,91.71,,,67.11,,,,,44.5,11.02
2018-12-25,3762,44.26,11.02,87.12,66.89,,29.64,4.479,25.83,6.986,6.772,87.12,,,66.89,,,,,48.59,10.7
2018-12-26,3808,44.23,11.62,85.68,66.67,,30.58,4.844,27.14,7.26,7.22,85.68,,,66.67,,,,,50.78,10.38
2018-12-27,3585,43.18,9.445,85.21,66.45,,30.65,3.203,20.9,8.493,5.184,85.21,,,66.45,,,,,51.25,10.06
2018-12-28,3881,44.43,13.46,85.14,66.23,,27.85,5.537,29.5,10.75,8.053,85.14,,,66.23,,,,,45.96,9.735
2018-12-29,3823,43,11.15,83.63,66.34,,26.53,5.117,28.03,3.904,7.53,83.63,,,66.34,,,,,43.65,9.413
2018-12-30,3825,42.3,13.28,77.12,66.78,,25.3,5.162,28.18,12.19,7.581,77.12,,,66.78,,,,,41.51,9.091
2018-12-31,3687,39.74,10.25,72.6,65.58,,25.54,4.155,24.48,6.027,6.323,72.6,,,65.58,,,,,42.31,8.769
2019-01-01,3808,40.18,11.58,72.74,65.7,,24.09,5.086,27.88,5.89,7.478,72.74,,,65.7,,,,,39.72,8.447
2019-01-02,3898,39.96,13.04,70.34,64.52,,24.32,5.775,30.26,7.808,8.333,70.34,,,64.52,,,,,40.52,8.126
2019-01-03,3784,39.16,11.87,68.63,64.63,,24.79,4.945,27.36,7.877,7.297,68.63,,,64.63,,,,,41.77,7.804
2019-01-04,3828,38.61,12.07,63.84,64.1,,30.03,5.286,28.57,6.712,7.719,63.84,,,64.1,,,,,52.58,7.482
2019-01-05,3799,40.12,12.55,64.38,68.37,,31.61,5.074,27.82,9.863,7.455,64.38,,,68.37,,,,,56.06,7.16
2019-01-06,4046,40.06,14.59,59.38,68.47,,33.71,6.966,34.11,7.466,9.806,59.38,,,68.47,,,,,60.57,6.838
2019-01-07,4001,40.83,14,61.16,69.52,,36.69,6.647,33.1,6.849,9.408,61.16,,,69.52,,,,,66.87,6.516
2019-01-08,3993,42.25,15.79,63.15,69.3,,38.98,6.602,32.95,14.25,9.349,63.15,,,69.3,,,,,71.77,6.195
2019-01-09,4004,42.4,15.69,62.67,69.72,,40.74,6.692,33.24,13.36,9.462,62.67,,,69.72,,,,,75.6,5.873
2019-01-10,3628,40.05,10.54,61.16,69.81,,41.58,4.149,24.17,7.603,6.222,61.16,,,69.81,,,,,77.61,5.551
2019-01-11,3624,37.19,9.922,56.23,66.46,,36.02,4.155,24.17,5.137,6.222,56.23,,,66.46,,,,,66.82,5.229
2019-01-12,3617,35.77,9.62,52.95,65.94,,32.57,4.116,24.02,4.178,6.17,52.95,,,65.94,,,,,60.24,4.907
2019-01-13,3509,35.3,8.156,54.93,66.04,,29.59,3.311,20.8,3.356,5.154,54.93,,,66.04,,,,,54.59,4.586
2019-01-14,3667,35.83,10.82,57.53,63.04,,25.51,4.526,25.56,6.507,6.682,57.53,,,63.04,,,,,46.76,4.264
2019-01-15,3581,34.05,8.962,55.62,61.92,,23,3.854,23,3.151,5.842,55.62,,,61.92,,,,,42.06,3.942
2019-01-16,3607,33.37,9.346,54.32,61.73,,18.82,4.06,23.8,3.425,6.099,54.32,,,61.73,,,,,34.02,3.62
2019-01-17,3640,32.69,9.637,52.19,61.54,,16.63,4.333,24.83,2.945,6.439,52.19,,,61.54,,,,,29.97,3.298
2019-01-18,3609,32.77,9.681,51.44,61.35,,19.13,4.115,23.99,4.452,6.162,51.44,,,61.35,,,,,35.28,2.977
2019-01-19,3687,32.63,10.51,48.7,61.16,,20.88,4.722,26.28,4.11,6.924,48.7,,,61.16,,,,,39.1,2.655
2019-01-20,3538,31.56,9.789,44.04,61.28,,23.34,3.603,21.96,8.082,5.512,44.04,,,61.28,,,,,44.35,2.333
2019-01-21,3536,31.05,9.332,41.71,60.79,,26.29,3.597,21.93,6.301,5.502,41.71,,,60.79,,,,,50.58,2.011
2019-01-22,3577,29.69,9.079,37.53,59.7,,26.13,3.984,23.41,2.945,5.974,37.53,,,59.7,,,,,50.58,1.689
2019-01-23,3552,29.31,9.506,34.66,59.52,,27.55,3.809,22.71,5.753,5.75,34.66,,,59.52,,,,,53.74,1.368
2019-01-24,3568,29.45,10.94,32.19,59.34,,28.96,3.94,23.22,10.68,5.913,32.19,,,59.34,,,,,56.88,1.046
2019-01-25,3561,28.11,9.339,28.56,59.16,,30.79,3.915,23.11,4.452,5.877,28.56,,,59.16,,,,,60.86,0.7241
2019-01-26,3557,28.14,10.1,26.1,59.28,,33.11,3.899,23.04,7.603,5.854,26.1,,,59.28,,,,,65.81,0.4023
2019-01-27,3538,28.16,9.066,28.01,58.81,,33.99,3.766,22.5,4.315,5.683,28.01,,,58.81,,,,,67.9,0.08045
2019-01-28,3435,28.45,8.004,29.73,59.52,,35.27,3.032,19.45,4.795,4.743,29.73,,,59.52,,,,,70.54,0
2019-01-29,3396,27.67,7.538,29.45,58.16,,33.55,2.762,18.27,4.726,4.394,29.45,,,58.16,,,,,67.09,0
2019-01-30,3438,29.18,7.84,36.64,58.28,,30.7,3.121,19.77,3.63,4.839,36.64,,,58.28,,,,,61.41,0
2019-01-31,3410,28.76,8.587,35.62,58.7,,25.77,2.931,18.95,7.877,4.593,35.62,,,58.7,,,,,51.54,0
2019-02-01,3445,27.24,9.254,31.1,56.76,,23.39,3.218,20.15,8.699,4.953,31.1,,,56.76,,,,,46.78,0
2019-02-02,3462,26.67,8.534,32.12,56.6,,19.34,3.356,20.72,4.932,5.128,32.12,,,56.6,,,,,38.69,0
2019-02-03,3413,26.36,7.672,34.79,56.43,,14.76,2.994,19.19,3.836,4.666,34.79,,,56.43,,,,,29.53,0
2019-02-04,3411,25.49,8.158,31.58,56.27,,12.43,3.014,19.25,5.685,4.684,31.58,,,56.27,,,,,24.86,0
2019-02-05,3426,25.15,8.385,29.86,56.1,,12.47,3.145,19.79,5.753,4.847,29.86,,,56.1,,,,,24.93,0
2019-02-06,3368,24.26,8.704,26.16,56.23,,10.91,2.729,17.98,9.795,4.309,26.16,,,56.23,,,,,21.82,0
2019-02-07,3359,25.08,9.282,28.97,55.78,,11.16,2.69,17.79,12.4,4.253,28.97,,,55.78,,,,,22.31,0
2019-02-08,3612,28.05,12.47,34.32,55.62,,14.9,4.634,25.7,12.81,6.729,34.32,,,55.62,,,,,29.81,0
2019-02-09,3621,28.26,11.65,34.38,55.46,,19.73,4.703,25.97,9.11,6.818,34.38,,,55.46,,,,,39.45,0
2019-02-10,3642,29.69,11.34,38.63,55.59,,24.25,4.864,26.57,6.918,7.023,38.63,,,55.59,,,,,48.5,0
2019-02-11,3591,29.22,10.94,35.41,55.71,,27.86,4.486,25.14,7.603,6.539,35.41,,,55.71,,,,,55.72,0
2019-02-12,3588,29.76,9.892,37.74,54.99,,32.88,4.486,25.12,3.425,6.535,37.74,,,54.99,,,,,65.76,0
2019-02-13,3576,30.87,11.55,36.92,54.55,,39.09,4.47,25.01,10.21,6.498,36.92,,,54.55,,,,,78.18,0
2019-02-14,3562,29.64,10.49,37.67,49.01,,41.89,4.371,24.63,6.575,6.371,37.67,,,49.01,,,,,83.78,0
2019-02-15,3565,27.34,9.72,29.18,48.87,,42.25,4.409,24.77,3.288,6.417,29.18,,,48.87,,,,,84.5,0
2019-02-16,3585,28.68,11.49,31.85,48.73,,42.41,4.587,25.44,9.315,6.639,31.85,,,48.73,,,,,84.81,0
2019-02-17,3623,28.95,12.82,31.03,48.6,,41.96,4.888,26.57,12.81,7.024,31.03,,,48.6,,,,,83.91,0
2019-02-18,3866,30.83,16.03,32.74,48.46,,43.52,6.754,33.11,14.86,9.41,32.74,,,48.46,,,,,87.03,0
2019-02-19,3895,31.86,16.48,35.14,48.32,,46.2,6.994,33.88,15.34,9.715,35.14,,,48.32,,,,,92.4,0
2019-02-20,3932,31.08,14.94,34.73,47.91,,46.61,7.243,34.69,7.808,10.04,34.73,,,47.91,,,,,93.22,0
2019-02-21,3892,30.84,13.6,35.82,47.78,,47.35,6.964,33.79,3.973,9.678,35.82,,,47.78,,,,,94.69,0
2019-02-22,3948,32.49,17.73,35.48,47.65,,47.88,7.394,35.16,18.15,10.23,35.48,,,47.65,,,,,95.77,0
2019-02-23,4110,33.56,18.43,37.33,48.62,,48.88,8.648,38.94,14.32,11.83,37.33,,,48.62,,,,,97.76,0
2019-02-24,3754,32.26,13.21,40.68,48.48,,49.61,5.944,30.36,8.151,8.37,40.68,,,48.48,,,,,99.21,0
2019-02-25,3822,33.16,14.73,41.58,48.9,,49.34,6.486,32.2,11.16,9.061,41.58,,,48.9,,,,,98.69,0
2019-02-26,3796,32.24,15.73,37.05,48.49,,47.91,6.296,31.56,16.23,8.817,37.05,,,48.49,,,,,95.81,0
2019-02-27,3799,32.3,14.41,41.03,47.54,,47,6.331,31.68,10.75,8.861,41.03,,,47.54,,,,,93.99,0
2019-02-28,3793,33.11,15.02,44.52,47.14,,45.57,6.297,31.56,13.42,8.815,44.52,,,47.14,,,,,91.15,0
2019-03-01,3811,31.7,16.18,37.53,46.74,,44.29,6.44,32.04,17.26,8.998,37.53,,,46.74,,,,,88.57,0
2019-03-02,3810,31.55,13.84,41.92,46.88,,42.1,6.441,32.04,7.877,8.999,41.92,,,46.88,,,,,84.2,0
2019-03-03,3782,33.41,14.73,49.38,47.03,,39.6,6.236,31.35,12.6,8.736,49.38,,,47.03,,,,,79.2,0
2019-03-04,3698,33.41,12.8,53.84,46.36,,38.79,5.625,29.21,8.425,7.948,53.84,,,46.36,,,,,77.58,0
2019-03-05,3840,34.09,15.91,51.3,46.51,,38.5,6.712,32.93,14.66,9.343,51.3,,,46.51,,,,,76.99,0
2019-03-06,3852,32.67,14.27,47.05,47.45,,38.72,6.81,33.25,7.534,9.468,47.05,,,47.45,,,,,77.44,0
2019-03-07,3856,33.54,15.65,48.7,46.52,,39.9,6.844,33.37,12.88,9.512,48.7,,,46.52,,,,,79.8,0
2019-03-08,3839,32.47,15.82,43.42,46.13,,41.52,6.731,32.99,14.18,9.365,43.42,,,46.13,,,,,83.04,0
2019-03-09,3910,30.82,16.08,35.62,46.01,,42.49,7.278,34.76,12.19,10.07,35.62,,,46.01,,,,,84.99,0
2019-03-10,3904,29.86,15.81,31.44,46.15,,43.27,7.235,34.63,11.37,10.01,31.44,,,46.15,,,,,86.55,0
2019-03-11,3852,29.67,15.79,30.55,45.24,,45.32,6.849,33.37,13.42,9.514,30.55,,,45.24,,,,,90.63,0
2019-03-12,3859,30.67,16.01,32.19,46.7,,46.84,6.922,33.61,13.9,9.607,32.19,,,46.7,,,,,93.69,0
2019-03-13,3852,32.57,15.19,41.1,47.11,,47.29,6.874,33.45,10.89,9.545,41.1,,,47.11,,,,,94.58,0
2019-03-14,3854,30.55,16.9,29.18,47.51,,47.11,6.899,33.53,17.6,9.576,29.18,,,47.51,,,,,94.22,0
2019-03-15,3902,29.83,17.45,26.03,46.6,,47.24,7.273,34.74,17.74,10.06,26.03,,,46.6,,,,,94.49,0
2019-03-16,3990,30.84,19.82,26.71,46.21,,46.94,7.967,36.89,23.49,10.95,26.71,,,46.21,,,,,93.88,0
2019-03-17,3967,30.93,17.76,30.55,46.09,,47.44,7.792,36.36,16.16,10.72,30.55,,,46.09,,,,,94.89,0
2019-03-18,3969,31.01,19.37,29.79,44.42,,47.39,7.818,36.44,22.47,10.75,29.79,,,44.42,,,,,94.78,0
2019-03-19,3996,33.35,21.39,34.52,46.11,,47.33,8.02,37.06,29.45,11.01,34.52,,,46.11,,,,,94.67,0
2019-03-20,4031,31.97,20.35,32.33,44.19,,47.52,8.287,37.86,23.9,11.36,32.33,,,44.19,,,,,95.05,0
2019-03-21,3976,29.98,17.72,28.42,44.07,,47.84,7.88,36.63,15.55,10.83,28.42,,,44.07,,,,,95.68,0
2019-03-22,3984,31.47,19.66,31.44,43.96,,47.91,7.947,36.83,22.95,10.92,31.44,,,43.96,,,,,95.81,0
2019-03-23,3982,30.71,18,31.16,44.1,,47.48,7.936,36.8,16.37,10.91,31.16,,,44.1,,,,,94.96,0
2019-03-24,3971,30.34,18.36,29.66,44.25,,45.83,7.855,36.55,18.22,10.8,29.66,,,44.25,,,,,91.67,0
2019-03-25,3908,29.27,17.28,27.26,44.39,,45.05,7.39,35.1,16.44,10.2,27.26,,,44.39,,,,,90.1,0
2019-03-26,3918,29.28,16.37,29.25,44.53,,44.02,7.475,35.37,12.33,10.31,29.25,,,44.53,,,,,88.05,0
2019-03-27,4027,29.96,19.2,27.53,44.67,,43.07,8.312,37.93,19.18,11.39,27.53,,,44.67,,,,,86.13,0
2019-03-28,4011,29.99,18.63,30.89,43.29,,41.32,8.191,37.57,17.53,11.23,30.89,,,43.29,,,,,82.65,0
2019-03-29,4089,29.88,19.88,28.56,43.18,,40.92,8.778,39.3,19.45,11.99,28.56,,,43.18,,,,,81.84,0
2019-03-30,4092,28.47,19.01,23.9,43.07,,41.49,8.797,39.35,15.89,12.01,23.9,,,43.07,,,,,82.97,0
2019-03-31,4094,30.44,19.09,31.44,42.96,,43.07,8.847,39.49,15.96,12.07,31.44,,,42.96,,,,,86.14,0
2019-04-01,4138,29.45,19.3,25.96,43.11,,44.65,9.184,40.45,15.07,12.51,25.96,,,43.11,,,,,89.3,0
2019-04-02,4904,38.8,32.2,42.95,42.75,,45.74,14.95,54.17,39.79,19.89,42.95,,,42.75,,,,,91.49,0
2019-04-03,4960,38.21,30.84,41.64,42.64,,48.33,15.35,54.94,32.67,20.39,41.64,,,42.64,,,,,96.65,0
2019-04-04,4911,38.28,29.91,43.22,42.54,,49.16,14.94,54.13,30.68,19.87,43.22,,,42.54,,,,,98.33,0
2019-04-05,5033,35.11,33.74,48.36,17.12,,49.4,15.88,55.96,42.05,21.06,48.36,,,17.12,,,,,98.81,0
2019-04-06,5044,33.77,31.38,46.51,17.33,,49.52,15.95,56.1,32.33,21.15,46.51,,,17.33,,,,,99.05,0
2019-04-07,5189,35.64,33.53,51.1,16.79,,49.76,17.06,58.15,36.37,22.56,51.1,,,16.79,,,,,99.53,0
2019-04-08,5283,37.03,35.45,53.7,16.75,,49.76,17.75,59.37,41.23,23.44,53.7,,,16.75,,,,,99.53,0
2019-04-09,5196,35.37,32.05,51.92,17.44,,49.76,17.06,58.13,30.48,22.55,51.92,,,17.44,,,,,99.53,0
2019-04-10,5312,35.21,35.71,44.79,17.65,,49.41,17.92,59.65,41.64,23.64,44.79,,,17.65,,,,,98.82,0
2019-04-11,5051,40.79,33.8,48.36,41.08,,49.53,15.92,56.01,42.19,21.09,48.36,,,41.08,,,,,99.06,0
2019-04-12,5083,33.9,33.42,42.67,18.54,,48.77,16.15,56.44,39.73,21.38,42.67,,,18.54,,,,,97.54,0
2019-04-13,5075,39.2,31.05,46.58,41.36,,48.6,16.08,56.31,30.55,21.29,46.58,,,41.36,,,,,97.2,0
2019-04-14,5157,33.33,30.05,46.78,18.45,,47.73,16.74,57.54,23.77,22.14,46.78,,,18.45,,,,,95.45,0
2019-04-15,5043,35.33,32.49,50.82,18.89,,47.21,15.87,55.92,37.12,21.03,50.82,,,18.89,,,,,94.42,0
2019-04-16,5206,40.53,34.31,46.51,42.75,,45.88,17.11,58.21,39.32,22.6,46.51,,,42.75,,,,,91.76,0
2019-04-17,5226,41.57,33.59,51.64,43.37,,45.72,17.24,58.44,35.89,22.77,51.64,,,43.37,,,,,91.44,0
2019-04-18,5279,41.82,35.55,48.97,43.75,,45.61,17.63,59.13,42.19,23.26,48.97,,,43.75,,,,,91.22,0
2019-04-19,5290,42.49,35.78,50.55,43.65,,47.58,17.64,59.1,43.15,23.24,50.55,,,43.65,,,,,95.16,0
2019-04-20,5314,41.57,33.39,50.68,43.78,,47.53,17.81,59.41,32.88,23.47,50.68,,,43.78,,,,,95.06,0
2019-04-21,5296,43,36.44,51.44,43.44,,48.22,17.68,59.17,45.62,23.29,51.44,,,43.44,,,,,96.44,0
2019-04-22,5384,42.92,34.87,52.95,44.29,,48.28,18.34,60.3,36.71,24.13,52.95,,,44.29,,,,,96.57,0
2019-04-23,5545,42.27,33.51,52.81,43.71,,49.03,19.54,62.26,26.58,25.64,52.81,,,43.71,,,,,98.06,0
2019-04-24,5432,44.98,37.74,55.55,45.02,,49.15,18.71,60.92,46.71,24.6,55.55,,,45.02,,,,,98.29,0
2019-04-25,5128,42.46,33.3,52.67,45.15,,48.75,16.39,56.86,38.29,21.66,52.67,,,45.15,,,,,97.5,0
2019-04-26,5150,41.81,34.48,47.81,45.75,,47.56,16.6,57.26,42.12,21.94,47.81,,,45.75,,,,,95.12,0
2019-04-27,5182,40.3,33.14,44.59,45.88,,45.64,16.85,57.72,35.75,22.25,44.59,,,45.88,,,,,91.29,0
2019-04-28,5149,40.54,35.26,42.88,46.24,,42.95,16.59,57.24,45.27,21.93,42.88,,,46.24,,,,,85.89,0
2019-04-29,5149,39.37,35.28,37.19,47.78,,41.27,16.61,57.28,45.27,21.95,37.19,,,47.78,,,,,82.55,0
2019-04-30,5267,39.39,34.6,38.15,49.53,,38.31,17.5,58.87,38.97,23.08,38.15,,,49.53,,,,,76.63,0
2019-05-01,5315,41.44,37.51,41.58,50.35,,37.11,17.97,59.73,48.63,23.7,41.58,,,50.35,,,,,74.22,0
2019-05-02,5393,38.45,39.35,22.6,53.72,,36.47,18.57,60.74,53.63,24.46,22.6,,,53.72,,,,,72.93,0
2019-05-03,5658,39.37,39.44,24.86,54.29,,38.34,20.58,63.93,46.23,27.01,24.86,,,54.29,,,,,76.67,0
2019-05-04,5775,40.28,39.08,27.67,54.63,,40.98,21.45,65.23,41.51,28.12,27.67,,,54.63,,,,,81.96,0
2019-05-05,5728,39.18,38.22,23.15,54.73,,43.44,21.07,64.66,39.52,27.63,23.15,,,54.73,,,,,86.89,0
2019-05-06,5692,39.37,39.61,20.21,55.07,,45.45,20.74,64.15,46.37,27.19,20.21,,,55.07,,,,,90.91,0
2019-05-07,5826,38.6,38.86,16.85,55.17,,48.06,21.74,65.61,39.66,28.45,16.85,,,55.17,,,,,96.13,0
2019-05-08,5932,39.44,41.86,14.52,55.5,,48.68,22.52,66.69,48.84,29.41,14.52,,,55.5,,,,,97.35,0
2019-05-09,6150,40.79,43.66,16.03,56.06,,49.72,24.16,68.87,50.14,31.47,16.03,,,56.06,,,,,99.45,0
2019-05-10,6357,41.83,43.41,21.44,55.48,,49.78,25.71,70.8,43.7,33.41,21.44,,,55.48,,,,,99.56,0
2019-05-11,7325,44.17,51.33,17.33,55.58,,50,32.95,78.34,51.64,42.39,17.33,,,55.58,,,,,100,0
2019-05-12,6943,45.31,51.87,21.1,55.68,,50,29.95,75.4,63.56,38.59,21.1,,,55.68,,,,,100,0
2019-05-13,7799,51.27,59.75,32.53,55.78,,50,36.31,81.1,75.21,46.38,32.53,,,55.78,,,,,100,0
2019-05-14,7956,52.56,59.4,36.71,57.69,,50,37.28,81.77,71.16,47.4,36.71,,,57.69,,,,,100,0
2019-05-15,8215,54.65,60.82,42.6,58.24,,50,39.02,82.98,71.92,49.34,42.6,,,58.24,,,,,100,0
2019-05-16,7862,54.79,57.38,49.11,58.33,,50,36.08,80.55,67.33,45.55,49.11,,,58.33,,,,,100,0
2019-05-17,7327,51.09,53.37,40.41,58.43,,49.84,31.97,76.93,64.04,40.52,40.41,,,58.43,,,,,99.68,0
2019-05-18,7278,50.15,53.21,36.64,58.52,,49.68,31.58,76.56,64.66,40.04,36.64,,,58.52,,,,,99.35,0
2019-05-19,8220,55.13,61.63,43.08,58.61,,49.52,38.71,82.59,76.51,48.72,43.08,,,58.61,,,,,99.03,0
2019-05-20,7981,54.88,59.75,45.27,58.71,,49.35,36.81,81.1,74.73,46.37,45.27,,,58.71,,,,,98.71,0
2019-05-21,7984,55.06,58.93,46.85,59.47,,49.14,36.76,81.03,71.64,46.27,46.85,,,59.47,,,,,98.28,0
2019-05-22,7668,53.39,57.8,37.26,64,,49.04,34.32,78.99,74.59,43.29,37.26,,,64,,,,,98.07,0
2019-05-23,7897,55.22,58.65,41.99,65.63,,48.82,36.01,80.4,72.88,45.32,41.99,,,65.63,,,,,97.65,0
2019-05-24,7987,54.29,58.73,39.66,63.94,,48.72,36.62,80.86,71.44,46.02,39.66,,,63.94,,,,,97.44,0
2019-05-25,8062,54.43,57.64,40.68,65.34,,48.83,37.13,81.26,65.55,46.62,40.68,,,65.34,,,,,97.66,0
2019-05-26,8732,60.07,64.52,52.26,65.86,,48.51,42.15,84.91,78.36,52.65,52.26,,,65.86,,,,,97.03,0
2019-05-27,8817,61.97,65.11,59.11,66.15,,48.36,42.68,85.22,79.32,53.22,59.11,,,66.15,,,,,96.72,0
2019-05-28,8719,62.59,64.11,63.36,66.23,,48.47,41.82,84.59,77.95,52.1,63.36,,,66.23,,,,,96.93,0
2019-05-29,8655,63.51,63.69,67.81,66.3,,48.68,40.8,83.59,80,50.37,67.81,,,66.3,,,,,97.36,0
2019-05-30,8272,62.48,60.38,68.15,67.25,,48.95,37.83,81.39,75.48,46.82,68.15,,,67.25,,,,,97.89,0
2019-05-31,8556,59.92,56.38,65.55,66.01,,48.84,39.91,82.93,53.42,49.26,65.55,,,66.01,,,,,97.69,0
2019-06-01,8555,62.49,61.58,67.67,66.09,,48.11,39.84,82.87,74.45,49.16,67.67,,,66.09,,,,,96.23,0
2019-06-02,8744,61.64,60.47,65.96,66.38,,47.65,41.22,83.84,66.03,50.79,65.96,,,66.38,,,,,95.29,0
2019-06-03,8173,58.76,53.6,66.44,65.8,,47.39,36.81,80.52,51.58,45.5,66.44,,,65.8,,,,,94.78,0
2019-06-04,7650,59.54,54.92,67.12,66.74,,46.15,33.04,77.44,68.01,41.19,67.12,,,66.74,,,,,92.29,0
2019-06-05,7799,60.32,56.79,68.49,67.24,,42.52,34.12,78.39,72.19,42.47,68.49,,,67.24,,,,,85.03,0
2019-06-06,7777,60.76,56.3,71.92,68.6,,38.38,33.94,78.24,70.75,42.26,71.92,,,68.6,,,,,76.76,0
2019-06-07,8024,61.27,58.31,72.33,68.67,,34.68,35.76,79.78,73.29,44.42,72.33,,,68.67,,,,,69.36,0
2019-06-08,7940,58.78,52.54,71.78,68.74,,34.66,35.1,79.24,52.19,43.64,71.78,,,68.74,,,,,69.32,0
2019-06-09,7634,58.84,53.66,70.34,68.59,,34.43,32.76,77.18,63.84,40.85,70.34,,,68.59,,,,,68.87,0
2019-06-10,7993,60.52,57.84,71.23,68.44,,32.61,35.4,79.46,72.53,43.97,71.23,,,68.44,,,,,65.23,0
2019-06-11,7922,59.37,55.42,68.77,69.36,,34.39,34.83,78.98,64.59,43.28,68.77,,,69.36,,,,,68.79,0
2019-06-12,8147,58.88,55.21,65.14,69.43,,38.11,36.47,80.32,58.84,45.21,65.14,,,69.43,,,,,76.23,0
2019-06-13,8233,60.59,58.85,64.66,69.49,,40.75,37.07,80.79,71.64,45.91,64.66,,,69.49,,,,,81.49,0
2019-06-14,8698,61.16,63.07,56.58,70.4,,45.15,40.46,83.29,78.63,49.87,56.58,,,70.4,,,,,90.31,0
2019-06-15,8851,61.37,62.71,57.67,70.46,,45.88,41.55,84.05,74.11,51.15,57.67,,,70.46,,,,,91.75,0
2019-06-16,9020,62.19,61.64,62.4,70.53,,47.05,42.7,84.79,66.64,52.44,62.4,,,70.53,,,,,94.11,0
2019-06-17,9341,64.79,64.39,66.92,71.22,,49.09,45.01,86.23,71.23,55.1,66.92,,,71.22,,,,,98.17,0
2019-06-18,9047,65.03,64.6,67.05,71.49,,49.6,42.73,84.75,78.56,52.38,67.05,,,71.49,,,,,99.19,0
2019-06-19,9285,67.61,66.64,74.18,71.55,,50,44.39,85.79,82.12,54.26,74.18,,,71.55,,,,,100,0
2019-06-20,9547,67.37,66.45,74.04,70.98,,50,46.24,86.9,76.3,56.37,74.04,,,70.98,,,,,100,0
2019-06-21,1.008e+04,69.01,68.79,76.44,71.46,,50,50.1,89.05,75.21,60.8,76.44,,,71.46,,,,,100,0
2019-06-22,1.069e+04,71.63,72.62,80.62,71.73,,50,54.38,91.16,79.32,65.63,80.62,,,71.73,,,,,100,0
2019-06-23,1.079e+04,73.1,75.01,82.6,71.78,,50,55.05,91.46,87.19,66.34,82.6,,,71.78,,,,,100,0
2019-06-24,1.1e+04,73.6,75.78,83.22,72.05,,49.85,56.41,92.03,86.92,67.77,83.22,,,72.05,,,,,99.7,0
2019-06-25,1.173e+04,73.76,78.06,80.21,71.69,,49.95,61.52,94.17,83.08,73.46,80.21,,,71.69,,,,,99.9,0
2019-06-26,1.286e+04,77.67,84.3,85.41,72.16,,50,69.36,96.86,89.32,81.68,85.41,,,72.16,,,,,100,0
2019-06-27,1.111e+04,73.41,73.57,86.03,72.22,,50,56.1,91.48,80.27,66.41,86.03,,,72.22,,,,,100,0
2019-06-28,1.236e+04,76.01,80.96,83.97,72.48,,49.8,64.97,95.08,87.67,76.11,83.97,,,72.48,,,,,99.6,0
2019-06-29,1.194e+04,75.12,79.07,83.7,72.54,,49.31,61.7,93.76,88.49,72.32,83.7,,,72.54,,,,,98.61,0
2019-06-30,1.084e+04,73.52,71.84,89.59,72.6,,49.11,53.35,89.94,81.3,62.77,89.59,,,72.6,,,,,98.22,0
2019-07-01,1.057e+04,72.64,69.54,90.07,72.45,,49.01,51.26,88.87,77.6,60.43,90.07,,,72.45,,,,,98.03,0
2019-07-02,1.077e+04,73.53,71.44,90.48,72.71,,48.62,52.6,89.55,81.71,61.9,90.48,,,72.71,,,,,97.24,0
2019-07-03,1.195e+04,76.04,78.44,89.04,72.76,,48.23,61.13,93.42,87.81,71.39,89.04,,,72.76,,,,,96.46,0
2019-07-04,1.118e+04,74.63,73.77,91.44,72.82,,47.65,55.23,90.75,84.45,64.66,91.44,,,72.82,,,,,95.29,0
2019-07-05,1.1e+04,74.22,73.73,89.66,72.87,,47.75,53.84,90.09,87.88,63.12,89.66,,,72.87,,,,,95.5,0
2019-07-06,1.121e+04,74.54,74.23,90.21,72.93,,47.56,55.29,90.8,86.03,64.78,90.21,,,72.93,,,,,95.12,0
2019-07-07,1.146e+04,74.75,74.38,90.96,72.98,,47.17,57.01,91.61,82.19,66.73,90.96,,,72.98,,,,,94.35,0
2019-07-08,1.232e+04,77.52,79.97,93.15,72.64,,47.47,63.1,94.15,89.18,73.43,93.15,,,72.64,,,,,94.94,0
2019-07-09,1.258e+04,77.85,79.85,94.25,72.69,,48.35,64.76,94.75,84.73,75.15,94.25,,,72.69,,,,,96.7,0
2019-07-10,1.211e+04,76.24,75.47,95.82,71.94,,48.35,60.96,93.13,77.19,70.61,95.82,,,71.94,,,,,96.71,0
2019-07-11,1.129e+04,74.55,71.06,96.85,71.8,,47.68,54.94,90.44,74.93,63.92,96.85,,,71.8,,,,,95.36,0
2019-07-12,1.181e+04,75.69,75.74,94.59,71.66,,45.8,58.54,92.06,84.52,67.84,94.59,,,71.66,,,,,91.6,0
2019-07-13,1.135e+04,73.98,71.89,93.36,72.71,,45.09,55.06,90.47,78.01,64,93.36,,,72.71,,,,,90.17,0
2019-07-14,1.028e+04,71.84,66.07,94.73,72.56,,44.86,47.31,86.41,75.14,55.43,94.73,,,72.56,,,,,89.71,0
2019-07-15,1.093e+04,72.43,69.79,93.29,72.02,,40.79,51.89,88.93,77.81,60.55,93.29,,,72.02,,,,,81.57,0
2019-07-16,9471,68.41,62.13,91.99,72.08,,35.87,41.34,82.66,75.68,48.82,91.99,,,72.08,,,,,71.74,0
2019-07-17,9675,66.4,60.6,90.89,70.55,,29.45,42.73,83.58,65.75,50.35,90.89,,,70.55,,,,,58.89,0
2019-07-18,1.068e+04,68.42,65.51,91.51,71.01,,27.29,49.84,87.8,66.23,58.18,91.51,,,71.01,,,,,54.58,0
2019-07-19,1.053e+04,66.73,63.95,86.23,71.06,,28.81,48.66,87.14,63.15,56.85,86.23,,,71.06,,,,,57.62,0
2019-07-20,1.086e+04,68.83,70.69,85.82,70.53,,24.9,50.97,88.4,83.97,59.42,85.82,,,70.53,,,,,49.81,0
2019-07-21,1.059e+04,66.82,67.43,85.68,69.8,,21.02,48.91,87.27,76.44,57.11,85.68,,,69.8,,,,,42.03,0
2019-07-22,1.032e+04,66.61,66.62,83.15,70.45,,25.85,46.91,86.14,78.49,54.92,83.15,,,70.45,,,,,51.7,0
2019-07-23,9867,63.7,62.83,80.14,67.38,,26.51,43.64,84.15,72.19,51.33,80.14,,,67.38,,,,,53.02,0
2019-07-24,9793,62.26,61.63,79.11,64.33,,26.65,42.95,83.64,69.45,50.46,79.11,,,64.33,,,,,53.3,0
2019-07-25,9897,62.55,63.36,77.95,63.62,,26.74,43.67,84.12,74.38,51.27,77.95,,,63.62,,,,,53.48,0
2019-07-26,9837,59.55,64.04,65.55,63.3,,24.34,43.18,83.81,78.42,50.74,65.55,,,63.3,,,,,48.68,0
2019-07-27,9447,57.1,60.64,61.51,62.02,,26.03,40.36,81.9,72.67,47.62,61.51,,,62.02,,,,,52.06,0
2019-07-28,9530,57.79,62.64,62.95,62.09,,21.91,40.93,82.32,79.04,48.28,62.95,,,62.09,,,,,43.82,0
2019-07-29,9504,56.36,61.16,62.33,61.2,,17.99,40.03,81.32,76.58,46.7,62.33,,,61.2,,,,,35.98,0
2019-07-30,9589,53.28,59.62,53.29,61.27,,15.07,40.6,81.72,68.84,47.33,53.29,,,61.27,,,,,30.13,0
2019-07-31,1.006e+04,54.95,64.81,51.1,60.58,,16.9,43.91,83.95,80.41,50.98,51.1,,,60.58,,,,,33.8,0
2019-08-01,1.04e+04,54.64,64.68,49.04,60.46,,19.01,46.27,85.41,73.49,53.56,49.04,,,60.46,,,,,38.01,0
2019-08-02,1.053e+04,57.54,67.1,54.18,59.96,,25.93,47.12,85.91,80.89,54.48,54.18,,,59.96,,,,,51.86,0
2019-08-03,1.081e+04,57.14,68.82,49.32,59.27,,27.69,49.05,87.01,82.6,56.61,49.32,,,59.27,,,,,55.37,0
2019-08-04,1.099e+04,59.65,69.45,56.51,59.35,,32.26,50.23,87.66,81.99,57.91,56.51,,,59.35,,,,,64.51,0
2019-08-05,1.179e+04,61.99,72.11,59.93,58.86,,36.95,55.69,90.35,78.7,63.71,59.93,,,58.86,,,,,73.89,0
2019-08-06,1.142e+04,59.75,71.02,48.29,60.84,,41.02,52.88,88.92,81.78,60.52,48.29,,,60.84,,,,,82.04,0
2019-08-07,1.197e+04,55.19,73.23,25.07,60.15,,42.37,56.57,90.66,81.23,64.45,25.07,,,60.15,,,,,84.74,0
2019-08-08,1.194e+04,54.94,72.26,22.47,63.26,,42.66,56.17,90.44,78.49,63.92,22.47,,,63.26,,,,,85.32,0
2019-08-09,1.186e+04,53.87,72.09,18.77,62.76,,42.49,55.49,90.12,79.59,63.18,18.77,,,62.76,,,,,84.98,0
2019-08-10,1.13e+04,51.81,69.25,15.96,61.89,,42.32,51.49,88.14,78.49,58.87,15.96,,,61.89,,,,,84.64,0
2019-08-11,1.153e+04,53.22,70.64,20.48,61.77,,40.6,53,88.92,80.14,60.52,20.48,,,61.77,,,,,81.2,0
2019-08-12,1.138e+04,52.17,68.14,23.15,60.15,,38.39,51.88,88.35,73.01,59.31,23.15,,,60.15,,,,,76.78,0
2019-08-13,1.087e+04,50.94,66.96,20.75,60.04,,37.05,48.14,86.3,78.15,55.23,20.75,,,60.04,,,,,74.09,0
2019-08-14,1.002e+04,48.4,61.63,22.19,58.99,,33.3,42.14,82.59,73.08,48.71,22.19,,,58.99,,,,,66.61,0
2019-08-15,1.031e+04,47.84,63.44,18.9,58.88,,29.03,44.12,83.9,74.86,50.89,18.9,,,58.88,,,,,58.06,0
2019-08-16,1.037e+04,47.73,63.19,22.4,57.28,,25.18,44.52,84.16,72.74,51.34,22.4,,,57.28,,,,,50.36,0
2019-08-17,1.021e+04,44.53,59.61,18.29,57.54,,18.19,43.32,83.41,61.64,50.07,18.29,,,57.54,,,,,36.37,0
2019-08-18,1.033e+04,44.68,60.08,20.96,56.88,,13.78,44.15,83.96,61.23,51,20.96,,,56.88,,,,,27.57,0
2019-08-19,1.088e+04,46.4,67.23,18.84,55.47,,10.48,47.97,86.27,79.52,55.17,18.84,,,55.47,,,,,20.95,0
2019-08-20,1.077e+04,45.24,65.56,18.01,54.63,,9.785,47.09,85.75,75.21,54.19,18.01,,,54.63,,,,,19.57,0
2019-08-21,1.01e+04,42.08,59.76,15.75,53.6,,9.812,42.34,82.79,64.86,49.04,15.75,,,53.6,,,,,19.62,0
2019-08-22,1.012e+04,42.97,60.64,19.04,53.51,,7.961,42.48,82.9,67.95,49.22,19.04,,,53.51,,,,,15.92,0
2019-08-23,1.041e+04,43.31,63.33,19.52,49.36,,8.705,44.35,84.05,73.77,51.15,19.52,,,49.36,,,,,17.41,0
2019-08-24,1.015e+04,43.36,62.17,20.68,48.53,,12.57,42.44,82.83,74.32,49.1,20.68,,,48.53,,,,,25.13,0
2019-08-25,1.01e+04,45.06,61.64,27.88,48.26,,15.04,42.08,82.6,73.15,48.72,27.88,,,48.26,,,,,30.07,0
2019-08-26,1.036e+04,46.46,61.25,33.84,47.99,,16.87,43.85,83.76,66.71,50.66,33.84,,,47.99,,,,,33.75,0
2019-08-27,1.017e+04,45.67,59.56,34.59,47.53,,15.51,42.44,82.84,63.84,49.12,34.59,,,47.53,,,,,31.03,0
2019-08-28,9725,44.56,58.81,30,47.08,,18.76,39.34,80.69,69.45,45.76,30,,,47.08,,,,,37.52,0
2019-08-29,9482,44.24,58.44,27.33,47.72,,21.42,37.66,79.46,72.67,43.96,27.33,,,47.72,,,,,42.84,0
2019-08-30,9578,42.43,58.59,20.14,47.82,,19.66,38.31,79.97,71.37,44.69,20.14,,,47.82,,,,,39.33,0
2019-08-31,9605,42.29,59.22,19.86,47.91,,16.68,38.48,80.12,73.36,44.91,19.86,,,47.91,,,,,33.36,0
2019-09-01,9763,41.04,57.71,18.01,47.83,,15.16,39.54,80.9,64.32,46.08,18.01,,,47.83,,,,,30.32,0
2019-09-02,1.038e+04,42.89,62.45,19.38,47.02,,13.2,43.74,83.76,71.64,50.66,19.38,,,47.02,,,,,26.4,0
2019-09-03,1.062e+04,44.91,65.02,23.01,46.75,,14.67,45.33,84.75,77.6,52.38,23.01,,,46.75,,,,,29.33,0
2019-09-04,1.058e+04,43.2,62.01,20,46.67,,16.87,44.98,84.54,66.51,52,20,,,46.67,,,,,33.74,0
2019-09-05,1.058e+04,49.77,64.71,43.56,44.6,,20.2,44.93,84.5,77.47,51.94,43.56,,,44.6,,,,,40.4,0
2019-09-06,1.033e+04,51.73,62.24,53.7,45.24,,24,42.86,83.03,73.63,49.43,53.7,,,45.24,,,,,48,0
2019-09-07,1.049e+04,52.34,62.52,53.29,46.24,,27.04,43.94,83.73,71.78,50.61,53.29,,,46.24,,,,,54.09,0
2019-09-08,1.041e+04,53.04,64.13,52.19,46.15,,29.69,43.29,83.32,80,49.92,52.19,,,46.15,,,,,59.38,0
2019-09-09,1.033e+04,53.03,61.01,59.66,43.75,,30.46,42.74,82.97,68.97,49.34,59.66,,,43.75,,,,,60.92,0
2019-09-10,1.009e+04,52.85,62.41,57.4,42.78,,30.45,41.02,81.82,79.32,47.48,57.4,,,42.78,,,,,60.9,0
2019-09-11,1.014e+04,52.52,62.77,56.1,42.17,,30.14,41.26,81.94,80.21,47.68,56.1,,,42.17,,,,,60.28,0
2019-09-12,1.04e+04,53.03,62.23,59.73,41.74,,30,43.01,83.12,73.22,49.58,59.73,,,41.74,,,,,60,0
2019-09-13,1.035e+04,53.86,61.11,60.21,46.99,,29.56,42.56,82.83,69.93,49.1,60.21,,,46.99,,,,,59.12,0
2019-09-14,1.036e+04,54.43,61.7,61.85,46.73,,29.55,42.65,82.9,72.05,49.21,61.85,,,46.73,,,,,59.11,0
2019-09-15,1.031e+04,52.73,60.45,58.84,45.05,,28.86,42.22,82.62,68.22,48.76,58.84,,,45.05,,,,,57.72,0
2019-09-16,1.026e+04,53.04,61.57,59.38,44.09,,28.38,41.86,82.39,73.63,48.39,59.38,,,44.09,,,,,56.76,0
2019-09-17,1.02e+04,52.22,59.69,59.79,43.49,,28.38,41.39,82.08,67.4,47.89,59.79,,,43.49,,,,,56.75,0
2019-09-18,1.016e+04,53.28,61.7,60.89,43.41,,28.37,41.09,81.86,76.3,47.55,60.89,,,43.41,,,,,56.74,0
2019-09-19,1.027e+04,52.14,60,60.48,42.63,,27,41.78,82.35,67.53,48.32,60.48,,,42.63,,,,,54,0
2019-09-20,1.017e+04,52.45,59.7,62.53,42.21,,27.38,41.08,81.87,68.29,47.57,62.53,,,42.21,,,,,54.76,0
2019-09-21,9986,52.56,59.91,63.01,41.96,,27.16,39.8,80.98,72.67,46.2,63.01,,,41.96,,,,,54.33,0
2019-09-22,1.005e+04,52.62,60.24,62.88,41.88,,26.91,40.19,81.27,72.88,46.64,62.88,,,41.88,,,,,53.81,0
2019-09-23,9693,48.89,50.46,63.77,41.99,,27.45,37.76,79.5,40.55,44.02,63.77,,,41.99,,,,,54.91,0
2019-09-24,8614,50.54,49.06,73.63,41.74,,27.15,30.47,73.28,56.37,36.11,73.63,,,41.74,,,,,54.31,0
2019-09-25,8424,49.6,47.41,74.04,42.01,,23.52,29.25,72.13,53.42,34.83,74.04,,,42.01,,,,,47.05,0
2019-09-26,8092,49.11,47.01,74.66,41.94,,19.7,27.11,69.96,58.42,32.55,74.66,,,41.94,,,,,39.39,0
2019-09-27,8187,46.69,42.6,74.38,40.83,,17.31,27.76,70.66,38.7,33.27,74.38,,,40.83,,,,,34.62,0
2019-09-28,8202,48.33,46.13,76.3,40.24,,16.23,27.88,70.81,52.4,33.42,76.3,,,40.24,,,,,32.47,0
2019-09-29,8065,47.3,42.21,78.84,40.52,,15.58,26.95,69.82,39.66,32.41,78.84,,,40.52,,,,,31.16,0
2019-09-30,8282,47.4,43.05,79.45,39.93,,13.42,28.44,71.42,38.29,34.07,79.45,,,39.93,,,,,26.84,0
2019-10-01,8315,47.33,44.77,77.12,39.18,,13.06,28.69,71.7,44.32,34.36,77.12,,,39.18,,,,,26.13,0
2019-10-02,8363,47.31,45.82,74.04,38.08,,17.54,29.02,72.05,47.47,34.74,74.04,,,38.08,,,,,35.08,0
2019-10-03,8254,46.68,44.72,71.37,37.84,,21.84,28.29,71.31,45.34,33.95,71.37,,,37.84,,,,,43.68,0
2019-10-04,8166,45.88,44.07,70.07,36.24,,23.09,27.7,70.69,44.59,33.3,70.07,,,36.24,,,,,46.18,0
2019-10-05,8142,45.48,45.45,66.3,36.01,,22.93,27.53,70.52,50.62,33.12,66.3,,,36.01,,,,,45.85,0
2019-10-06,7855,43.98,41.87,66.58,35.78,,22.6,25.59,68.37,42.53,30.98,66.58,,,35.78,,,,,45.2,0
2019-10-07,8226,45.02,45.66,65.75,34.35,,22.6,28.11,71.16,49.59,33.79,65.75,,,34.35,,,,,45.21,0
2019-10-08,8190,45.49,46.39,67.19,33.45,,23.02,27.86,70.9,53.29,33.52,67.19,,,33.45,,,,,46.04,0
2019-10-09,8598,44.18,45.98,62.81,33.39,,22.24,30.62,73.7,43.01,36.59,62.81,,,33.39,,,,,44.48,0
2019-10-10,8578,46.14,49.57,64.52,33.16,,23.36,30.48,73.57,57.81,36.43,64.52,,,33.16,,,,,46.71,0
2019-10-11,8290,44.25,46.21,62.19,32.43,,25.16,28.53,71.62,50.41,34.28,62.19,,,32.43,,,,,50.33,0
2019-10-12,8324,42.66,43.49,59.59,32.55,,26.15,28.75,71.86,38.84,34.53,59.59,,,32.55,,,,,52.3,0
2019-10-13,8291,43.38,44.15,61.3,32.32,,26.96,28.53,71.64,42.12,34.3,61.3,,,32.32,,,,,53.93,0
2019-10-14,8346,43.43,43.61,61.58,32.27,,28.84,28.72,71.76,39.52,34.43,61.58,,,32.27,,,,,57.68,0
2019-10-15,8161,44.11,44.39,63.15,32.21,,28.83,27.49,70.48,46.51,33.08,63.15,,,32.21,,,,,57.67,0
2019-10-16,8004,43.01,42.05,62.4,31.99,,29.6,26.44,69.35,40.48,31.94,62.4,,,31.99,,,,,59.2,0
2019-10-17,8072,44.4,43.29,66.37,31.94,,29.27,26.91,69.88,43.9,32.47,66.37,,,31.94,,,,,58.54,0
2019-10-18,7959,43.89,43.72,63.01,32.22,,29.63,26.16,69.05,48.01,31.64,63.01,,,32.22,,,,,59.25,0
2019-10-19,7948,43.66,41.43,65.48,32.5,,30.15,26.08,68.97,39.11,31.56,65.48,,,32.5,,,,,60.29,0
2019-10-20,8214,44.4,43.77,64.86,32.28,,29.94,27.87,70.94,42.74,33.55,64.86,,,32.28,,,,,59.87,0
2019-10-21,8212,47.03,45.71,72.19,32.72,,29.93,27.86,70.94,50.48,33.56,72.19,,,32.72,,,,,59.85,0
2019-10-22,8029,46.67,45.66,70.48,33,,29.92,26.64,69.62,54.18,32.21,70.48,,,33,,,,,59.84,0
2019-10-23,7458,44.25,40.51,70.55,32.62,,27.98,22.84,65.11,46.1,28.01,70.55,,,32.62,,,,,55.96,0
2019-10-24,7454,39.75,37.37,57.67,33.39,,24.96,22.89,65.2,33.29,28.09,57.67,,,33.39,,,,,49.92,0
2019-10-25,8657,43.04,46.04,57.19,34.49,,21.39,30.95,74.13,41.99,37.08,57.19,,,34.49,,,,,42.78,0
2019-10-26,9250,46.29,50.71,62.53,33.44,,24.04,34.85,77.58,49.04,41.37,62.53,,,33.44,,,,,48.08,0
2019-10-27,9558,46.85,49.11,66.78,33.39,,26.04,36.88,79.22,36.71,43.62,66.78,,,33.39,,,,,52.08,0
2019-10-28,9319,47.71,49.95,67.74,33,,29.19,35.19,77.83,45.07,41.71,67.74,,,33,,,,,58.39,0
2019-10-29,9431,48.64,50.53,69.52,32.95,,31.62,35.88,78.38,45.41,42.45,69.52,,,32.95,,,,,63.24,0
2019-10-30,9183,48.47,48.89,67.33,36.5,,33.2,34.18,76.97,43.84,40.57,67.33,,,36.5,,,,,66.4,0
2019-10-31,9155,49.38,48.36,70.27,36.93,,36.09,33.97,76.79,42.33,40.34,70.27,,,36.93,,,,,72.18,0
2019-11-01,9251,49.81,48.69,70.68,36.54,,38.49,34.55,77.26,41.99,40.95,70.68,,,36.54,,,,,76.98,0
2019-11-02,9300,50.24,49.6,71.3,36.32,,38.19,34.85,77.52,44.73,41.3,71.3,,,36.32,,,,,76.39,0
2019-11-03,9210,50.52,49.73,71.85,36.42,,38.84,34.23,77,47.05,40.62,71.85,,,36.42,,,,,77.69,0
2019-11-04,9418,50.3,50.03,72.05,34.9,,38.55,35.6,78.15,44.25,42.14,72.05,,,34.9,,,,,77.09,0
2019-11-05,9331,51.21,51.73,73.01,34.85,,38.53,35.1,77.8,52.33,41.67,73.01,,,34.85,,,,,77.05,0
2019-11-06,9355,50.79,49.71,74.32,35.28,,38.5,35.24,77.93,43.84,41.84,74.32,,,35.28,,,,,77.01,0
2019-11-07,9211,50.46,49.08,73.9,35.22,,38.92,34.25,77.09,44.25,40.74,73.9,,,35.22,,,,,77.83,0
2019-11-08,8791,47.54,45.28,68.22,35.65,,37.87,31.45,74.61,37.4,37.64,68.22,,,35.65,,,,,75.75,0
2019-11-09,8811,47.99,47.57,66.85,35.59,,36.56,31.58,74.74,46.16,37.8,66.85,,,35.59,,,,,73.12,0
2019-11-10,9043,50.54,52.75,69.73,35.37,,34.78,33.12,76.15,62.19,39.52,69.73,,,35.37,,,,,69.56,0
2019-11-11,8713,48.53,47.97,69.79,35.63,,33.79,30.9,74.11,49.79,37.06,69.79,,,35.63,,,,,67.58,0
2019-11-12,8789,48.04,46,71.44,36.06,,32.37,31.39,74.58,40.41,37.61,71.44,,,36.06,,,,,64.74,0
2019-11-13,8767,48.01,45.78,72.53,35.84,,31.11,31.17,74.34,40.27,37.33,72.53,,,35.84,,,,,62.23,0
2019-11-14,8645,49.18,50.06,70.21,36.26,,29.94,30.36,73.57,59.86,36.43,70.21,,,36.26,,,,,59.88,0
2019-11-15,8466,47.56,46.9,69.79,35.73,,29.04,29.16,72.38,50.96,35.1,69.79,,,35.73,,,,,58.07,0
2019-11-16,8478,45.3,45.29,62.88,35.51,,29.77,29.24,72.47,44.25,35.2,62.88,,,35.51,,,,,59.53,0
2019-11-17,8505,46.77,46.49,66.85,35.77,,29.61,29.41,72.65,48.49,35.4,66.85,,,35.77,,,,,59.21,0
2019-11-18,8184,45.42,42.14,69.73,35.08,,28.94,27.28,70.43,37.81,33.03,69.73,,,35.08,,,,,57.88,0
2019-11-19,8117,45.32,42.41,69.59,35.34,,26.93,26.84,69.96,40.27,32.55,69.59,,,35.34,,,,,53.86,0
2019-11-20,8077,41.94,41.54,58.22,34.34,,25.96,26.59,69.7,37.6,32.29,58.22,,,34.34,,,,,51.93,0
2019-11-21,7612,40.86,38.07,60.75,34.12,,24.31,23.54,66.1,33.77,28.88,60.75,,,34.12,,,,,48.62,0
2019-11-22,7278,39.09,35.55,58.97,34.7,,20.51,21.4,63.33,30.96,26.51,58.97,,,34.7,,,,,41.01,0
2019-11-23,7325,40.6,39.25,58.77,36.54,,17.14,21.76,63.84,44.45,26.93,58.77,,,36.54,,,,,34.28,0
2019-11-24,6943,36.39,32.91,55.27,34.59,,14.43,19.21,60.21,28.15,24.06,55.27,,,34.59,,,,,28.87,0
2019-11-25,7139,35.52,33.85,50.96,35.16,,11.16,20.56,62.2,27.05,25.6,50.96,,,35.16,,,,,22.32,0
2019-11-26,7165,35.56,33.8,49.73,37.62,,9.237,20.78,62.54,26.03,25.86,49.73,,,37.62,,,,,18.47,0
2019-11-27,7527,36.61,37.89,48.15,37.4,,7.47,23.21,65.82,33.9,28.63,48.15,,,37.4,,,,,14.94,0
2019-11-28,7436,36.55,39.15,46.16,36.72,,7.915,22.62,65.05,40.96,27.96,46.16,,,36.72,,,,,15.83,0
2019-11-29,7748,35.74,39.2,43.49,34.95,,9.688,24.7,67.67,34.11,30.32,43.49,,,34.95,,,,,19.38,0
2019-11-30,7556,34.5,37.12,39.18,36.45,,12.1,23.44,66.13,30,28.91,39.18,,,36.45,,,,,24.2,0
2019-12-01,7418,34.45,37.16,38.01,36.86,,12.99,22.52,64.95,33.29,27.87,38.01,,,36.86,,,,,25.98,0
2019-12-02,7318,37.53,36.9,51.1,36.49,,14.64,21.89,64.12,34.45,27.16,51.1,,,36.49,,,,,29.27,0
2019-12-03,7306,37.57,37.64,49.25,36.59,,15.97,21.84,64.06,37.53,27.12,49.25,,,36.59,,,,,31.95,0
2019-12-04,7215,37.02,37.84,45.55,37.15,,16.82,21.26,63.28,40.34,26.47,45.55,,,37.15,,,,,33.63,0
2019-12-05,7404,35.1,37.53,42.19,34,,14.61,22.53,65.01,34.66,27.93,42.19,,,34,,,,,29.22,0
2019-12-06,7534,33.69,38.43,35.75,33.02,,14.32,23.41,66.16,35.21,28.94,35.75,,,33.02,,,,,28.65,0
2019-12-07,7512,33.52,38.96,34.45,33.28,,13.1,23.26,65.98,37.81,28.77,34.45,,,33.28,,,,,26.2,0
2019-12-08,7529,35.73,38.56,44.18,33.38,,13.61,23.38,66.12,35.82,28.9,44.18,,,33.38,,,,,27.21,0
2019-12-09,7340,36.11,37.25,47.19,33.79,,14.63,22.13,64.5,34.86,27.49,47.19,,,33.79,,,,,29.27,0
2019-12-10,7232,36.85,36.46,50.89,34.82,,14.16,21.43,63.56,34.18,26.7,50.89,,,34.82,,,,,28.33,0
2019-12-11,7200,37.46,35,48.63,42.73,,13.17,21.24,63.3,28.97,26.49,48.63,,,42.73,,,,,26.34,0
2019-12-12,7193,33.57,35.06,44.18,31.35,32.22,13.64,21.2,63.26,29.32,26.45,44.18,,,31.35,,32.22,,,27.27,0
2019-12-13,7245,32.04,36.88,41.51,31.3,21.98,12.72,21.55,63.75,35.34,26.86,41.51,,,31.3,,21.98,,,25.45,0
2019-12-14,7071,31,35.55,41.23,31.1,19.57,11.59,20.4,62.14,34.11,25.55,41.23,,,31.1,,19.57,,,23.18,0
2019-12-15,7111,29.89,33.45,41.44,31.2,17.2,10.79,20.67,62.53,24.73,25.86,41.44,,,31.2,,17.2,,,21.59,0
2019-12-16,6882,30.08,34.56,43.29,31.76,13.83,8.963,19.17,60.33,34.59,24.15,43.29,,,31.76,,13.83,,,17.93,0
2019-12-17,6609,28.83,31.24,45.68,32.32,9.474,8.802,17.4,57.54,27.88,22.13,45.68,,,32.32,,9.474,,,17.6,0
2019-12-18,7285,29.89,35.96,45.89,32.73,5.208,7.976,21.94,64.33,30.21,27.34,45.89,,,32.73,,5.208,,,15.95,0
2019-12-19,7146,31.09,36.65,48.42,32.98,8.247,7.485,21.02,63.06,36.23,26.29,48.42,,,32.98,,8.247,,,14.97,0
2019-12-20,7184,32.17,36.86,49.73,33.53,12.24,7.769,21.27,63.41,36.16,26.58,49.73,,,33.53,,12.24,,,15.54,0
2019-12-21,7140,32.79,38.19,49.59,34.39,13.13,6.581,20.97,63.01,42.53,26.24,49.59,,,34.39,,13.13,,,13.16,0
2019-12-22,7479,34.69,40.25,53.08,34.04,17,6.351,23.23,66.04,42.88,28.83,53.08,,,34.04,,17,,,12.7,0
2019-12-23,7322,35.23,36.86,56.23,33.98,22.77,8.724,22.18,64.67,32.95,27.63,56.23,,,33.98,,22.77,,,17.45,0
2019-12-24,7236,34.28,34.49,51.78,33.33,28.43,9.187,21.6,63.89,25.48,26.97,51.78,,,33.33,,28.43,,,18.37,0
2019-12-25,7191,36.08,34.58,48.97,32.83,43.69,10.64,21.37,63.59,26.64,26.72,48.97,,,32.83,,43.69,,,21.27,0
2019-12-26,7195,37.46,37.76,48.9,33.08,43.27,13.58,21.4,63.64,39.25,26.76,48.9,,,33.08,,43.27,,,27.15,0
2019-12-27,7237,36.72,36.48,49.59,32.59,39.05,16.62,21.69,64.05,33.08,27.11,49.59,,,32.59,,39.05,,,33.24,0
2019-12-28,7307,37.16,37.28,52.33,32.54,34.91,19,22.16,64.68,34.66,27.64,52.33,,,32.54,,34.91,,,37.99,0
2019-12-29,7392,36.98,38.4,56.1,32.34,24.3,22.06,22.76,65.51,36.99,28.36,56.1,,,32.34,,24.3,,,44.11,0
2019-12-30,7229,36.43,37.99,57.81,32.14,18.52,23.62,21.68,64.05,39.11,27.11,57.81,,,32.14,,18.52,,,47.24,0
2019-12-31,7167,34.6,36.01,56.85,31.2,11.93,25.94,21.28,63.5,32.6,26.65,56.85,,,31.2,,11.93,,,51.88,0
2020-01-01,7171,32.57,38.32,46.71,30.12,6.364,28.33,21.3,63.54,41.78,26.68,46.71,,,30.12,,6.364,,,56.66,0
2020-01-02,6947,33.12,33.88,57.67,29.78,6.306,28.32,19.82,61.4,29.32,24.97,57.67,,,29.78,,6.306,,,56.65,0
2020-01-03,7315,39.93,39,59.79,50.74,8.929,28.32,22.26,64.85,41.1,27.79,59.79,,,50.74,,8.929,,,56.64,0
2020-01-04,7343,41.3,39.17,62.95,51.4,12.39,28.67,22.45,65.11,41.1,28.01,62.95,,,51.4,,12.39,,,57.35,0
2020-01-05,7346,42.65,38.53,63.77,51.03,21.93,29.21,22.46,65.13,38.49,28.03,63.77,,,51.03,,21.93,,,58.42,0
2020-01-06,7766,43.76,39.45,63.36,50.81,27.83,29.49,25.23,68.61,32.74,31.22,63.36,,,50.81,,27.83,,,58.98,0
2020-01-07,8136,48.46,46.7,66.64,51.03,37.07,30.16,27.66,71.37,53.77,34.01,66.64,,,51.03,,37.07,,,60.33,0
2020-01-08,8060,48.9,41.96,67.47,50.22,49.57,32.38,27.14,70.79,36.51,33.4,67.47,,,50.22,,49.57,,,64.76,0
2020-01-09,7817,48.78,41.51,65.89,49.56,52.54,32.8,25.5,68.91,40.14,31.51,65.89,,,49.56,,52.54,,,65.59,0
2020-01-10,8130,50.33,42.94,66.03,49.19,59.66,33.07,27.55,71.23,39.11,33.86,66.03,,,49.19,,59.66,,,66.14,0
2020-01-11,8032,54.56,43.76,65.21,48.98,86.67,34.06,26.89,70.5,44.52,33.11,65.21,,,48.98,,86.67,,,68.12,0
2020-01-12,8165,54.02,43.36,63.84,48.61,85.95,34.65,27.76,71.46,40.14,34.1,63.84,,,48.61,,85.95,,,69.3,0
2020-01-13,8122,54.09,42.32,65.55,48.98,85.66,35.21,27.46,71.13,36.92,33.76,65.55,,,48.98,,85.66,,,70.41,0
2020-01-14,8830,57.76,47.42,73.63,48.47,86.99,36.9,32.05,75.71,42.95,38.98,73.63,,,48.47,,86.99,,,73.79,0
2020-01-15,8811,58.67,47.91,74.11,48.4,91.13,37.34,31.85,75.5,45.55,38.72,74.11,,,48.4,,91.13,,,74.68,0
2020-01-16,8719,58.46,48.2,71.1,48.19,92.8,38.1,31.2,74.87,48.77,37.96,71.1,,,48.19,,92.8,,,76.2,0
2020-01-17,8913,58.54,49.8,67.47,47.97,93.65,39.75,32.44,76.02,51.37,39.36,67.47,,,47.97,,93.65,,,79.49,0
2020-01-18,8928,57.14,46.33,66.37,47.47,94.49,39.87,32.52,76.09,37.26,39.46,66.37,,,47.47,,94.49,,,79.73,0
2020-01-19,8687,57.32,46.69,65.55,46.53,96.88,40.3,30.92,74.59,43.63,37.63,65.55,,,46.53,,96.88,,,80.61,0
2020-01-20,8636,56.94,46.5,64.11,46.46,96.9,40.21,30.57,74.27,43.9,37.24,64.11,,,46.46,,96.9,,,80.42,0
2020-01-21,8731,56.75,47.23,62.88,46.25,96.15,39.73,31.18,74.85,44.93,37.94,62.88,,,46.25,,96.15,,,79.47,0
2020-01-22,8648,55.15,47,57.67,45.18,94.66,39.29,30.62,74.31,45.75,37.3,57.67,,,45.18,,94.66,,,78.58,0
2020-01-23,8366,54.64,45.23,61.44,42.96,93.94,38.36,28.75,72.43,44.59,35.16,61.44,,,42.96,,93.94,,,76.72,0
2020-01-24,8423,54.41,44.78,59.79,43.76,95.49,37.08,29.11,72.8,41.64,35.56,59.79,,,43.76,,95.49,,,74.16,0
2020-01-25,8345,53.94,45.62,58.7,43.84,92.54,35.87,28.57,72.25,46.71,34.96,58.7,,,43.84,,92.54,,,71.75,0
2020-01-26,8574,53.16,44.65,61.03,43.63,87.41,34.85,30.07,73.78,38.08,36.68,61.03,,,43.63,,87.41,,,69.69,0
2020-01-27,8902,53.39,45.54,60.62,44,86.76,35.15,32.21,75.82,35,39.12,60.62,,,44,,86.76,,,70.29,0
2020-01-28,9297,54.92,49.61,69.18,32.95,90.51,35.52,34.77,78.07,43.56,42.03,69.18,,,32.95,,90.51,,,71.03,0
2020-01-29,9312,58.12,52.41,73.36,33.05,99.28,36.09,34.78,78.05,54.79,42,73.36,,,33.05,,99.28,,,72.18,0
2020-01-30,9509,58.77,53.04,74.86,33.14,99.28,37.08,36,79.04,53.77,43.36,74.86,,,33.14,,99.28,,,74.17,0
2020-01-31,9357,57.23,49.96,71.1,33.38,100,38.45,34.92,78.11,44.73,42.09,71.1,,,33.38,,100,,,76.91,0
2020-02-01,9382,56.19,51.11,63.22,33.05,100,40.44,35.06,78.23,48.9,42.25,63.22,,,33.05,,100,,,80.89,0
2020-02-02,9339,55.66,49.62,62.53,33.14,100,41.56,34.77,77.99,43.77,41.93,62.53,,,33.14,,100,,,83.13,0
2020-02-03,9280,55.73,49.77,61.92,33.38,100,42.51,34.34,77.62,45.68,41.43,61.92,,,33.38,,100,,,85.01,0
2020-02-04,9162,55.03,46.94,63.7,32.91,100,42.79,33.54,76.93,36.78,40.52,63.7,,,32.91,,100,,,85.59,0
2020-02-05,9628,58.06,54.12,67.74,33.29,97.93,42.25,36.56,79.46,56.51,43.96,67.74,,,33.29,,97.93,,,84.5,0
2020-02-06,9739,57.07,50.9,66.64,33.24,100,42.78,37.18,79.9,41.92,44.59,66.64,,,33.24,,100,,,85.56,0
2020-02-07,9800,56.79,51.7,64.04,34.04,98.64,42.86,37.42,80.02,44.59,44.76,64.04,,,34.04,,98.64,,,85.71,0
2020-02-08,9911,55.88,52.39,58.97,33.43,98.65,42.7,38.08,80.51,45.48,45.49,58.97,,,33.43,,98.65,,,85.39,0
2020-02-09,1.015e+04,58.33,56.42,62.88,33.8,100,42.47,39.6,81.63,57.26,47.19,62.88,,,33.8,,100,,,84.93,0
2020-02-10,9872,57.1,49.67,67.53,35.01,100,42.07,37.65,80.13,35.96,44.92,67.53,,,35.01,,100,,,84.13,0
2020-02-11,1.027e+04,60.3,56.09,73.49,34.55,99.34,41.56,40.19,81.98,54.45,47.74,73.49,,,34.55,,99.34,,,83.13,0
2020-02-12,1.036e+04,60.67,55.52,75.27,34.5,100,42.87,40.7,82.33,50.75,48.29,75.27,,,34.5,,100,,,85.74,0
2020-02-13,1.024e+04,59.31,54.39,70.14,35.15,99.35,43.12,39.82,81.69,48.77,47.28,70.14,,,35.15,,99.35,,,86.24,0
2020-02-14,1.036e+04,59.08,54.14,67.95,35.79,100,43.81,40.58,82.23,45.62,48.13,67.95,,,35.79,,100,,,87.62,0
2020-02-15,9912,58.7,52.16,69.45,35.61,100,44.36,37.62,80.05,46.16,44.81,69.45,,,35.61,,100,,,88.72,0
2020-02-16,9952,58.95,52.43,70.75,35.83,98.72,44.71,37.85,80.23,46.58,45.07,70.75,,,35.83,,98.72,,,89.42,0
2020-02-17,9683,59.25,52.94,72.4,36.62,96.82,43.9,36.08,78.84,53.77,43.09,72.4,,,36.62,,96.82,,,87.8,0
2020-02-18,1.02e+04,59.85,55.31,71.78,36.57,96.2,43.91,39.32,81.29,53.97,46.67,71.78,,,36.57,,96.2,,,87.82,0
2020-02-19,9636,57.28,49.78,71.03,36.1,94.34,42.8,35.64,78.45,42.47,42.55,71.03,,,36.1,,94.34,,,85.61,0
2020-02-20,9614,54.66,47.91,68.22,33.7,90,40.08,35.49,78.34,35.41,42.39,68.22,,,33.7,,90,,,80.16,0
2020-02-21,9702,54.67,52.16,64.93,32.14,87.58,38.58,36.04,78.79,50.82,43.01,64.93,,,32.14,,87.58,,,77.16,0
2020-02-22,9675,54.13,51.05,65.55,34.3,84.57,36.07,35.84,78.63,46.92,42.8,65.55,,,34.3,,84.57,,,72.14,0
2020-02-23,9973,54.27,52.06,66.92,33.56,83.44,34.41,37.75,80.14,45.41,44.94,66.92,,,33.56,,83.44,,,68.82,0
2020-02-24,9648,52.03,49.62,67.05,31.59,76.83,34.06,35.61,78.44,41.92,42.53,67.05,,,31.59,,76.83,,,68.12,0
2020-02-25,9344,50.52,47.79,62.05,30.86,79.39,33.01,33.57,76.7,40.68,40.22,62.05,,,30.86,,79.39,,,66.02,0
2020-02-26,8799,48.9,43.46,62.53,30.55,78.92,32.36,30.05,73.43,34.11,36.27,62.53,,,30.55,,78.92,,,64.73,0
2020-02-27,8779,47.08,44.38,51.58,30.64,79.64,31.55,29.93,73.33,38.08,36.17,51.58,,,30.64,,79.64,,,63.1,0
2020-02-28,8751,45.92,45.47,42.81,30.87,80.95,31.28,29.75,73.16,43.01,35.97,42.81,,,30.87,,80.95,,,62.55,0
2020-02-29,8582,45.61,42.34,42.4,30.42,87.57,30.9,28.66,72.05,33.9,34.75,42.4,,,30.42,,87.57,,,61.8,0
2020-03-01,8542,47.84,46.37,47.95,30.11,86.47,30.29,28.4,71.79,50.82,34.47,47.95,,,30.11,,86.47,,,60.59,0
2020-03-02,8906,46.97,45.23,47.95,28.98,85.38,29.49,30.74,74.16,38.9,37.11,47.95,,,28.98,,85.38,,,58.98,0
2020-03-03,8769,45.94,44.74,47.19,29.48,80.81,28.22,29.83,73.26,39.79,36.08,47.19,,,29.48,,80.81,,,56.44,0
2020-03-04,8756,43.37,46.73,37.74,28.77,72.83,27.92,29.84,73.32,47.6,36.15,37.74,,,28.77,,72.83,,,55.84,0
2020-03-05,9063,43.02,48.48,31.51,28.86,74.14,28.58,31.81,75.23,48.49,38.39,31.51,,,28.86,,74.14,,,57.15,0
2020-03-06,9147,40.21,47.79,17.19,28.28,77.14,28.21,32.34,75.71,44.11,38.98,17.19,,,28.28,,77.14,,,56.42,0
2020-03-07,8898,38.51,46.17,16.03,28.38,71.02,28.2,30.72,74.19,42.6,37.16,16.03,,,28.38,,71.02,,,56.41,0
2020-03-08,8110,36.59,40.61,16.3,28.21,72.32,26.29,25.62,68.78,36.64,31.38,16.3,,,28.21,,72.32,,,52.57,0
2020-03-09,7896,37.3,38.58,26.92,27.09,71.35,22.92,24.3,67.23,32.88,29.91,26.92,,,27.09,,71.35,,,45.85,0
2020-03-10,7910,35.92,36.97,26.64,25.57,71.23,18.52,24.42,67.41,25.96,30.08,26.64,,,25.57,,71.23,,,37.04,0
2020-03-11,7939,35.01,35.58,26.44,25.81,70.56,15.28,24.71,67.8,19.38,30.44,26.44,,,25.81,,70.56,,,30.55,0
2020-03-12,4959,31.46,13.8,50.55,25.91,68.51,10.56,6.135,32.36,7.603,9.121,50.55,,,25.91,,68.51,,,21.13,0
2020-03-13,5628,26.02,19.03,59.38,26.01,11.54,5.472,10.72,44.55,6.37,14.47,59.38,,,26.01,,11.54,,,10.94,0
2020-03-14,5145,23.47,15.13,63.29,26.24,0.5464,1.865,7.704,36.83,5.068,10.92,63.29,,,26.24,,0.5464,,,3.73,0
2020-03-15,5359,24.13,16.61,64.86,26.2,0.5435,0.2288,9.132,40.65,4.041,12.6,64.86,,,26.2,,0.5435,,,0.4575,0
2020-03-16,5013,22.07,13.81,59.45,26.3,0.5405,0.06527,7.037,34.87,3.219,10.11,59.45,,,26.3,,0.5405,,,0.1305,0
2020-03-17,5417,23.27,17.69,58.42,26.53,0.5376,0.06519,9.718,42.12,5.616,13.28,58.42,,,26.53,,0.5376,,,0.1304,0
2020-03-18,5392,19.99,16.62,44.18,26.23,0.5348,0.0651,9.587,41.79,1.986,13.13,44.18,,,26.23,,0.5348,,,0.1302,0
2020-03-19,6204,20.82,23.27,37.53,25.4,0.5319,0.06502,14.83,53.29,5.616,19.34,37.53,,,25.4,,0.5319,,,0.13,0
2020-03-20,6174,22.92,23.23,46.03,25.9,2.646,0.06494,14.7,53.06,5.959,19.2,46.03,,,25.9,,2.646,,,0.1299,0
2020-03-21,6176,23.15,23.96,44.59,26.39,3.684,0.1621,14.71,53.09,8.836,19.22,44.59,,,26.39,,3.684,,,0.3243,0
2020-03-22,5831,23.84,21.31,52.74,25.96,4.188,0.09715,12.48,48.54,7.671,16.56,52.74,,,25.96,,4.188,,,0.1943,0
2020-03-23,6486,24.98,25.6,50,26.06,5.208,0.2587,16.73,56.78,7.26,21.61,50,,,26.06,,5.208,,,0.5175,0
2020-03-24,6775,24.87,29.55,41.1,26.29,6.736,0.4522,18.55,59.79,16.1,23.75,41.1,,,26.29,,6.736,,,0.9044,0
2020-03-25,6690,23.51,25.9,33.22,26.78,15.98,0.5161,18,58.92,3.562,23.11,33.22,,,26.78,,15.98,,,1.032,0
2020-03-26,6754,28.35,32.64,40.41,27.01,22.56,0.6121,18.41,59.58,28.97,23.59,40.41,,,27.01,,22.56,,,1.224,0
2020-03-27,6491,26.38,29.8,33.42,26.84,25.51,0.7079,16.72,56.76,24.11,21.59,33.42,,,26.84,,25.51,,,1.416,0
2020-03-28,6232,23.64,25.28,32.47,26.68,19.29,0.7069,15.06,53.75,12.67,19.62,32.47,,,26.68,,19.29,,,1.414,0
2020-03-29,5905,23.65,23.83,41.3,26.9,10.61,0.8023,12.97,49.59,15.62,17.15,41.3,,,26.9,,10.61,,,1.605,0
2020-03-30,6437,24.94,28.53,43.22,27,5.528,0.8333,16.44,56.28,20.14,21.27,43.22,,,27,,5.528,,,1.667,0
2020-03-31,6432,24.3,29.82,38.29,26.83,5,0.8643,16.43,56.26,25.34,21.26,38.29,,,26.83,,5,,,1.729,0
2020-04-01,6643,23.49,31.15,33.42,26.14,3.98,0.7353,17.9,58.81,24.86,23.03,33.42,,,26.14,,3.98,,,1.471,0
2020-04-02,6793,24.2,32.47,37.33,23.5,3.96,0.7663,18.87,60.38,26.44,24.19,37.33,,,23.5,,3.96,,,1.533,0
2020-04-03,6752,26.06,29.47,41.44,33.38,4.433,1.148,18.61,59.97,15.41,23.88,41.44,,,33.38,,4.433,,,2.296,0
2020-04-04,6860,27.87,33.43,41.58,34.24,5.882,1.242,19.31,61.07,28.63,24.71,41.58,,,34.24,,5.882,,,2.484,0
2020-04-05,6791,30.08,34.41,49.73,34.33,7.317,1.272,18.86,60.36,34.25,24.17,49.73,,,34.33,,7.317,,,2.545,0
2020-04-06,7298,30.38,33.53,49.25,34.55,11.65,1.398,22.1,65.12,18.9,28.02,49.25,,,34.55,,11.65,,,2.795,0
2020-04-07,7188,32.11,36.95,49.38,34.76,14.49,1.777,21.39,64.14,35.07,27.18,49.38,,,34.76,,14.49,,,3.553,0
2020-04-08,7372,31.85,36.21,40,35.75,25,2.725,22.57,65.76,27.95,28.58,40,,,35.75,,25,,,5.45,0
2020-04-09,7300,28.63,36.56,22.67,36.22,24.88,3.259,22.09,65.1,31.03,28.01,22.67,,,36.22,,24.88,,,6.519,0
2020-04-10,6860,26.69,34.05,16.99,36.95,24.29,3.382,19.37,61.2,30.82,24.82,16.99,,,36.95,,24.29,,,6.764,0
2020-04-11,6883,25.4,33.96,6.37,39.1,27.01,3.693,19.53,61.44,29.86,25,6.37,,,39.1,,27.01,,,7.386,0
2020-04-12,6979,25.22,34.09,3.973,38.4,29.72,3.531,20.15,62.38,28.08,25.74,3.973,,,38.4,,29.72,,,7.062,0
2020-04-13,6864,25.25,34.84,2.808,39.64,28.17,3.401,19.41,61.26,33.84,24.86,2.808,,,39.64,,28.17,,,6.801,0
2020-04-14,6876,25.3,34.68,2.74,40.49,28.04,3.082,19.49,61.39,32.88,24.96,2.74,,,40.49,,28.04,,,6.164,0
2020-04-15,6625,24.39,32.64,3.493,40.44,26.05,2.764,17.88,58.82,30.82,23.04,3.493,,,40.44,,26.05,,,5.528,0
2020-04-16,7128,24.52,35.41,4.178,39.49,21.3,2.008,21.14,63.84,29.73,26.93,4.178,,,39.49,,21.3,,,4.015,0
2020-04-17,7081,24.31,31.55,4.795,46.35,18.89,2.036,20.83,63.4,15.41,26.57,4.795,,,46.35,,18.89,,,4.073,0
2020-04-18,7263,25.56,36.84,6.164,46.29,12.84,2.472,22,65.05,32.33,27.96,6.164,,,46.29,,12.84,,,4.944,0
2020-04-19,7150,24.29,35.27,5.411,45.98,9.132,2.969,21.27,64.03,28.7,27.09,5.411,,,45.98,,9.132,,,5.938,0
2020-04-20,6853,24.3,33.9,5.685,46.56,10.91,3.496,19.36,61.2,30.21,24.82,5.685,,,46.56,,10.91,,,6.991,0
2020-04-21,6870,23.84,32.57,5.274,46.62,11.31,3.585,19.48,61.39,24.45,24.96,5.274,,,46.62,,11.31,,,7.17,0
2020-04-22,7124,23.17,32.3,5.068,46.31,8.108,3.736,21.12,63.82,17.33,26.92,5.068,,,46.31,,8.108,,,7.472,0
2020-04-23,7489,27.31,36.87,8.014,53.37,11.21,4.447,23.45,67,27.33,29.7,8.014,,,53.37,,11.21,,,8.893,0
2020-04-24,7506,27.58,37.26,8.219,52.28,12.95,4.938,23.55,67.11,28.56,29.8,8.219,,,52.28,,12.95,,,9.876,0
2020-04-25,7538,28.37,36.41,7.603,52.85,20,5.335,23.74,67.36,24.52,30.03,7.603,,,52.85,,20,,,10.67,0
2020-04-26,7684,30.27,37.75,8.699,53.54,26.55,6.227,24.68,68.54,26.64,31.15,8.699,,,53.54,,26.55,,,12.45,0
2020-04-27,7777,31.81,38.93,9.452,53.98,31.28,8.106,25.21,69.16,29.59,31.75,9.452,,,53.98,,31.28,,,16.21,0
2020-04-28,7770,32.92,40.33,8.288,53.41,36.4,10.01,25.15,69.08,35.41,31.68,8.288,,,53.41,,36.4,,,20.02,0
2020-04-29,8762,36.33,45.99,8.356,53.22,45.41,11.08,31.3,75.59,38.22,38.83,8.356,,,53.22,,45.41,,,22.16,0
2020-04-30,8652,41.3,44.23,9.521,58.94,70.87,14.92,30.5,74.76,33.84,37.83,9.521,,,58.94,,70.87,,,29.84,0
2020-05-01,8856,42.56,46.09,10.75,58.87,71,18.6,31.75,75.94,37.4,39.27,10.75,,,58.87,,71,,,37.19,0
2020-05-02,8977,43.33,47.49,10.55,59.3,71.12,20.73,32.5,76.63,40.68,40.14,10.55,,,59.3,,71.12,,,41.45,0
2020-05-03,8897,44.79,49.2,11.71,59.47,72.1,25.21,31.95,76.11,49.25,39.48,11.71,,,59.47,,72.1,,,50.43,0
2020-05-04,8882,44.48,47.65,11.37,59.52,72.65,27.3,31.81,75.97,43.49,39.31,11.37,,,59.52,,72.65,,,54.6,0
2020-05-05,8986,45.4,48.34,13.01,59.45,72.55,31.07,32.45,76.56,44.32,40.05,13.01,,,59.45,,72.55,,,62.13,0
2020-05-06,9267,46.21,49.71,12.81,60,73.31,32.5,34.18,78.06,44.59,42.02,12.81,,,60,,73.31,,,64.99,0
2020-05-07,9994,47.84,53.66,17.33,60.55,67.93,32.98,38.61,81.52,47.47,47.02,17.33,,,60.55,,67.93,,,65.95,0
2020-05-08,9859,48.38,51.44,19.79,61.97,70.59,34.34,37.65,80.75,41.51,45.85,19.79,,,61.97,,70.59,,,68.68,0
2020-05-09,9577,51.38,49.46,31.92,62.64,76.99,36.04,35.81,79.29,39.04,43.72,31.92,,,62.64,,76.99,,,72.07,0
2020-05-10,8715,51.67,47.47,34.52,63.18,79.17,36.45,30.26,74.28,48.08,37.26,34.52,,,63.18,,79.17,,,72.9,0
2020-05-11,8592,49.75,43.83,30.96,64.35,78.42,35.89,29.49,73.53,35.89,36.39,30.96,,,64.35,,78.42,,,71.78,0
2020-05-12,8817,45.42,36.95,21.16,64.52,78.51,35.77,30.94,74.98,3.767,38.09,21.16,,,64.52,,78.51,,,71.39,0.1609
2020-05-13,9323,46.48,38.93,24.32,65.3,75.72,35.69,34.13,77.89,1.918,41.79,24.32,,,65.3,,75.72,,,71.06,0.3218
2020-05-14,9801,48.08,41.21,28.9,65.35,75.61,34.64,37.15,80.36,2.055,45.27,28.9,,,65.35,,75.61,,,68.79,0.4827
2020-05-15,9327,44.52,38.99,17.12,66.13,72.24,33.92,34.06,77.81,2.397,41.68,17.12,,,66.13,,72.24,,,67.19,0.6436
2020-05-16,9395,42.72,39.39,14.73,66.17,63.41,32.39,34.49,78.17,2.74,42.17,14.73,,,66.17,,63.41,,,63.97,0.8045
2020-05-17,9683,42.51,40.43,24.25,66.21,47.37,31.58,36.3,79.69,1.438,44.28,24.25,,,66.21,,47.37,,,62.2,0.9654
2020-05-18,9727,42.35,41.16,24.32,66.38,43.55,32.74,36.5,79.82,3.836,44.48,24.32,,,66.38,,43.55,,,64.35,1.126
2020-05-19,9754,41.54,40.84,20.34,66.42,43.37,33.9,36.62,79.89,2.26,44.58,20.34,,,66.42,,43.37,,,66.51,1.287
2020-05-20,9516,41.22,39.61,20.62,66.22,43.2,35.08,35.06,78.62,1.986,42.78,20.62,,,66.22,,43.2,,,68.71,1.448
2020-05-21,9069,41.26,37.71,24.93,66.5,41.04,36.2,32.2,76.1,3.082,39.47,24.93,,,66.5,,41.04,,,70.79,1.609
2020-05-22,9162,41.39,37.81,27.67,66.18,38.49,36.12,32.78,76.65,1.644,40.16,27.67,,,66.18,,38.49,,,70.47,1.77
2020-05-23,9184,39.61,38.02,20.55,65.97,35.97,36.07,32.91,76.76,2.123,40.31,20.55,,,65.97,,35.97,,,70.2,1.931
2020-05-24,8806,40.28,36.08,25.62,65.77,38.19,36.47,30.48,74.48,1.849,37.5,25.62,,,65.77,,38.19,,,70.84,2.092
2020-05-25,8909,39.01,36.81,17.67,68.86,35.29,35.31,31.16,75.16,2.603,38.31,17.67,,,68.86,,35.29,,,68.36,2.253
2020-05-26,8835,38.32,36.39,17.05,69.15,32.81,34.21,30.68,74.71,2.397,37.76,17.05,,,69.15,,32.81,,,66.01,2.414
2020-05-27,9169,38.22,38.64,16.51,69.18,28.4,32.94,32.79,76.69,4.863,40.22,16.51,,,69.18,,28.4,,,63.31,2.574
2020-05-28,9568,39.26,40.52,20.62,68.98,26.36,32.09,35.32,78.89,4.726,43.16,20.62,,,68.98,,26.36,,,61.44,2.735
2020-05-29,9432,39.44,39.67,22.12,69.26,26.64,32.82,34.42,78.13,4.041,42.11,22.12,,,69.26,,26.64,,,62.74,2.896
2020-05-30,9692,41.58,42.24,25,69.3,30.38,33.81,36.05,79.5,9.384,44.01,25,,,69.3,,30.38,,,64.57,3.057
2020-05-31,9434,41.33,40.66,25.27,69.45,31.03,34.92,34.39,78.11,8.082,42.08,25.27,,,69.45,,31.03,,,66.63,3.218
2020-06-01,1.02e+04,41.29,43.97,17.47,69.25,33.21,35.82,39.15,81.85,7.329,47.54,17.47,,,69.25,,33.21,,,68.27,3.379
2020-06-02,9512,42.73,40.02,19.45,69.29,47.53,38.41,34.75,78.37,4.521,42.44,19.45,,,69.29,,47.53,,,73.28,3.54
2020-06-03,9642,44.65,41.25,22.53,69.81,51.89,39.57,35.54,79.04,7.055,43.36,22.53,,,69.81,,51.89,,,75.44,3.701
2020-06-04,9813,47.56,42.53,22.05,70.08,67.92,40.61,36.59,79.88,9.11,44.56,22.05,,,70.08,,67.92,,,77.36,3.862
2020-06-05,9642,46.62,43.33,15.14,70.12,68.42,41.42,35.48,78.97,15.62,43.27,15.14,,,70.12,,68.42,,,78.81,4.023
2020-06-06,9669,46.61,45.12,11.44,70.16,68.35,42.45,35.62,79.1,22.33,43.45,11.44,,,70.16,,68.35,,,80.72,4.183
2020-06-07,9748,45.73,42.64,10.96,70.55,68.28,42.63,36.1,79.49,10.96,44.01,10.96,,,70.55,,68.28,,,80.92,4.344
2020-06-08,9769,45.9,42.88,10.34,70.23,69.89,42.99,36.17,79.52,11.78,44.04,10.34,,,70.23,,69.89,,,81.47,4.505
2020-06-09,9779,43.1,42.81,10.27,70.38,51.48,42.64,36.19,79.54,11.44,44.07,10.27,,,70.38,,51.48,,,80.61,4.666
2020-06-10,9888,44.62,43.59,12.33,69.94,57.2,43.29,36.85,80.06,12.6,44.83,12.33,,,69.94,,57.2,,,81.75,4.827
2020-06-11,9277,44.43,41.46,15.14,69.98,57.17,43.17,32.97,76.79,15.75,40.34,15.14,,,69.98,,57.17,,,81.36,4.988
2020-06-12,9456,43.16,41.1,17.19,68.7,49.82,41.27,34.09,77.78,10.89,41.65,17.19,,,68.7,,49.82,,,77.4,5.149
2020-06-13,9461,42.4,40.86,13.9,70.29,48.54,39.82,34.1,77.8,9.863,41.67,13.9,,,70.29,,48.54,,,74.33,5.31
2020-06-14,9343,43.55,40.88,22.12,69.13,48,37.96,33.34,77.13,12.26,40.79,22.12,,,69.13,,48,,,70.44,5.471
2020-06-15,9441,41.22,39.87,19.45,68.69,40.22,36.01,33.94,77.67,6.37,41.49,19.45,,,68.69,,40.22,,,66.39,5.632
2020-06-16,9520,40.7,40.84,17.47,68.61,38.27,34.48,34.41,78.07,8.836,42.03,17.47,,,68.61,,38.27,,,63.17,5.792
2020-06-17,9449,39.69,39.94,16.51,70.55,33.45,32.81,33.94,77.67,6.644,41.5,16.51,,,70.55,,33.45,,,59.66,5.953
2020-06-18,9390,37.04,38.82,12.81,69.16,26.88,30.32,33.47,77.21,3.699,40.89,12.81,,,69.16,,26.88,,,54.53,6.114
2020-06-19,9286,37.56,39.27,15.34,68.6,26.43,30.66,32.8,76.62,7.534,40.13,15.34,,,68.6,,26.43,,,55.05,6.275
2020-06-20,9357,37.83,39.3,13.56,70.89,27.4,30.74,33.24,77.02,6.301,40.64,13.56,,,70.89,,27.4,,,55.05,6.436
2020-06-21,9285,37.6,39.43,14.59,70.8,24.82,29.92,32.76,76.59,8.288,40.09,14.59,,,70.8,,24.82,,,53.24,6.597
2020-06-22,9685,39.34,41.47,14.59,70.25,32.16,30.32,35.26,78.76,8.904,42.97,14.59,,,70.25,,32.16,,,53.88,6.758
2020-06-23,9612,39.67,41.86,12.12,70.52,35.92,31.03,34.76,78.34,11.92,42.4,12.12,,,70.52,,35.92,,,55.14,6.919
2020-06-24,9293,40.29,39.12,17.05,69.14,40,33.59,32.75,76.59,7.055,40.08,17.05,,,69.14,,40,,,60.1,7.08
2020-06-25,9247,41.57,39.04,19.32,69.65,44.76,34.04,32.46,76.33,7.603,39.76,19.32,,,69.65,,44.76,,,60.84,7.241
2020-06-26,9159,42.03,39.55,17.95,70.04,47.74,34.32,31.8,75.67,11.78,38.94,17.95,,,70.04,,47.74,,,61.23,7.401
2020-06-27,9002,41.41,37.25,15.68,70.42,51.04,34.91,30.8,74.72,5.685,37.79,15.68,,,70.42,,51.04,,,62.26,7.562
2020-06-28,9108,42.33,38.68,14.66,71.4,53.63,35.36,31.46,75.37,9.315,38.56,14.66,,,71.4,,53.63,,,62.99,7.723
2020-06-29,9184,42.16,38.85,13.15,71.43,53.79,35.77,31.93,75.81,8.562,39.1,13.15,,,71.43,,53.79,,,63.66,7.884
2020-06-30,9144,41.82,38.7,11.58,71.46,53.61,36.3,31.65,75.54,8.836,38.77,11.58,,,71.46,,53.61,,,64.56,8.045
2020-07-01,9241,43.43,40.09,18.29,71.26,53.08,35.26,32.25,76.1,12.53,39.47,18.29,,,71.26,,53.08,,,62.31,8.206
2020-07-02,9094,36.85,39.37,14.11,43.87,53.07,35.16,31.31,75.23,12.53,38.4,14.11,,,43.87,,53.07,,,61.96,8.367
2020-07-03,9067,36.41,39.16,11.92,43.59,53.74,35.44,31.13,75.06,12.26,38.19,11.92,,,43.59,,53.74,,,62.34,8.528
2020-07-04,9126,36.36,39.19,11.51,44,53.73,34.82,31.49,75.41,11.23,38.62,11.51,,,44,,53.73,,,60.96,8.689
2020-07-05,9080,38.41,39.35,16.37,44.07,60.47,34.81,31.19,75.13,12.81,38.27,16.37,,,44.07,,60.47,,,60.78,8.85
2020-07-06,9339,39.74,40.29,20.89,44.6,60.44,34.8,32.8,76.63,11.58,40.14,20.89,,,44.6,,60.44,,,60.59,9.01
2020-07-07,9252,39.36,40.34,18.7,44.9,60.4,34.62,32.24,76.12,13.49,39.49,18.7,,,44.9,,60.4,,,60.07,9.171
2020-07-08,9435,40.74,40.68,24.86,44.84,60.37,35.09,33.33,77.09,11.58,40.73,24.86,,,44.84,,60.37,,,60.85,9.332
2020-07-09,9232,41.91,40.37,30.96,45.02,60.33,35.31,32.03,75.91,14.32,39.23,30.96,,,45.02,,60.33,,,61.12,9.493
2020-07-10,9285,41.52,40.52,28.56,45.2,60.3,35.38,32.36,76.21,13.9,39.61,28.56,,,45.2,,60.3,,,61.11,9.654
2020-07-11,9237,42.47,39.84,33.77,45.5,60.26,36.39,32.04,75.93,12.12,39.25,33.77,,,45.5,,60.26,,,62.97,9.815
2020-07-12,9289,42.47,39.94,33.15,45.67,60.23,36.92,32.36,76.22,11.58,39.62,33.15,,,45.67,,60.23,,,63.86,9.976
2020-07-13,9237,41.53,39.27,29.32,45.74,60.2,37.44,32.02,75.91,9.932,39.23,29.32,,,45.74,,60.2,,,64.75,10.14
2020-07-14,9260,41.98,39.3,31.78,45.45,60.16,37.51,32.14,76.02,9.658,39.37,31.78,,,45.45,,60.16,,,64.73,10.3
2020-07-15,9197,41.64,38.68,30.75,45.86,60.13,37.59,31.72,75.63,8.493,38.88,30.75,,,45.86,,60.13,,,64.71,10.46
2020-07-16,9133,41.07,38.19,31.92,42.82,60.1,37.38,31.3,75.24,7.808,38.41,31.92,,,42.82,,60.1,,,64.13,10.62
2020-07-17,9156,40.61,37.31,30.75,43.23,60.06,37.45,31.45,75.38,3.836,38.58,30.75,,,43.23,,60.06,,,64.12,10.78
2020-07-18,9176,43.66,38,44.59,43.41,60.03,37.52,31.56,75.49,6.233,38.72,44.59,,,43.41,,60.03,,,64.1,10.94
2020-07-19,9219,43.04,38.37,40.55,43.71,60,37.59,31.81,75.73,6.918,39.01,40.55,,,43.71,,60,,,64.09,11.1
2020-07-20,9167,44.1,38.75,44.45,44.23,59.97,38.06,31.48,75.43,9.452,38.63,44.45,,,44.23,,59.97,,,64.85,11.26
2020-07-21,9389,44.16,38.88,44.45,44.18,59.94,38.38,32.84,76.69,5.753,40.22,44.45,,,44.18,,59.94,,,65.34,11.42
2020-07-22,9531,42.64,41.02,49.38,27.48,59.9,39.21,33.7,77.45,11.71,41.21,49.38,,,27.48,,59.9,,,66.83,11.58
2020-07-23,9609,44.2,40.96,54.66,29.5,59.87,40.51,34.16,77.84,10.14,41.72,54.66,,,29.5,,59.87,,,69.27,11.75
2020-07-24,9548,45.2,42.57,54.59,30.83,59.84,42.42,33.75,77.49,17.81,41.25,54.59,,,30.83,,59.84,,,72.94,11.91
2020-07-25,9702,45.35,41.95,54.25,32.27,59.81,43.94,34.69,78.3,12.47,42.34,54.25,,,32.27,,59.81,,,75.81,12.07
2020-07-26,9934,49.1,44.77,58.63,32.01,71.92,45.2,36.1,79.47,19.52,43.97,58.63,,,32.01,,71.92,,,78.17,12.23
2020-07-27,1.105e+04,54.53,50.19,67.6,34.01,79.56,47.1,42.89,84.38,21.78,51.72,67.6,,,34.01,,79.56,,,81.81,12.39
2020-07-28,1.094e+04,57.36,49.21,72.67,32.84,93.42,50.22,42.12,83.81,20.14,50.75,72.67,,,32.84,,93.42,,,87.89,12.55
2020-07-29,1.112e+04,56.99,50.32,73.7,26.58,94.06,52.14,43.1,84.44,21.92,51.83,73.7,,,26.58,,94.06,,,91.56,12.71
2020-07-30,1.114e+04,57.48,49.15,74.11,28.59,96.26,53,43.14,84.44,17.19,51.83,74.11,,,28.59,,96.26,,,93.13,12.87
2020-07-31,1.134e+04,57.23,52.38,66.23,28.56,97.2,53.58,44.31,85.17,26.92,53.13,66.23,,,28.56,,97.2,,,94.13,13.03
2020-08-01,1.18e+04,58.03,52.94,68.42,28.86,97.21,54.66,47.09,86.86,21.51,56.3,68.42,,,28.86,,97.21,,,96.13,13.19
2020-08-02,1.109e+04,59.04,49.48,76.85,30.86,97.53,55.46,42.65,84.08,20,51.2,76.85,,,30.86,,97.53,,,97.57,13.35
2020-08-03,1.124e+04,60.2,52.52,74.59,33.86,96.92,55.93,43.4,84.51,30.21,51.96,74.59,,,33.86,,96.92,,,98.34,13.52
2020-08-04,1.12e+04,57.33,50.31,67.81,32.47,93.87,55.9,43.13,84.33,22.12,51.64,67.81,,,32.47,,93.87,,,98.13,13.68
2020-08-05,1.172e+04,56.74,51.5,64.52,31.99,92.05,56.07,46.23,86.24,18.42,55.11,64.52,,,31.99,,92.05,,,98.29,13.84
2020-08-06,1.177e+04,58.03,54.77,67.95,29.82,91.16,56.28,46.35,86.24,31.37,55.12,67.95,,,29.82,,91.16,,,98.57,14
2020-08-07,1.16e+04,55.4,53.23,58.49,29.23,90.58,56.37,45.16,85.47,28.63,53.67,58.49,,,29.23,,90.58,,,98.57,14.16
2020-08-08,1.174e+04,55.06,52.91,58.77,28.64,89.39,56.5,45.95,85.92,25.27,54.51,58.77,,,28.64,,89.39,,,98.68,14.32
2020-08-09,1.168e+04,54.07,54.1,56.85,27.6,83.99,56.5,45.49,85.63,31.3,53.97,56.85,,,27.6,,83.99,,,98.52,14.48
2020-08-10,1.187e+04,53.43,52.97,52.47,28.57,86.75,56.66,46.58,86.28,23.84,55.19,52.47,,,28.57,,86.75,,,98.69,14.64
2020-08-11,1.139e+04,52.53,52.1,51.71,26.53,86.49,56.74,43.54,84.37,28.77,51.71,51.71,,,26.53,,86.49,,,98.69,14.8
2020-08-12,1.158e+04,53.74,53.52,54.45,27.95,85.63,56.8,44.61,85.05,31.51,52.9,54.45,,,27.95,,85.63,,,98.63,14.96
2020-08-13,1.177e+04,50.33,53.43,44.52,26.81,77.91,56.8,45.75,85.73,28.08,54.16,44.52,,,26.81,,77.91,,,98.47,15.12
2020-08-14,1.177e+04,51.2,55.54,42.74,27.33,80.36,56.88,45.67,85.67,36.78,54.05,42.74,,,27.33,,80.36,,,98.47,15.29
2020-08-15,1.187e+04,50.34,54.97,33.29,31.85,82.49,56.96,46.18,85.98,33.08,54.62,33.29,,,31.85,,82.49,,,98.47,15.45
2020-08-16,1.19e+04,49.87,54.65,31.1,29.27,86.39,57.15,46.33,86.07,31.44,54.78,31.1,,,29.27,,86.39,,,98.69,15.61
2020-08-17,1.232e+04,48.99,53.48,27.95,31.01,84.96,57.34,48.73,87.4,20.41,57.38,27.95,,,31.01,,84.96,,,98.91,15.77
2020-08-18,1.199e+04,51.09,53.7,30,34.4,91.18,57.37,46.67,86.21,26.85,55.06,30,,,34.4,,91.18,,,98.81,15.93
2020-08-19,1.174e+04,49.54,52.01,19.66,39.23,92.08,57.5,45.05,85.23,24.52,53.23,19.66,,,39.23,,92.08,,,98.92,16.09
2020-08-20,1.187e+04,50.47,53.54,20.41,40.18,92.4,57.56,45.79,85.68,28.63,54.05,20.41,,,40.18,,92.4,,,98.86,16.25
2020-08-21,1.152e+04,48.81,52.64,12.33,42.34,91.25,57.66,43.62,84.32,31.03,51.61,12.33,,,42.34,,91.25,,,98.92,16.41
2020-08-22,1.168e+04,48.59,51.29,12.95,43.39,90.7,57.69,44.55,84.91,23.01,52.67,12.95,,,43.39,,90.7,,,98.81,16.57
2020-08-23,1.167e+04,49.15,53.73,12.53,43.23,89.57,57.56,44.41,84.83,33.15,52.52,12.53,,,43.23,,89.57,,,98.38,16.73
2020-08-24,1.177e+04,48.21,53.29,11.1,43.19,86.42,57.37,45,85.19,29.79,53.17,11.1,,,43.19,,86.42,,,97.84,16.89
2020-08-25,1.136e+04,43.93,48.51,8.014,43.91,72.33,57.13,42.43,83.54,17.81,50.28,8.014,,,43.91,,72.33,,,97.2,17.06
2020-08-26,1.147e+04,43.37,50.83,5.137,43.75,67.24,57.16,43.07,83.97,25.27,51.01,5.137,,,43.75,,67.24,,,97.09,17.22
2020-08-27,1.131e+04,42.1,48.41,4.384,43.81,65.33,57.21,42.08,83.31,18.36,49.9,4.384,,,43.81,,65.33,,,97.04,17.38
2020-08-28,1.153e+04,43.81,53.55,2.603,45.3,65.29,56.94,43.32,84.12,35.48,51.28,2.603,,,45.3,,65.29,,,96.35,17.54
2020-08-29,1.149e+04,43.06,51.36,2.603,45.36,65.24,57.05,43.06,83.97,27.4,51.01,2.603,,,45.36,,65.24,,,96.41,17.7
2020-08-30,1.17e+04,43.32,50.28,3.699,47.49,65.2,57.03,44.28,84.75,19.73,52.38,3.699,,,47.49,,65.2,,,96.2,17.86
2020-08-31,1.168e+04,43.71,52.86,0.9589,47.33,65.72,56.9,44.08,84.61,30.62,52.14,0.9589,,,47.33,,65.72,,,95.77,18.02
2020-09-01,1.197e+04,42.81,55.05,1.027,37.8,67.23,56.95,45.76,85.63,34.86,53.97,1.027,,,37.8,,67.23,,,95.72,18.18
2020-09-02,1.141e+04,42.36,50.65,0.7534,40.15,71.27,57.57,42.33,83.44,26.71,50.12,0.7534,,,40.15,,71.27,,,96.79,18.34
2020-09-03,1.026e+04,40.2,42.52,1.233,42.5,71.91,57.81,35.34,78.27,14.18,42.3,1.233,,,42.5,,71.91,,,97.12,18.5
2020-09-04,1.047e+04,40.91,44.21,1.233,43.97,71.85,56.24,36.6,79.3,17.19,43.73,1.233,,,43.97,,71.85,,,93.82,18.66
2020-09-05,1.013e+04,40.55,42.9,1.644,44.79,71.79,54.81,34.52,77.6,18.08,41.4,1.644,,,44.79,,71.79,,,90.79,18.83
2020-09-06,1.025e+04,41.21,44.6,2.055,45.29,71.73,53.75,35.27,78.24,22.6,42.26,2.055,,,45.29,,71.73,,,88.51,18.99
2020-09-07,1.037e+04,42.06,48.16,1.575,45.35,71.11,51.52,35.96,78.82,34.79,43.06,1.575,,,45.35,,71.11,,,83.9,19.15
2020-09-08,1.011e+04,40.55,44.35,1.507,48.11,68.42,48.4,34.39,77.53,24.18,41.3,1.507,,,48.11,,68.42,,,77.49,19.31
2020-09-09,1.022e+04,38.8,44.37,1.644,47.19,61.33,43.01,35.08,78.12,22.19,42.1,1.644,,,47.19,,61.33,,,66.54,19.47
2020-09-10,1.033e+04,37.79,46.15,1.027,49.41,52.2,37.15,35.74,78.68,27.33,42.86,1.027,,,49.41,,52.2,,,54.66,19.63
2020-09-11,1.039e+04,37.31,44.4,1.575,49.46,52.2,37.3,36.05,78.94,19.38,43.22,1.575,,,49.46,,52.2,,,54.81,19.79
2020-09-12,1.044e+04,38.87,48.23,2.26,49.84,52.19,37.38,36.34,79.19,33.84,43.57,2.26,,,49.84,,52.19,,,54.81,19.95
2020-09-13,1.032e+04,38.42,46.62,2.534,50.32,52.19,37.01,35.64,78.62,29.45,42.78,2.534,,,50.32,,52.19,,,53.91,20.11
2020-09-14,1.066e+04,38.54,50.25,3.425,51.66,41.69,36.8,37.67,80.24,38.01,45.09,3.425,,,51.66,,41.69,,,53.32,20.27
2020-09-15,1.078e+04,35.68,48.69,3.493,45.49,33.7,37.83,38.33,80.74,29.86,45.84,3.493,,,45.49,,33.7,,,55.22,20.43
2020-09-16,1.097e+04,36.74,49.75,3.562,52.2,28.73,38.69,39.42,81.53,31.03,47.04,3.562,,,52.2,,28.73,,,56.79,20.6
2020-09-17,1.094e+04,37.02,51.9,2.945,52.25,25.14,40.45,39.18,81.36,40.27,46.77,2.945,,,52.25,,25.14,,,60.15,20.76
2020-09-18,1.092e+04,36.6,50.61,3.425,52.73,23.18,41.79,39.04,81.25,35.55,46.6,3.425,,,52.73,,23.18,,,62.66,20.92
2020-09-19,1.107e+04,35.07,49.56,1.644,53.21,16.4,42.91,39.92,81.89,28.84,47.59,1.644,,,53.21,,16.4,,,64.74,21.08
2020-09-20,1.092e+04,34.46,47.99,2.192,54.96,11.8,44.69,38.97,81.19,25.27,46.52,2.192,,,54.96,,11.8,,,68.13,21.24
2020-09-21,1.046e+04,33.6,45.63,2.26,55.01,10.43,46.09,36.16,79.03,23.97,43.36,2.26,,,55.01,,10.43,,,70.79,21.4
2020-09-22,1.052e+04,33.65,44.11,2.466,55.48,14.13,45.01,36.5,79.3,16.92,43.73,2.466,,,55.48,,14.13,,,68.46,21.56
2020-09-23,1.023e+04,33.67,43.88,1.849,55.43,15.69,45.08,34.78,77.9,21.03,41.8,1.849,,,55.43,,15.69,,,68.44,21.72
2020-09-24,1.074e+04,34.96,46.23,3.151,56.11,16.98,43.77,37.79,80.33,21.58,45.23,3.151,,,56.11,,16.98,,,65.66,21.88
2020-09-25,1.068e+04,35.37,49.68,2.329,56.16,12.96,43.45,37.42,80.05,36.44,44.8,2.329,,,56.16,,12.96,,,64.86,22.04
2020-09-26,1.074e+04,35.59,47.83,1.712,55.89,20.05,43.26,37.75,80.3,28.08,45.18,1.712,,,55.89,,20.05,,,64.32,22.2
2020-09-27,1.076e+04,37.14,48.23,2.945,56.25,27.63,42.76,37.83,80.37,29.45,45.27,2.945,,,56.25,,27.63,,,63.16,22.37
2020-09-28,1.073e+04,37.27,45.44,3.973,56.61,33.6,42.08,37.62,80.21,18.9,45.04,3.973,,,56.61,,33.6,,,61.64,22.53
2020-09-29,1.084e+04,37.75,47.41,3.151,55.81,33.64,43.2,38.22,80.65,25.07,45.69,3.151,,,55.81,,33.64,,,63.71,22.69
2020-09-30,1.077e+04,39.72,48.74,8.082,55.33,37.34,43.82,37.78,80.32,31.64,45.2,8.082,,,55.33,,37.34,,,64.78,22.85
2020-10-01,1.061e+04,38,44.09,6.301,55.49,38.28,44.69,36.77,79.54,15.96,44.07,6.301,,,55.49,,38.28,,,66.37,23.01
2020-10-02,1.057e+04,38.89,45.17,5.068,56.16,42.86,44.06,36.54,79.36,20.96,43.81,5.068,,,56.16,,42.86,,,64.96,23.17
2020-10-03,1.056e+04,39.27,46.79,5,55.79,42.49,43.59,36.44,79.28,27.74,43.71,5,,,55.79,,42.49,,,63.86,23.33
2020-10-04,1.067e+04,38.94,48.37,5,55.84,37.21,42.63,37.07,79.79,32.19,44.44,5,,,55.84,,37.21,,,61.78,23.49
2020-10-05,1.077e+04,37.37,46.97,3.425,55.78,32.22,42.55,37.68,80.27,24.79,45.13,3.425,,,55.78,,32.22,,,61.46,23.65
2020-10-06,1.06e+04,35.89,44.84,3.904,55.3,26.99,43.09,36.61,79.43,19.38,43.92,3.904,,,55.3,,26.99,,,62.37,23.81
2020-10-07,1.067e+04,35.56,47.54,1.575,54.82,22.82,42.21,37,79.74,29.04,44.36,1.575,,,54.82,,22.82,,,60.45,23.97
2020-10-08,1.09e+04,36.41,50.22,3.014,54.35,20.72,42.57,38.37,80.79,35.82,45.9,3.014,,,54.35,,20.72,,,61.01,24.14
2020-10-09,1.107e+04,37.22,48.84,3.562,56.9,24.23,43.96,39.34,81.5,27.53,46.99,3.562,,,56.9,,24.23,,,63.62,24.3
2020-10-10,1.13e+04,38.38,50.29,5.753,56.95,24.43,45.8,40.67,82.46,29.52,48.5,5.753,,,56.95,,24.43,,,67.15,24.46
2020-10-11,1.138e+04,39.37,50.3,5.959,57.41,28.68,47.9,41.07,82.74,28.42,48.96,5.959,,,57.41,,28.68,,,71.18,24.62
2020-10-12,1.155e+04,41.41,52.53,6.712,57.25,35.44,49.12,42.03,83.39,34.66,50.04,6.712,,,57.25,,35.44,,,73.46,24.78
2020-10-13,1.143e+04,42.4,53.56,6.575,57.5,39.14,49.7,41.31,82.89,40.82,49.21,6.575,,,57.5,,39.14,,,74.46,24.94
2020-10-14,1.142e+04,42.55,51.64,6.164,56.92,44.84,51.3,41.15,82.77,33.63,49.01,6.164,,,56.92,,44.84,,,77.51,25.1
2020-10-15,1.15e+04,42.96,52.33,4.384,56.44,48.24,52.47,41.6,83.07,35.14,49.51,4.384,,,56.44,,48.24,,,79.67,25.26
2020-10-16,1.134e+04,43.47,51.84,2.055,56.18,56.02,52.76,40.59,82.38,36.03,48.38,2.055,,,56.18,,56.02,,,80.1,25.42
2020-10-17,1.136e+04,43.24,52.25,1.781,54.46,56,53.01,40.71,82.47,37.33,48.51,1.781,,,54.46,,56,,,80.43,25.58
2020-10-18,1.149e+04,41.84,48.35,2.397,53.68,55.99,53.07,41.43,82.98,19.66,49.34,2.397,,,53.68,,55.99,,,80.4,25.74
2020-10-19,1.175e+04,43.09,50.27,4.658,54.14,55.97,53.34,42.83,83.87,23.56,50.84,4.658,,,54.14,,55.97,,,80.77,25.91
2020-10-20,1.193e+04,42.87,53.76,4.315,55.02,45.66,53.4,43.82,84.5,34.79,51.93,4.315,,,55.02,,45.66,,,80.74,26.07
2020-10-21,1.285e+04,44.35,56.68,5.342,56.82,44.31,54.28,49.11,87.6,32.26,57.77,5.342,,,56.82,,44.31,,,82.34,26.23
2020-10-22,1.3e+04,44.78,58.28,5.068,55.52,44.32,56.15,49.65,87.74,37.67,58.06,5.068,,,55.52,,44.32,,,85.9,26.39
2020-10-23,1.295e+04,44.12,57.05,5.274,53.61,44.09,57.6,49.26,87.49,33.9,57.56,5.274,,,53.61,,44.09,,,88.65,26.55
2020-10-24,1.311e+04,45.26,60.09,5.137,53.45,44.47,58.42,50.1,87.92,43.9,58.44,5.137,,,53.45,,44.47,,,90.13,26.71
2020-10-25,1.304e+04,43.83,55.33,6.849,52.57,44.49,59.04,49.59,87.64,26.23,57.87,6.849,,,52.57,,44.49,,,91.2,26.87
2020-10-26,1.308e+04,43.84,54.53,6.712,53.65,44.5,60.08,49.75,87.73,22.6,58.03,6.712,,,53.65,,44.5,,,93.13,27.03
2020-10-27,1.368e+04,43.64,55.87,5.616,50.82,45.12,60.27,53.09,89.43,19.32,61.63,5.616,,,50.82,,45.12,,,93.34,27.19
2020-10-28,1.329e+04,42.92,53.98,5.274,50.05,45.99,60.63,50.7,88.16,18.15,58.93,5.274,,,50.05,,45.99,,,93.9,27.35
2020-10-29,1.348e+04,42.1,56.01,6.507,50.1,34.22,60.43,51.65,88.63,23.84,59.92,6.507,,,50.1,,34.22,,,93.35,27.51
2020-10-30,1.36e+04,40.68,57.05,3.767,49.95,26.15,60.49,52.31,88.97,26.3,60.63,3.767,,,49.95,,26.15,,,93.31,27.67
2020-10-31,1.381e+04,40.08,58.26,5.89,49.39,17.15,60.55,53.4,89.5,28.36,61.8,5.89,,,49.39,,17.15,,,93.27,27.84
2020-11-01,1.374e+04,40.33,59.71,8.973,49.13,11.81,60.43,52.88,89.22,35.55,61.18,8.973,,,49.13,,11.81,,,92.87,28
2020-11-02,1.36e+04,37.44,54.31,4.795,48.88,11.06,60.34,51.9,88.68,16.64,60.01,4.795,,,48.88,,11.06,,,92.53,28.16
2020-11-03,1.4e+04,39.18,61.96,2.945,48.11,7.914,60.93,53.62,89.26,43.7,61.26,2.945,,,48.11,,7.914,,,93.54,28.32
2020-11-04,1.413e+04,39.62,64.92,2.603,48.07,4.306,61.19,54.23,89.52,54.11,61.83,2.603,,,48.07,,4.306,,,93.89,28.48
2020-11-05,1.561e+04,42.24,70.52,3.082,47.2,9.069,61.42,62.47,93.03,56.23,70.36,3.082,,,47.2,,9.069,,,94.2,28.64
2020-11-06,1.562e+04,44.59,71.09,7.123,47.26,17.62,61.93,62.29,92.9,59.18,70.01,7.123,,,47.26,,17.62,,,95.05,28.8
2020-11-07,1.487e+04,45.5,66.14,6.849,46.5,35.87,62.98,57.81,90.98,50.55,65.21,6.849,,,46.5,,35.87,,,97.01,28.96
2020-11-08,1.55e+04,47.16,67.92,6.438,46.45,43.13,63.39,61.26,92.42,49.25,68.75,6.438,,,46.45,,43.13,,,97.66,29.12
2020-11-09,1.532e+04,48.64,72.21,3.288,46,47.28,64.14,60.03,91.87,69.59,67.37,3.288,,,46,,47.28,,,99,29.28
2020-11-10,1.532e+04,49.83,68.26,2.534,43.72,68.16,64.62,59.87,91.78,54.25,67.14,2.534,,,43.72,,68.16,,,99.8,29.44
2020-11-11,1.573e+04,51.12,70.24,1.849,44.29,72.24,64.75,62.08,92.68,56.78,69.43,1.849,,,44.29,,72.24,,,99.9,29.61
2020-11-12,1.629e+04,52.35,74.26,0.9589,44.24,72.18,64.88,65.07,93.81,65.68,72.46,0.9589,,,44.24,,72.18,,,100,29.77
2020-11-13,1.633e+04,50.74,71.54,2.123,41.57,69.79,64.91,65.09,93.78,54.93,72.38,2.123,,,41.57,,69.79,,,99.9,29.93
2020-11-14,1.61e+04,48.35,70.88,6.301,42.24,48.83,65.04,63.62,93.2,55.89,70.81,6.301,,,42.24,,48.83,,,100,30.09
2020-11-15,1.599e+04,48.87,71.38,8.767,41.49,48.83,65.12,62.84,92.89,59.79,69.99,8.767,,,41.49,,48.83,,,100,30.25
2020-11-16,1.674e+04,50.11,75.71,9.315,39.54,48.84,65.18,66.99,94.47,67.05,74.32,9.315,,,39.54,,48.84,,,99.95,30.41
2020-11-17,1.768e+04,51.44,79.1,11.16,38.39,48.84,65.16,72.02,96.14,68.9,79.35,11.16,,,38.39,,48.84,,,99.75,30.57
2020-11-18,1.78e+04,54.73,79.91,11.92,36.95,69.68,65.37,72.21,96.04,72.33,79.04,11.92,,,36.95,,69.68,,,100,30.73
2020-11-19,1.782e+04,54.04,76.89,11.99,35.51,73.9,65.45,72.05,95.96,60.75,78.8,11.99,,,35.51,,73.9,,,100,30.89
2020-11-20,1.866e+04,56.63,82.55,12.19,35.17,78.11,65.48,76.33,97.17,73.97,82.72,12.19,,,35.17,,78.11,,,99.9,31.05
2020-11-21,1.871e+04,57.84,82.46,13.77,38.34,80,65.56,76.25,97.09,74.04,82.46,13.77,,,38.34,,80,,,99.9,31.21
2020-11-22,1.848e+04,59.27,81.75,14.79,37.7,90.6,65.69,74.75,96.62,74.73,80.91,14.79,,,37.7,,90.6,,,100,31.38
2020-11-23,1.837e+04,59.26,79.2,16.23,38.06,94.05,65.74,73.82,96.28,66.92,79.8,16.23,,,38.06,,94.05,,,99.95,31.54
2020-11-24,1.915e+04,60.52,80.91,17.12,39.02,95.89,65.85,77.83,97.45,64.73,83.65,17.12,,,39.02,,95.89,,,100,31.7
2020-11-25,1.875e+04,61.77,80.78,22.12,39.98,96.58,65.93,75.29,96.65,70.21,80.98,22.12,,,39.98,,96.58,,,100,31.86
2020-11-26,1.711e+04,62.67,73.48,40.75,38.75,96.36,65.96,65.84,93.34,63.56,71.19,40.75,,,38.75,,96.36,,,99.9,32.02
2020-11-27,1.71e+04,62.66,73.7,43.63,35.92,95.69,66.02,65.58,93.23,65.14,70.88,43.63,,,35.92,,95.69,,,99.85,32.18
2020-11-28,1.775e+04,61.28,76.28,37.19,32.01,94.34,65.93,69.04,94.52,67.12,74.46,37.19,,,32.01,,94.34,,,99.51,32.34
2020-11-29,1.819e+04,62.54,77.62,41.99,33.17,91.65,65.91,71.36,95.32,66.99,76.83,41.99,,,33.17,,91.65,,,99.32,32.5
2020-11-30,1.966e+04,65.11,77.92,46.99,44.25,86.71,65.89,79.16,97.69,50.34,84.48,46.99,,,44.25,,86.71,,,99.12,32.66
2020-12-01,1.882e+04,65.81,79.6,49.73,45.29,82.25,66.14,74.11,96.08,69.04,79.16,49.73,,,45.29,,82.25,,,99.46,32.82
2020-12-02,1.921e+04,66.35,78.67,62.47,43.56,73.32,66.1,75.96,96.6,61.3,80.83,62.47,,,43.56,,73.32,,,99.22,32.98
2020-12-03,1.947e+04,68.01,82.01,67.81,42.83,70.47,66.14,77.06,96.9,72.26,81.82,67.81,,,42.83,,70.47,,,99.12,33.15
2020-12-04,1.873e+04,65.74,77.86,64.52,41.8,70.54,66.51,72.74,95.52,65.75,77.42,64.52,,,41.8,,70.54,,,99.71,33.31
2020-12-05,1.911e+04,65.95,79.31,62.47,42.25,70.49,66.73,74.67,96.16,66.99,79.42,62.47,,,42.25,,70.49,,,100,33.47
2020-12-06,1.936e+04,65.64,79.31,61.16,42.01,70.44,66.81,75.81,96.54,64.25,80.63,61.16,,,42.01,,70.44,,,100,33.63
2020-12-07,1.918e+04,64.53,79.78,58.77,38.92,69.18,66.89,74.6,96.14,69.04,79.36,58.77,,,38.92,,69.18,,,100,33.79
2020-12-08,1.834e+04,61.84,75.75,57.19,38.68,63.05,66.95,69.77,94.52,64.25,74.47,57.19,,,38.68,,63.05,,,99.95,33.95
2020-12-09,1.857e+04,61.27,75.84,60.75,32.15,63.02,66.93,70.74,94.8,62.53,75.28,60.75,,,32.15,,63.02,,,99.76,34.11
2020-12-10,1.829e+04,59.55,73.1,59.52,30.35,61.89,67.04,69.03,94.2,55.62,73.57,59.52,,,30.35,,61.89,,,99.81,34.27
2020-12-11,1.806e+04,59.36,73.24,63.42,30.42,55.05,66.98,67.58,93.68,59.59,72.1,63.42,,,30.42,,55.05,,,99.52,34.43
2020-12-12,1.881e+04,59.82,75.37,73.01,29.41,41.67,67.01,71.46,95.03,59.04,75.97,73.01,,,29.41,,41.67,,,99.42,34.59
2020-12-13,1.916e+04,60.37,79.03,72.33,26.44,41.68,66.99,72.89,95.4,70.75,77.07,72.33,,,26.44,,41.68,,,99.23,34.75
2020-12-14,1.929e+04,62.76,78.49,71.44,40.22,41.7,67.07,73.36,95.54,67.53,77.5,71.44,,,40.22,,41.7,,,99.23,34.92
2020-12-15,1.943e+04,60.72,78.21,77.74,24.24,41.72,66.96,73.88,95.68,65.34,77.92,77.74,,,24.24,,41.72,,,98.85,35.08
2020-12-16,2.137e+04,67.25,85.32,81.92,23.63,63.7,67.28,83.8,98.49,71.64,87.34,81.92,,,23.63,,63.7,,,99.33,35.24
2020-12-17,2.279e+04,69.28,88.31,84.11,22.24,69.2,67.24,90.6,100,69.52,93.12,84.11,,,22.24,,69.2,,,99.09,35.4
2020-12-18,2.305e+04,71.73,90.29,87.95,22.12,75.76,67.52,91,99.82,77.95,92.41,87.95,,,22.12,,75.76,,,99.47,35.56
2020-12-19,2.386e+04,73.72,92.83,89.79,21.91,80.78,67.74,94.86,100.7,79.73,96.03,89.79,,,21.91,,80.78,,,99.76,35.72
2020-12-20,2.353e+04,73.57,90.78,87.53,22.08,87.28,67.84,92.59,100.1,76.78,93.63,87.53,,,22.08,,87.28,,,99.81,35.88
2020-12-21,2.294e+04,72.74,87.59,87.53,21.77,89.68,67.73,88.99,99.22,72.12,90.04,87.53,,,21.77,,89.68,,,99.43,36.04
2020-12-22,2.376e+04,72.85,90.19,82.95,22.23,89.91,67.62,92.57,99.92,75.48,92.8,82.95,,,22.23,,89.91,,,99.04,36.2
2020-12-23,2.331e+04,69.39,88.73,69.38,21.63,89.08,67.7,89.51,99.05,76.99,89.39,69.38,,,21.63,,89.08,,,99.05,36.36
2020-12-24,2.371e+04,70.17,87.47,76.64,22.38,86.75,67.43,90.96,99.29,69.32,90.31,76.64,,,22.38,,86.75,,,98.33,36.52
2020-12-25,2.467e+04,71.33,91.83,76.37,22.85,84.01,67.44,95.63,100.4,76.51,94.77,76.37,,,22.85,,84.01,,,98.19,36.69
2020-12-26,2.648e+04,70.46,96.73,68.42,22.63,77.66,67.5,104.5,102.3,77.26,102.9,68.42,,,22.63,,77.66,,,98.14,36.85
2020-12-27,2.643e+04,71.92,96.94,76.3,22.61,76.43,67.48,103.5,101.9,80.89,101.5,76.3,,,22.61,,76.43,,,97.96,37.01
2020-12-28,2.704e+04,73.22,98.05,78.36,23.26,78.81,67.54,105.2,101.9,83.63,101.4,78.36,,,23.26,,78.81,,,97.91,37.17
2020-12-29,2.723e+04,73.46,97.35,73.97,24.98,85.41,67.91,105.1,101.7,82.33,100.3,73.97,,,24.98,,85.41,,,98.48,37.33
2020-12-30,2.884e+04,73.75,102.4,62.4,25.24,90.72,67.75,112.4,103,87.88,106.4,62.4,,,25.24,,90.72,,,98.01,37.49
2020-12-31,2.902e+04,72.38,102,55.27,25.02,91.79,68.52,112.4,102.9,86.64,106.1,55.27,,,25.02,,91.79,,,99.38,37.65
2021-01-01,2.938e+04,70.89,101.5,46.85,26.54,92.23,68.57,113.3,103,83.42,106.3,46.85,,,26.54,,92.23,,,99.34,37.81
2021-01-02,3.202e+04,71.6,107.9,29.93,34.2,94.13,68.75,125.2,104.7,86.37,115.5,29.93,,,34.2,,94.13,,,99.53,37.97
2021-01-03,3.328e+04,79.77,110.8,54.38,42.99,97.49,68.95,130,105.2,89.32,118.6,54.38,,,42.99,,97.49,,,99.76,38.13
2021-01-04,3.18e+04,78.62,106.5,54.93,43.43,98.54,69.05,121.3,103.7,90.62,110.3,54.93,,,43.43,,98.54,,,99.81,38.29
2021-01-05,3.401e+04,80.29,110.7,56.58,42.43,98.75,69.23,130.8,105.1,89.52,117.5,56.58,,,42.43,,98.75,,,100,38.46
2021-01-06,3.664e+04,82.86,117.2,52.12,47.66,99.79,69.31,142,106.4,94.52,125.8,52.12,,,47.66,,99.79,,,100,38.62
2021-01-07,3.922e+04,85.87,121.5,56.99,50.1,100,69.32,152,107.3,94.86,131.8,56.99,,,50.1,,100,,,99.86,38.78
2021-01-08,4.078e+04,87.35,122.6,62.47,50.05,100,69.28,157,107.6,92.19,133.8,62.47,,,50.05,,100,,,99.62,38.94
2021-01-09,4.037e+04,87.65,119.9,66.3,52.48,100,69.24,152.9,107,90.27,129.5,66.3,,,52.48,,100,,,99.39,39.1
2021-01-10,3.833e+04,86.58,114.9,69.38,52.81,99.79,69.42,141.6,105.6,92.19,120.4,69.38,,,52.81,,99.79,,,99.58,39.26
2021-01-11,3.527e+04,83.86,106.3,71.44,52.67,99.38,69.15,125.8,103.2,88.7,107.6,71.44,,,52.67,,99.38,,,98.88,39.42
2021-01-12,3.371e+04,81.01,101.5,66.1,52.81,99.18,68.46,117.6,101.9,85.27,101.1,66.1,,,52.81,,99.18,,,97.33,39.58
2021-01-13,3.73e+04,83.33,110.3,62.6,53.71,98.16,67.32,133.3,104.4,89.86,113.7,62.6,,,53.71,,98.16,,,94.9,39.74
2021-01-14,3.905e+04,83.05,113.6,56.1,53.75,97.34,67.19,140,105.3,90.27,118.8,56.1,,,53.75,,97.34,,,94.49,39.9
2021-01-15,3.671e+04,82.95,107.6,66.85,53.8,96.33,67.04,128.1,103.6,89.59,109.3,66.85,,,53.8,,96.33,,,94.02,40.06
2021-01-16,3.618e+04,80.12,105.5,56.37,54.5,95.52,67.03,124.7,103.1,87.19,106.9,56.37,,,54.5,,95.52,,,93.84,40.23
2021-01-17,3.607e+04,77.61,103.9,46.92,55.68,93.5,66.95,123.4,102.9,83.22,106.1,46.92,,,55.68,,93.5,,,93.52,40.39
2021-01-18,3.659e+04,76.88,105.5,42.67,53.93,93.1,66.74,124.8,103.1,86.85,107.2,42.67,,,53.93,,93.1,,,92.92,40.55
2021-01-19,3.625e+04,79.84,104.5,57.53,54.06,95.14,66.73,122.4,102.8,87.4,105.5,57.53,,,54.06,,95.14,,,92.74,40.71
2021-01-20,3.552e+04,78.93,101.7,58.29,53.54,95.35,66.79,118.3,102.2,83.77,102.4,58.29,,,53.54,,95.35,,,92.7,40.87
2021-01-21,3.102e+04,75.79,89.41,64.93,53.58,94.15,66.66,97.73,98.11,75.82,85.97,64.93,,,53.58,,94.15,,,92.29,41.03
2021-01-22,3.299e+04,80.31,95.13,80.68,54.01,90.74,64.64,106,99.97,81.58,92.98,80.68,,,54.01,,90.74,,,88.08,41.19
2021-01-23,3.204e+04,79.13,93.33,77.26,55.46,89.96,64.26,101.3,99.03,83.63,89.35,77.26,,,55.46,,89.96,,,87.16,41.35
2021-01-24,3.222e+04,78.02,92.62,73.49,55.41,89.58,63.83,101.7,99.18,79.73,89.9,73.49,,,55.41,,89.58,,,86.16,41.51
2021-01-25,3.242e+04,77.9,93.06,73.77,55.64,87.2,63.67,102.1,99.33,80.34,90.48,73.77,,,55.64,,87.2,,,85.66,41.67
2021-01-26,3.264e+04,74.03,94.57,60.55,54.65,77.05,63.36,102.6,99.49,85.14,91.09,60.55,,,54.65,,77.05,,,84.89,41.83
2021-01-27,3.036e+04,70.71,87.37,59.38,56.38,70.92,63.43,92.02,97.02,78.22,82.21,59.38,,,56.38,,70.92,,,84.86,42
2021-01-28,3.351e+04,75.36,95.05,69.86,58.95,67.2,62.5,105.1,99.97,82.19,92.97,69.86,,,58.95,,67.2,,,82.84,42.16
2021-01-29,3.417e+04,80.64,96.5,81.16,61.42,79.37,64.48,107.1,100.3,84.04,94.51,81.16,,,61.42,,79.37,,,86.64,42.32
2021-01-30,3.435e+04,81.42,95.87,81.85,62.49,83.56,64.63,107.3,100.4,80.96,94.8,81.85,,,62.49,,83.56,,,86.79,42.48
2021-01-31,3.316e+04,80.86,93.08,81.99,62.52,85.77,65.09,101.6,99.25,81.3,90.17,81.99,,,62.52,,85.77,,,87.53,42.64
2021-02-01,3.357e+04,81.83,91.88,87.19,63.87,86.19,65.36,102.9,99.57,73.7,91.39,87.19,,,63.87,,86.19,,,87.91,42.8
2021-02-02,3.56e+04,83.62,99.02,82.12,63.15,88.98,65.6,110.8,101.2,86.16,97.98,82.12,,,63.15,,88.98,,,88.25,42.96
2021-02-03,3.758e+04,84.33,103.2,81.3,57.22,92.93,65.67,118.3,102.6,87.47,104.4,81.3,,,57.22,,92.93,,,88.21,43.12
2021-02-04,3.713e+04,84.76,102.2,76.1,64.62,94.31,66.97,115.6,102.1,89.18,102,76.1,,,64.62,,94.31,,,90.65,43.28
2021-02-05,3.805e+04,86.11,104.2,79.52,64.84,93.74,67.17,118.4,102.5,91.71,104.1,79.52,,,64.84,,93.74,,,90.89,43.44
2021-02-06,3.934e+04,87.76,106.3,81.23,66.73,94.73,67.66,122.9,103.3,91.03,107.9,81.23,,,66.73,,94.73,,,91.72,43.6
2021-02-07,3.9e+04,86.5,104.7,75.96,67.04,96.3,68.02,120.6,102.9,89.38,106.1,75.96,,,67.04,,96.3,,,92.28,43.77
2021-02-08,4.612e+04,93.15,119.6,80.27,69.02,97.47,68.24,148.1,106.8,95.21,128.2,80.27,,,69.02,,97.47,,,92.56,43.93
2021-02-09,4.655e+04,92.15,118.2,76.37,69.05,98.83,68.9,147.7,106.5,91.92,126.5,76.37,,,69.05,,98.83,,,93.7,44.09
2021-02-10,4.508e+04,90.73,114.2,75.21,69.81,99.03,69.09,140.2,105.5,91.03,120,75.21,,,69.81,,99.03,,,93.94,44.25
2021-02-11,4.789e+04,92.72,118.3,77.47,69.84,99.42,69.43,149.8,106.7,88.97,127.7,77.47,,,69.84,,99.42,,,94.44,44.41
2021-02-12,4.753e+04,92.56,117.4,77.47,70.15,99.61,69.9,146.6,106.3,91.99,124.8,77.47,,,70.15,,99.61,,,95.22,44.57
2021-02-13,4.721e+04,93.42,117.1,78.63,73.41,100,70.37,144.2,106,94.52,123.5,78.63,,,73.41,,100,,,96,44.73
2021-02-14,4.883e+04,91.73,119.4,64.66,74.45,100,71.29,149.2,106.8,93.42,128.1,64.66,,,74.45,,100,,,97.68,44.89
2021-02-15,4.811e+04,90.25,117.2,61.71,73.82,99.42,72.16,144.8,106.1,93.77,124.1,61.71,,,73.82,,99.42,,,99.27,45.05
2021-02-16,4.914e+04,91.56,116.6,68.29,75.32,98.66,72.22,147.3,106.5,86.51,126.3,68.29,,,75.32,,98.66,,,99.23,45.21
2021-02-17,5.222e+04,94.57,122.9,69.93,77.64,98.47,72.64,157.1,107.6,92.81,134,69.93,,,77.64,,98.47,,,99.91,45.37
2021-02-18,5.165e+04,90.31,120.7,52.47,77.57,98.66,72.5,153.1,107.1,92.33,130.4,52.47,,,77.57,,98.66,,,99.46,45.53
2021-02-19,5.582e+04,92.42,127.4,51.92,77.13,98.29,72.71,165.9,108.3,96.51,139,51.92,,,77.13,,98.29,,,99.73,45.7
2021-02-20,5.586e+04,92.45,126.4,52.74,78.35,98.29,72.59,164,108.1,95.75,137.6,52.74,,,78.35,,98.29,,,99.32,45.86
2021-02-21,5.75e+04,96.92,128.2,71.92,78.74,97.91,72.17,168,108.6,95.34,141.1,71.92,,,78.74,,97.91,,,98.33,46.02
2021-02-22,5.395e+04,94.76,120.4,75.14,78.11,98.3,72.37,153.3,107,91.71,129.4,75.14,,,78.11,,98.3,,,98.56,46.18
2021-02-23,4.856e+04,91.5,108.8,80.62,77.95,96.6,72.27,132.4,104.1,86.1,112.4,80.62,,,77.95,,96.6,,,98.2,46.34
2021-02-24,4.957e+04,90.82,112,73.29,77.88,95.66,70.57,134.7,104.5,94.45,114.1,73.29,,,77.88,,95.66,,,94.64,46.5
2021-02-25,4.757e+04,90.12,107.4,77.88,79.54,93.6,70.14,126.5,103.2,92.12,107.6,77.88,,,79.54,,93.6,,,93.62,46.66
2021-02-26,4.623e+04,88.25,103.1,79.04,78.65,91.17,69.32,120.7,102.2,86.78,102.8,79.04,,,78.65,,91.17,,,91.82,46.82
2021-02-27,4.583e+04,87.61,103.4,78.22,79.95,86.49,67.99,118.8,102,90.96,101.9,78.22,,,79.95,,86.49,,,89,46.98
2021-02-28,4.536e+04,84.2,100.3,72.74,78.96,80.9,66.26,116.5,101.7,82.6,100.4,72.74,,,78.96,,80.9,,,85.38,47.14
2021-03-01,4.963e+04,84.83,108,72.19,79.98,68.04,63.75,130.2,104,86.37,111.6,72.19,,,79.98,,68.04,,,80.2,47.3
2021-03-02,4.83e+04,84.39,106.1,74.73,79.91,66.6,63.24,124.7,103.2,89.32,107.3,74.73,,,79.91,,66.6,,,79.01,47.47
2021-03-03,5.069e+04,85.9,110.5,75.14,80.93,64.43,63.44,131.9,104.3,92.4,113.4,75.14,,,80.93,,64.43,,,79.25,47.63
2021-03-04,4.847e+04,83.16,104.4,74.25,80.22,62.45,63.68,123.5,103.1,83.9,107,74.25,,,80.22,,62.45,,,79.58,47.79
2021-03-05,4.88e+04,85,106.2,80.07,80.15,62.34,64.35,123.7,103.2,90.55,107.3,80.07,,,80.15,,62.34,,,80.76,47.95
2021-03-06,4.897e+04,85.81,106.3,86.1,80.25,58.52,65.51,123.5,103.2,90.96,107.6,86.1,,,80.25,,58.52,,,82.92,48.11
2021-03-07,5.109e+04,86.82,109.5,85.89,80.54,56.93,66.78,129.7,104.3,90.82,113.1,85.89,,,80.54,,56.93,,,85.29,48.27
2021-03-08,5.209e+04,86.93,111.2,81.71,80.65,57.38,69.12,131.9,104.6,93.42,115,81.71,,,80.65,,57.38,,,89.8,48.43
2021-03-09,5.474e+04,90.02,114.4,84.59,80.31,67.03,69.36,139.4,105.7,91.16,121.4,84.59,,,80.31,,67.03,,,90.12,48.59
2021-03-10,5.612e+04,90.56,116.7,80,81.77,69.85,68.78,142.6,106.2,93.97,124.1,80,,,81.77,,69.85,,,88.8,48.75
2021-03-11,5.785e+04,92.67,117.7,80.14,81.7,81.83,68.28,146.6,106.6,90.62,127.1,80.14,,,81.7,,81.83,,,87.66,48.91
2021-03-12,5.733e+04,92.13,117.2,75.82,81.8,85.35,67.88,143.4,106.2,94.66,124.5,75.82,,,81.8,,85.35,,,86.69,49.07
2021-03-13,6.129e+04,94.89,122.7,78.15,82,87.57,67.75,154.5,107.6,94.93,133.8,78.15,,,82,,87.57,,,86.26,49.24
2021-03-14,5.991e+04,96.29,120.2,86.64,81.83,91.42,68.01,148.7,107,95.96,129.3,86.64,,,81.83,,91.42,,,86.63,49.4
2021-03-15,5.612e+04,93.98,113,86.16,82.39,93.08,67.79,135.6,105.3,92.19,118.7,86.16,,,82.39,,93.08,,,86.02,49.56
2021-03-16,5.65e+04,93.76,113.1,85.48,82.5,92.36,67.39,135.6,105.3,92.4,119,85.48,,,82.5,,92.36,,,85.06,49.72
2021-03-17,5.868e+04,94.48,115.3,85.55,82.33,91.83,67.67,141.1,106.1,90.27,123.7,85.55,,,82.33,,91.83,,,85.47,49.88
2021-03-18,5.773e+04,93.49,114.3,84.59,82.53,88.77,67.65,137.1,105.6,93.42,120.9,84.59,,,82.53,,88.77,,,85.26,50.04
2021-03-19,5.817e+04,92.64,114.3,82.74,82.09,85.9,67.83,137.4,105.7,92.53,121.6,82.74,,,82.09,,85.9,,,85.45,50.2
2021-03-20,5.825e+04,93.37,114.3,86.44,82.02,85.74,67.96,136.6,105.7,93.77,121.3,86.44,,,82.02,,85.74,,,85.55,50.36
2021-03-21,5.745e+04,89.83,112.7,74.18,82.84,81.62,67.49,133.2,105.3,93.29,118.9,74.18,,,82.84,,81.62,,,84.46,50.52
2021-03-22,5.445e+04,86.32,106.9,68.08,82.77,80.04,67.25,123.4,103.8,89.66,110.8,68.08,,,82.77,,80.04,,,83.82,50.68
2021-03-23,5.456e+04,82.48,107.1,48.7,82.87,79.89,66.94,122.7,103.7,91.85,110.1,48.7,,,82.87,,79.89,,,83.04,50.84
2021-03-24,5.26e+04,79.65,103,41.51,82.62,80.82,66.61,116.1,102.6,88.36,104.7,41.51,,,82.62,,80.82,,,82.22,51.01
2021-03-25,5.155e+04,76.17,100.9,30.89,81.57,78.35,66.09,112.3,102,87.74,101.6,30.89,,,81.57,,78.35,,,81.01,51.17
2021-03-26,5.482e+04,78.87,104.5,39.52,81.67,76.79,65.28,121,103.5,84.66,109,39.52,,,81.67,,76.79,,,79.23,51.33
2021-03-27,5.602e+04,78.12,107.7,33.08,82.93,71.48,65.08,123.7,104,91.51,111.5,33.08,,,82.93,,71.48,,,78.68,51.49
2021-03-28,5.571e+04,76.97,106.8,31.85,83.13,67.08,65.24,122,103.8,91.03,110.5,31.85,,,83.13,,67.08,,,78.83,51.65
2021-03-29,5.757e+04,76.24,108.9,28.7,82.79,61.99,65.37,126.5,104.5,90.07,114.5,28.7,,,82.79,,61.99,,,78.93,51.81
2021-03-30,5.868e+04,76.95,109.8,29.04,82.45,64.54,65.53,128.6,104.9,89.11,116.4,29.04,,,82.45,,64.54,,,79.08,51.97
2021-03-31,5.879e+04,79.48,110.2,35.34,82.37,71.68,66.21,128,104.8,91.85,116.1,35.34,,,82.37,,71.68,,,80.28,52.13
2021-04-01,5.882e+04,81.54,108.8,40.21,82.57,81.27,66.99,127,104.7,88.42,115.3,40.21,,,82.57,,81.27,,,81.69,52.29
2021-04-02,5.903e+04,82.51,108.3,43.63,80.64,86.07,68.37,126.7,104.7,86.71,115.2,43.63,,,80.64,,86.07,,,84.28,52.45
2021-04-03,5.728e+04,81.48,104.5,41.51,80.83,90.14,69.21,121.1,103.8,82.12,110.8,41.51,,,80.83,,90.14,,,85.81,52.61
2021-04-04,5.82e+04,79.67,106.9,26.85,80.76,91.92,69.28,123,104.2,87.81,112.8,26.85,,,80.76,,91.92,,,85.78,52.78
2021-04-05,5.876e+04,79.41,108.1,22.05,81.39,92.98,69.24,123.7,104.4,90.75,113.7,22.05,,,81.39,,92.98,,,85.53,52.94
2021-04-06,5.808e+04,77.47,104.9,18.01,80.79,93.52,69.56,120.4,103.7,85.82,109.8,18.01,,,80.79,,93.52,,,86.02,53.1
2021-04-07,5.627e+04,75.95,102.8,17.4,77.99,93.18,69.24,114.8,102.7,88.36,105.2,17.4,,,77.99,,93.18,,,85.21,53.26
2021-04-08,5.796e+04,75.25,103.3,14.59,78.45,90.58,69.15,118.7,103.5,82.12,108.8,14.59,,,78.45,,90.58,,,84.88,53.42
2021-04-09,5.805e+04,75.06,104.6,15.82,77.07,86.59,68.76,118.2,103.4,88.08,108.7,15.82,,,77.07,,86.59,,,83.94,53.58
2021-04-10,5.965e+04,75.77,106.9,15.89,76.47,86.78,68.61,121.6,104,90.21,111.8,15.89,,,76.47,,86.78,,,83.48,53.74
2021-04-11,5.993e+04,77.35,106.1,21.92,77.19,90.1,68.83,121.6,104.1,86.44,112.2,21.92,,,77.19,,90.1,,,83.75,53.9
2021-04-12,5.991e+04,77.44,105.4,20.48,77.91,92.89,69.28,120.7,104,85.48,111.5,20.48,,,77.91,,92.89,,,84.5,54.06
2021-04-13,6.345e+04,77.38,110.2,11.99,77.41,93.43,69.17,129,105.3,87.95,118.6,11.99,,,77.41,,93.43,,,84.12,54.22
2021-04-14,6.287e+04,78.25,107.9,17.12,79.62,94.47,69.65,126.4,104.8,84.32,116.1,17.12,,,79.62,,94.47,,,84.91,54.38
2021-04-15,6.323e+04,79.08,110.6,15.27,80.07,95.17,70.38,126.3,104.8,95.07,116,15.27,,,80.07,,95.17,,,86.22,54.55
2021-04-16,6.157e+04,76.75,102.2,16.37,80.61,96.56,70.88,121.2,104,71.85,111.9,16.37,,,80.61,,96.56,,,87.05,54.71
2021-04-17,6.028e+04,74.57,98.73,9.795,82.46,96.22,71.33,117.2,103.4,65.75,108.6,9.795,,,82.46,,96.22,,,87.79,54.87
2021-04-18,5.639e+04,73.04,95.35,8.151,82.82,95.37,71.69,106.2,101.2,75.68,98.3,8.151,,,82.82,,95.37,,,88.36,55.03
2021-04-19,5.58e+04,71.61,91.74,7.945,83.71,93.32,71.76,104.2,100.9,65,96.84,7.945,,,83.71,,93.32,,,88.33,55.19
2021-04-20,5.647e+04,72.91,95.25,10.68,83.72,90.09,71.71,105.4,101.2,76.3,98.11,10.68,,,83.72,,90.09,,,88.08,55.35
2021-04-21,5.403e+04,71.01,89.09,16.3,83.74,84.47,71.52,98.83,99.87,65.07,92.59,16.3,,,83.74,,84.47,,,87.53,55.51
2021-04-22,5.188e+04,72.05,89.06,25.89,83.75,79.22,70.71,93.03,98.56,77.05,87.58,25.89,,,83.75,,79.22,,,85.74,55.67
2021-04-23,5.095e+04,71.38,86.88,34.73,83.59,69.73,68.44,90.39,97.96,73.77,85.42,34.73,,,83.59,,69.73,,,81.05,55.83
2021-04-24,5.028e+04,69.76,86.39,34.52,83.69,61.46,66.61,88.35,97.46,76.03,83.71,34.52,,,83.69,,61.46,,,77.22,55.99
2021-04-25,4.895e+04,69.18,83.93,41.85,83.45,55.42,64.26,84.79,96.57,73.63,80.74,41.85,,,83.45,,55.42,,,72.37,56.15
2021-04-26,5.394e+04,70.17,88.95,39.66,83.9,55.41,60.18,96.72,99.58,68.08,91.43,39.66,,,83.9,,55.41,,,64.04,56.32
2021-04-27,5.503e+04,72.3,92.58,45.41,83.39,55.41,58.29,98.84,100,78.15,93.28,45.41,,,83.39,,55.41,,,60.1,56.48
2021-04-28,5.479e+04,72.4,91.99,48.63,82.54,55.4,56.58,97.82,99.86,77.74,92.53,48.63,,,82.54,,55.4,,,56.52,56.64
2021-04-29,5.357e+04,70.14,88.35,45.21,81.87,55.39,55.02,94.34,99.06,70.55,89.44,45.21,,,81.87,,55.39,,,53.23,56.8
2021-04-30,5.774e+04,73.12,95.88,50.82,80.24,52.61,54.56,103.9,101.2,80.55,97.92,50.82,,,80.24,,52.61,,,52.17,56.96
2021-05-01,5.786e+04,73.81,95.32,51.99,81.64,52.35,58.66,103.7,101.2,78.42,97.98,51.99,,,81.64,,52.35,,,60.2,57.12
2021-05-02,5.657e+04,74.87,96.61,52.05,80.88,55.11,62.02,100.2,100.5,90.82,94.99,52.05,,,80.88,,55.11,,,66.77,57.28
2021-05-03,5.724e+04,72.65,96.8,47.4,82.27,42.33,64.87,101.3,100.7,89.04,96.13,47.4,,,82.27,,63.55,,21.11,72.31,57.44
2021-05-04,5.372e+04,73.34,91.63,55.75,84.01,44.7,66.17,92.45,98.76,86.99,88.32,55.75,,,84.01,,69.62,,19.78,74.75,57.6
2021-05-05,5.734e+04,75.03,94.96,58.36,81.79,48.08,65.52,100.6,100.6,82.81,95.77,58.36,,,81.79,,73.33,,22.83,73.29,57.76
2021-05-06,5.653e+04,74.89,94.27,56.37,81.2,51.6,66.4,98.1,100.1,85.48,93.41,56.37,,,81.2,,79.53,,23.66,74.87,57.92
2021-05-07,5.734e+04,76.29,95.25,63.42,78.56,52.32,67.08,99.4,100.3,86.85,94.41,63.42,,,78.56,,81.23,,23.4,76.08,58.09
2021-05-08,5.874e+04,78.87,97.04,71.37,78.49,54.87,67.07,102.2,101,87.74,97.19,71.37,,,78.49,,83.42,,26.32,75.89,58.25
2021-05-09,5.829e+04,78.84,97.02,71.3,76.03,57.76,67.47,100.7,100.7,90.75,95.94,71.3,,,76.03,,84.27,,31.25,76.54,58.41
2021-05-10,5.59e+04,77.94,92.98,71.92,76.65,59.2,68.07,94.72,99.39,87.12,90.69,71.92,,,76.65,,86.45,,31.96,77.57,58.57
2021-05-11,5.661e+04,75.84,93.01,61.85,75.64,60.09,67.76,95.99,99.72,84.32,92,61.85,,,75.64,,85.48,,34.69,76.79,58.73
2021-05-12,5.097e+04,75.69,84.37,78.49,75.83,56.14,68.73,82.51,96.29,78.84,79.84,78.49,,,75.83,,85.01,,27.27,78.58,58.89
2021-05-13,4.937e+04,74.45,81.3,81.51,75.26,52.88,67.12,78.58,95.18,75,76.42,81.51,,,75.26,,80.76,,25,75.19,59.05
2021-05-14,5e+04,72.34,80.21,77.95,72.38,51.53,64.73,79.84,95.61,67.67,77.72,77.95,,,72.38,,80.3,,22.77,70.25,59.21
2021-05-15,4.705e+04,70.35,74.98,82.19,72.32,47.35,61.05,72.86,93.45,62.12,71.49,82.19,,,72.32,,78.03,,16.67,62.72,59.37
2021-05-16,4.602e+04,69.37,74.09,85,72.26,43.23,55,70.37,92.65,63.97,69.35,85,,,72.26,,75.78,,10.68,50.46,59.53
2021-05-17,4.349e+04,68.28,69.43,94.32,71.94,39.48,48.06,64.55,90.57,58.36,64.23,94.32,,,71.94,,72.22,,6.731,36.42,59.69
2021-05-18,4.279e+04,66.13,65.24,94.79,71.71,37.63,43.52,62.89,89.97,45.27,62.84,94.79,,,71.71,,71.45,,3.81,27.18,59.86
2021-05-19,3.764e+04,63.44,60.18,97.4,70.12,33.24,38.82,51.33,84.78,52.19,52.44,97.4,,,70.12,,62.7,,3.774,17.62,60.02
2021-05-20,4.08e+04,63.79,64.09,97.53,67.18,31.61,36.71,58.6,88.4,49.93,59.42,97.53,,,67.18,,62.28,,0.9346,13.25,60.18
2021-05-21,3.717e+04,60.18,57.29,96.1,64.58,29.52,35.66,50.36,84.43,42.53,51.82,96.1,,,64.58,,58.12,,0.9259,10.99,60.34
2021-05-22,3.764e+04,60.69,58.99,95.41,66.98,27.61,34.21,51.46,85.09,46.44,52.98,95.41,,,66.98,,54.29,,0.9174,7.93,60.5
2021-05-23,3.477e+04,58.31,54,94.32,67.85,24,33.75,44.92,81.42,42.81,46.87,94.32,,,67.85,,47.09,,0.9091,6.839,60.66
2021-05-24,3.863e+04,58.91,62.22,93.9,68.05,9.74,32.76,53.54,86.18,54.18,55,93.9,,,68.05,,18.58,,0.9009,4.708,60.82
2021-05-25,3.827e+04,58.26,61.13,94.04,68.75,6.737,32.91,52.73,85.83,51.64,54.34,94.04,,,68.75,,12.58,,0.8929,4.829,60.98
2021-05-26,3.919e+04,59.25,62.6,94.66,67.76,10.43,32.94,54.74,86.85,52.53,56.29,94.66,,,67.76,,19.97,,0.885,4.742,61.14
2021-05-27,3.851e+04,58.77,60.52,93.63,69.39,10.45,34.14,53.18,86.13,47.88,54.9,93.63,,,69.39,,20.02,,0.8772,6.983,61.3
2021-05-28,3.56e+04,57.16,55.28,93.97,69.17,11.59,34.43,46.61,82.61,43.15,48.75,93.97,,,69.17,,22.31,,0.8696,7.392,61.46
2021-05-29,3.468e+04,57.33,53.4,94.79,71.21,12.85,35.15,44.54,81.4,40.82,46.84,94.79,,,71.21,,24.84,,0.8621,8.672,61.63
2021-05-30,3.565e+04,58.21,58.77,93.42,66.78,14.19,34.73,46.66,82.69,56.85,48.87,93.42,,,66.78,,27.52,,0.8547,7.67,61.79
2021-05-31,3.731e+04,60.11,61.34,93.77,63.28,24.25,35.99,50.36,84.8,57.74,52.46,93.77,,,63.28,,46.81,,1.695,10.02,61.95
2021-06-01,3.666e+04,59.78,60.25,93.42,63.64,24.71,35.77,48.8,83.95,57.26,50.98,93.42,,,63.64,,46.89,,2.521,9.437,62.11
2021-06-02,3.764e+04,61.42,63.43,94.45,64.77,25.11,36.08,50.98,85.17,64.45,53.13,94.45,,,64.77,,46.89,,3.333,9.884,62.27
2021-06-03,3.916e+04,61.36,64.72,92.67,64.04,25.4,35.59,54.28,86.86,61.44,56.3,92.67,,,64.04,,46.66,,4.132,8.76,62.43
2021-06-04,3.688e+04,59.63,59.22,91.99,64.41,26.43,36.62,49.17,84.25,51.99,51.49,91.99,,,64.41,,47.94,,4.918,10.65,62.59
2021-06-05,3.541e+04,58.94,56.29,94.45,63.93,25.56,37.3,45.85,82.37,48.56,48.36,94.45,,,63.93,,47.86,,3.252,11.84,62.75
2021-06-06,3.572e+04,59.49,59.11,92.33,64.3,24.34,38.3,46.54,82.81,58.01,49.07,92.33,,,64.3,,47.86,,0.8065,13.69,62.91
2021-06-07,3.372e+04,56.44,53.16,86.85,65.16,24.33,37.84,42.11,80.1,45.55,44.88,86.85,,,65.16,,47.87,,0.8,12.6,63.07
2021-06-08,3.348e+04,56.73,54.96,88.36,62.6,23.82,37.28,41.63,79.85,53.84,44.53,88.36,,,62.6,,46.85,,0.7937,11.32,63.23
2021-06-09,3.737e+04,56.85,59.23,88.77,62.89,14.57,36.08,50.21,84.99,48.9,52.81,88.77,,,62.89,,28.35,,0.7874,8.758,63.4
2021-06-10,3.683e+04,56.13,57.02,90.48,62.42,13.52,35.7,48.97,84.35,43.08,51.68,90.48,,,62.42,,25.47,,1.562,7.847,63.56
2021-06-11,3.719e+04,55.25,56.33,88.01,62.11,13.17,35.31,49.7,84.78,38.42,52.42,88.01,,,62.11,,23.23,,3.101,6.897,63.72
2021-06-12,3.567e+04,54.57,56.79,84.73,61.73,12.19,35.73,46.3,82.87,48.84,49.17,84.73,,,61.73,,20.53,,3.846,7.588,63.88
2021-06-13,3.893e+04,57.09,62.98,87.4,60.85,11.51,36.73,53.47,86.79,55.48,56.18,87.4,,,60.85,,17.68,,5.344,9.426,64.04
2021-06-14,4.046e+04,58.54,65.78,87.6,60.55,13.65,38.37,56.72,88.35,58.7,59.33,87.6,,,60.55,,15.94,,11.36,12.53,64.2
2021-06-15,4.025e+04,56.78,64.95,76.51,60.5,16.48,41.75,56.17,88.11,56.71,58.82,76.51,,,60.5,,17.16,,15.79,19.15,64.36
2021-06-16,3.827e+04,52.66,60.05,61.78,60.2,19.05,43.87,51.72,85.93,48.01,54.53,61.78,,,60.2,,22.43,,15.67,23.22,64.52
2021-06-17,3.802e+04,53.98,60.73,67.12,59.15,20.06,44.6,51.16,85.69,51.99,54.09,67.12,,,59.15,,24.57,,15.56,24.51,64.68
2021-06-18,3.571e+04,50.3,55.33,58.63,59.02,19.25,45.2,46.07,82.87,43.22,49.16,58.63,,,59.02,,24.53,,13.97,25.55,64.84
2021-06-19,3.556e+04,48.48,52.85,56.99,58.23,16.47,44.66,45.69,82.67,34.18,48.84,56.99,,,58.23,,24.19,,8.759,24.31,65
2021-06-20,3.56e+04,49.85,53.2,65,58.18,14.3,44.48,45.76,82.73,35.34,48.95,65,,,58.18,,23.53,,5.072,23.8,65.16
2021-06-21,3.172e+04,45.31,45.68,57.81,58.13,11.77,43.68,37.3,77.09,27.6,40.73,57.81,,,58.13,,19.94,,3.597,22.03,65.33
2021-06-22,3.239e+04,45.03,44.88,62.12,58.25,7.687,40.92,38.81,78.25,20.21,42.27,62.12,,,58.25,,14.66,,0.7143,16.35,65.49
2021-06-23,3.361e+04,46.01,48.9,61.99,58.45,6.349,38.54,41.47,80.13,29.04,44.93,61.99,,,58.45,,9.861,,2.837,11.42,65.65
2021-06-24,3.466e+04,46.17,51.57,60.27,58.4,3.814,38.16,43.74,81.64,33.7,47.2,60.27,,,58.4,,6.923,,0.7042,10.52,65.81
2021-06-25,3.168e+04,43.63,46.85,56.99,56.95,3.959,38.48,37.59,77.59,30.82,41.39,56.99,,,56.95,,7.22,,0.6993,11,65.97
2021-06-26,3.189e+04,42.78,43.87,58.15,56.74,4.186,38.17,38.06,77.98,17.53,41.91,58.15,,,56.74,,6.288,,2.083,10.22,66.13
2021-06-27,3.451e+04,42.41,44.41,55.34,56.45,4.405,38.45,43.74,81.9,4.384,47.61,55.34,,,56.45,,2.603,,6.207,10.62,66.29
2021-06-28,3.438e+04,43.43,48.41,51.64,57.22,5.562,38.81,43.43,81.72,21.16,47.33,51.64,,,57.22,,2.905,,8.219,11.17,66.45
2021-06-29,3.593e+04,44.98,51.77,51.92,56.36,7.392,40.99,46.8,83.82,25.68,50.76,51.92,,,56.36,,4.58,,10.2,15.37,66.61
2021-06-30,3.507e+04,42.95,49.74,45.68,54.51,8.127,42.83,44.88,82.69,22.53,48.87,45.68,,,54.51,,7.47,,8.784,18.88,66.77
2021-07-01,3.351e+04,41.53,48.22,39.66,54.79,9.461,43.44,41.49,80.53,25.34,45.52,39.66,,,54.79,,10.2,,8.725,19.95,66.93
2021-07-02,3.378e+04,40.34,47.72,40.68,49.59,8.559,42.99,42.18,81.07,21.3,46.32,40.68,,,49.59,,9.119,,8,18.89,67.1
2021-07-03,3.459e+04,43.67,54.32,44.66,49.63,9.664,43.49,43.9,82.2,43.08,48.09,44.66,,,49.63,,11.38,,7.947,19.72,67.26
2021-07-04,3.536e+04,44.08,54.53,43.29,49.1,14.1,44.04,45.53,83.23,39.59,49.77,43.29,,,49.1,,20.3,,7.895,20.67,67.42
2021-07-05,3.391e+04,43.25,53.54,43.97,45.96,13.73,44.66,42.36,81.24,43.97,46.59,43.97,,,45.96,,20.27,,7.19,21.74,67.58
2021-07-06,3.412e+04,43.74,55.19,45.55,46.25,11.05,44.09,42.81,81.56,49.32,47.08,45.55,,,46.25,,14.95,,7.143,20.43,67.74
2021-07-07,3.393e+04,45.51,52.66,59.79,46.13,9.862,44.18,42.36,81.28,40.34,46.65,59.79,,,46.13,,13.27,,6.452,20.46,67.9
2021-07-08,3.282e+04,41.94,52.12,46.16,45.03,7.422,43.45,39.96,79.67,44.59,44.26,46.16,,,45.03,,8.434,,6.41,18.84,68.06
2021-07-09,3.391e+04,42.49,53.37,47.33,45.16,6.528,43.4,42.3,81.29,43.22,46.66,47.33,,,45.16,,5.414,,7.643,18.58,68.22
2021-07-10,3.361e+04,42.45,56.48,41.92,44.8,7.085,42.77,41.62,80.85,57.47,46,41.92,,,44.8,,7.207,,6.962,17.16,68.38
2021-07-11,3.426e+04,39.49,53.27,32.33,43.79,9.394,42.1,42.99,81.78,40.89,47.42,32.33,,,43.79,,8.096,,10.69,15.67,68.54
2021-07-12,3.314e+04,38.68,51.42,30.68,43.83,10.82,41.58,40.51,80.12,40.14,44.91,30.68,,,43.83,,9.132,,12.5,14.45,68.7
2021-07-13,3.264e+04,37.21,51.31,25.89,39.98,12.73,41.67,39.45,79.4,42.53,43.87,25.89,,,39.98,,12.41,,13.04,14.48,68.87
2021-07-14,3.28e+04,37.29,55.74,20.62,38.98,11.91,40.75,39.8,79.67,59.25,44.26,20.62,,,38.98,,12.09,,11.73,12.47,69.03
2021-07-15,3.171e+04,38.92,48.96,41.1,37,13.88,40.84,37.47,78,38.42,41.93,41.1,,,37,,15.5,,12.27,12.5,69.19
2021-07-16,3.146e+04,36.58,50.44,29.32,33.58,14.92,41.12,36.95,77.63,45.75,41.44,29.32,,,33.58,,20.68,,9.146,12.89,69.35
2021-07-17,3.155e+04,39.77,49.81,50.62,29.75,14.64,40.7,36.96,77.57,43.36,41.37,50.62,,,29.75,,20.8,,8.485,11.88,69.51
2021-07-18,3.171e+04,38.18,50.24,51.03,22.13,12.64,40.65,37.31,77.86,44.04,41.74,51.03,,,22.13,,21.07,,4.217,11.63,69.67
2021-07-19,3.088e+04,39.25,51.7,55.75,22.28,9.941,40.61,35.54,76.5,54.79,39.97,55.75,,,22.28,,16.89,,2.994,11.39,69.83
2021-07-20,2.977e+04,34.85,44.12,52.67,19.68,5.921,40.51,33.14,74.5,31.3,37.52,52.67,,,19.68,,10.65,,1.19,11.02,69.99
2021-07-21,3.212e+04,36.22,51.06,50.96,19.18,2.955,38.77,38.17,78.57,44.79,42.71,50.96,,,19.18,,4.727,,1.183,7.393,70.15
2021-07-22,3.231e+04,36.37,52.41,49.52,19.08,2.727,38.97,38.53,78.84,49.18,43.08,49.52,,,19.08,,4.277,,1.176,7.625,70.31
2021-07-23,3.344e+04,36.65,52.51,50.55,18.91,3.082,39.21,41.03,80.68,42.6,45.73,50.55,,,18.91,,3.24,,2.924,7.937,70.47
2021-07-24,3.417e+04,38.52,56.46,51.1,19.45,3.866,40.65,42.55,81.72,54.25,47.33,51.1,,,19.45,,2.5,,5.233,10.67,70.64
2021-07-25,3.512e+04,39.13,58.19,50.82,18.71,4.423,41.94,44.56,83.02,55.75,49.42,50.82,,,18.71,,1.909,,6.936,13.07,70.8
2021-07-26,3.744e+04,41.31,62.03,54.25,18.7,5.263,42.25,49.32,85.75,58.84,54.2,54.25,,,18.7,,1.906,,8.621,13.54,70.96
2021-07-27,3.913e+04,43.75,65.9,55.89,18.6,8.959,44.44,52.56,87.35,66.44,57.27,55.89,,,18.6,,2.489,,15.43,17.76,71.12
2021-07-28,3.994e+04,41.11,66.24,36.44,18.03,13.87,49.57,54.05,88.02,64.25,58.64,36.44,,,18.03,,6.14,,21.59,27.87,71.28
2021-07-29,4.009e+04,38.48,66.16,19.93,18.17,16.38,52.51,53.81,87.68,65.21,57.94,19.93,,,18.17,,8.467,,24.29,33.57,71.44
2021-07-30,4.179e+04,40.78,69.02,23.97,17.36,18.45,55.85,57.3,89.34,68.01,61.44,23.97,,,17.36,,10.5,,26.4,40.09,71.6
2021-07-31,4.179e+04,43.05,68.44,31.23,17.35,21.56,61.51,57.22,89.32,65.82,61.4,31.23,,,17.35,,16.3,,26.82,51.26,71.76
2021-08-01,3.997e+04,43.73,65.29,34.66,16.37,27.06,66.1,53.29,87.46,62.95,57.49,34.66,,,16.37,,26.89,,27.22,60.28,71.92
2021-08-02,3.93e+04,43.37,63.04,33.84,16.12,30.14,67.97,51.81,86.72,57.6,56.03,33.84,,,16.12,,32.66,,27.62,63.86,72.08
2021-08-03,3.829e+04,44.64,63.6,38.22,15.23,31.39,69.82,49.63,85.59,65.27,53.89,38.22,,,15.23,,34.2,,28.57,67.39,72.24
2021-08-04,3.977e+04,41.32,62.76,22.88,15.22,32.21,69.06,52.7,87.22,54.11,57.01,22.88,,,15.22,,35.46,,28.96,65.72,72.41
2021-08-05,4.094e+04,43.95,67.11,27.81,15.21,32.95,69.14,55.07,88.4,65.55,59.43,27.81,,,15.21,,36.56,,29.35,65.71,72.57
2021-08-06,4.279e+04,47.73,69.74,40.89,15.27,34.56,69.06,58.83,90.14,66.78,63.22,40.89,,,15.27,,39.39,,29.73,65.38,72.73
2021-08-07,4.448e+04,50.69,72.78,49.66,15.26,34.79,70.17,62.28,91.62,70.48,66.74,49.66,,,15.26,,39.48,,30.11,67.45,72.89
2021-08-08,4.397e+04,50.43,71.32,50.27,15.17,34.99,71.28,61.09,91.14,67.47,65.58,50.27,,,15.17,,39.5,,30.48,69.51,73.05
2021-08-09,4.627e+04,50.97,74.21,46.64,15.16,35.61,72.94,65.71,92.97,67.95,70.2,46.64,,,15.16,,39.3,,31.91,72.67,73.21
2021-08-10,4.549e+04,52.12,73.82,51.44,15.15,36.73,74.62,63.92,92.28,70.68,68.39,51.44,,,15.15,,39.6,,33.86,75.86,73.37
2021-08-11,4.568e+04,50.86,72.77,43.56,15.13,40.39,75.98,64.17,92.39,65.82,68.68,43.56,,,15.13,,46.56,,34.21,78.42,73.53
2021-08-12,4.441e+04,51.57,71.05,49.11,15.28,40.82,76.96,61.4,91.28,65.62,65.91,49.11,,,15.28,,46.57,,35.08,80.23,73.69
2021-08-13,4.772e+04,53.21,75.18,48.97,15.19,41.78,78.01,68.13,93.9,65.96,72.72,48.97,,,15.19,,46.57,,36.98,82.16,73.85
2021-08-14,4.712e+04,54.11,75.73,51.85,15.1,42.46,78.47,66.7,93.36,71.64,71.23,51.85,,,15.1,,46.58,,38.34,82.92,74.01
2021-08-15,4.707e+04,54.88,76.56,53.97,15.32,42.62,78.34,66.47,93.3,75.41,71.07,53.97,,,15.32,,46.58,,38.66,82.5,74.18
2021-08-16,4.598e+04,50.96,73.67,37.33,15.07,45.33,78.93,64.07,92.39,69.52,68.68,37.33,,,15.07,,52.2,,38.46,83.53,74.34
2021-08-17,4.471e+04,47.83,72.44,23.56,15.14,45.49,79.08,61.34,91.3,71.16,65.96,23.56,,,15.14,,52.2,,38.78,83.66,74.5
2021-08-18,4.495e+04,46.52,69.77,21.16,15.45,45.64,79.36,61.7,91.46,59.59,66.34,21.16,,,15.45,,52.2,,39.09,84.06,74.66
2021-08-19,4.665e+04,48.29,73.83,22.53,14.88,46.8,79.43,65.04,92.8,67.74,69.75,22.53,,,14.88,,52.2,,41.41,84.03,74.82
2021-08-20,4.924e+04,49.11,77.93,19.45,14.79,46.91,79.49,70.19,94.68,71.92,74.94,19.45,,,14.79,,52.62,,41.21,84.01,74.98
2021-08-21,4.907e+04,49.55,78.14,21.03,14.54,47.44,79.75,69.67,94.52,73.9,74.46,21.03,,,14.54,,54.38,,40.5,84.37,75.14
2021-08-22,4.936e+04,49.65,78.18,20.34,14.38,48.68,80.42,70.12,94.69,72.95,74.97,20.34,,,14.38,,54.58,,42.79,85.54,75.3
2021-08-23,4.959e+04,52.52,79.94,28.77,14.6,51.61,81.26,70.36,94.77,79.45,75.18,28.77,,,14.6,,58.17,,45.05,87.06,75.46
2021-08-24,4.793e+04,51.89,75.08,33.29,14.27,52.86,81.72,66.83,93.52,68.29,71.67,33.29,,,14.27,,61.88,,43.84,87.81,75.62
2021-08-25,4.9e+04,48.28,76.82,10.96,14.34,54.4,81.78,68.72,94.15,70.96,73.43,10.96,,,14.34,,63.2,,45.59,87.78,75.78
2021-08-26,4.719e+04,48.62,72.94,20.75,14.25,52.5,82.2,64.87,92.71,64.66,69.52,20.75,,,14.25,,63.53,,41.46,88.45,75.95
2021-08-27,4.905e+04,53.96,75.54,42.88,14.24,52.46,82.32,68.5,94.09,66.3,73.26,42.88,,,14.24,,63.17,,41.75,88.53,76.11
2021-08-28,4.885e+04,57.09,74.75,58.56,14.39,54.01,82.39,67.97,93.92,64.32,72.78,58.56,,,14.39,,64.06,,43.96,88.5,76.27
2021-08-29,4.895e+04,57.54,76.06,60.14,14.69,51.62,82.12,68.04,93.97,69.32,72.92,60.14,,,14.69,,63.83,,39.42,87.82,76.43
2021-08-30,4.713e+04,55.93,71.45,62.33,14.21,49.58,81.75,64.22,92.55,59.93,69.1,62.33,,,14.21,,61.37,,37.8,86.9,76.59
2021-08-31,4.722e+04,55.57,72.37,57.67,14.2,51.53,81.41,64.28,92.59,63.42,69.19,57.67,,,14.2,,62.12,,40.95,86.07,76.75
2021-09-01,4.869e+04,56.35,73.79,56.03,14.26,55.61,81.22,67.07,93.65,62.4,72.03,56.03,,,14.26,,66.2,,45.02,85.54,76.91
2021-09-02,4.937e+04,56.03,75.72,47.88,14.17,60.03,81.1,68.27,94.09,67.26,73.25,47.88,,,14.17,,71.94,,48.11,85.13,77.07
2021-09-03,4.986e+04,56.62,76.22,47.95,14.4,62.04,81.65,69.09,94.4,67.26,74.13,47.95,,,14.4,,75.73,,48.36,86.06,77.23
2021-09-04,4.992e+04,55.06,76.75,39.25,14.39,62.62,80.77,69.06,94.41,69.38,74.14,39.25,,,14.39,,76.18,,49.07,84.15,77.39
2021-09-05,5.175e+04,55.14,79.99,33.7,14.3,62.95,81.03,72.56,95.64,73.97,77.79,33.7,,,14.3,,76.14,,49.77,84.51,77.55
2021-09-06,5.264e+04,54.41,81.41,26.3,14.75,63.35,82,74.14,96.16,75.89,79.43,26.3,,,14.75,,76.24,,50.46,86.28,77.72
2021-09-07,4.685e+04,49.82,71.85,20.34,15.05,62.31,82.43,62.55,92.01,65.14,67.72,20.34,,,15.05,,73.93,,50.69,86.98,77.88
2021-09-08,4.619e+04,48.58,69.75,21.37,15.12,59.21,79.93,61.14,91.45,60.07,66.34,21.37,,,15.12,,68.87,,49.54,81.83,78.04
2021-09-09,4.645e+04,46.89,69.46,16.58,15.26,55.93,78.24,61.5,91.6,58.01,66.71,16.58,,,15.26,,63,,48.86,78.29,78.2
2021-09-10,4.477e+04,43.41,66.44,7.603,15.4,52.35,77.07,58.1,90.17,54.18,63.29,7.603,,,15.4,,57.42,,47.27,75.78,78.36
2021-09-11,4.51e+04,43.35,68.51,7.123,15.16,49.62,74.7,58.69,90.45,60.96,63.95,7.123,,,15.16,,53.09,,46.15,70.88,78.52
2021-09-12,4.618e+04,42.52,70,6.712,15.3,43.43,71,60.73,91.36,61.78,66.11,6.712,,,15.3,,53.08,,33.78,63.31,78.68
2021-09-13,4.499e+04,40.9,69.15,6.37,15.44,37.05,67.74,58.32,90.34,64.25,63.7,6.37,,,15.44,,52.12,,21.97,56.63,78.84
2021-09-14,4.702e+04,41.19,72.89,6.37,15.2,34.75,61.51,62.19,92,69.66,67.69,6.37,,,15.2,,49.86,,19.64,44.02,79
2021-09-15,4.817e+04,40.58,72.16,4.315,15.65,34.3,61.86,64.26,92.81,61.78,69.77,4.315,,,15.65,,49.93,,18.67,44.56,79.16
2021-09-16,4.78e+04,40.03,70.78,3.425,15.49,34.7,62.74,63.4,92.49,58.29,68.93,3.425,,,15.49,,49.93,,19.47,46.16,79.32
2021-09-17,4.721e+04,39.82,71.06,2.466,15.55,33.51,63.22,62.15,92,62.4,67.68,2.466,,,15.55,,44.56,,22.47,46.96,79.49
2021-09-18,4.82e+04,40.8,73.22,2.74,15.69,32.59,65.96,63.98,92.76,66.51,69.63,2.74,,,15.69,,44.57,,20.61,52.28,79.65
2021-09-19,4.722e+04,40.82,72.09,3.836,15.37,32.55,68.68,61.96,91.96,66.85,67.6,3.836,,,15.37,,44.57,,20.52,57.55,79.81
2021-09-20,4.286e+04,38.71,65.82,3.562,15.82,32.29,69.51,53.45,88.16,62.74,58.93,3.562,,,15.82,,44.58,,20,59.06,79.97
2021-09-21,4.053e+04,36.08,56.96,5.137,14.81,34.85,69.21,48.92,85.83,38.77,54.33,5.137,,,14.81,,44.59,,25.11,58.3,80.13
2021-09-22,4.358e+04,37.08,62.88,2.26,14.65,34.15,65.71,54.78,88.88,47.4,60.45,2.26,,,14.65,,44.59,,23.71,51.14,80.29
2021-09-23,4.486e+04,37.36,68.86,1.986,15.1,24.12,62.24,57.2,90.03,65.21,62.99,1.986,,,15.1,,37.52,,10.73,44.02,80.45
2021-09-24,4.28e+04,35.33,63.67,6.507,15.39,18.02,59.62,53.16,88.13,54.52,58.86,6.507,,,15.39,,30.05,,5.983,38.62,80.61
2021-09-25,4.274e+04,34.13,62.8,1.781,15.68,19.34,57.61,52.98,88.06,51.44,58.72,1.781,,,15.68,,29.74,,8.936,34.44,80.77
2021-09-26,4.313e+04,34.45,62.44,3.219,16.28,21.38,54.84,53.42,88.16,49.25,58.93,3.219,,,16.28,,28.36,,14.41,28.75,80.93
2021-09-27,4.25e+04,34.83,63.64,2.466,16.65,23.48,52.12,52.14,87.53,57.26,57.64,2.466,,,16.65,,28.39,,18.57,23.15,81.09
2021-09-28,4.122e+04,33,60.91,1.712,16.34,19.14,52.01,49.65,86.25,52.6,55.12,1.712,,,16.34,,26.94,,11.34,22.76,81.26
2021-09-29,4.145e+04,32.39,58.38,1.37,15.71,21.92,52.55,50.06,86.49,41.37,55.59,1.37,,,15.71,,25.44,,18.41,23.68,81.42
2021-09-30,4.378e+04,36.7,67.15,2.192,16.69,28.18,51.94,54.46,88.76,65.21,60.19,2.192,,,16.69,,25.94,,30.42,22.31,81.58
2021-10-01,4.808e+04,37.8,70.51,1.918,15.46,30.19,51.21,62.57,92.35,58.56,68.57,1.918,,,15.46,,28.44,,31.95,20.68,81.74
2021-10-02,4.779e+04,39.91,74.11,4.178,15.6,30.34,54.62,61.88,92.06,74.66,67.84,4.178,,,15.6,,27.2,,33.47,27.35,81.9
2021-10-03,4.82e+04,40.39,71.62,7.055,16.5,32.95,56.66,62.56,92.36,62.95,68.6,7.055,,,16.5,,29.69,,36.21,31.27,82.06
2021-10-04,4.929e+04,41.65,73.66,7.671,15.96,34.33,59.92,64.48,93.12,66.44,70.59,7.671,,,15.96,,29.72,,38.93,37.62,82.22
2021-10-05,5.156e+04,43.47,77.38,7.466,15.41,35.5,64.82,68.62,94.64,71.44,74.83,7.466,,,15.41,,28.55,,42.45,47.26,82.38
2021-10-06,5.542e+04,45.52,79.22,8.151,16.01,39.24,70.77,75.59,96.88,62.67,81.73,8.151,,,16.01,,30.5,,47.97,58.99,82.54
2021-10-07,5.381e+04,46.33,77.8,8.904,15.77,43.92,75.84,72.24,95.76,65,78.18,8.904,,,15.77,,36.82,,51.01,68.97,82.7
2021-10-08,5.393e+04,47.32,74.88,9.384,16.29,53.78,79.11,72.3,95.79,53.15,78.26,9.384,,,16.29,,55.95,,51.61,75.36,82.86
2021-10-09,5.501e+04,49.49,80.14,9.452,16.43,55.04,80.13,74.17,96.42,69.73,80.24,9.452,,,16.43,,57.46,,52.61,77.24,83.02
2021-10-10,5.47e+04,53.01,80.37,24.45,17.17,56.15,81.29,73.39,96.18,72.47,79.47,24.45,,,17.17,,59.1,,53.2,79.39,83.19
2021-10-11,5.729e+04,54.18,82.54,25.96,16.7,56.87,82.25,78.04,97.62,70.27,84.24,25.96,,,16.7,,59.16,,54.58,81.16,83.35
2021-10-12,5.62e+04,54.89,79.64,32.53,17.52,57.25,84.13,75.71,96.89,64.18,81.79,32.53,,,17.52,,59.74,,54.76,84.75,83.51
2021-10-13,5.735e+04,56.44,84.03,32.19,17.43,57.69,84.49,77.63,97.48,77.26,83.75,32.19,,,17.43,,59.66,,55.73,85.32,83.67
2021-10-14,5.738e+04,54.92,81.1,31.64,15.91,57.68,83.69,77.43,97.4,66.1,83.49,31.64,,,15.91,,59.06,,56.3,83.54,83.83
2021-10-15,6.145e+04,58.97,86.6,41.23,17.63,56.94,83.46,84.67,99.4,71.58,90.76,41.23,,,17.63,,56.62,,57.25,82.92,83.99
2021-10-16,6.093e+04,60.69,84.98,49.25,17.62,61.04,84.19,83.43,99.08,67.88,89.53,49.25,,,17.62,,64.66,,57.42,84.24,84.15
2021-10-17,6.146e+04,62.12,87.85,49.52,16.93,63.5,85.53,84.18,99.31,77.53,90.39,49.52,,,16.93,,68.63,,58.37,86.74,84.31
2021-10-18,6.198e+04,62.39,87.19,50.82,17.22,64.38,86.09,84.65,99.34,74.25,90.52,50.82,,,17.22,,70.23,,58.53,87.71,84.47
2021-10-19,6.429e+04,63.12,90.27,49.52,16.53,64.8,85.92,88.55,100.3,77.81,94.38,49.52,,,16.53,,70.53,,59.07,87.2,84.63
2021-10-20,6.606e+04,62.87,91.62,44.86,15.39,66.91,87.12,91.34,100.9,77.26,96.95,44.86,,,15.39,,73.83,,60,89.44,84.79
2021-10-21,6.237e+04,61.44,86.78,41.85,16.73,70.38,87.96,84.18,99.1,74.25,89.6,41.85,,,16.73,,79.84,,60.92,90.96,84.96
2021-10-22,6.075e+04,60.29,85.34,39.45,15.29,70.99,88.27,80.98,98.24,75.68,86.44,39.45,,,15.29,,80.91,,61.07,91.41,85.12
2021-10-23,6.125e+04,60.51,84.75,41.58,15.96,70.23,88.07,81.68,98.48,71.58,87.28,41.58,,,15.96,,78.86,,61.6,90.87,85.28
2021-10-24,6.087e+04,58.93,84.86,34.45,15.27,69.99,87.84,80.71,98.2,74.25,86.28,34.45,,,15.27,,78.24,,61.74,90.24,85.44
2021-10-25,6.303e+04,58.7,89.03,25,15.78,70.84,87.61,84.31,99.16,82.81,89.82,25,,,15.78,,79.04,,62.64,89.62,85.6
2021-10-26,6.039e+04,55.66,83.41,18.97,14.87,72.8,87.77,79.27,97.77,71.85,84.75,18.97,,,14.87,,82.82,,62.78,89.78,85.76
2021-10-27,5.856e+04,55.43,81.62,21.78,14.86,72.32,86.86,75.79,96.76,72.6,81.34,21.78,,,14.86,,82.84,,61.8,87.79,85.92
2021-10-28,6.056e+04,56.95,83.66,28.7,15.3,69.26,84.81,79.17,97.78,72.88,84.79,28.7,,,15.3,,77.71,,60.82,83.53,86.08
2021-10-29,6.223e+04,57.87,86.78,28.22,15.06,69.39,84.27,81.91,98.55,79.11,87.57,28.22,,,15.06,,76.71,,62.08,82.29,86.24
2021-10-30,6.174e+04,57.47,85.06,26.1,17.81,69.99,84.22,80.82,98.27,74.59,86.55,26.1,,,17.81,,77.38,,62.59,82.05,86.4
2021-10-31,6.143e+04,54.7,82.73,15.21,18.54,70.33,84.42,79.9,97.97,67.6,85.46,15.21,,,18.54,,77.92,,62.73,82.28,86.56
2021-11-01,6.109e+04,55.08,82.98,17.26,17.93,70.14,84.75,79.04,97.71,70.62,84.57,17.26,,,17.93,,79.62,,60.66,82.77,86.73
2021-11-02,6.302e+04,56.14,86.03,16.58,19.03,69.79,84.39,82.08,98.51,76.1,87.41,16.58,,,19.03,,76.57,,63,81.9,86.89
2021-11-03,6.296e+04,56.59,85.96,16.44,19.61,72.01,84.9,81.62,98.36,76.99,86.86,16.44,,,19.61,,79.8,,64.23,82.76,87.05
2021-11-04,6.139e+04,55.35,82.17,14.86,19.6,73.87,86.18,78.64,97.53,68.56,83.94,14.86,,,19.6,,83.01,,64.73,85.15,87.21
2021-11-05,6.101e+04,55.37,82.66,13.63,19.73,74.01,86.67,77.7,97.25,72.74,82.96,13.63,,,19.73,,83.16,,64.86,85.97,87.37
2021-11-06,6.146e+04,55.08,82.98,11.58,19.72,74.23,86.44,78.29,97.44,72.53,83.64,11.58,,,19.72,,84.2,,64.26,85.36,87.53
2021-11-07,6.304e+04,55.57,84.83,10.68,19.63,74.53,86.35,80.91,98.24,73.77,86.41,10.68,,,19.63,,83.59,,65.47,85,87.69
2021-11-08,6.754e+04,57.39,88.04,12.67,20.28,75.5,86.6,88.41,100.2,69.79,93.79,12.67,,,20.28,,83.61,,67.38,85.34,87.85
2021-11-09,6.71e+04,65.69,111.5,11.64,20.19,76.67,87.78,128.1,108.2,76.51,133.4,11.64,,,20.19,,84.77,,68.57,87.55,88.01
2021-11-10,6.476e+04,64.08,106.9,11.64,20.84,75.91,87.7,121.4,106.6,73.01,126.7,11.64,,,20.84,,84.92,,66.9,87.23,88.17
2021-11-11,6.496e+04,63.85,107.9,9.863,20.75,74.37,88.19,121.6,106.6,76.44,126.8,9.863,,,20.75,,82.78,,65.96,88.04,88.33
2021-11-12,6.408e+04,62.33,103.6,10.14,20.74,73.74,88.36,118.1,105.5,68.77,122.1,10.14,,,20.74,,82.81,,64.66,88.23,88.5
2021-11-13,6.44e+04,62.73,105.3,10.34,20.72,72.11,88.54,118.6,105.6,74.04,122.8,10.34,,,20.72,,81.19,,63.03,88.42,88.66
2021-11-14,6.503e+04,63.16,106.6,10.89,21,70.71,88.71,120,106,75.96,124.3,10.89,,,21,,79.32,,62.11,88.61,88.82
2021-11-15,6.375e+04,61.61,103.4,10.62,21.28,68.04,88.4,116.2,105.1,71.78,120.5,10.62,,,21.28,,77.33,,58.74,87.82,88.98
2021-11-16,6.032e+04,58.55,97.09,10.14,21.27,63.82,87.19,106.9,102.5,67.88,111.1,10.14,,,21.27,,72.58,,55.05,85.25,89.14
2021-11-17,6.015e+04,57.4,96.51,9.658,21.4,59.92,84.23,106.1,102.3,67.19,110.4,9.658,,,21.4,,65.33,,54.51,79.16,89.3
2021-11-18,5.679e+04,55.33,89.94,12.26,21.45,58.72,82.99,97.31,99.64,61.03,101.8,12.26,,,21.45,,64.49,,52.94,76.52,89.46
2021-11-19,5.801e+04,55.34,91.22,13.01,21.44,56.05,81.16,100.3,100.6,58.97,104.9,13.01,,,21.44,,60.03,,52.07,72.7,89.62
2021-11-20,5.975e+04,56.48,95.22,13.7,21.72,54.12,79.49,104.6,102,64.86,109.4,13.7,,,21.72,,56.7,,51.55,69.2,89.78
2021-11-21,5.903e+04,55.28,92.06,14.86,21.55,53.42,77.59,102.5,101.4,56.85,107.4,14.86,,,21.55,,56.5,,50.34,65.24,89.94
2021-11-22,5.638e+04,53.74,88.46,16.58,21.98,50.29,75.28,95.57,99.25,58.42,100.6,16.58,,,21.98,,51.44,,49.15,60.46,90.1
2021-11-23,5.764e+04,54.4,89.25,21.58,21.52,49.18,71.63,98.64,100.3,54.25,103.8,21.58,,,21.52,,49.38,,48.98,53,90.27
2021-11-24,5.714e+04,57.76,91.44,35.27,21.65,48.89,70.36,97.16,99.84,66.37,102.4,35.27,,,21.65,,49.32,,48.47,50.29,90.43
2021-11-25,5.901e+04,56.51,90.83,30.14,21.78,50.54,67.53,101.3,101,54.79,106.2,30.14,,,21.78,,50.75,,50.34,44.48,90.59
2021-11-26,5.38e+04,56.4,81.06,45.62,21.91,50.66,69.27,87.92,96.52,47.05,92.76,45.62,,,21.91,,53.17,,48.15,47.8,90.75
2021-11-27,5.464e+04,56.2,84.61,39.93,22.19,50.1,66.51,89.96,97.33,56.16,94.98,39.93,,,22.19,,53.23,,46.98,42.11,90.91
2021-11-28,5.725e+04,57.52,88.88,40.55,22.25,49.99,63.51,96.49,99.62,57.67,101.7,40.55,,,22.25,,53.16,,46.82,35.95,91.07
2021-11-29,5.792e+04,57.85,90.55,39.52,22.3,50.6,61.98,97.94,100.1,60.96,103.2,39.52,,,22.3,,54.21,,47,32.72,91.23
2021-11-30,5.71e+04,60.19,87.31,56.1,22,51.59,62.76,95.65,99.37,53.29,100.9,56.1,,,22,,56,,47.18,34.14,91.39
2021-12-01,5.718e+04,60.17,87.9,54.79,22.27,52.01,61.92,95.62,99.36,55.68,100.9,54.79,,,22.27,,57.65,,46.36,32.28,91.55
2021-12-02,5.658e+04,60.49,89.19,55,21.89,51.32,62,93.96,98.84,64.59,99.36,55,,,21.89,,57.09,,45.54,32.29,91.71
2021-12-03,5.367e+04,58.94,85.15,55.75,21.66,50.9,60.22,86.5,96.2,66.03,91.89,55.75,,,21.66,,56.4,,45.39,28.57,91.87
2021-12-04,4.916e+04,55.31,74.78,56.03,22.59,48.99,60.67,75.14,91.58,51.92,80.48,56.03,,,22.59,,54.37,,43.61,29.3,92.04
2021-12-05,4.933e+04,55.48,76.84,54.59,22.5,47.78,59.99,75.53,91.8,59.04,80.98,54.59,,,22.5,,54.05,,41.5,27.78,92.2
2021-12-06,5.054e+04,56.97,79.81,60.96,21.54,44.66,58.41,78.57,93.2,63.22,84.27,60.96,,,21.54,,53.5,,35.83,24.46,92.36
2021-12-07,5.057e+04,53.58,77.3,52.47,21.59,40.36,56.57,78.44,93.12,53.56,84.06,52.47,,,21.59,,50.86,,29.87,20.62,92.52
2021-12-08,5.05e+04,52.95,79.16,48.63,21.94,36.86,55.98,78.19,93.05,61.51,83.89,48.63,,,21.94,,48.47,,25.24,19.28,92.68
2021-12-09,4.794e+04,50.43,73.18,52.88,21.06,29.69,55.8,71.73,90.16,53.49,77.33,52.88,,,21.06,,37.78,,21.61,18.76,92.84
2021-12-10,4.744e+04,50.39,71.11,57.67,22.63,26.27,54.96,70.44,89.58,48.36,76.08,57.67,,,22.63,,32.6,,19.94,16.93,93
2021-12-11,4.932e+04,52.03,74.18,58.9,22.47,29.26,54.02,75.1,91.8,48.84,80.98,58.9,,,22.47,,35.12,,23.4,14.88,93.16
2021-12-12,5.014e+04,52.02,74.34,57.05,22.45,30.55,55.17,77.07,92.72,44.45,83.11,57.05,,,22.45,,36.18,,24.92,17.01,93.32
2021-12-13,4.679e+04,49.88,68.17,57.05,22.87,29.08,56.74,68.62,88.77,40.89,74.39,57.05,,,22.87,,36.19,,21.97,19.99,93.48
2021-12-14,4.829e+04,50.73,71.61,55.82,22.64,28.9,56.4,72.3,90.59,45.27,78.26,55.82,,,22.64,,34.63,,23.17,19.16,93.64
2021-12-15,4.883e+04,50.35,71.78,52.12,23.27,29.98,56.49,73.57,91.2,42.74,79.62,52.12,,,23.27,,34.65,,25.32,19.18,93.81
2021-12-16,4.766e+04,49.08,66.65,54.66,23.25,30.11,56.58,70.58,89.8,29.66,76.56,54.66,,,23.25,,34.67,,25.55,19.2,93.97
2021-12-17,4.633e+04,49.4,67.89,54.11,23.17,30.2,56.52,67.25,88.18,42.95,73.17,54.11,,,23.17,,33.05,,27.36,18.91,94.13
2021-12-18,4.69e+04,47.99,66.97,48.42,23.29,29.62,57.62,68.62,88.9,35.68,74.67,48.42,,,23.29,,32.29,,26.96,20.95,94.29
2021-12-19,4.688e+04,48.29,68.91,45.27,23.42,30.85,58.07,68.49,88.86,43.7,74.58,45.27,,,23.42,,32,,29.69,21.68,94.45
2021-12-20,4.695e+04,48.8,68.5,46.92,23.62,32.99,57.69,68.66,88.99,41.51,74.84,46.92,,,23.62,,32.03,,33.96,20.78,94.61
2021-12-21,4.908e+04,51.89,74.79,48.01,23.89,36.51,58.57,73.87,91.53,53.42,80.35,48.01,,,23.89,,34.82,,38.2,22.36,94.77
2021-12-22,4.869e+04,50.67,72.18,43.7,23.73,38.94,60.85,72.82,91.06,45.55,79.29,43.7,,,23.73,,34.84,,43.03,26.77,94.93
2021-12-23,5.071e+04,52.99,76.65,47.74,23.21,38.88,61.45,77.71,93.27,51.16,84.44,47.74,,,23.21,,32.69,,45.06,27.81,95.09
2021-12-24,5.078e+04,53.53,76.49,48.84,23.05,40.48,63.11,77.77,93.31,50.34,84.53,48.84,,,23.05,,34.81,,46.15,30.98,95.25
2021-12-25,5.059e+04,55.81,75.41,61.71,22.75,40.1,65.09,77.22,93.11,47.26,84.04,61.71,,,22.75,,35.73,,44.48,34.77,95.41
2021-12-26,5.08e+04,53.11,74.21,50.21,22.37,40.1,66.1,77.63,93.31,41.37,84.53,50.21,,,22.37,,36.77,,43.43,36.62,95.58
2021-12-27,5.08e+04,55.4,75.79,57.81,23.71,38.82,67.42,77.53,93.29,47.88,84.47,57.81,,,23.71,,36.78,,40.85,39.1,95.74
2021-12-28,4.767e+04,52.6,68.57,58.63,23.7,34.11,70.13,69.77,89.72,38.42,76.37,58.63,,,23.7,,36.92,,31.31,44.36,95.9
2021-12-29,4.647e+04,50.48,67.36,56.99,23.4,27.44,67.16,66.79,88.24,41.1,73.3,56.99,,,23.4,,36.99,,17.88,38.27,96.06
2021-12-30,4.71e+04,47.42,65.55,45.89,23.45,26.52,66.28,68.29,89.03,29.93,74.93,45.89,,,23.45,,43.68,,9.366,36.34,96.22
2021-12-31,4.636e+04,45.98,67.48,38.97,23.86,22.14,64.8,66.39,88.08,42.47,72.97,38.97,,,23.86,,34.64,,9.639,33.22,96.38
2022-01-01,4.756e+04,47.93,72.94,38.36,23.63,24.87,62.79,69.31,89.6,56.71,76.12,38.36,,,23.63,,34.72,,15.02,29.04,96.54
2022-01-02,4.735e+04,47.39,70.23,38.97,24.96,25.3,62.27,68.74,89.34,47.26,75.57,38.97,,,24.96,,34.74,,15.87,27.83,96.7
2022-01-03,4.645e+04,47.52,66.74,45.55,24.66,26.69,61.09,66.49,88.21,39.04,73.24,45.55,,,24.66,,34.58,,18.81,25.32,96.86
2022-01-04,4.591e+04,47.97,66.39,47.88,24.64,29.02,58.81,65.15,87.54,40.96,71.9,47.88,,,24.64,,34.83,,23.21,20.6,97.02
2022-01-05,4.353e+04,46.09,62.19,41.64,24.56,34.93,58.44,59.33,84.28,39.38,65.76,41.64,,,24.56,,34.85,,35.01,19.71,97.18
2022-01-06,4.314e+04,49.17,61.2,55.48,24.82,39.48,57.68,58.4,83.76,37.81,64.84,55.48,,,24.82,,34.87,,44.08,18.01,97.35
2022-01-07,4.151e+04,48.7,57.23,58.08,24.66,43.17,56.47,54.46,81.33,32.4,60.72,58.08,,,24.66,,44.16,,42.18,15.44,97.51
2022-01-08,4.18e+04,48.71,58.31,58.08,24.43,42.08,54.83,55.16,81.82,34.73,61.53,58.08,,,24.43,,44.16,,40,12,97.67
2022-01-09,4.189e+04,47.52,58.12,53.84,24.2,41,54.25,55.36,81.97,33.36,61.78,53.84,,,24.2,,44.17,,37.83,10.66,97.83
2022-01-10,4.182e+04,47.01,58.1,54.59,24.12,37.34,53.31,55.18,81.89,33.7,61.63,54.59,,,24.12,,38.71,,35.96,8.63,97.99
2022-01-11,4.277e+04,46.6,61.63,47.12,24.73,35.74,53.02,57.5,83.39,41.44,64.19,47.12,,,24.73,,36.78,,34.69,7.891,98.15
2022-01-12,4.396e+04,46.6,62.14,49.52,24.86,31.27,52.82,60.36,85.12,35.82,67.28,49.52,,,24.86,,29.11,,33.43,7.327,98.31
2022-01-13,4.263e+04,47.51,63.43,52.81,25.12,28.81,54.05,57.09,83.16,49.66,63.8,52.81,,,25.12,,26.03,,31.59,9.623,98.47
2022-01-14,4.31e+04,47.64,62.35,57.12,25.11,26.09,54.63,58.23,83.89,42.19,65.07,57.12,,,25.11,,20.96,,31.21,10.63,98.63
2022-01-15,4.321e+04,48.22,63.28,58.29,25.37,24.52,56.6,58.45,84.04,45.27,65.34,58.29,,,25.37,,19.06,,29.97,14.42,98.79
2022-01-16,4.317e+04,48.66,64.04,60.48,25.56,22.72,56.31,58.32,83.98,48.63,65.23,60.48,,,25.56,,16.71,,28.74,13.67,98.95
2022-01-17,4.221e+04,45.61,60.76,51.51,25.83,21.66,56.22,56,82.57,41.71,62.78,51.51,,,25.83,,16.1,,27.22,13.32,99.12
2022-01-18,4.243e+04,44.75,58.66,50.34,26.23,21.42,56.92,56.52,82.93,31.78,63.4,50.34,,,26.23,,16.55,,26.29,14.56,99.28
2022-01-19,4.179e+04,44.29,61.21,43.49,25.58,22.09,57.36,55.01,82.02,45.96,61.85,43.49,,,25.58,,19.67,,24.5,15.28,99.44
2022-01-20,4.076e+04,44.42,58.64,47.33,26.12,22.77,57.88,52.54,80.41,42.4,59.23,47.33,,,26.12,,23.37,,22.16,16.17,99.6
2022-01-21,3.649e+04,42.26,45.98,58.36,25.96,23.57,57.65,42.45,72.86,20.21,48.41,58.36,,,25.96,,27.87,,19.26,15.53,99.76
2022-01-22,3.5e+04,39.69,42.68,52.88,25.53,23.15,56.01,38.88,69.74,17.53,44.54,52.88,,,25.53,,27.38,,18.93,12.09,99.92
2022-01-23,3.627e+04,40.83,46.47,51.16,27.05,23.13,54.51,42,72.54,23.36,47.99,51.16,,,27.05,,27.11,,19.15,9.176,99.84
2022-01-24,3.666e+04,39.95,48.39,45.07,26.75,22.41,52.89,43,73.44,27.95,49.16,45.07,,,26.75,,26.85,,17.98,6.263,99.52
2022-01-25,3.695e+04,39.99,49.3,44.79,27.5,20.48,52.07,43.72,74.05,29.45,49.97,44.79,,,27.5,,24.16,,16.81,4.945,99.2
2022-01-26,3.683e+04,35.85,46.52,30.89,27.13,18.55,51.84,43.44,73.85,19.11,49.7,30.89,,,27.13,,20.9,,16.2,4.803,98.87
2022-01-27,3.702e+04,33.69,47.11,21.71,27.32,15.09,51.33,43.94,74.29,19.93,50.29,21.71,,,27.32,,14.3,,15.88,4.109,98.55
2022-01-28,3.777e+04,36.39,51.67,27.26,27.23,14.91,51.67,45.81,75.84,32.6,52.42,27.26,,,27.23,,13.71,,16.11,5.107,98.23
2022-01-29,3.809e+04,35.54,51.77,24.86,25.82,13.81,52.11,46.66,76.57,30.41,53.45,24.86,,,25.82,,12.66,,14.96,6.31,97.91
2022-01-30,3.798e+04,38.24,51.14,36.99,26.85,13.92,54.82,46.44,76.44,28.42,53.26,36.99,,,26.85,,14.02,,13.81,12.06,97.59
2022-01-31,3.846e+04,37.84,51.88,36.99,24.67,11.82,55.76,47.6,77.35,28.01,54.57,36.99,,,24.67,,12.63,,11.02,14.26,97.26
2022-02-01,3.879e+04,38.66,53.72,38.08,24.03,11.07,57.75,48.06,77.56,34.38,54.88,38.08,,,24.03,,11.7,,10.44,18.55,96.94
2022-02-02,3.694e+04,36.04,49.45,31.23,24.63,11.52,58.28,43.61,74.07,30.14,49.99,31.23,,,24.63,,13.17,,9.863,19.94,96.62
2022-02-03,3.706e+04,36.41,49.03,34.32,23.92,11.93,58.13,43.91,74.34,27.53,50.35,34.32,,,23.92,,14.3,,9.563,19.97,96.3
2022-02-04,4.108e+04,39.11,55.58,36.71,23.77,12.11,57.43,53.55,81.51,26.23,61.01,36.71,,,23.77,,13.6,,10.63,18.89,95.98
2022-02-05,4.151e+04,38.25,54.97,31.51,24.44,13.11,58.52,54.54,82.18,21.03,62.12,31.51,,,24.44,,16.44,,9.783,21.38,95.66
2022-02-06,4.236e+04,40.23,61.42,31.1,23.25,12.73,59.57,56.56,83.49,41.23,64.37,31.1,,,23.25,,17.33,,8.13,23.8,95.33
2022-02-07,4.389e+04,40.23,62.2,27.26,23.93,13.23,62.36,60.15,85.68,34.66,68.31,27.26,,,23.93,,17.54,,8.919,29.71,95.01
2022-02-08,4.417e+04,40.73,64.61,24.38,22.8,14.89,64.43,60.74,86.02,42.74,68.96,24.38,,,22.8,,21.96,,7.817,34.18,94.69
2022-02-09,4.441e+04,40.31,63.75,22.74,23.06,14.26,66.94,61.24,86.31,37.95,69.51,22.74,,,23.06,,23.41,,5.108,39.52,94.37
2022-02-10,4.361e+04,40.97,62.87,24.52,23.6,14.82,71.17,59.27,85.15,39.73,67.34,24.52,,,23.6,,25.88,,3.753,48.29,94.05
2022-02-11,4.236e+04,39.73,59.73,23.01,23.31,13.85,74.81,56.19,83.25,35.55,63.94,23.01,,,23.31,,24.49,,3.209,55.89,93.72
2022-02-12,4.217e+04,41.06,64.17,21.58,23.36,13.45,75.95,55.69,82.93,54.66,63.41,21.58,,,23.36,,25.03,,1.867,58.49,93.4
2022-02-13,4.22e+04,39.37,61.05,19.86,22.44,12.5,76.63,55.72,82.96,42.05,63.45,19.86,,,22.44,,24.21,,0.7979,60.17,93.08
2022-02-14,4.265e+04,39.5,61.44,18.84,22.77,13.47,76.59,56.77,83.65,40.68,64.65,18.84,,,22.77,,26.67,,0.2653,60.41,92.76
2022-02-15,4.451e+04,41.4,67.63,19.66,21.79,12.15,76.17,61.16,86.3,53.56,69.49,19.66,,,21.79,,24.04,,0.2646,59.9,92.44
2022-02-16,4.407e+04,40.78,64.46,22.67,20.95,12.93,75.58,60.03,85.65,43.9,68.26,22.67,,,20.95,,25.59,,0.2639,59.04,92.12
2022-02-17,4.061e+04,38.68,57.76,23.15,21.14,13.59,75.67,51.77,80.37,39.73,59.18,23.15,,,21.14,,26.91,,0.2632,59.55,91.79
2022-02-18,4.004e+04,37.25,53.63,25.14,20.23,14.02,73.05,50.43,79.45,26.92,57.73,25.14,,,20.23,,27.78,,0.2625,54.62,91.47
2022-02-19,4.01e+04,36.77,55.74,20.68,20.15,13.74,70.32,50.54,79.54,35,57.87,20.68,,,20.15,,26.18,,1.309,49.49,91.15
2022-02-20,3.855e+04,33.82,51.69,14.79,20.55,12.31,68.14,46.84,76.81,29.32,53.79,14.79,,,20.55,,23.57,,1.044,45.45,90.83
2022-02-21,3.71e+04,31.47,45.93,15.62,20.6,11.23,64.71,43.4,74.08,16.23,50,15.62,,,20.6,,20.63,,1.823,38.9,90.51
2022-02-22,3.82e+04,32.96,52.21,14.38,20.52,10.22,61.75,46.04,76.24,33.56,52.98,14.38,,,20.52,,19.15,,1.299,33.32,90.19
2022-02-23,3.731e+04,30.92,49.81,11.71,20.37,7.692,59.14,43.9,74.52,30.21,50.6,11.71,,,20.37,,13.31,,2.073,28.42,89.86
2022-02-24,3.828e+04,30.6,49.63,13.84,20.22,6.002,55.18,46.23,76.41,22.67,53.22,13.84,,,20.22,,9.162,,2.842,20.82,89.54
2022-02-25,3.932e+04,32.06,52.27,16.16,20,7.127,54.63,48.71,78.33,26.03,56.02,16.16,,,20,,11.16,,3.093,20.03,89.22
2022-02-26,3.906e+04,32.71,50.54,23.22,19.73,6.423,54.67,48.07,77.87,20.89,55.34,23.22,,,19.73,,11.82,,1.028,20.45,88.9
2022-02-27,3.766e+04,31.7,49,20.62,20,6.654,54.32,44.75,75.29,24.32,51.65,20.62,,,20,,12.03,,1.282,20.07,88.58
2022-02-28,4.318e+04,38.31,62.83,30.14,20.68,5.384,53.46,57.69,84.41,43.22,66,30.14,,,20.68,,9.232,,1.535,18.66,88.25
2022-03-01,4.433e+04,38.99,65.94,25.21,20,7.403,57.58,60.35,86,48.49,68.93,25.21,,,20,,12,,2.806,27.23,87.93
2022-03-02,4.398e+04,38.23,62.33,24.73,19.73,10.1,60.12,59.46,85.48,36.44,67.94,24.73,,,19.73,,15.87,,4.326,32.64,87.61
2022-03-03,4.249e+04,38.52,60.8,25.14,19.93,13.47,62.09,55.83,83.22,40.27,63.89,25.14,,,19.93,,22.62,,4.315,36.88,87.29
2022-03-04,3.911e+04,35.44,52.28,25,19.11,13.7,62.61,47.83,77.68,28.56,55.05,25,,,19.11,,24.36,,3.038,38.25,86.97
2022-03-05,3.938e+04,34.32,50.7,22.74,18.9,13.67,62,48.48,78.18,20.34,55.79,22.74,,,18.9,,23.56,,3.788,37.36,86.65
2022-03-06,3.84e+04,33.59,49.66,21.85,18.77,12.97,61.36,46.12,76.38,22.95,53.18,21.85,,,18.77,,23.43,,2.519,36.4,86.32
2022-03-07,3.815e+04,34.98,51.58,25.34,18.36,13.54,61.63,45.54,75.94,32.26,52.56,25.34,,,18.36,,26.82,,0.2513,37.26,86
2022-03-08,3.873e+04,34.1,52.98,20.55,18.08,13.59,57.93,46.95,77.09,33.7,54.19,20.55,,,18.08,,26.68,,0.5013,30.17,85.68
2022-03-09,4.199e+04,36.07,58.62,21.1,18.97,14,54.36,54.61,82.54,34.59,62.74,21.1,,,18.97,,27.75,,0.25,23.36,85.36
2022-03-10,3.948e+04,31.81,54.15,10.55,18.15,12.5,52.42,48.56,78.27,33.84,55.92,10.55,,,18.15,,24.75,,0.2494,19.79,85.04
2022-03-11,3.883e+04,30.5,51.67,11.3,18.22,9.52,50.82,47.04,77.15,28.22,54.28,11.3,,,18.22,,18.79,,0.2488,16.92,84.71
2022-03-12,3.895e+04,31.92,54.51,14.79,18.08,7.987,50.67,47.32,77.38,38.7,54.62,14.79,,,18.08,,15.48,,0.4963,16.95,84.39
2022-03-13,3.781e+04,30.58,51.35,14.32,18.22,7.086,50.37,44.6,75.24,33.97,51.58,14.32,,,18.22,,13.93,,0.2475,16.68,84.07
2022-03-14,3.965e+04,32.49,55.73,15.82,18.29,7.572,50.23,48.94,78.62,38.9,56.46,15.82,,,18.29,,13.91,,1.235,16.71,83.75
2022-03-15,3.936e+04,30.65,53.07,11.99,17.67,7.591,50.09,48.25,78.13,30.21,55.71,11.99,,,17.67,,13.46,,1.724,16.75,83.43
2022-03-16,4.11e+04,32.69,58.97,11.03,17.67,8.564,50.29,52.3,81.04,42.26,60.25,11.03,,,17.67,,13.44,,3.686,17.47,83.11
2022-03-17,4.097e+04,33.35,59.17,12.74,17.95,9.998,49.99,52.01,80.87,43.84,59.98,12.74,,,17.95,,15.83,,4.167,17.19,82.78
2022-03-18,4.183e+04,34.25,59.14,13.7,18.08,14.52,50.12,53.99,82.23,38.15,62.21,13.7,,,18.08,,20.72,,8.313,17.77,82.46
2022-03-19,4.219e+04,36.11,61.27,17.67,18.01,16.23,50.98,54.82,82.79,44.32,63.15,17.67,,,18.01,,25.38,,7.073,19.83,82.14
2022-03-20,4.129e+04,36.55,59.33,19.04,18.22,20.59,52.45,52.67,81.35,42.53,60.75,19.04,,,18.22,,31.45,,9.732,23.08,81.82
2022-03-21,4.106e+04,34.98,58.77,13.29,17.67,19.29,53.21,52.09,80.96,41.92,60.12,13.29,,,17.67,,33.48,,5.097,24.93,81.5
2022-03-22,4.238e+04,35.34,60.99,12.19,17.33,18.04,53.77,55.14,83.02,42.26,63.55,12.19,,,17.33,,34.64,,1.453,26.37,81.17
2022-03-23,4.273e+04,35.4,61.32,11.1,18.15,17.58,54.54,55.91,83.52,41.44,64.41,11.1,,,18.15,,34.92,,0.2415,28.22,80.85
2022-03-24,4.397e+04,35.79,63.46,10.62,17.4,15.99,55.81,58.76,85.29,42.19,67.6,10.62,,,17.4,,31.74,,0.241,31.1,80.53
2022-03-25,4.435e+04,37.15,65.35,13.22,17.33,15.77,58,59.33,85.51,48.56,68.01,13.22,,,17.33,,31.06,,0.4808,35.79,80.21
2022-03-26,4.452e+04,37,66.29,10.62,17.19,14.7,60.34,59.69,85.74,51.3,68.43,10.62,,,17.19,,28.43,,0.9592,40.79,79.89
2022-03-27,4.678e+04,36.96,67.11,10.34,15.96,12.91,62.73,64.9,88.7,40.62,74.24,10.34,,,15.96,,24.62,,1.196,45.89,79.57
2022-03-28,4.722e+04,39.22,71.38,10.62,15.75,15.53,66.3,65.76,89.11,55.55,75.09,10.62,,,15.75,,27.72,,3.341,53.36,79.24
2022-03-29,4.746e+04,39.53,70.62,9.384,15.48,19.03,69.84,66.16,89.29,51.58,75.47,9.384,,,15.48,,27.59,,10.48,60.75,78.92
2022-03-30,4.712e+04,39.7,67.94,9.932,17.26,22.3,71.37,65.27,88.81,43.22,74.47,9.932,,,17.26,,28.2,,16.39,64.14,78.6
2022-03-31,4.556e+04,39.84,65.35,9.932,16.3,29.74,72.53,61.6,86.79,42.6,70.43,9.932,,,16.3,,32.47,,27.01,66.78,78.28
2022-04-01,4.625e+04,40.63,67.06,10.14,16.71,30.23,72.61,63.12,87.65,45.34,72.11,10.14,,,16.71,,33.51,,26.95,67.26,77.96
2022-04-02,4.594e+04,39.62,65.67,9.795,13.01,32.16,72.52,62.35,87.24,41.78,71.3,9.795,,,13.01,,36.48,,27.83,67.4,77.63
2022-04-03,4.644e+04,40.85,67.17,9.795,13.08,36.94,72.24,63.46,87.87,44.79,72.55,9.795,,,13.08,,44.69,,29.18,67.16,77.31
2022-04-04,4.666e+04,41.86,69.79,10.27,13.08,37.49,71.39,63.9,88.11,54.11,73.05,10.27,,,13.08,,44.7,,30.28,65.79,76.99
2022-04-05,4.569e+04,40.85,66.37,11.37,13.08,37.63,70.83,61.59,86.82,46.58,70.49,11.37,,,13.08,,44.81,,30.44,65,76.67
2022-04-06,4.33e+04,38.93,62.33,9.863,12.88,37.34,69.7,56.05,83.5,45.41,64.38,9.863,,,12.88,,44.76,,29.91,63.05,76.35
2022-04-07,4.357e+04,38.19,61.37,10.68,12.67,34.65,68.46,56.64,83.9,39.86,65.08,10.68,,,12.67,,41.09,,28.21,60.89,76.03
2022-04-08,4.222e+04,36.83,58.03,11.71,12.88,32.92,66.6,53.52,81.89,35.07,61.64,11.71,,,12.88,,39.55,,26.28,57.5,75.7
2022-04-09,4.268e+04,40.33,61.49,24.45,13.15,32.69,63.86,54.56,82.6,45.96,62.83,24.45,,,13.15,,39.4,,25.99,52.33,75.38
2022-04-10,4.226e+04,38.38,59.03,21.71,13.42,30.05,61.85,53.57,81.96,38.84,61.75,21.71,,,13.42,,36.49,,23.61,48.63,75.06
2022-04-11,3.954e+04,35.43,52.74,22.53,12.95,26.73,58.64,47.29,77.47,31.44,54.75,22.53,,,12.95,,34.75,,18.71,42.53,74.74
2022-04-12,4.01e+04,35.35,56.2,22.4,12.53,21.29,54.97,48.49,78.37,41.85,56.08,22.4,,,12.53,,27.6,,14.98,35.51,74.42
2022-04-13,4.115e+04,34.28,56.78,19.86,12.47,18.08,52.25,50.92,80.16,37.19,58.83,19.86,,,12.47,,22.38,,13.79,30.41,74.09
2022-04-14,3.992e+04,32.54,53.74,17.6,12.47,17.02,51.6,47.98,77.98,33.49,55.5,17.6,,,12.47,,20.97,,13.07,29.42,73.77
2022-04-15,4.053e+04,33,57.78,16.3,12.47,13.89,49.45,49.38,79.04,45.62,57.09,16.3,,,12.47,,15.87,,11.9,25.45,73.45
2022-04-16,4.044e+04,31.16,54.28,14.45,12.47,12.61,48.84,49.16,78.89,32.19,56.87,14.45,,,12.47,,14.48,,10.73,24.55,73.13
2022-04-17,3.97e+04,31.76,56.85,14.04,12.4,11.73,48.15,47.44,77.61,47.4,54.95,14.04,,,12.4,,14.57,,8.884,23.49,72.81
2022-04-18,4.082e+04,30.14,55.11,12.19,12.4,8.481,46.6,50.01,79.54,33.01,57.87,12.19,,,12.4,,9.916,,7.045,20.72,72.49
2022-04-19,4.149e+04,30.49,54.89,12.47,12.47,10.21,47.61,51.54,80.63,27.81,59.59,12.47,,,12.47,,13.17,,7.256,23.05,72.16
2022-04-20,4.14e+04,33.5,59.83,18.08,12.4,11.27,47.79,51.29,80.47,48.22,59.33,18.08,,,12.4,,16.21,,6.335,23.73,71.84
2022-04-21,4.046e+04,33.18,58.73,19.32,12.4,10.23,47.52,48.99,78.76,50.48,56.67,19.32,,,12.4,,15.04,,5.418,23.53,71.52
2022-04-22,3.974e+04,31.92,52.74,23.84,12.67,9.267,47.72,47.35,77.56,31.16,54.88,23.84,,,12.67,,14.71,,3.829,24.25,71.2
2022-04-23,3.958e+04,33.08,56.34,25.68,12.4,6.834,47.22,46.98,77.28,46.64,54.47,25.68,,,12.4,,10.07,,3.596,23.56,70.88
2022-04-24,3.951e+04,32.1,57,21.37,12.53,4.938,46.29,46.8,77.16,49.73,54.29,21.37,,,12.53,,6.289,,3.587,22.02,70.56
2022-04-25,4.047e+04,34.38,58.13,30.68,12.4,5.462,45.97,49.03,78.87,47.81,56.83,30.68,,,12.4,,7.12,,3.803,21.71,70.23
2022-04-26,3.807e+04,31.93,49.86,32.53,12.47,5.977,45.83,43.52,74.57,30.68,50.67,32.53,,,12.47,,8.159,,3.795,21.75,69.91
2022-04-27,3.922e+04,33.57,56.48,30.34,12.4,5.257,44.64,46.17,76.74,49.32,53.68,30.34,,,12.4,,6.061,,4.454,19.69,69.59
2022-04-28,3.975e+04,33.31,52.33,36.58,12.33,5.419,44.02,47.38,77.69,29.18,55.07,36.58,,,12.33,,5.95,,4.889,18.77,69.27
2022-04-29,3.861e+04,33.72,52.77,36.78,12.4,7.23,43.34,44.78,75.66,38.49,52.16,36.78,,,12.4,,8.029,,6.43,17.74,68.95
2022-04-30,3.771e+04,33.48,50.8,38.56,12.33,8.41,42.63,42.73,73.97,36.64,49.87,38.56,,,12.33,,10.62,,6.195,16.64,68.62
2022-05-01,3.846e+04,36.18,54.65,42.47,12.4,12.37,42.22,44.44,75.41,46.92,51.82,42.47,,,12.4,,16.13,,8.609,16.13,68.3
2022-05-02,3.857e+04,35.62,54.17,37.74,12.26,15.94,42.72,44.75,75.72,43.97,52.25,37.74,,,12.26,,21.52,,10.35,17.47,67.98
2022-05-03,3.77e+04,34.15,51.04,36.37,12.05,15.63,42.58,42.82,74.15,37.05,50.11,36.37,,,12.05,,21.6,,9.67,17.5,67.66
2022-05-04,3.964e+04,38,54.9,45.41,11.92,20.53,42.44,47.25,77.75,39.45,55.16,45.41,,,11.92,,28.11,,12.94,17.53,67.34
2022-05-05,3.65e+04,36.6,49.37,47.05,11.85,21.61,42.94,40.07,71.77,38.63,47.02,47.05,,,11.85,,33.37,,9.847,18.87,67.02
2022-05-06,3.604e+04,38.23,46.06,62.88,11.78,19.4,42.63,39.06,70.87,28.42,45.9,62.88,,,11.78,,27.23,,11.57,18.56,66.69
2022-05-07,3.551e+04,37.73,45.03,61.1,11.78,20.62,43.01,37.84,69.73,28.01,44.52,61.1,,,11.78,,27.3,,13.94,19.66,66.37
2022-05-08,3.406e+04,38.03,43.35,66.51,11.64,20.14,42.08,34.54,66.45,31.64,40.77,66.51,,,11.64,,28.1,,12.17,18.12,66.05
2022-05-09,3.046e+04,39.61,34.47,94.18,11.23,17.18,38.89,26.56,57.29,22.33,31.72,94.18,,,11.23,,28.28,,6.074,12.05,65.73
2022-05-10,3.099e+04,38.65,35.88,94.52,5.411,16.53,36.26,27.92,59.06,23.22,33.32,94.52,,,5.411,,28.3,,4.762,7.123,65.41
2022-05-11,2.88e+04,35.9,29.75,93.63,5.205,14.64,35.3,23.18,52.81,15.07,27.92,93.63,,,5.205,,26.47,,2.808,5.514,65.08
2022-05-12,2.903e+04,34.48,29.75,92.81,4.658,7.696,34.16,23.86,53.82,12.6,28.74,92.81,,,4.658,,11.73,,3.664,3.562,64.76
2022-05-13,2.929e+04,35.47,32.16,93.49,4.658,8.457,33.2,24.56,54.83,19.66,29.58,93.49,,,4.658,,13.26,,3.656,1.952,64.44
2022-05-14,3.005e+04,35.75,32.82,92.74,4.658,10.08,32.69,26.23,57.08,16.44,31.53,92.74,,,4.658,,17.15,,3.004,1.267,64.12
2022-05-15,3.118e+04,36.33,33.74,93.97,4.658,10.57,32.16,28.83,60.38,11.16,34.56,93.97,,,4.658,,18.56,,2.57,0.5137,63.8
2022-05-16,2.989e+04,36.67,35.16,93.15,4.726,10.57,32.08,25.9,56.66,26.92,31.16,93.15,,,4.726,,17.73,,3.419,0.6849,63.48
2022-05-17,3.044e+04,36.52,34.62,93.22,4.863,10.66,31.89,27.21,58.38,20.21,32.7,93.22,,,4.863,,15.56,,5.757,0.6164,63.15
2022-05-18,2.877e+04,34.35,29.27,93.56,4.658,8.578,31.74,23.44,53.29,12.05,28.31,93.56,,,4.658,,12.47,,4.681,0.6507,62.83
2022-05-19,3.026e+04,36.49,31.97,94.59,4.658,15.21,31.65,26.93,58.07,10.48,32.42,94.59,,,4.658,,25.54,,4.883,0.7877,62.51
2022-05-20,2.922e+04,36.17,30.06,94.52,4.863,17.36,31.64,24.62,55,10.89,29.73,94.52,,,4.863,,31.33,,3.39,1.096,62.19
2022-05-21,2.942e+04,36.26,31.24,94.93,4.658,14.84,31.82,25.08,55.64,13.97,30.28,94.93,,,4.658,,26.1,,3.594,1.781,61.87
2022-05-22,3.033e+04,36.52,32.23,94.32,4.726,14.99,31.8,27.18,58.43,10.55,32.75,94.32,,,4.726,,23.01,,6.962,2.055,61.54
2022-05-23,2.909e+04,36.78,32.88,94.18,4.726,15.59,31.52,24.38,54.7,22.95,29.48,94.18,,,4.726,,23.6,,7.579,1.815,61.22
2022-05-24,2.964e+04,36.18,30.6,94.73,4.726,16.15,31.53,25.67,56.48,9.247,31,94.73,,,4.726,,20.53,,11.76,2.158,60.9
2022-05-25,2.958e+04,37.28,32.49,93.77,4.658,20.6,31.3,25.54,56.32,17.26,30.86,93.77,,,4.658,,25.69,,15.51,2.021,60.58
2022-05-26,2.933e+04,36.69,31.64,92.67,4.658,20.29,31.09,25.03,55.63,15.62,30.27,92.67,,,4.658,,26.77,,13.81,1.918,60.26
2022-05-27,2.861e+04,36.37,29.74,93.77,4.726,21.12,30.93,23.46,53.45,13.63,28.44,93.77,,,4.726,,26.8,,15.45,1.918,59.94
2022-05-28,2.905e+04,37.45,31.79,93.15,4.658,24.53,30.78,24.46,54.87,18.22,29.62,93.15,,,4.658,,31.98,,17.08,1.952,59.61
2022-05-29,2.943e+04,38.04,32.9,92.53,4.658,26.79,30.64,25.34,56.09,19.52,30.66,92.53,,,4.658,,35.29,,18.3,1.986,59.29
2022-05-30,3.174e+04,40.32,39.51,91.78,4.726,27.61,30.5,30.63,62.78,27.74,36.91,91.78,,,4.726,,35.3,,19.92,2.021,58.97
2022-05-31,3.183e+04,40.49,38.55,91.92,4.863,30.48,30.68,30.79,62.96,23.36,37.09,91.92,,,4.863,,40.67,,20.29,2.705,58.65
2022-06-01,2.983e+04,39.23,32.63,94.52,4.932,32.36,30.67,26.26,57.34,15.14,31.76,94.52,,,4.932,,43.65,,21.07,3.014,58.33
2022-06-02,3.05e+04,39.28,33.25,94.25,5.479,30.92,30.58,27.94,59.57,11.71,33.79,94.25,,,5.479,,39.58,,22.27,3.151,58
2022-06-03,2.966e+04,38.17,33.07,90.62,5.068,29.53,30.3,26.05,57.13,17.53,31.57,90.62,,,5.068,,35.81,,23.25,2.911,57.68
2022-06-04,2.979e+04,37.54,33.03,87.88,5,29.21,30.24,26.4,57.62,16.1,32.01,87.88,,,5,,32.96,,25.46,3.116,57.36
2022-06-05,2.992e+04,36.72,34.2,82.4,4.932,28.59,29.92,26.7,58.01,19.73,32.37,82.4,,,4.932,,29.72,,27.46,2.808,57.04
2022-06-06,3.133e+04,37.73,38.49,79.18,5.548,28.86,29.87,29.99,62.16,25.55,36.29,79.18,,,5.548,,28.49,,29.24,3.014,56.72
2022-06-07,3.118e+04,37.02,39.65,76.03,5.137,26.27,29.65,29.68,61.81,31.16,35.95,76.03,,,5.137,,22.55,,30,2.911,56.4
2022-06-08,3.023e+04,26.17,39.38,23.08,4.932,25.52,29.51,27.53,59.14,37.47,33.4,23.08,,,4.932,,22.52,,28.51,2.945,56.07
2022-06-09,3.006e+04,24.74,34.87,22.19,4.863,27.98,29.3,27.22,58.78,20.41,33.06,22.19,,,4.863,,27.5,,28.46,2.842,55.75
2022-06-10,2.907e+04,25.12,32.33,28.49,4.932,27.9,29.34,24.98,55.78,18.15,30.4,28.49,,,4.932,,31.67,,24.14,3.253,55.43
2022-06-11,2.836e+04,26.33,31.32,37.74,4.658,26.6,29.03,23.4,53.56,19.79,28.52,37.74,,,4.658,,31.34,,21.86,2.945,55.11
2022-06-12,2.683e+04,21.8,25.15,27.12,4.658,24.75,29.29,19.95,48.25,8.014,24.4,27.12,,,4.658,,31.11,,18.38,3.801,54.79
2022-06-13,2.232e+04,22.59,13.86,58.9,4.658,14.26,28.91,10.11,29.19,3.562,12.57,58.9,,,4.658,,26.49,,2.016,3.356,54.47
2022-06-14,2.207e+04,25.22,14.17,72.88,4.658,12.84,28.27,9.935,28.73,5.685,12.34,72.88,,,4.658,,24.88,,0.8048,2.397,54.14
2022-06-15,2.252e+04,24.93,17.01,69.32,4.658,9.645,27.32,11.2,31.65,11.3,13.88,69.32,,,4.658,,18.69,,0.6024,0.8219,53.82
2022-06-16,2.031e+04,21.76,8.729,70.21,4.658,6.903,26.97,6.34,19.46,1.233,7.885,70.21,,,4.658,,13.6,,0.2004,0.4452,53.5
2022-06-17,2.046e+04,16.71,9.308,45.27,4.658,5.358,26.62,6.905,20.95,0.8219,8.556,45.27,,,4.658,,10.52,,0.2,0.06849,53.18
2022-06-18,1.901e+04,14.21,6.045,38.29,4.658,5.699,26.46,3.753,11.7,4.11,4.619,38.29,,,4.658,,11.2,,0.1996,0.06849,52.86
2022-06-19,2.049e+04,15.33,10.03,37.05,4.658,5.644,26.3,7.168,21.61,2.466,8.859,37.05,,,4.658,,11.09,,0.1992,0.06849,52.53
2022-06-20,2.057e+04,13.39,10.3,26.85,4.658,5.787,26.14,7.396,22.21,2.466,9.137,26.85,,,4.658,,11.37,,0.1988,0.06849,52.21
2022-06-21,2.069e+04,14.61,11.44,29.59,4.658,7.708,26.01,7.758,23.15,5.274,9.578,29.59,,,4.658,,15.22,,0.1984,0.137,51.89
2022-06-22,2e+04,11.58,8.79,18.56,4.795,8.243,25.92,6.28,19.1,2.055,7.724,18.56,,,4.795,,16.09,,0.396,0.274,51.57
2022-06-23,2.11e+04,12.53,12.93,16.16,4.726,8.334,25.79,8.817,25.86,6.164,10.89,16.16,,,4.726,,16.07,,0.5929,0.3425,51.25
2022-06-24,2.13e+04,13.3,12.74,18.42,4.726,10.94,25.7,9.333,27.15,2.945,11.53,18.42,,,4.726,,21.08,,0.789,0.4795,50.93
2022-06-25,2.147e+04,14.4,14.09,21.1,4.726,11.52,25.78,9.711,28.08,6.575,12,21.1,,,4.726,,21.85,,1.181,0.9589,50.6
2022-06-26,2.107e+04,13.07,12.31,16.16,4.932,12.88,26.08,8.797,25.8,3.767,10.86,16.16,,,4.932,,23.99,,1.768,1.884,50.28
2022-06-27,2.075e+04,15.73,11.37,30.07,5.068,14,26.25,8.138,24.1,3.219,10.03,30.07,,,5.068,,26.03,,1.961,2.534,49.96
2022-06-28,2.026e+04,14.7,10.36,28.29,4.658,12.46,26.19,7.066,21.23,4.452,8.684,28.29,,,4.658,,21.98,,2.935,2.74,49.64
2022-06-29,2.008e+04,13.32,10.1,20.21,4.658,14.6,26.25,6.7,20.21,5.274,8.219,20.21,,,4.658,,26.08,,3.125,3.185,49.32
2022-06-30,1.933e+04,11.57,8.766,14.45,4.726,13.7,26.11,5.158,15.7,7.945,6.257,14.45,,,4.726,,23.11,,4.288,3.219,48.99
2022-07-01,1.934e+04,9.616,7.452,9.521,4.658,10.51,25.96,5.261,15.98,2.192,6.373,9.521,,,4.658,,16.93,,4.086,3.253,48.67
2022-07-02,1.923e+04,9.522,7.183,10.21,4.863,9.417,25.82,5.033,15.29,2.329,6.082,10.21,,,4.863,,14.17,,4.66,3.288,48.35
2022-07-03,1.928e+04,10.25,8.044,12.67,4.932,9.258,25.3,5.17,15.69,5.068,6.25,12.67,,,4.932,,13.48,,5.039,2.568,48.03
2022-07-04,2.023e+04,11.81,10.53,15.96,5,9.245,25.39,7.359,21.94,3.836,9.01,15.96,,,5,,13.07,,5.416,3.082,47.71
2022-07-05,2.019e+04,12.05,9.8,16.58,5,11.32,26.11,7.307,21.79,1.164,8.941,16.58,,,5,,16.47,,6.178,4.829,47.39
2022-07-06,2.056e+04,12.46,11.25,13.84,5.342,13.49,26.65,8.251,24.29,2.329,10.12,13.84,,,5.342,,18.31,,8.671,6.233,47.06
2022-07-07,2.165e+04,14.7,16.16,12.47,5.205,18.85,26.85,10.77,30.57,10,13.3,12.47,,,5.205,,25.97,,11.73,6.952,46.74
2022-07-08,2.181e+04,14.86,15.93,11.03,4.863,22.38,27.47,11.17,31.5,7.26,13.81,11.03,,,4.863,,33.04,,11.71,8.527,46.42
2022-07-09,2.159e+04,14.84,14.64,11.3,4.863,24.62,27.84,10.72,30.44,4.178,13.23,11.3,,,4.863,,36.6,,12.64,9.589,46.1
2022-07-10,2.083e+04,14.67,13.31,10.75,4.932,26.37,29.24,8.994,26.2,6.986,11.05,10.75,,,4.932,,38.41,,14.34,12.71,45.78
2022-07-11,1.997e+04,13.58,9.744,10.68,5.411,26.25,30.14,7.181,21.35,1.712,8.738,10.68,,,5.411,,39.15,,13.36,14.83,45.45
2022-07-12,1.934e+04,13.16,8.629,11.58,5.411,25.22,29.64,5.766,17.29,4.521,6.935,11.58,,,5.411,,39.4,,11.05,14.14,45.13
2022-07-13,2.016e+04,12.57,10.13,8.562,5.548,21.93,29.1,7.656,22.64,0.8904,9.336,8.562,,,5.548,,35.69,,8.175,13.39,44.81
2022-07-14,2.055e+04,12.35,11.65,4.795,5.479,22.12,28.96,8.618,25.18,2.26,10.55,4.795,,,5.479,,33.24,,11.01,13.42,44.49
2022-07-15,2.083e+04,13.63,13.49,8.082,5.685,22.41,27.91,9.452,27.29,5.616,11.6,8.082,,,5.685,,31.18,,13.64,11.64,44.17
2022-07-16,2.12e+04,13.8,14.85,7.945,5,21.89,27.32,10.29,29.38,7.055,12.67,7.945,,,5,,29.22,,14.56,10.79,43.85
2022-07-17,2.083e+04,16.25,12.72,24.32,5,21.47,27.17,9.451,27.29,2.534,11.6,24.32,,,5,,28.42,,14.53,10.82,43.52
2022-07-18,2.231e+04,17.64,17.33,21.03,5.479,23.96,26.76,12.86,35.32,5.205,15.95,21.03,,,5.479,,30.03,,17.89,10.31,43.2
2022-07-19,2.337e+04,19.17,20.93,19.04,5.548,26.93,28.89,15.38,40.63,8.562,19.17,19.04,,,5.548,,33.56,,20.3,14.9,42.88
2022-07-20,2.328e+04,20.51,19.95,23.84,5.137,30.75,31.23,15.15,40.17,5.616,18.88,23.84,,,5.137,,38.42,,23.08,19.9,42.56
2022-07-21,2.315e+04,20.2,20.49,19.25,5.068,32,33.69,14.94,39.76,8.63,18.62,19.25,,,5.068,,40.6,,23.41,25.14,42.24
2022-07-22,2.271e+04,23.23,18.92,35.27,4.726,33.25,36.2,14.01,37.82,6.438,17.43,35.27,,,4.726,,42.57,,23.93,30.48,41.91
2022-07-23,2.248e+04,23.92,19.78,36.1,4.726,34.1,37.2,13.53,36.8,11.99,16.82,36.1,,,4.726,,43.39,,24.81,32.81,41.59
2022-07-24,2.265e+04,22.88,20.5,29.11,4.932,34.24,37.62,13.93,37.66,13.08,17.33,29.11,,,4.932,,42.78,,25.7,33.97,41.27
2022-07-25,2.151e+04,20.82,16.03,27.26,4.932,32.99,38.23,11.35,31.91,6.849,14.02,27.26,,,4.932,,39.96,,26.02,35.51,40.95
2022-07-26,2.118e+04,21.34,16.36,28.97,5.616,32.79,37.81,10.64,30.19,11.51,13.1,28.97,,,5.616,,38.87,,26.72,35,40.63
2022-07-27,2.29e+04,21.03,21.98,18.49,5.479,32.07,37.34,14.58,39.03,16.16,18.16,18.49,,,5.479,,36.74,,27.41,34.38,40.31
2022-07-28,2.384e+04,22.61,23.04,23.56,6.027,32.81,37.08,16.72,43.3,11.23,20.92,23.56,,,6.027,,36.61,,29.02,34.18,39.98
2022-07-29,2.395e+04,24.42,23.74,31.71,4.795,33.71,37.49,16.98,43.8,12.95,21.25,31.71,,,4.795,,37.52,,29.89,35.31,39.66
2022-07-30,2.362e+04,24.81,21.46,36.16,4.589,35.57,38.15,16.23,42.35,6.986,20.28,36.16,,,4.589,,38.73,,32.41,36.95,39.34
2022-07-31,2.336e+04,25.68,22.5,36.99,4.863,36.82,39.08,15.63,41.16,13.7,19.51,36.99,,,4.863,,39.45,,34.19,39.14,39.02
2022-08-01,2.333e+04,26.11,21.17,39.25,5.274,39.19,39.16,15.57,41.04,8.63,19.43,39.25,,,5.274,,41.5,,36.88,39.62,38.7
2022-08-02,2.303e+04,25.99,21.8,35.96,5.822,40.3,39.58,14.9,39.68,14.04,18.57,35.96,,,5.822,,42.5,,38.1,40.79,38.37
2022-08-03,2.281e+04,25.31,20.55,34.86,6.37,39.2,39.92,14.4,38.65,11.23,17.93,34.86,,,6.37,,40,,38.39,41.78,38.05
2022-08-04,2.263e+04,24.89,18.99,38.01,5.959,36.51,39.67,14.02,37.86,6.644,17.45,38.01,,,5.959,,35.98,,37.04,41.61,37.73
2022-08-05,2.325e+04,24.65,22.3,32.47,6.644,34.44,38.64,15.45,40.82,13.63,19.29,32.47,,,6.644,,32.26,,36.61,39.86,37.41
2022-08-06,2.3e+04,25,22.34,34.73,6.986,34.19,37.16,14.87,39.63,16.3,18.54,34.73,,,6.986,,31.29,,37.09,37.23,37.09
2022-08-07,2.315e+04,25.29,22.68,36.1,7.603,33.22,36.33,15.23,40.38,16.1,19.01,36.1,,,7.603,,28.14,,38.29,35.89,36.77
2022-08-08,2.38e+04,26.08,23.48,38.29,8.219,33.11,35.89,16.73,43.32,12.95,20.93,38.29,,,8.219,,27.45,,38.77,35.34,36.44
2022-08-09,2.319e+04,25.8,21.75,38.97,8.63,33.39,36.57,15.37,40.66,11.78,19.19,38.97,,,8.63,,27.9,,38.88,37.02,36.12
2022-08-10,2.392e+04,27.75,24.18,42.47,10.21,34.23,36.19,17.04,43.92,14.45,21.33,42.47,,,10.21,,29.47,,38.99,36.58,35.8
2022-08-11,2.393e+04,28.45,23.69,44.18,10.21,36.98,37.29,17.07,43.99,12.33,21.38,44.18,,,10.21,,33.96,,40,39.11,35.48
2022-08-12,2.44e+04,28.13,26.22,37.95,10.41,36.38,38.25,18.13,45.94,18.08,22.73,37.95,,,10.41,,33.55,,39.21,41.34,35.16
2022-08-13,2.443e+04,28.05,25.01,42.12,10.41,32.46,39.25,18.2,46.07,12.95,22.82,42.12,,,10.41,,29.01,,35.91,43.66,34.84
2022-08-14,2.431e+04,25.11,24.23,29.18,10.41,30.27,41.66,17.94,45.61,10.89,22.49,29.18,,,10.41,,27.2,,33.33,48.8,34.51
2022-08-15,2.408e+04,24.18,24.63,26.23,9.932,26.7,43.19,17.43,44.65,14.59,21.83,26.23,,,9.932,,21.74,,31.66,52.19,34.19
2022-08-16,2.387e+04,22.09,24.28,17.53,10.27,24.72,43.25,16.93,43.72,15.27,21.2,17.53,,,10.27,,18.54,,30.89,52.64,33.87
2022-08-17,2.334e+04,20.65,21.08,16.03,10.07,24.06,44.46,15.73,41.39,7.534,19.66,16.03,,,10.07,,18.9,,29.23,55.38,33.55
2022-08-18,2.322e+04,20.87,22.14,16.3,10,23.87,42.76,15.48,40.88,12.88,19.33,16.3,,,10,,19.63,,28.11,52.29,33.23
2022-08-19,2.091e+04,19.9,17.73,21.37,10,21.92,41.35,10.23,29.17,18.97,12.56,21.37,,,10,,19.33,,24.51,49.79,32.9
2022-08-20,2.115e+04,19.07,16.23,23.42,9.932,18.97,38.77,10.79,30.55,10.27,13.29,23.42,,,9.932,,16.14,,21.81,44.97,32.58
2022-08-21,2.155e+04,17.01,17.35,16.92,9.863,12.71,36.71,11.74,32.79,10.34,14.51,16.92,,,9.863,,14.63,,10.8,41.16,32.26
2022-08-22,2.13e+04,16.03,16.48,16.92,9.795,9.675,34.67,11.18,31.49,9.452,13.8,16.92,,,9.795,,13.87,,5.477,37.4,31.94
2022-08-23,2.153e+04,17.51,19.64,21.16,9.452,8.065,32.98,11.74,32.8,19.52,14.51,21.16,,,9.452,,11.72,,4.409,34.35,31.62
2022-08-24,2.142e+04,16.17,17.13,20.62,9.384,7.007,31.25,11.5,32.25,10.55,14.21,20.62,,,9.384,,10.32,,3.697,31.2,31.3
2022-08-25,2.159e+04,15.88,18.73,17.12,9.795,5.982,30.42,11.9,33.17,15.14,14.72,17.12,,,9.795,,8.449,,3.515,29.86,30.97
2022-08-26,2.025e+04,15.28,15.64,20.07,9.932,5.707,29.56,8.84,25.62,17.33,10.77,20.07,,,9.932,,8.256,,3.158,28.46,30.65
2022-08-27,2.004e+04,13.17,12.54,15.55,9.863,5.257,29.14,8.402,24.45,7.123,10.2,15.55,,,9.863,,8.063,,2.452,27.95,30.33
2022-08-28,1.967e+04,14.64,12.65,22.74,10,4.979,29.22,7.549,22.12,11.85,9.094,22.74,,,10,,7.685,,2.273,28.42,30.01
2022-08-29,2.027e+04,14.06,14.45,18.15,9.384,4.372,28.4,8.931,25.85,12.12,10.88,18.15,,,9.384,,6.475,,2.269,27.12,29.69
2022-08-30,1.983e+04,13.58,13.43,18.22,8.904,4.321,28.11,7.963,23.25,12.88,9.624,18.22,,,8.904,,6.377,,2.265,26.85,29.36
2022-08-31,2.002e+04,15.03,12.71,26.71,8.767,4.87,27.52,8.447,24.55,7.603,10.25,26.71,,,8.767,,7.479,,2.261,25.99,29.04
2022-09-01,2.011e+04,15.49,12.59,29.59,8.904,4.962,26.45,8.663,25.12,6.027,10.53,29.59,,,8.904,,7.841,,2.083,24.18,28.72
2022-09-02,1.995e+04,17.86,11.62,43.22,8.767,5.372,25.93,8.342,24.26,3.767,10.11,43.22,,,8.767,,8.664,,2.08,23.46,28.4
2022-09-03,1.98e+04,17.69,12.22,41.03,8.699,6.701,24.66,8.014,23.37,7.808,9.68,41.03,,,8.699,,11.33,,2.076,21.23,28.08
2022-09-04,1.996e+04,21.44,14.59,55.07,8.699,8.419,23.19,8.374,24.34,15.48,10.15,55.07,,,8.699,,14.08,,2.763,18.63,27.76
2022-09-05,1.98e+04,21.57,12.81,56.44,8.562,12.09,22.76,8.009,23.35,10.21,9.674,56.44,,,8.562,,21.42,,2.759,18.08,27.43
2022-09-06,1.885e+04,19.97,8.675,55.55,8.562,12.86,21.84,5.876,17.2,4.726,6.896,55.55,,,8.562,,22.96,,2.754,16.58,27.11
2022-09-07,1.929e+04,19.61,10.62,51.16,8.699,11.55,21.82,6.932,20.31,6.986,8.265,51.16,,,8.699,,20.18,,2.921,16.85,26.79
2022-09-08,1.932e+04,19.36,9.724,51.78,8.699,11.29,21.64,7.02,20.55,2.945,8.376,51.78,,,8.699,,18.97,,3.602,16.82,26.47
2022-09-09,2.136e+04,22.55,18.07,51.85,9.384,12.55,20.97,11.73,32.76,13.29,14.49,51.85,,,9.384,,21.15,,3.938,15.79,26.15
2022-09-10,2.172e+04,24.16,20.01,54.59,9.658,14.08,21.94,12.54,34.64,17.33,15.55,54.59,,,9.658,,24.06,,4.103,18.05,25.82
2022-09-11,2.173e+04,25.77,22.45,56.3,10.14,15.66,22.73,12.59,34.75,26.85,15.61,56.3,,,10.14,,27.06,,4.266,19.97,25.5
2022-09-12,2.237e+04,26.88,21.76,60.96,10.41,17.9,23.05,14.05,37.96,17.53,17.51,60.96,,,10.41,,30.87,,4.94,20.92,25.18
2022-09-13,2.017e+04,28.35,13.34,79.73,10.41,21.11,24.91,9.107,26.25,6.918,11.08,79.73,,,10.41,,36.77,,5.442,24.97,24.86
2022-09-14,2.025e+04,27.63,12.95,75.89,10.41,22.06,25.25,9.347,26.87,4.178,11.39,75.89,,,10.41,,38.01,,6.112,25.96,24.54
2022-09-15,1.97e+04,29.96,12.62,87.33,10.41,22.43,26.3,8.141,23.64,8.904,9.811,87.33,,,10.41,,38.25,,6.61,28.39,24.22
2022-09-16,1.974e+04,29.39,11.54,87.12,10.41,21.87,25.68,8.26,23.96,3.973,9.965,87.12,,,10.41,,37.31,,6.43,27.47,23.89
2022-09-17,2.012e+04,30.97,16.38,88.9,10.34,19.47,24.68,9.146,26.33,18.9,11.12,88.9,,,10.34,,32.18,,6.757,25.79,23.57
2022-09-18,1.943e+04,29.42,12.61,88.63,10.41,18.11,24.79,7.556,22.01,11.85,9.043,88.63,,,10.41,,31.15,,5.059,26.34,23.25
2022-09-19,1.956e+04,28.26,11.12,88.9,10.48,14.13,23.76,7.892,22.94,4.178,9.479,88.9,,,10.48,,24.05,,4.209,24.59,22.93
2022-09-20,1.887e+04,27.67,10.34,89.18,10.48,12.98,21.73,6.343,18.48,9.11,7.449,89.18,,,10.48,,21.76,,4.202,20.86,22.61
2022-09-21,1.851e+04,27.03,8.284,89.66,10.55,13.46,20.68,5.536,16.01,5.205,6.385,89.66,,,10.55,,23.73,,3.188,19.08,22.28
2022-09-22,1.941e+04,27.51,10.73,90.21,10.55,11.03,19.54,7.642,22.22,3.904,9.144,90.21,,,10.55,,19.55,,2.513,17.12,21.96
2022-09-23,1.933e+04,27.83,10.89,91.71,10.48,10.96,19.4,7.451,21.68,5.548,8.892,91.71,,,10.48,,17.9,,4.013,17.16,21.64
2022-09-24,1.892e+04,27.85,10.34,93.08,10.34,10.45,19.82,6.527,19,8.151,7.682,93.08,,,10.34,,18.07,,2.838,18.32,21.32
2022-09-25,1.879e+04,27.68,9.988,93.29,10.27,10.5,18.92,6.235,18.13,8.288,7.298,93.29,,,10.27,,16.34,,4.667,16.85,21
2022-09-26,1.92e+04,28.4,11.82,92.47,10.14,12.41,18.78,7.189,20.93,10.62,8.547,92.47,,,10.14,,18.67,,6.156,16.88,20.68
2022-09-27,1.911e+04,27.38,9.919,91.23,9.795,12.6,18.17,7.006,20.39,3.973,8.303,91.23,,,9.795,,19.55,,5.648,15.99,20.35
2022-09-28,1.945e+04,28.79,12.97,93.22,9.726,12.68,17.55,7.846,22.78,11.85,9.402,93.22,,,9.726,,18.9,,6.468,15.07,20.03
2022-09-29,1.954e+04,28.23,12.54,89.93,9.452,14.85,17.41,8.064,23.38,9.041,9.686,89.93,,,9.452,,24.73,,4.967,15.1,19.71
2022-09-30,1.944e+04,26.49,14.6,75.89,9.247,17.39,17.45,7.854,22.79,18.36,9.406,75.89,,,9.247,,29.83,,4.959,15.51,19.39
2022-10-01,1.931e+04,26.32,15.3,72.81,8.973,19.62,16.66,7.575,22,22.6,9.04,72.81,,,8.973,,32.32,,6.931,14.25,19.07
2022-10-02,1.902e+04,24.7,12.25,69.11,9.041,20.85,16.51,6.898,20.05,13.9,8.15,69.11,,,9.041,,34.62,,7.084,14.28,18.74
2022-10-03,1.963e+04,25.64,14.32,68.63,8.973,22.81,16.85,8.336,24.12,14.79,10.04,68.63,,,8.973,,37.72,,7.895,15.27,18.42
2022-10-04,2.034e+04,26.77,17.73,67.12,8.767,24.8,16.7,9.979,28.46,20.27,12.2,67.12,,,8.767,,39.75,,9.852,15.31,18.1
2022-10-05,2.016e+04,24.79,17.97,54.25,8.973,27.38,17.47,9.565,27.39,23.29,11.65,54.25,,,8.973,,43.29,,11.48,17.16,17.78
2022-10-06,1.995e+04,22.51,15.95,41.3,9.247,33.26,18.28,9.106,26.19,17.47,11.05,41.3,,,9.247,,45.4,,21.11,19.11,17.46
2022-10-07,1.954e+04,20.41,15.67,31.44,9.247,32.93,18.45,8.175,23.67,21.03,9.823,31.44,,,9.247,,44.46,,21.41,19.76,17.14
2022-10-08,1.942e+04,20.45,15.69,31.16,9.384,32.99,19.04,7.911,22.93,22.47,9.473,31.16,,,9.384,,43.62,,22.35,21.27,16.81
2022-10-09,1.943e+04,18.81,14.25,26.71,9.452,31.72,18.35,7.944,23.02,16.51,9.517,26.71,,,9.452,,42.42,,21.01,20.21,16.49
2022-10-10,1.915e+04,18.4,14.05,25.96,9.315,30.87,17.98,7.329,21.28,18.9,8.706,25.96,,,9.315,,42.39,,19.35,19.79,16.17
2022-10-11,1.904e+04,21.5,12.79,43.08,9.521,30.94,18.64,7.08,20.56,15.14,8.377,43.08,,,9.521,,42.39,,19.48,21.44,15.85
2022-10-12,1.916e+04,21.53,11.32,46.44,9.315,31.09,17.54,7.405,21.48,7.603,8.799,46.44,,,9.315,,42.4,,19.77,19.55,15.53
2022-10-13,1.939e+04,16.5,12.83,20.68,8.699,30.23,16.01,7.953,23.02,10.82,9.519,20.68,,,8.699,,41.21,,19.26,16.82,15.21
2022-10-14,1.918e+04,17.3,13.44,23.97,8.836,29.58,16,7.481,21.69,15.68,8.896,23.97,,,8.836,,40.11,,19.06,17.12,14.88
2022-10-15,1.907e+04,14.23,12.76,10.62,8.425,29.12,15.83,7.236,20.99,14.25,8.574,10.62,,,8.425,,39.54,,18.71,17.09,14.56
2022-10-16,1.926e+04,14.16,12.64,10.41,8.288,29.29,16.06,7.689,22.28,11.44,9.169,10.41,,,8.288,,39.42,,19.16,17.88,14.24
2022-10-17,1.956e+04,14.63,14.53,10,8.014,29.32,15.45,8.419,24.3,15.27,10.13,10,,,8.014,,37.26,,21.38,16.99,13.92
2022-10-18,1.934e+04,12.89,12.87,5.274,7.808,28.56,14.85,7.89,22.84,11.3,9.434,5.274,,,7.808,,37.22,,19.9,16.1,13.6
2022-10-19,1.913e+04,13.09,13.2,5.137,7.603,29.27,15.34,7.431,21.54,15,8.826,5.137,,,7.603,,36.75,,21.79,17.4,13.27
2022-10-20,1.903e+04,12.75,12.25,6.301,7.397,27.49,16.01,7.217,20.92,12.33,8.542,6.301,,,7.397,,36.1,,18.88,19.08,12.95
2022-10-21,1.917e+04,12.78,13.96,4.452,6.575,27.56,15.54,7.557,21.89,17.4,8.99,4.452,,,6.575,,32.28,,22.84,18.46,12.63
2022-10-22,1.921e+04,11.96,12.01,3.699,6.507,28.48,14.44,7.667,22.2,9.041,9.131,3.699,,,6.507,,32.25,,24.72,16.58,12.31
2022-10-23,1.957e+04,13.31,15.5,2.603,6.644,30.87,14.06,8.5,24.52,18.77,10.23,2.603,,,6.644,,33.71,,28.03,16.13,11.99
2022-10-24,1.934e+04,12.64,12.57,3.082,6.712,32.31,14.39,7.985,23.09,9.658,9.551,3.082,,,6.712,,36.32,,28.3,17.12,11.67
2022-10-25,2.009e+04,12.51,14.07,1.301,6.507,31.02,13.75,9.725,27.78,6.918,11.85,1.301,,,6.507,,31.72,,30.32,16.16,11.34
2022-10-26,2.08e+04,14.46,20.22,0.3425,6.507,29.52,15.84,11.34,31.81,23.77,13.97,0.3425,,,6.507,,28.45,,30.59,20.65,11.02
2022-10-27,2.028e+04,13.11,16.25,0.411,6.712,28.43,17.35,10.14,28.84,13.63,12.39,0.411,,,6.712,,24.74,,32.12,24.01,10.7
2022-10-28,2.06e+04,14.34,19.87,0.274,6.575,27.83,18.44,10.9,30.74,24.45,13.39,0.274,,,6.575,,22.96,,32.7,26.51,10.38
2022-10-29,2.08e+04,14.78,19.07,2.329,6.712,28.35,20.47,11.36,31.87,19.04,14,2.329,,,6.712,,22.94,,33.75,30.89,10.06
2022-10-30,2.062e+04,15.67,17.66,8.493,7.055,28.16,21.56,10.94,30.84,15.41,13.45,8.493,,,7.055,,22.31,,34.02,33.39,9.735
2022-10-31,2.049e+04,16.78,20.76,9.863,6.712,26.5,22.26,10.65,30.14,29.18,13.07,9.863,,,6.712,,18.88,,34.12,35.1,9.413
2022-11-01,2.048e+04,15.63,18.28,9.315,6.507,25.29,22.78,10.65,30.13,19.25,13.07,9.315,,,6.507,,16.51,,34.07,36.47,9.091
2022-11-02,2.015e+04,12.75,14.54,1.507,6.575,25.29,22.48,9.888,28.2,8.014,12.06,1.507,,,6.575,,16.4,,34.17,36.2,8.769
2022-11-03,2.02e+04,14.85,19.16,3.425,6.507,26.26,22.15,10.01,28.51,25.89,12.22,3.425,,,6.507,,18.4,,34.12,35.86,8.447
2022-11-04,2.116e+04,19.84,19.1,27.33,6.507,27.89,22.01,12.17,33.8,15.34,15.08,27.33,,,6.507,,21.25,,34.53,35.89,8.126
2022-11-05,2.128e+04,24.27,21.9,43.56,6.781,28.79,22.22,12.48,34.5,25.14,15.48,43.56,,,6.781,,22.63,,34.95,36.64,7.804
2022-11-06,2.095e+04,25.72,19.35,53.29,6.918,30.99,22.58,11.7,32.69,18.56,14.46,53.29,,,6.918,,26,,35.98,37.67,7.482
2022-11-07,2.057e+04,25.13,19.11,47.6,7.808,33.94,22.71,10.95,30.87,21.16,13.46,47.6,,,7.808,,31.02,,36.86,38.25,7.16
2022-11-08,1.852e+04,21.86,13.51,37.95,9.589,35.7,22.67,6.28,18.08,22.4,7.277,37.95,,,9.589,,35.07,,36.34,38.49,6.838
2022-11-09,1.576e+04,13.6,1.867,23.77,9.726,26.73,22.4,0.138,0,7.329,0,23.77,,,9.726,,23.07,,30.39,38.29,6.516
2022-11-10,1.754e+04,9.22,8.492,8.425,6.918,6.904,21.44,4.33,11.72,13.29,4.628,8.425,,,6.918,,1.733,,12.07,36.68,6.195
2022-11-11,1.692e+04,6.132,4.713,0.06849,7.808,5.527,20.78,2.954,6.89,6.233,2.775,0.06849,,,7.808,,1.472,,9.583,35.68,5.873
2022-11-12,1.677e+04,6.543,7.476,0.06849,7.192,3.778,19.08,2.735,6.016,18.7,2.453,0.06849,,,7.192,,1.384,,6.173,32.6,5.551
2022-11-13,1.632e+04,4.188,2.186,0.06849,6.986,2.377,16.55,1.718,2.174,3.767,1.084,0.06849,,,6.986,,1.21,,3.544,27.88,5.229
2022-11-14,1.663e+04,4.079,3.21,0.06849,6.37,1.364,14.63,2.511,5.121,3.082,2.128,0.06849,,,6.37,,1.036,,1.692,24.35,4.907
2022-11-15,1.686e+04,5.282,7.224,0.06849,6.37,1.166,12.91,3.122,7.299,15.55,2.927,0.06849,,,6.37,,0.9491,,1.382,21.23,4.586
2022-11-16,1.666e+04,4.747,6.013,0.06849,6.507,1.174,11.52,2.776,5.964,12.88,2.434,0.06849,,,6.507,,1.121,,1.227,18.77,4.264
2022-11-17,1.668e+04,4.64,5.09,0.06849,6.37,3.254,10.82,3.013,6.697,7.945,2.704,0.06849,,,6.37,,4.823,,1.685,17.71,3.942
2022-11-18,1.666e+04,5.11,5.809,0.8219,6.37,4.135,10.18,3.504,8.134,8.356,3.24,0.8219,,,6.37,,6.282,,1.988,16.75,3.62
2022-11-19,1.67e+04,5.573,6.9,0.7534,6.507,4.336,10.55,3.607,8.494,12.12,3.376,0.7534,,,6.507,,6.535,,2.137,17.81,3.298
2022-11-20,1.625e+04,5.074,5.17,0.7534,6.575,4.666,10.99,2.597,4.729,11.37,1.986,0.7534,,,6.575,,7.045,,2.287,19.01,2.977
2022-11-21,1.578e+04,3.872,1.616,0.4795,6.918,5.552,9.94,1.591,0.7243,3.562,0.5856,0.4795,,,6.918,,8.67,,2.435,17.23,2.655
2022-11-22,1.617e+04,4.559,3.177,0.6849,6.301,7.157,9.762,2.571,4.524,3.699,1.913,0.6849,,,6.301,,11.58,,2.736,17.19,2.333
2022-11-23,1.657e+04,5.813,6.032,0.2055,6.301,9.806,9.293,3.483,7.952,9.521,3.171,0.2055,,,6.301,,16.88,,2.731,16.58,2.011
2022-11-24,1.658e+04,5.86,4.985,0.274,6.301,12.59,9.115,3.531,8.11,5.068,3.231,0.274,,,6.301,,22.6,,2.576,16.54,1.689
2022-11-25,1.652e+04,5.693,4.476,0.6164,6.37,12.72,8.218,3.425,7.703,3.699,3.078,0.6164,,,6.37,,23.01,,2.421,15.07,1.368
2022-11-26,1.645e+04,6.268,3.712,0.6164,11.48,11.79,7.8,3.273,7.134,1.575,2.866,0.6164,,,6.301,16.67,21.62,,1.964,14.55,1.046
2022-11-27,1.644e+04,6.974,5.259,0.7534,12.04,11.78,8.068,3.255,7.063,7.877,2.839,0.7534,,,6.507,17.58,21.61,,1.961,15.41,0.7241
2022-11-28,1.621e+04,7.007,4.729,0.6164,13,10.81,10.06,2.795,5.298,8.63,2.192,0.6164,,,6.438,19.57,19.97,,1.657,19.73,0.4023
2022-11-29,1.644e+04,7.427,5.067,0.8219,13.33,11.8,10.52,3.355,7.38,6.575,2.957,0.8219,,,6.233,20.43,21.65,,1.955,20.96,0.08045
2022-11-30,1.718e+04,9.118,9.057,0.5479,14.29,12.03,11.76,5.087,13.48,12.33,5.335,0.5479,,,6.233,22.34,21.21,,2.853,23.53,0
2022-12-01,1.696e+04,9.514,9.846,0.6164,14.7,11.34,13.05,4.605,11.82,18.29,4.668,0.6164,,,6.233,23.16,19.23,,3.448,26.1,0
2022-12-02,1.708e+04,9.35,7.307,2.534,15.13,12.09,14.47,4.899,12.82,6.438,5.069,2.534,,,6.301,23.96,19.98,,4.192,28.94,0
2022-12-03,1.69e+04,9.857,7.258,1.918,16.62,13.97,15.14,4.502,11.45,8.562,4.519,1.918,,,6.438,26.8,23.45,,4.484,30.27,0
2022-12-04,1.712e+04,10.82,9.48,0.137,18.08,15.63,15.12,5.044,13.3,14.32,5.262,0.137,,,6.575,29.59,26.49,,4.776,30.24,0
2022-12-05,1.696e+04,12.24,9.694,0.137,25.04,15.66,14.62,4.833,12.5,16.51,4.938,0.137,,,6.644,43.43,25.95,,5.365,29.25,0
2022-12-06,1.707e+04,13,8.849,0.3425,29.75,16.21,14.5,5.102,13.41,11.58,5.308,0.3425,,,6.507,53,26.02,,6.399,29.01,0
2022-12-07,1.685e+04,14.16,11.62,0.411,31.47,15.1,14.49,4.592,11.66,25.62,4.602,0.411,,,6.507,56.44,23.96,,6.241,28.97,0
2022-12-08,1.723e+04,14.66,12.9,0.5479,31.55,15.29,14.28,5.507,14.76,25.48,5.863,0.5479,,,6.233,56.86,23.6,,6.973,28.56,0
2022-12-09,1.714e+04,14.14,11.3,0.8219,31.27,15.7,14.09,5.326,14.14,20.14,5.606,0.8219,,,6.233,56.31,23.84,,7.556,28.18,0
2022-12-10,1.712e+04,13.52,11.59,1.575,28.6,13.5,14.08,5.299,14.05,21.44,5.569,1.575,,,6.233,50.96,19,,7.988,28.15,0
2022-12-11,1.709e+04,15.74,10.67,8.219,35.53,12.31,14.06,5.244,13.86,18.08,5.491,8.219,,,6.301,64.76,16.2,,8.419,28.12,0
2022-12-12,1.72e+04,17.99,10.84,11.58,42.37,13.18,14.26,5.495,14.7,17.33,5.837,11.58,,,6.438,78.3,16.78,,9.587,28.53,0
2022-12-13,1.777e+04,16.46,15.24,8.699,28.35,15.13,14.47,6.864,19.11,27.26,7.73,8.699,,,6.233,50.47,18.03,,12.22,28.94,0
2022-12-14,1.781e+04,15.59,14.12,6.849,24.88,18.93,14.61,6.987,19.48,22.12,7.894,6.849,,,6.233,43.52,23.74,,14.12,29.21,0
2022-12-15,1.734e+04,14.99,11.17,8.493,22.42,22.22,15.67,5.913,16.05,16.3,6.404,8.493,,,6.301,38.53,28.43,,16.01,31.34,0
2022-12-16,1.661e+04,14.11,6.719,11.16,22.76,22.45,16.03,4.219,10.25,8.356,4.05,11.16,,,6.438,39.09,28.49,,16.42,32.05,0
2022-12-17,1.677e+04,17.95,8.671,20.96,27.44,24.19,16.11,4.625,11.68,13.77,4.612,20.96,,,6.233,48.65,33,,15.37,32.23,0
2022-12-18,1.678e+04,14.69,9.56,2.945,26.81,25.22,16.1,4.636,11.72,17.26,4.626,2.945,,,6.301,47.32,35.23,,15.2,32.19,0
2022-12-19,1.642e+04,12.8,6.919,2.877,20.85,26.68,16.28,3.884,8.993,11.23,3.566,2.877,,,6.301,35.4,38.47,,14.89,32.57,0
2022-12-20,1.69e+04,16.86,9.716,3.493,36.45,25.39,16.64,5.009,12.97,15.75,5.129,3.493,,,6.233,66.67,36.93,,13.85,33.29,0
2022-12-21,1.68e+04,15.69,9.774,5.479,29.64,24.27,16.01,4.807,12.26,17.19,4.841,5.479,,,6.233,53.04,33.97,,14.56,32.02,0
2022-12-22,1.681e+04,13.48,8.884,5.959,20.79,23.11,15.55,4.855,12.42,13.36,4.906,5.959,,,6.233,35.34,32.27,,13.95,31.1,0
2022-12-23,1.678e+04,15.52,8.419,13.56,14.69,35.93,15.29,4.797,12.21,11.85,4.821,13.56,,,6.301,23.08,37.76,,34.11,30.58,0
2022-12-24,1.684e+04,14.96,5.714,13.49,13.71,39.83,15.45,4.938,12.69,0.2055,5.017,13.49,,,6.233,21.19,38.06,,41.59,30.89,0
2022-12-25,1.682e+04,16.93,9.982,13.08,12.81,44.41,15.91,4.932,12.66,17.33,5.004,13.08,,,6.301,19.33,35.86,,52.97,31.82,0
2022-12-26,1.688e+04,16.5,8.586,12.6,12.91,45.47,15.75,5.067,13.13,10.96,5.191,12.6,,,6.644,19.17,32.42,,58.53,31.51,0
2022-12-27,1.67e+04,15.62,6.146,12.74,12.45,45.95,15.43,4.666,11.73,3.562,4.63,12.74,,,6.712,18.18,33.31,,58.59,30.86,0
2022-12-28,1.654e+04,17.66,11.44,14.04,12.37,45.36,15.74,4.353,10.58,26.64,4.18,14.04,,,6.712,18.03,32.36,,58.36,31.47,0
2022-12-29,1.663e+04,17.25,9.495,12.81,12.47,48.65,15.72,4.617,11.5,17.33,4.539,12.81,,,7.055,17.89,35,,62.3,31.44,0
2022-12-30,1.659e+04,17.26,11.12,12.53,12.51,45.12,15.92,4.546,11.24,24.25,4.437,12.53,,,8.082,16.94,34.63,,55.6,31.85,0
2022-12-31,1.652e+04,17.27,10.9,13.42,12.04,45.64,15.15,4.482,10.96,23.84,4.326,13.42,,,8.082,16,37.76,,53.52,30.31,0
2023-01-01,1.661e+04,17.27,11.21,14.04,12.7,43.55,14.67,4.681,11.66,23.9,4.605,14.04,,,7.945,17.46,41.54,,45.56,29.35,0
2023-01-02,1.669e+04,17.05,11.64,15.14,12.41,40.21,14.35,4.878,12.35,24.45,4.879,15.14,,,8.288,16.54,40.51,,39.91,28.7,0
2023-01-03,1.667e+04,17.21,11.48,14.93,12.81,41.5,14.18,4.854,12.26,23.97,4.842,14.93,,,8.425,17.19,42.72,,40.29,28.36,0
2023-01-04,1.685e+04,17.26,11,16.1,13.66,40.12,14.4,5.296,13.78,19.45,5.458,16.1,,,7.945,19.38,42.43,,37.8,28.8,0
2023-01-05,1.682e+04,16.2,12.36,14.93,13.94,30.81,14.76,5.257,13.64,25.14,5.401,14.93,,,7.877,20,39.83,,21.79,29.52,0
2023-01-06,1.696e+04,17.35,14.73,14.59,15.11,32.23,14.2,5.593,14.77,32.67,5.867,14.59,,,7.329,22.9,38.15,,26.32,28.39,0
2023-01-07,1.694e+04,16.75,12.72,15.07,16.37,30.62,14.21,5.568,14.69,24.79,5.831,15.07,,,6.986,25.76,33.25,,27.98,28.42,0
2023-01-08,1.706e+04,17.7,13.15,18.29,16.38,31.76,14.01,5.846,15.62,24.93,6.22,18.29,,,7.192,25.56,33.88,,29.65,28.01,0
2023-01-09,1.718e+04,18.37,13.57,18.63,17.17,33.89,13.77,6.139,16.59,24.93,6.631,18.63,,,7.466,26.87,36.33,,31.44,27.53,0
2023-01-10,1.743e+04,19.42,16.04,18.36,18.44,33.78,13.78,6.751,18.56,31.37,7.485,18.36,,,7.26,29.63,34.32,,33.24,27.57,0
2023-01-11,1.783e+04,19.45,15.85,18.84,19.59,32.8,13,7.724,21.58,25.27,8.844,18.84,,,8.288,30.88,31.41,,34.18,25.99,0
2023-01-12,1.887e+04,25.96,20.16,38.97,22.8,34.79,13.3,10.13,28.5,29.79,12.22,38.97,,,9.11,36.5,34.59,,34.98,26.61,0
2023-01-13,1.987e+04,30.39,24.3,45.27,29.69,36.33,14.4,12.44,34.46,34.86,15.45,45.27,,,9.384,50,36.45,,36.2,28.8,0
2023-01-14,2.101e+04,36.52,30,48.49,40.3,43.33,17.59,15.09,40.62,45.14,19.16,48.49,,,9.384,71.22,47.99,,38.68,35.17,0
2023-01-15,2.088e+04,40.44,28.65,57.67,49.4,46.45,20.26,14.77,39.9,41.23,18.71,57.67,,,9.521,89.29,51.89,,41.01,40.51,0
2023-01-16,2.118e+04,41.98,27.7,59.18,50.89,54.01,21.73,15.46,41.42,34.25,19.68,59.18,,,9.589,92.2,65.52,,42.5,43.46,0
2023-01-17,2.118e+04,42.73,28.97,56.51,52.72,55.14,24.76,15.44,41.36,39.45,19.64,56.51,,,9.658,95.77,66.86,,43.42,49.52,0
2023-01-18,2.071e+04,42.09,25.71,55.55,53.36,56.65,28.15,14.34,38.94,31.44,18.11,55.55,,,9.521,97.2,68.27,,45.03,56.3,0
2023-01-19,2.107e+04,44.68,27.25,62.81,54.83,57.67,29.61,15.2,40.86,33.63,19.31,62.81,,,9.658,100,68.55,,46.79,59.21,0
2023-01-20,2.266e+04,43.76,31.12,49.79,54.59,58.9,31.58,18.89,48.33,32.81,24.45,49.79,,,9.863,99.31,68.98,,48.81,63.15,0
2023-01-21,2.28e+04,44.13,32.24,49.45,55,58.5,31.82,19.2,48.91,35.96,24.88,49.45,,,10,100,66.31,,50.7,63.63,0
2023-01-22,2.272e+04,44.07,33.8,48.15,55.1,56.01,31.83,18.98,48.5,43.15,24.58,48.15,,,10.21,100,60.84,,51.18,63.66,0
2023-01-23,2.293e+04,45.45,35.22,52.19,55.21,56.18,32.14,19.48,49.41,46.71,25.26,52.19,,,10.41,100,60.83,,51.53,64.28,0
2023-01-24,2.261e+04,42.87,30.64,48.01,53.86,56.97,32.28,18.72,47.99,31.64,24.21,48.01,,,10.41,97.32,60.82,,53.12,64.55,0
2023-01-25,2.311e+04,45.87,37.54,49.32,55.21,57.41,32.09,19.87,50.12,54.38,25.8,49.32,,,10.41,100,60.81,,54.02,64.18,0
2023-01-26,2.301e+04,43.72,35.2,43.84,53.02,58,33.25,19.66,49.74,45.89,25.51,43.84,,,10.68,95.36,60.8,,55.19,66.51,0
2023-01-27,2.307e+04,43.47,35.35,42.05,54.1,56.77,33.48,19.83,50.07,45.75,25.76,42.05,,,10.82,97.37,57.47,,56.08,66.95,0
2023-01-28,2.301e+04,43.91,36.56,43.9,52.01,57.26,33.42,19.68,49.79,51.23,25.55,43.9,,,10.55,93.46,57.42,,57.1,66.85,0
2023-01-29,2.377e+04,45.22,38.26,47.67,51.12,58.09,33.56,21.46,52.95,50.62,28.03,47.67,,,10.68,91.56,57.5,,58.68,67.12,0
2023-01-30,2.28e+04,43.31,32.36,45.27,53.58,58.53,34.38,19.17,48.84,36.58,24.83,45.27,,,11.03,96.13,57.37,,59.7,68.77,0
2023-01-31,2.313e+04,41.59,30.76,41.71,51.18,58.76,34.3,19.93,50.24,26.99,25.89,41.71,,,10.68,91.67,57.36,,60.16,68.6,0
2023-02-01,2.373e+04,42.78,35.29,41.71,48.86,59.03,34.64,21.28,52.6,39.52,27.74,41.71,,,11.1,86.62,57.56,,60.49,69.28,0
2023-02-02,2.351e+04,43.68,35.73,41.51,52.56,59.07,35.05,20.74,51.67,43.49,27,41.51,,,10.82,94.3,57.31,,60.82,70.1,0
2023-02-03,2.345e+04,41.27,33.77,36.37,47.37,61.15,35.33,20.59,51.39,36.3,26.78,36.37,,,11.1,83.65,61.02,,61.29,70.65,0
2023-02-04,2.336e+04,41.49,33.94,37.4,47.11,60.76,35.96,20.36,50.98,37.95,26.46,37.4,,,10.48,83.75,61.01,,60.52,71.92,0
2023-02-05,2.296e+04,42.3,34.82,41.1,46.06,60.45,36.11,19.43,49.28,45.41,25.16,41.1,,,10.14,81.99,61,,59.89,72.23,0
2023-02-06,2.275e+04,41.17,33.64,40,43.92,60.26,35.68,18.93,48.35,42.81,24.46,40,,,9.452,78.4,60.99,,59.54,71.37,0
2023-02-07,2.327e+04,41.13,34.63,39.18,42.9,60.01,35.96,20.14,50.58,41.64,26.15,39.18,,,9.11,76.69,60.98,,59.05,71.92,0
2023-02-08,2.294e+04,40.91,32.9,42.19,41.89,59.77,36.1,19.36,49.16,38.01,25.07,42.19,,,10.62,73.17,60.97,,58.56,72.19,0
2023-02-09,2.182e+04,41.13,32.26,45.14,41.7,59.38,35.6,16.75,44.08,46.78,21.44,45.14,,,10.07,73.33,60.96,,57.8,71.2,0
2023-02-10,2.162e+04,41.13,29.73,52.74,39.41,58.93,34.55,16.3,43.15,38.63,20.82,52.74,,,10.14,68.67,60.96,,56.91,69.11,0
2023-02-11,2.186e+04,41.63,30.76,53.08,43.5,54.42,33.87,16.88,44.34,40.21,21.62,53.08,,,10.96,76.05,53.49,,55.35,67.74,0
2023-02-12,2.177e+04,42.01,32.29,53.29,44.67,51.99,33.24,16.66,43.9,47.26,21.32,53.29,,,11.37,77.98,49.92,,54.05,66.47,0
2023-02-13,2.18e+04,41.12,31.71,48.49,47.57,50.47,32.38,16.73,44.04,44.66,21.41,48.49,,,11.71,83.43,47.64,,53.31,64.76,0
2023-02-14,2.222e+04,42.49,32.96,47.47,53.87,50.08,31.82,17.72,46.03,45.27,22.79,47.47,,,11.85,95.88,47.6,,52.56,63.63,0
2023-02-15,2.43e+04,46.01,40.57,54.79,51.68,49.34,31.16,22.58,54.76,55.41,29.52,54.79,,,12.12,91.23,44.84,,53.84,62.33,0
2023-02-16,2.374e+04,47.21,40.49,61.37,49.96,50.47,32.05,21.24,52.5,60.55,27.66,61.37,,,12.12,87.79,47.04,,53.9,64.11,0
2023-02-17,2.461e+04,48.79,41.51,63.29,53.14,50.84,33.53,23.25,55.83,56.51,30.44,63.29,,,12.05,94.22,47.05,,54.63,67.05,0
2023-02-18,2.464e+04,46.65,42.05,53.7,48.56,53.69,34.32,23.31,55.93,58.42,30.52,53.7,,,12.05,85.06,49.6,,57.77,68.63,0
2023-02-19,2.437e+04,48.78,40.63,65.21,48.03,56.07,35.03,22.67,54.89,55.34,29.63,65.21,,,12.05,84,52.03,,60.11,70.07,0
2023-02-20,2.48e+04,48.86,40.24,66.37,44.68,59.75,36.08,23.67,56.5,49.79,31.02,66.37,,,13.22,76.14,56.53,,62.97,72.16,0
2023-02-21,2.44e+04,48.4,41.12,64.04,41.96,61.02,36.54,22.73,54.98,57.05,29.71,64.04,,,12.74,71.19,56.88,,65.15,73.08,0
2023-02-22,2.416e+04,46.19,37.52,59.25,37.86,66.37,36.82,22.18,54.08,44.86,28.95,59.25,,,13.36,62.36,67.01,,65.73,73.63,0
2023-02-23,2.391e+04,46.87,40.16,62.4,38.42,59.96,36.52,21.58,53.06,57.88,28.12,62.4,,,12.6,64.25,53.22,,66.71,73.05,0
2023-02-24,2.318e+04,42.59,33.51,63.56,29.22,57.9,36.18,19.87,50.05,38.36,25.75,63.56,,,12.88,45.56,49.44,,66.36,72.36,0
2023-02-25,2.316e+04,41.42,29.84,66.58,29.23,55.19,35.38,19.83,50,23.84,25.7,66.58,,,12.6,45.86,44.25,,66.14,70.75,0
2023-02-26,2.354e+04,43.66,38.7,66.1,26.7,53.93,34.64,20.73,51.59,55.55,26.94,66.1,,,12.74,40.66,41.68,,66.18,69.28,0
2023-02-27,2.35e+04,42.09,35.48,68.08,24.58,51.62,33.97,20.63,51.42,43.08,26.8,68.08,,,14.73,34.43,38.48,,64.77,67.95,0
2023-02-28,2.315e+04,41.84,33.98,67.53,29.14,48.43,33.51,19.84,50.02,40.34,25.72,67.53,,,15.34,42.93,32.83,,64.02,67.02,0
2023-03-01,2.361e+04,44.88,39.27,72.6,31.49,47.04,32.57,20.95,52,56.85,27.27,72.6,,,15.41,47.57,29.88,,64.2,65.14,0
2023-03-02,2.347e+04,43.48,36.07,72.4,29.98,47.99,31.83,20.63,51.43,45.41,26.82,72.4,,,15.34,44.62,32.39,,63.59,63.66,0
2023-03-03,2.235e+04,43.93,35.18,70.41,36.98,46.56,31.49,18.01,46.59,52.95,23.19,70.41,,,15.14,58.82,29.36,,63.77,62.98,0
2023-03-04,2.233e+04,43.21,33.41,71.23,35.73,46.73,31.15,17.98,46.52,46.03,23.14,71.23,,,15.07,56.38,30.84,,62.63,62.29,0
2023-03-05,2.242e+04,44.5,34.04,73.36,40.6,44.79,30.75,18.21,46.97,47.53,23.46,73.36,,,15.07,66.14,28.21,,61.37,61.51,0
2023-03-06,2.241e+04,44.72,30.82,77.26,44.03,44.09,30.63,18.2,46.97,34.66,23.46,77.26,,,15.96,72.11,27.95,,60.24,61.27,0
2023-03-07,2.217e+04,42.66,34.58,74.52,31.21,42.41,30.51,17.8,46.23,51.37,22.93,74.52,,,15.82,46.6,27.14,,57.67,61.03,0
2023-03-08,2.17e+04,38.19,28.6,69.93,25.37,40.45,30.5,16.7,44.02,32.26,21.4,69.93,,,16.37,34.38,26.57,,54.32,60.99,0
2023-03-09,2.035e+04,36.62,24.37,71.92,23.73,39.68,30.07,13.57,37.17,29.73,17.03,71.92,,,16.37,31.09,27.34,,52.03,60.14,0
2023-03-10,2.024e+04,41.7,24.12,66.58,58.29,36.29,28.37,13.34,36.63,29.79,16.71,66.58,,,16.58,100,24.41,,48.17,56.75,0
2023-03-11,2.059e+04,40.76,29.33,57.33,57.64,32.28,26.59,14.16,38.53,46.78,17.85,57.33,,,15.27,100,22.59,,41.98,53.18,0
2023-03-12,2.207e+04,40.98,34.06,53.9,54.9,32.07,24.93,17.63,45.9,50,22.7,53.9,,,9.795,100,22.34,,41.8,49.86,0
2023-03-13,2.415e+04,47.35,40.31,68.84,58.94,34.54,25.07,22.48,54.67,54.66,29.45,68.84,,,17.88,100,24.75,,44.34,50.14,0
2023-03-14,2.477e+04,50.11,40.87,75.89,57.71,43.31,25.92,23.87,56.89,51.37,31.36,75.89,,,15.41,100,37.4,,49.22,51.85,0
2023-03-15,2.441e+04,51.06,39.92,78.9,56.61,49.29,25.94,23,55.49,51.03,30.15,78.9,,,13.22,100,45.66,,52.92,51.88,0
2023-03-16,2.504e+04,51.37,40.19,78.97,56.99,49.26,27.17,24.45,57.79,46.37,32.16,78.97,,,13.97,100,45.66,,52.85,54.35,0
2023-03-17,2.745e+04,56.15,48.82,83.15,57.49,53.69,28.77,29.98,65.53,60,39.78,83.15,,,15.48,99.5,52.54,,54.85,57.53,0
2023-03-18,2.699e+04,57.76,49.56,81.92,56.41,64.09,31.4,28.88,64.07,67.05,38.23,81.92,,,14.79,98.02,67.71,,60.47,62.81,0
2023-03-19,2.819e+04,59.62,51.13,85.89,56.5,65.29,34.52,31.66,67.62,63.15,42.08,85.89,,,15.96,97.04,68.9,,61.68,69.04,0
2023-03-20,2.783e+04,60.21,50.97,88.29,56.26,65.86,35.84,30.8,66.52,65.68,40.86,88.29,,,16.44,96.08,69.47,,62.24,71.68,0
2023-03-21,2.817e+04,59.35,50.57,88.36,56.81,59.75,36.54,31.54,67.43,61.44,41.86,88.36,,,18.01,95.61,57.59,,61.9,73.08,0
2023-03-22,2.734e+04,57.17,50.2,84.04,56.61,51.66,37.17,29.57,64.92,67.19,39.13,84.04,,,18.08,95.15,45.1,,58.23,74.35,0
2023-03-23,2.839e+04,59.06,54.89,85.07,56.63,51.85,37.33,31.96,67.89,77.33,42.38,85.07,,,18.08,95.17,41.57,,62.13,74.66,0
2023-03-24,2.746e+04,57.6,50.77,84.32,56.84,52.13,37.83,29.77,65.14,68.84,39.36,84.32,,,19.45,94.23,42.86,,61.41,75.65,0
2023-03-25,2.749e+04,55.98,48.49,84.45,56.79,46.52,37.81,29.82,65.2,59.52,39.42,84.45,,,19.79,93.78,34.52,,58.51,75.62,0
2023-03-26,2.805e+04,55.73,49.96,83.97,56.7,42.14,37.84,31.11,66.84,60.68,41.2,83.97,,,20.07,93.33,26.74,,57.54,75.68,0
2023-03-27,2.715e+04,53.1,47.91,80.21,55.79,35.76,37.69,28.94,64.02,60.48,38.18,80.21,,,18.7,92.89,21.46,,50.06,75.38,0
2023-03-28,2.728e+04,51.26,46.39,78.9,55.41,29.61,37.17,29.23,64.39,53.36,38.57,78.9,,,18.84,91.98,20.82,,38.39,74.35,0
2023-03-29,2.839e+04,52.04,51.6,75.75,54.64,28.06,36.95,31.79,67.61,64.93,42.07,75.75,,,17.74,91.55,24.9,,31.21,73.9,0
2023-03-30,2.802e+04,49.95,52.49,70.14,54.53,19.61,37.05,31.65,67.81,68.22,42.29,70.14,,,17.95,91.12,26.12,,13.1,74.11,0
2023-03-31,2.851e+04,47.61,51.75,61.16,54.12,18.19,37.16,32.75,69.12,61.3,43.81,61.16,,,18.01,90.23,22.39,,13.98,74.32,0
2023-04-01,2.849e+04,47.87,51.46,61.3,53.43,21.47,36.95,32.69,69.03,60.41,43.7,61.3,,,17.05,89.81,28.86,,14.09,73.9,0
2023-04-02,2.816e+04,48.8,52.08,63.84,52.75,23.74,36.9,31.9,68.08,65.75,42.6,63.84,,,16.1,89.4,33.15,,14.32,73.8,0
2023-04-03,2.785e+04,48.06,48.34,65.14,53.19,25.31,36.8,31.15,67.15,53.49,41.55,65.14,,,17.4,88.99,33.67,,16.96,73.6,0
2023-04-04,2.811e+04,50.75,53.44,62.95,54.35,32.59,37,31.75,67.89,71.71,42.39,62.95,,,19.66,89.04,29.02,,36.16,74.01,0
2023-04-05,2.819e+04,49.38,50.54,60.07,53.17,35.42,37.31,31.91,68.06,59.59,42.58,60.07,,,18.15,88.18,27.15,,43.69,74.62,0
2023-04-06,2.805e+04,51.89,52.99,64.45,54.15,39.2,37.5,31.55,67.62,70.68,42.08,64.45,,,18.7,89.59,24.67,,53.72,75,0
2023-04-07,2.794e+04,52.22,50.36,70.41,55.46,37.72,37.59,31.3,67.32,61.1,41.73,70.41,,,19.93,90.99,21.66,,53.78,75.17,0
2023-04-08,2.796e+04,51.46,51.32,67.33,55.31,34.71,37.6,31.36,67.39,64.73,41.81,67.33,,,19.59,91.03,15.96,,53.46,75.21,0
2023-04-09,2.836e+04,52.61,52.34,72.19,55.6,33.27,37.45,32.27,68.51,65.48,43.09,72.19,,,20.14,91.07,13.27,,53.27,74.9,0
2023-04-10,2.969e+04,54.11,52.16,78.7,55.52,35.14,37.41,35.35,72.03,53.9,47.35,78.7,,,19.93,91.11,16.7,,53.58,74.83,0
2023-04-11,3.025e+04,56.85,58,78.42,55.69,39.58,37.93,36.58,73.32,73.08,49.01,78.42,,,19.79,91.59,26.03,,53.13,75.86,0
2023-04-12,2.991e+04,55.48,57.75,71.92,55.47,39.86,38.08,35.78,72.46,74.86,47.89,71.92,,,19.32,91.63,26.78,,52.94,76.16,0
2023-04-13,3.037e+04,53.86,57.13,63.49,55.35,42.01,37.96,36.82,73.55,68.84,49.3,63.49,,,19.04,91.67,31.27,,52.75,75.92,0
2023-04-14,3.046e+04,53.27,57.06,58.77,55.7,43.93,38.13,36.98,73.69,68.08,49.49,58.77,,,20.14,91.27,35.29,,52.56,76.27,0
2023-04-15,3.034e+04,53.99,58.58,58.56,55.56,45.54,38.36,36.69,73.38,75.14,49.09,58.56,,,19.38,91.74,38.7,,52.37,76.71,0
2023-04-16,3.031e+04,51.09,53.85,50.27,54.99,48.89,38.56,36.61,73.3,56.51,48.97,50.27,,,18.63,91.34,45.23,,52.55,77.12,0
2023-04-17,2.947e+04,51.94,56.1,50.96,54.57,48.78,38.82,34.63,71.14,72.4,46.23,50.96,,,18.63,90.52,45.58,,51.99,77.64,0
2023-04-18,3.037e+04,51.35,59.28,44.38,54.43,46.63,38.48,36.69,73.37,78.01,49.07,44.38,,,19.59,89.27,41.2,,52.05,76.95,0
2023-04-19,2.88e+04,48.14,52.27,42.12,53.64,45.73,38.36,32.99,69.22,62.95,43.92,42.12,,,19.25,88.03,40.33,,51.12,76.71,0
2023-04-20,2.825e+04,47.86,49.53,46.92,52.95,45.04,37.95,31.71,67.68,56.58,42.15,46.92,,,19.52,86.38,39.77,,50.31,75.89,0
2023-04-21,2.729e+04,48.74,48.82,54.73,50.42,46.37,36.63,29.45,64.83,61.99,39.03,54.73,,,18.22,82.63,42.86,,49.88,73.25,0
2023-04-22,2.783e+04,48.72,51.12,53.9,47.18,46.88,35.8,30.7,66.43,66.58,40.76,53.9,,,13.36,81.01,44.19,,49.57,71.61,0
2023-04-23,2.76e+04,47.67,50.17,56.3,44.12,43.38,35.26,30.17,65.75,64.73,40.01,56.3,,,15.55,72.69,39.23,,47.53,70.51,0
2023-04-24,2.752e+04,45.85,48.91,56.37,40.19,39.98,34.2,29.97,65.5,60.41,39.74,56.37,,,16.78,63.6,33.97,,45.99,68.39,0
2023-04-25,2.83e+04,45.67,48.58,56.78,39.02,40.85,33.78,31.79,67.78,52.47,42.26,56.78,,,16.37,61.67,37.12,,44.58,67.57,0
2023-04-26,2.838e+04,47.02,49.53,61.44,39.8,40.65,33.37,31.97,67.98,55.68,42.49,61.44,,,14.45,65.15,37.02,,44.28,66.75,0
2023-04-27,2.947e+04,48.7,52.72,63.9,41.25,38.94,33.8,34.48,70.92,59.52,45.96,63.9,,,14.32,68.18,34.64,,43.24,67.6,0
2023-04-28,2.935e+04,51.12,55.11,64.04,48.93,38.54,34.57,34.18,70.55,70.21,45.52,64.04,,,14.32,83.54,34.01,,43.07,69.14,0
2023-04-29,2.922e+04,52,53.33,70.55,49.44,38.48,35.68,33.86,70.2,64.18,45.08,70.55,,,13.63,85.25,32.48,,44.49,71.37,0
2023-04-30,2.936e+04,53.26,55.24,71.58,49.43,40.95,35.82,34.19,70.56,70.68,45.53,71.58,,,13.56,85.31,34.42,,47.49,71.64,0
2023-05-01,2.811e+04,53.12,55.05,72.12,49.67,39.15,36.22,31.27,67.11,80.34,41.5,72.12,,,14.79,84.55,29.64,,48.66,72.43,0
2023-05-02,2.869e+04,50.86,50.34,69.04,50.66,37.79,36.34,32.6,68.72,56.71,43.34,69.04,,,15.89,85.43,26.98,,48.6,72.67,0
2023-05-03,2.905e+04,52.24,53.56,69.73,50.39,38.61,36.8,33.35,69.56,66.99,44.32,69.73,,,16.1,84.68,27.71,,49.51,73.6,0
2023-05-04,2.886e+04,52.44,53.64,69.73,49.45,40.85,37.05,32.9,69.03,68.9,43.7,69.73,,,13.77,85.14,31.15,,50.55,74.11,0
2023-05-05,2.955e+04,50.5,50.93,63.9,49.72,41.75,36.9,34.52,70.89,52.4,45.92,63.9,,,14.25,85.2,30.45,,53.04,73.8,0
2023-05-06,2.89e+04,52.08,54.1,62.12,52.31,44.03,36.54,32.98,69.12,70.48,43.81,62.12,,,16.16,88.45,35.69,,52.37,73.08,0
2023-05-07,2.876e+04,51.64,52.17,61.37,54,44.09,36.92,32.43,68.34,65,42.9,61.37,,,15.55,92.46,36.49,,51.7,73.84,0
2023-05-08,2.773e+04,50.69,48.64,61.78,54.11,45.49,36.64,29.98,65.31,59.73,39.54,61.78,,,15.34,92.89,39.46,,51.52,73.29,0
2023-05-09,2.764e+04,51.61,50.68,62.26,54.71,45.62,36.37,29.79,65.07,68.56,39.28,62.26,,,16.51,92.91,40.63,,50.61,72.74,0
2023-05-10,2.765e+04,51.6,52.54,59.93,55.55,43.64,35.72,29.8,65.09,75.96,39.3,59.93,,,18.15,92.94,38.43,,48.85,71.44,0
2023-05-11,2.699e+04,50.56,48.88,64.59,55.53,39.57,34.98,28.27,63.06,66.99,37.19,64.59,,,18.08,92.97,34.21,,44.93,69.97,0
2023-05-12,2.677e+04,46.71,46.39,53.9,54.88,35.36,34.18,27.76,62.37,58.9,36.5,53.9,,,17.53,92.22,30.07,,40.65,68.36,0
2023-05-13,2.684e+04,46.48,47.48,54.18,54.36,32.09,33.42,27.92,62.59,62.67,36.72,54.18,,,18.01,90.7,25.26,,38.92,66.85,0
2023-05-14,2.692e+04,47.59,50.95,57.12,52.67,30.87,31.71,28.1,62.83,75.89,36.96,57.12,,,18.08,87.26,23.6,,38.15,63.42,0
2023-05-15,2.723e+04,44.58,48.92,47.88,51.2,30.5,30.68,28.78,63.73,65.27,37.88,47.88,,,17.4,85,23.13,,37.86,61.37,0
2023-05-16,2.703e+04,45.11,49.19,50.27,50.44,31.08,30.89,28.28,63.05,68.22,37.19,50.27,,,17.74,83.14,24.46,,37.7,61.78,0
2023-05-17,2.74e+04,45.18,51,48.63,48.64,31.99,30.77,29.16,64.21,72.26,38.38,48.63,,,19.04,78.24,26.45,,37.53,61.54,0
2023-05-18,2.684e+04,43.69,46.6,50.21,46.02,33.75,30.7,27.86,62.47,59.45,36.6,50.21,,,16.37,75.67,30.01,,37.49,61.4,0
2023-05-19,2.689e+04,44.02,48.37,50,44.6,34.1,30.62,27.97,62.63,66.1,36.76,50,,,17.6,71.59,30.28,,37.92,61.23,0
2023-05-20,2.71e+04,41.5,45.55,48.01,39.04,33.9,30.63,28.46,63.3,53.01,37.44,48.01,,,16.58,61.51,29.44,,38.35,61.27,0
2023-05-21,2.678e+04,41.63,48.22,43.63,37.88,35.66,31.04,27.7,62.26,66.51,36.39,43.63,,,17.12,58.65,32.54,,38.78,62.09,0
2023-05-22,2.686e+04,41.7,47.17,43.9,39.07,36.65,30.94,27.83,62.41,61.92,36.54,43.9,,,18.97,59.18,34.45,,38.86,61.88,0
2023-05-23,2.723e+04,42.98,49.87,45.07,37.9,39.19,30.58,28.68,63.56,69.52,37.7,45.07,,,19.45,56.34,39.09,,39.29,61.16,0
2023-05-24,2.634e+04,40.26,44.92,45,33.83,38.08,30.6,26.61,60.71,57.47,34.87,45,,,20.07,47.58,37.88,,38.29,61.2,0
2023-05-25,2.648e+04,41.73,47.2,46.58,35.92,37.67,30.62,26.92,61.12,65.48,35.27,46.58,,,19.25,52.59,36.74,,38.6,61.23,0
2023-05-26,2.672e+04,42.19,48.33,42.53,38.15,40.43,30.75,27.47,61.89,67.95,36.03,42.53,,,19.11,57.2,41.6,,39.26,61.51,0
2023-05-27,2.685e+04,41.98,47.41,41.3,38.52,42.29,30.77,27.78,62.33,63.08,36.46,41.3,,,18.22,58.82,45.49,,39.1,61.54,0
2023-05-28,2.81e+04,44.58,52.8,45.27,36.81,44.15,30.58,30.68,66.12,73.97,40.42,45.27,,,19.04,54.58,47.82,,40.47,61.16,0
2023-05-29,2.777e+04,44.99,52.09,45.27,37.61,47.23,30.99,29.89,65.11,74.04,39.33,45.27,,,20.48,54.74,52.14,,42.32,61.99,0
2023-05-30,2.771e+04,45.54,51.2,47.33,39.79,47.22,31.13,29.74,64.92,71.03,39.12,47.33,,,21.03,58.55,49.82,,44.63,62.26,0
2023-05-31,2.722e+04,46.46,47.7,49.04,47.74,48.58,31.23,28.58,63.39,61.3,37.53,49.04,,,21.58,73.91,49.41,,47.76,62.47,0
2023-06-01,2.683e+04,47.18,44.71,56.85,48.18,49.22,31.4,27.65,62.13,52.81,36.26,56.85,,,20.55,75.81,48.86,,49.59,62.81,0
2023-06-02,2.726e+04,48.36,50.88,52.26,47.19,50.02,31.56,28.65,63.48,73.77,37.62,52.26,,,20.27,74.1,48.75,,51.29,63.12,0
2023-06-03,2.708e+04,46.94,45.19,55.21,45.77,51.38,32.24,28.24,62.93,52.53,37.06,55.21,,,19.86,71.68,48.71,,54.05,64.49,0
2023-06-04,2.716e+04,49.11,48.82,59.38,46.76,50.25,32.57,28.42,63.17,66.37,37.31,59.38,,,19.59,73.93,47.57,,52.93,65.14,0
2023-06-05,2.579e+04,45.55,42.56,51.58,48.92,48.56,32.74,25.23,58.65,53.42,32.95,51.58,,,20.62,77.22,47.17,,49.94,65.48,0
2023-06-06,2.721e+04,47.26,49.51,51.1,48.76,45.3,31.68,28.54,63.33,68.7,37.48,51.1,,,19.86,77.66,41.78,,48.83,63.36,0
2023-06-07,2.634e+04,44.06,43.83,44.45,48.06,46.83,31.95,26.5,60.51,53.63,34.69,44.45,,,19.79,76.33,43.95,,49.71,63.9,0
2023-06-08,2.652e+04,44.69,47.95,41.78,47.09,46.46,31.63,26.93,61.11,68.49,35.27,41.78,,,18.84,75.35,41.64,,51.29,63.25,0
2023-06-09,2.647e+04,44.44,49.34,41.85,44,45.58,31.61,26.81,60.94,74.52,35.1,41.85,,,20.27,67.72,39.93,,51.23,63.22,0
2023-06-10,2.586e+04,43.24,45.87,37.19,50.15,44.15,30.98,25.39,58.9,66.03,33.17,37.19,,,25.82,74.48,36.9,,51.4,61.95,0
2023-06-11,2.591e+04,42.01,47.26,35.07,45.42,42.23,30.39,25.5,59.06,71.16,33.32,35.07,,,14.18,76.66,32.77,,51.69,60.79,0
2023-06-12,2.591e+04,41.62,46.55,35.41,44.4,42.45,30.03,25.51,59.07,68.29,33.33,35.41,,,21.78,67.01,28.73,,56.16,60.07,0
2023-06-13,2.588e+04,40.64,44.65,34.59,39.8,47.51,30.1,25.45,58.99,60.89,33.26,34.59,,,24.59,55.02,39.15,,55.87,60.21,0
2023-06-14,2.51e+04,39.28,38.35,48.77,32.61,44.16,29.62,23.63,56.21,42.81,30.76,48.77,,,23.15,42.07,33.21,,55.1,59.25,0
2023-06-15,2.556e+04,36.53,43.85,41.16,18.97,41.96,28.63,24.72,57.89,60.55,32.26,41.16,,,21.78,16.15,32.24,,51.68,57.26,0
2023-06-16,2.633e+04,36.59,47.24,38.9,19.62,36.78,28.36,26.52,60.54,67.19,34.72,38.9,,,24.86,14.38,27.84,,45.72,56.71,0
2023-06-17,2.651e+04,35.27,45.34,37.95,18.47,35.32,28.17,26.95,61.15,57.95,35.31,37.95,,,24.66,12.29,31.68,,38.96,56.34,0
2023-06-18,2.635e+04,35.78,46.93,38.84,17.43,35.04,28.41,26.56,60.59,65.82,34.77,38.84,,,24.32,10.54,33.7,,36.37,56.82,0
2023-06-19,2.678e+04,34.81,46.63,37.12,16.39,32.98,28.42,27.57,62.03,60.75,36.16,37.12,,,22.95,9.831,34.47,,31.49,56.85,0
2023-06-20,2.831e+04,34.97,50.23,33.77,18.24,27.34,28.87,31.13,66.68,62.05,41.03,33.77,,,24.32,12.16,27.03,,27.65,57.74,0
2023-06-21,3.01e+04,36.06,52.32,31.85,19.75,29.38,30.26,35.27,71.47,55.89,46.65,31.85,,,26.03,13.47,29.99,,28.77,60.51,0
2023-06-22,2.995e+04,37.34,55.26,28.49,20.42,32.56,33.29,34.88,71.03,69.04,46.1,28.49,,,24.73,16.11,37.88,,27.24,66.58,0
2023-06-23,3.064e+04,38.99,54.64,29.38,24.02,37.99,34.88,36.44,72.69,61.23,48.19,29.38,,,23.29,24.75,45.32,,30.65,69.76,0
2023-06-24,3.055e+04,42.73,57.8,27.6,36.97,40.11,35.7,36.2,72.43,74.73,47.86,27.6,,,22.95,51,46.16,,34.06,71.4,0
2023-06-25,3.047e+04,45.4,58.27,30.62,45.94,40.02,36.95,35.99,72.2,77.33,47.56,30.62,,,26.44,65.45,48.08,,31.96,73.9,0
2023-06-26,3.026e+04,46.18,57.06,31.51,50.97,39.79,37.4,35.47,71.62,74.32,46.83,31.51,,,26.78,75.17,50.87,,28.72,74.79,0
2023-06-27,3.067e+04,45.11,57.33,30.55,45.47,40.18,38.12,36.37,72.57,72.33,48.03,30.55,,,26.92,64.03,57.27,,23.09,76.23,0
2023-06-28,3.01e+04,42.46,49.7,31.51,48.36,34.99,38.42,35.01,71.07,46.58,46.16,31.51,,,26.99,69.74,58.67,,11.3,76.85,0
2023-06-29,3.046e+04,43.5,57.42,27.88,45,33.8,37.57,35.84,71.98,74.59,47.28,27.88,,,26.71,63.28,57.69,,9.92,75.14,0
2023-06-30,3.048e+04,41.62,58.52,25.21,36.24,34.31,37,35.86,71.98,78.97,47.28,25.21,,,27.05,45.42,57.68,,10.93,74.01,0
2023-07-01,3.058e+04,37.3,55.68,16.37,27.88,35.15,36.9,36.01,72.11,67.12,47.45,16.37,,,26.44,29.32,57.68,,12.63,73.8,0
2023-07-02,3.059e+04,38.6,59.8,18.08,22.88,38.61,36.85,36.03,72.13,83.56,47.47,18.08,,,25.96,19.81,57.67,,19.55,73.7,0
2023-07-03,3.114e+04,38.69,57.83,16.51,21.78,47.05,37.36,37.27,73.42,71.51,49.13,16.51,,,24.79,18.77,57.67,,36.44,74.73,0
2023-07-04,3.08e+04,39.88,57.46,16.85,23.1,53.43,37.64,36.47,72.58,72.74,48.04,16.85,,,26.85,19.35,57.66,,49.21,75.27,0
2023-07-05,3.05e+04,42.55,58.26,22.81,22.44,62.36,37.55,35.75,71.8,78.42,47.06,22.81,,,27.19,17.68,60.17,,64.55,75.1,0
2023-07-06,2.998e+04,42.38,54.93,24.59,24.01,64.33,37.79,34.59,70.57,69.04,45.54,24.59,,,26.23,21.79,57.4,,71.27,75.58,0
2023-07-07,3.033e+04,45.41,59.39,29.11,28.9,61.65,37.69,35.4,71.45,84.11,46.62,29.11,,,25.21,32.59,51.33,,71.98,75.38,0
2023-07-08,3.026e+04,46.15,59.37,31.1,31.97,59.96,37.57,35.23,71.27,84.59,46.4,31.1,,,24.45,39.49,47.13,,72.8,75.14,0
2023-07-09,3.016e+04,46.54,58.43,31.64,36.33,58.61,37.04,34.99,71,81.64,46.07,31.64,,,25.68,46.98,44.16,,73.06,74.08,0
2023-07-10,3.039e+04,46.19,57.64,31.85,38.74,54.81,36.73,35.51,71.57,76.71,46.77,31.85,,,25.27,52.22,36.53,,73.09,73.46,0
2023-07-11,3.062e+04,45.53,55.68,34.04,38.44,53.06,35.87,36,72.09,67.19,47.42,34.04,,,25.14,51.74,32.78,,73.34,71.75,0
2023-07-12,3.039e+04,47.35,56.55,40.75,40.6,51.01,36.37,35.45,71.48,72.6,46.66,40.75,,,24.59,56.6,28.54,,73.48,72.74,0
2023-07-13,3.143e+04,47.03,54.63,42.19,42.12,49.34,36.51,37.88,74.03,56.64,49.95,42.19,,,23.42,60.82,25.16,,73.51,73.01,0
2023-07-14,3.031e+04,48.81,55.33,40.14,48.73,53.22,36.9,35.25,71.25,68.42,46.38,40.14,,,25.27,72.19,33,,73.43,73.8,0
2023-07-15,3.029e+04,49.17,55.25,41.85,50.38,51.38,36.78,35.19,71.2,68.29,46.31,41.85,,,25.68,75.08,29.19,,73.57,73.56,0
2023-07-16,3.025e+04,50.79,57.26,43.9,53.14,50.96,36.88,35.09,71.09,76.71,46.17,43.9,,,26.16,80.12,28.1,,73.83,73.77,0
2023-07-17,3.014e+04,49.84,54.25,43.36,53.31,52.31,36.73,34.85,70.83,65.48,45.85,43.36,,,26.44,80.19,31.43,,73.18,73.46,0
2023-07-18,2.984e+04,50.38,56.93,41.99,53.26,51.64,36.59,34.11,70,78.77,44.85,41.99,,,26.58,79.94,30.63,,72.66,73.18,0
2023-07-19,2.991e+04,50.31,55.66,43.63,53.56,52.4,35.26,34.27,70.17,73.15,45.05,43.63,,,26.51,80.62,32.46,,72.35,70.51,0
2023-07-20,2.981e+04,49.18,51.41,47.12,50.06,54.84,35.19,34.01,69.87,57.05,44.7,47.12,,,25.89,74.23,37.41,,72.27,70.38,0
2023-07-21,2.992e+04,46.89,49.05,48.15,45.51,50.31,34.43,34.29,70.19,46.64,45.08,48.15,,,28.63,62.39,28.64,,71.97,68.87,0
2023-07-22,2.973e+04,48.56,52.51,51.78,43.84,50.85,34.26,33.83,69.68,62.05,44.46,51.78,,,26.71,60.98,30.47,,71.22,68.53,0
2023-07-23,3.007e+04,48.93,55.89,51.71,39.06,52.21,33.84,34.62,70.56,72.88,45.52,51.71,,,26.44,51.67,33.71,,70.7,67.67,0
2023-07-24,2.918e+04,47.46,53.96,50.14,35.2,54.02,34.01,32.55,68.19,72.4,42.72,50.14,,,26.16,44.24,37.3,,70.73,68.01,0
2023-07-25,2.922e+04,46.37,51.78,50.55,32.57,55.26,33.34,32.65,68.31,63.29,42.86,50.55,,,26.16,38.97,39.76,,70.76,66.68,0
2023-07-26,2.936e+04,45.91,53.49,47.05,30.27,55.89,33.39,32.97,68.69,68.97,43.3,47.05,,,25,35.54,40.65,,71.13,66.78,0
2023-07-27,2.92e+04,45.4,51.77,52.47,27.03,54.01,32.86,32.64,68.33,63.22,42.89,52.47,,,25.82,28.23,37.3,,70.72,65.72,0
2023-07-28,2.932e+04,46.03,52.71,54.38,24.52,56.64,33.1,33.07,68.92,65.27,43.57,54.38,,,25.68,23.35,42.64,,70.64,66.2,0
2023-07-29,2.936e+04,45.76,51,55.62,23.13,59.06,33.08,33.17,69.03,58.08,43.7,55.62,,,25.07,21.19,47,,71.11,66.16,0
2023-07-30,2.926e+04,47.52,56.36,54.86,23.8,58.54,32.77,32.94,68.76,80.34,43.39,54.86,,,26.16,21.43,46.05,,71.04,65.55,0
2023-07-31,2.922e+04,47.78,52.54,65.75,21.94,57.76,31.85,32.85,68.66,65.41,43.26,65.75,,,23.7,20.18,44.67,,70.85,63.7,0
2023-08-01,2.95e+04,47.93,53.05,67.12,19.94,58.16,32.31,33.49,69.41,65.14,44.14,67.12,,,23.01,16.86,44.57,,71.76,64.62,0
2023-08-02,2.914e+04,47.79,54.62,63.56,19.2,58.93,32.76,32.68,68.46,74.32,43.04,63.56,,,24.25,14.16,45.53,,72.34,65.51,0
2023-08-03,2.919e+04,47.57,54.38,61.78,18.31,61.51,32.93,32.79,68.59,72.95,43.19,61.78,,,23.97,12.65,50,,73.03,65.86,0
2023-08-04,2.906e+04,44.13,48.21,58.15,14.69,62.43,33.2,32.47,68.22,49.38,42.76,58.15,,,20,9.384,51.37,,73.49,66.4,0
2023-08-05,2.905e+04,46.32,54.38,59.59,12.9,63.29,32.91,32.46,68.2,74.11,42.74,59.59,,,18.49,7.31,51.97,,74.62,65.82,0
2023-08-06,2.905e+04,47.42,55.34,62.74,12.84,64.74,32.23,32.44,68.18,78.01,42.72,62.74,,,20.14,5.539,54.18,,75.3,64.45,0
2023-08-07,2.916e+04,47.29,53.37,65.55,12.21,65.74,32.04,32.71,68.5,69.18,43.09,65.55,,,19.18,5.233,55.83,,75.66,64.08,0
2023-08-08,2.978e+04,44.3,50.58,56.37,11.01,65.92,32.28,34.13,70.15,53.01,45.03,56.37,,,16.51,5.507,56.49,,75.35,64.55,0
2023-08-09,2.958e+04,46.89,56.56,57.81,12.81,65.3,31.75,33.67,69.61,78.56,44.39,57.81,,,20.14,5.491,55.33,,75.27,63.49,0
2023-08-10,2.943e+04,44.66,49.99,58.42,12.56,65.17,31.92,33.31,69.2,53.56,43.9,58.42,,,19.93,5.187,54.94,,75.41,63.84,0
2023-08-11,2.94e+04,44.78,54.9,51.99,11.37,64.94,31.51,33.23,69.1,73.49,43.78,51.99,,,16.99,5.747,54.76,,75.11,63.01,0
2023-08-12,2.942e+04,45.37,56.64,50.89,11.51,65.64,32.16,33.25,69.13,80.34,43.82,50.89,,,16.44,6.59,56.47,,74.81,64.32,0
2023-08-13,2.929e+04,43.42,51.11,50.21,12.38,64.6,33.27,32.94,68.77,59.32,43.39,50.21,,,17.33,7.429,54.69,,74.51,66.54,0
2023-08-14,2.941e+04,44.02,56.93,41.85,13.33,64.75,33.42,33.22,69.09,81.64,43.77,41.85,,,18.97,7.692,55.28,,74.21,66.85,0
2023-08-15,2.917e+04,43.43,56.38,40.89,11.49,65.96,33.22,32.66,68.43,81.44,43,40.89,,,16.16,6.818,56.91,,75,66.44,0
2023-08-16,2.875e+04,42.93,54.46,41.44,10.95,66.88,33.53,31.69,67.28,77.19,41.69,41.44,,,15.96,5.949,58.62,,75.14,67.05,0
2023-08-17,2.666e+04,40.93,47.11,44.18,11.36,66.89,32.96,26.84,60.94,65.55,35.1,44.18,,,14.25,8.475,59.27,,74.51,65.92,0
2023-08-18,2.604e+04,38.05,42.13,41.51,11.8,64.03,30.36,25.43,58.9,51.03,33.18,41.51,,,14.59,9.014,54.7,,73.35,60.72,0
2023-08-19,2.609e+04,36.94,42.39,39.86,11.32,59.77,29.08,25.56,59.11,51.51,33.36,39.86,,,13.08,9.551,47.77,,71.77,58.15,0
2023-08-20,2.618e+04,37.53,46.61,39.11,13.08,53.77,27.14,25.76,59.4,67.67,33.63,39.11,,,14.11,12.04,38.97,,68.57,54.28,0
2023-08-21,2.613e+04,36.26,47.15,36.3,14.62,46.46,26.04,25.67,59.27,70.14,33.52,36.3,,,15,14.25,26.15,,66.77,52.09,0
2023-08-22,2.598e+04,34.93,42.46,36.58,19.97,42.49,23.87,25.33,58.78,52.67,33.06,36.58,,,23.22,16.71,19.46,,65.52,47.74,0
2023-08-23,2.645e+04,34.55,43.64,34.79,21.67,38.35,22.28,26.44,60.4,53.15,34.58,34.79,,,25,18.33,13.82,,62.88,44.55,0
2023-08-24,2.613e+04,32.86,42.47,32.05,20.77,35.61,20.86,25.71,59.34,51.23,33.58,32.05,,,25.48,16.07,10.34,,60.88,41.71,0
2023-08-25,2.604e+04,32.12,41.64,31.37,20.3,33.98,21.1,25.52,59.08,48.63,33.34,31.37,,,25.96,14.64,9.709,,58.24,42.19,0
2023-08-26,2.601e+04,31.73,41.78,29.66,20.04,33.79,20.98,25.45,58.97,49.45,33.24,29.66,,,26.03,14.05,11.64,,55.94,41.95,0
2023-08-27,2.609e+04,30.2,39.11,28.08,19.23,32.96,21.08,25.63,59.23,38.08,33.48,28.08,,,25.82,12.64,13.37,,52.56,42.16,0
2023-08-28,2.61e+04,30.33,39.55,28.36,19.21,32.35,21.22,25.68,59.31,39.66,33.55,28.36,,,26.92,11.51,15.71,,48.99,42.43,0
2023-08-29,2.767e+04,33.15,51.06,23.77,20.56,28.44,21.51,29.34,64.4,71.92,38.58,23.77,,,27.74,13.39,14.45,,42.43,43.01,0
2023-08-30,2.73e+04,31.34,44.04,24.11,22.7,28.42,23.05,28.47,63.25,47.05,37.39,24.11,,,29.86,15.53,16.79,,40.04,46.1,0
2023-08-31,2.595e+04,31.3,42.68,23.56,24.38,28.87,24.43,25.36,58.85,53.36,33.13,23.56,,,30.55,18.21,19.75,,37.98,48.87,0
2023-09-01,2.58e+04,33.75,43.39,34.04,24.49,29.29,24.59,25.02,58.35,57.53,32.67,34.04,,,30.55,18.43,21.6,,36.98,49.18,0
2023-09-02,2.587e+04,34.04,43.78,35.34,25.04,27.82,24.69,25.17,58.58,58.49,32.88,35.34,,,30.89,19.19,20.07,,35.56,49.38,0
2023-09-03,2.596e+04,34.66,45.28,35.14,25.62,27.84,24.85,25.4,58.92,63.63,33.19,35.14,,,30.75,20.49,20.68,,34.99,49.69,0
2023-09-04,2.58e+04,34.04,42.95,36.37,26.5,26.19,25.03,25.02,58.36,55.75,32.68,36.37,,,31.23,21.77,19.21,,33.16,50.07,0
2023-09-05,2.578e+04,32.34,39.44,34.18,25.6,27.06,25.27,24.99,58.32,41.78,32.65,34.18,,,31.1,20.11,22.16,,31.96,50.55,0
2023-09-06,2.575e+04,31.53,40.84,32.12,23.55,24.61,24.08,24.94,58.24,47.6,32.57,32.12,,,29.73,17.38,18.98,,30.23,48.15,0
2023-09-07,2.621e+04,34.07,43.76,39.38,25.23,23.72,22.71,26,59.82,55.21,34.03,39.38,,,29.38,21.07,18.08,,29.36,45.41,0
2023-09-08,2.59e+04,31.94,40.89,33.97,26.27,21.52,23.51,25.29,58.78,46.44,33.06,33.97,,,30.21,22.34,14.56,,28.48,47.02,0
2023-09-09,2.589e+04,33.03,43.65,36.37,25.31,20.29,23.68,25.28,58.75,57.53,33.04,36.37,,,30.21,20.42,12.97,,27.61,47.36,0
2023-09-10,2.583e+04,32.14,42.67,35.14,24.7,19.12,23.66,25.13,58.54,54.18,32.84,35.14,,,30.34,19.05,12.55,,25.68,47.33,0
2023-09-11,2.514e+04,31.37,42.65,30.55,25.42,19.24,23.65,23.53,56.07,60.34,30.65,30.55,,,31.85,19,12.61,,25.87,47.29,0
2023-09-12,2.586e+04,31.09,42.08,29.93,25.89,19.66,22.52,25.22,58.68,51.44,32.97,29.93,,,31.78,20,12.53,,26.79,45.03,0
2023-09-13,2.623e+04,33.78,44.05,36.64,28.63,20.44,22.41,26.08,59.94,56.03,34.15,36.64,,,32.33,24.93,13.49,,27.39,44.83,0
2023-09-14,2.656e+04,34.99,48.15,38.97,25.9,19.21,22.79,26.83,61.01,69.59,35.17,38.97,,,30.07,21.73,11.16,,27.25,45.58,0
2023-09-15,2.667e+04,35.85,51.6,36.37,26.7,19.41,22.65,27.09,61.38,82.4,35.53,36.37,,,29.38,24.02,12.12,,26.7,45.31,0
2023-09-16,2.656e+04,33.49,46.63,32.26,28.35,18.43,22.84,26.82,61,63.56,35.15,32.26,,,30.14,26.56,11.44,,25.42,45.68,0
2023-09-17,2.65e+04,33.84,45.25,33.36,31.74,17.46,23.63,26.69,60.82,58.49,34.98,33.36,,,30.75,32.73,10.89,,24.03,47.26,0
2023-09-18,2.676e+04,36.77,47.57,36.03,39.75,16.73,24.57,27.29,61.65,65.55,35.79,36.03,,,30.27,49.22,10.07,,23.38,49.14,0
2023-09-19,2.722e+04,36.29,45.5,36.51,43.24,11.68,26.66,28.31,63.03,53.49,37.17,36.51,,,27.05,59.43,9.384,,13.97,53.32,0
2023-09-20,2.713e+04,37.05,46.66,38.22,43.91,10.55,27.12,28.12,62.78,58.84,36.91,38.22,,,30.34,57.47,8.288,,12.81,54.25,0
2023-09-21,2.657e+04,34.85,43.5,35.96,40.36,10.9,27.29,26.81,60.97,51.1,35.13,35.96,,,30.34,50.39,9.315,,12.49,54.59,0
2023-09-22,2.658e+04,35.28,42.12,41.58,39.64,10.58,27.07,26.83,61,45.48,35.16,41.58,,,29.79,49.49,9.315,,11.85,54.14,0
2023-09-23,2.658e+04,36.69,46.76,41.51,38.17,10.88,27.55,26.82,60.98,64.11,35.14,41.51,,,28.77,47.57,11.16,,10.59,55.1,0
2023-09-24,2.629e+04,36.46,43.64,45.34,38.67,11.08,27.24,26.15,60.02,54.18,34.22,45.34,,,30.14,47.19,11.78,,10.37,54.49,0
2023-09-25,2.629e+04,35.1,43.58,41.99,33.99,12.78,27.38,26.15,60.03,53.9,34.23,41.99,,,30.82,37.15,15.21,,10.36,54.76,0
2023-09-26,2.619e+04,34.12,42.05,45.89,27.58,13.16,27.36,25.94,59.72,48.63,33.93,45.89,,,29.52,25.63,15.75,,10.56,54.73,0
2023-09-27,2.634e+04,35.95,46.11,47.12,27.11,15.15,26.92,26.27,60.2,63.56,34.39,47.12,,,31.44,22.78,20.68,,9.617,53.84,0
2023-09-28,2.703e+04,36.7,46.11,52.53,27.43,12.63,26.75,27.89,62.47,57.47,36.61,52.53,,,31.37,23.48,16.78,,8.471,53.49,0
2023-09-29,2.691e+04,36.78,45.89,52.12,28.46,12.3,27.53,27.6,62.07,57.67,36.2,52.12,,,33.49,23.43,14.79,,9.804,55.07,0
2023-09-30,2.698e+04,35.89,44.62,49.73,27.65,13.65,27.52,27.75,62.27,52.05,36.41,49.73,,,32.95,22.36,14.11,,13.2,55.03,0
2023-10-01,2.795e+04,35.81,48.02,42.19,27.44,15.14,28,30.01,65.27,57.33,39.49,42.19,,,33.08,21.8,12.47,,17.82,55.99,0
2023-10-02,2.757e+04,38.6,50.15,46.64,29.24,20.23,28.37,29.11,64.1,69.11,38.27,46.64,,,32.74,25.75,11.23,,29.22,56.75,0
2023-10-03,2.744e+04,40.2,51.05,47.33,31.68,24.36,28.77,28.81,63.7,73.84,37.85,47.33,,,32.95,30.42,12.74,,35.97,57.53,0
2023-10-04,2.78e+04,40.38,45.75,46.71,39.27,28.27,29.3,29.62,64.76,49.66,38.95,46.71,,,33.01,45.52,11.58,,44.97,58.6,0
2023-10-05,2.743e+04,41.59,46.16,47.95,39.43,33.46,29.43,28.76,63.63,54.45,37.78,47.95,,,33.7,45.16,10.62,,56.31,58.87,0
2023-10-06,2.794e+04,44.13,51.93,41.23,47.93,34.37,29.64,29.95,65.17,73.22,39.39,41.23,,,33.97,61.88,11.16,,57.58,59.28,0
2023-10-07,2.797e+04,46.14,53.39,41.23,54.83,35.11,29.74,30,65.24,78.84,39.47,41.23,,,34.11,75.56,11.78,,58.44,59.49,0
2023-10-08,2.794e+04,46.85,49.23,47.33,58.59,36.3,29.86,29.92,65.13,62.53,39.34,47.33,,,34.18,83,13.49,,59.1,59.73,0
2023-10-09,2.759e+04,47.14,49.86,46.78,58.65,37.48,29.85,29.1,64.05,68.08,38.22,46.78,,,34.25,83.05,15.62,,59.35,59.69,0
2023-10-10,2.742e+04,47.08,50.45,44.73,58.95,38.03,29.83,28.7,63.52,71.92,37.67,44.73,,,34.32,83.58,16.58,,59.49,59.66,0
2023-10-11,2.683e+04,47.47,48.07,54.45,54.93,38.71,29.62,27.32,61.65,67.53,35.79,54.45,,,34.32,75.55,19.11,,58.31,59.25,0
2023-10-12,2.674e+04,47.76,48.64,57.4,49.83,42.41,29.3,27.12,61.38,70.55,35.52,57.4,,,34.04,65.61,26.78,,58.04,58.6,0
2023-10-13,2.684e+04,45.32,43.85,59.04,44.15,43.07,28.75,27.36,61.71,50.48,35.85,59.04,,,33.56,54.74,28.97,,57.17,57.5,0
2023-10-14,2.686e+04,43.17,45.12,56.51,34.71,41.99,28.41,27.39,61.74,55.48,35.87,56.51,,,33.49,35.92,28.29,,55.69,56.82,0
2023-10-15,2.713e+04,47.08,50.27,58.42,44.1,41.33,27.83,28.01,62.59,73.77,36.72,58.42,,,33.97,54.24,28.15,,54.52,55.65,0
2023-10-16,2.851e+04,47.04,49.31,57.19,48.2,39.8,27.38,31.19,66.71,58.29,41.06,57.19,,,34.32,62.08,27.05,,52.54,54.76,0
2023-10-17,2.843e+04,47.8,53.34,53.49,50.36,37.28,27.67,31.01,66.48,75.07,40.81,53.49,,,34.45,66.27,23.7,,50.86,55.34,0
2023-10-18,2.833e+04,46.78,49.43,51.51,56.1,34.39,28.05,30.75,66.16,60.34,40.45,51.51,,,34.79,77.4,17.67,,51.11,56.1,0
2023-10-19,2.869e+04,46.2,49.55,46.3,60.7,30.42,28.92,31.61,67.22,57.74,41.62,46.3,,,35.07,86.33,10.68,,50.15,57.84,0
2023-10-20,2.97e+04,47.75,51.27,49.52,62.31,29.73,29.81,33.93,69.94,56.44,44.78,49.52,,,35.62,89,9.658,,49.8,59.62,0
2023-10-21,2.992e+04,50.22,55.56,52.33,63.03,29.72,32.48,34.43,70.5,71.85,45.45,52.33,,,35.62,90.45,10.21,,49.24,64.97,0
2023-10-22,2.998e+04,49.76,56.3,49.45,61.06,30.47,33.85,34.56,70.64,74.38,45.62,49.45,,,35.68,86.43,10.34,,50.6,67.71,0
2023-10-23,3.295e+04,53.33,64.06,52.19,60.8,32.41,34.54,41.37,77.52,82.53,54.81,52.19,,,36.1,85.51,12.05,,52.77,69.08,0
2023-10-24,3.388e+04,53.67,61.25,56.16,59.45,37.12,35.45,43.39,79.28,64.86,57.47,56.16,,,36.44,82.46,18.7,,55.53,70.89,0
2023-10-25,3.449e+04,57.01,66.06,59.11,59.74,42.55,37.36,44.74,80.41,79.86,59.23,59.11,,,35.55,83.92,26.92,,58.19,74.73,0
2023-10-26,3.418e+04,57.29,65.84,56.1,56.86,51.82,38.82,43.93,79.67,81.71,58.07,56.1,,,36.37,77.36,41.99,,61.65,77.64,0
2023-10-27,3.39e+04,57.64,65.51,54.93,55.28,57.86,39.9,43.23,79.04,82.67,57.1,54.93,,,36.44,74.12,51.03,,64.69,79.79,0
2023-10-28,3.409e+04,57.52,66.43,53.29,52.29,61.09,39.91,43.66,79.41,85,57.66,53.29,,,36.03,68.54,55.34,,66.83,79.83,0
2023-10-29,3.457e+04,58.63,65.11,57.05,52.96,65.17,40.65,44.75,80.34,76.23,59.13,57.05,,,36.37,69.56,61.16,,69.17,81.3,0
2023-10-30,3.45e+04,59.59,66.92,56.44,51.58,69.8,40.92,44.52,80.13,84.25,58.78,56.44,,,36.58,66.59,67.6,,72,81.85,0
2023-10-31,3.464e+04,60.48,67.06,52.6,58.53,71.28,40.91,44.8,80.34,83.97,59.13,52.6,,,36.64,80.42,67.64,,74.93,81.82,0
2023-11-01,3.543e+04,59.63,68.17,45.27,58.92,72.36,40.75,46.55,81.76,82.95,61.42,45.27,,,36.92,80.93,67.67,,77.05,81.51,0
2023-11-02,3.488e+04,61.07,66.18,54.79,59.74,72.79,40.75,45.23,80.65,79.25,59.61,54.79,,,37.12,82.37,67.71,,77.87,81.51,0
2023-11-03,3.471e+04,59.21,64.64,47.53,60.38,72.91,40.67,44.78,80.24,74.59,58.96,47.53,,,37.19,83.56,67.74,,78.09,81.34,0
2023-11-04,3.509e+04,61.13,68.63,48.9,61.36,73.29,40.68,45.64,80.96,87.81,60.11,48.9,,,37.26,85.45,67.77,,78.81,81.37,0
2023-11-05,3.511e+04,62.15,68.26,53.08,62.56,73.76,40.65,45.65,80.96,86.3,60.12,53.08,,,37.33,87.79,67.81,,79.72,81.3,0
2023-11-06,3.502e+04,61.29,63.32,56.64,62.72,74.49,40.79,45.41,80.75,67.33,59.78,56.64,,,37.4,88.05,67.84,,81.13,81.58,0
2023-11-07,3.542e+04,62.74,65.61,60,62.39,74.76,40.86,46.29,81.46,73.77,60.92,60,,,37.4,87.39,67.88,,81.65,81.71,0
2023-11-08,3.58e+04,62.23,68.45,53.01,61.79,74.89,40.84,47.12,82.11,82.53,62.01,53.01,,,37.53,86.04,67.91,,81.86,81.68,0
2023-11-09,3.668e+04,62.36,69.53,50.48,61.61,76.95,40.67,49.03,83.54,81.1,64.46,50.48,,,37.6,85.62,71.71,,82.18,81.34,0
2023-11-10,3.737e+04,67.13,71.94,68.9,62.34,77.36,40.92,50.56,84.66,86.1,66.45,68.9,,,37.67,87.02,72.33,,82.39,81.85,0
2023-11-11,3.698e+04,66.08,71.57,65.68,60.57,77.86,40.99,49.63,83.96,87.47,65.2,65.68,,,37.74,83.41,73.01,,82.71,81.99,0
2023-11-12,3.705e+04,66.2,71.71,65.48,60.29,78.9,41.13,49.78,84.07,87.6,65.39,65.48,,,37.81,82.77,75.07,,82.72,82.26,0
2023-11-13,3.654e+04,64.03,65.01,65.89,60,79.97,41.03,48.56,83.13,64.59,63.75,65.89,,,37.88,82.13,77.19,,82.74,82.05,0
2023-11-14,3.559e+04,65.16,66.07,70.34,58.85,80.61,41.08,46.34,81.37,75.82,60.78,70.34,,,38.01,79.68,78.36,,82.86,82.16,0
2023-11-15,3.784e+04,68.84,72.18,76.71,60.37,80.65,40.65,51.47,85.28,84.38,67.57,76.71,,,38.08,82.66,78.32,,82.97,81.3,0
2023-11-16,3.616e+04,67.74,68.37,78.29,59.97,80.58,40.72,47.55,82.3,81.3,62.32,78.29,,,38.15,81.8,77.88,,83.28,81.44,0
2023-11-17,3.657e+04,68.01,69.55,77.95,59.92,80.46,40.29,48.46,83.01,83.22,63.53,77.95,,,38.22,81.61,77.81,,83.1,80.58,0
2023-11-18,3.658e+04,68.71,69.29,81.3,60.94,79.92,40.24,48.46,83,82.19,63.52,81.3,,,38.22,83.67,76.92,,82.92,80.48,0
2023-11-19,3.744e+04,69.81,72.6,81.85,61.25,78.6,39.95,50.43,84.49,89.32,66.14,81.85,,,38.36,84.15,74.66,,82.55,79.9,0
2023-11-20,3.752e+04,69.43,72.49,78.84,63.47,77.47,39.73,50.54,84.55,88.63,66.25,78.84,,,38.08,88.86,72.47,,82.47,79.45,0
2023-11-21,3.604e+04,67.07,68.02,75.41,63.7,76.39,39.83,47.06,81.85,81.58,61.57,75.41,,,38.29,89.11,70.89,,81.9,79.66,0
2023-11-22,3.74e+04,65.29,69.86,64.79,62.42,75.95,40.02,50.16,84.22,79.38,65.66,64.79,,,38.36,86.47,70.86,,81.04,80.03,0
2023-11-23,3.731e+04,63.41,70.15,55.96,63.2,73.77,39.64,49.92,84.04,81.3,65.33,55.96,,,38.36,88.05,67.26,,80.27,79.28,0
2023-11-24,3.772e+04,62.91,72.68,48.56,63.74,73.52,39.9,50.82,84.69,88.7,66.5,48.56,,,38.29,89.18,67.23,,79.8,79.79,0
2023-11-25,3.78e+04,62.97,72.2,48.97,64.32,73.56,40.09,50.98,84.81,86.3,66.71,48.97,,,38.77,89.87,67.19,,79.92,80.17,0
2023-11-26,3.748e+04,61.17,70.18,43.97,63.68,73.55,40.41,50.22,84.24,80.55,65.7,43.97,,,38.56,88.79,67.16,,79.94,80.82,0
2023-11-27,3.723e+04,59.53,67.24,44.93,59.96,73.3,40.24,49.61,83.78,70.68,64.88,44.93,,,38.56,81.36,67.12,,79.47,80.48,0
2023-11-28,3.783e+04,59.02,70.88,34.66,61.01,73.78,40.07,50.95,84.76,81.16,66.63,34.66,,,38.22,83.81,67.09,,80.47,80.14,0
2023-11-29,3.785e+04,59.03,69.56,37.4,60.44,73.62,40.7,50.93,84.72,76.03,66.55,37.4,,,38.36,82.53,67.05,,80.19,81.4,0
2023-11-30,3.771e+04,58.83,68.86,37.6,60.21,73.62,41.25,50.6,84.48,74.25,66.12,37.6,,,38.49,81.92,67.02,,80.21,82.5,0
2023-12-01,3.87e+04,61.08,74.27,39.93,59.38,73.8,41.58,52.81,86.03,89.25,68.99,39.93,,,38.77,80,66.99,,80.62,83.15,0
2023-12-02,3.946e+04,57.99,71.47,30.62,59.55,71.85,41.63,54.52,87.2,72.95,71.23,30.62,,,38.84,80.26,62.88,,80.83,83.25,0
2023-12-03,3.998e+04,60.35,76.43,34.52,58.74,71.9,41.61,55.66,87.95,89.38,72.72,34.52,,,38.9,78.57,62.84,,80.95,83.22,0
2023-12-04,4.191e+04,62.84,79.32,40.68,59.43,72.13,42.35,59.94,90.57,88.56,78.21,40.68,,,39.38,79.48,62.81,,81.45,84.69,0
2023-12-05,4.407e+04,61.92,81.96,33.42,57.33,71.64,43.36,64.78,93.27,85.34,84.44,33.42,,,39.45,75.22,62.77,,80.5,86.71,0
2023-12-06,4.375e+04,63.17,80.99,43.01,55.89,71.39,43.34,63.87,92.7,84.32,83.07,43.01,,,39.52,72.26,62.74,,80.04,86.68,0
2023-12-07,4.328e+04,63.76,76.73,52.6,56.6,71.82,42.95,62.7,92.01,70.75,81.46,52.6,,,39.59,73.61,62.71,,80.92,85.89,0
2023-12-08,4.421e+04,67.3,81.48,60.48,54.27,76.84,43.08,64.71,93.1,84.11,84.01,60.48,,,39.59,68.95,72.26,,81.42,86.16,0
2023-12-09,4.374e+04,67.78,82.06,67.19,48.25,77.89,42.89,63.59,92.47,89.66,82.52,67.19,,,39.66,56.84,74.25,,81.54,85.79,0
2023-12-10,4.373e+04,62.42,80.84,43.63,46.02,79.27,43.07,63.52,92.43,85,82.42,43.63,,,39.79,52.24,76.51,,82.04,86.13,0
2023-12-11,4.121e+04,61.4,77.3,51.71,38.76,79.61,43.05,57.66,88.93,87.88,74.72,51.71,,,39.86,37.66,76.78,,82.44,86.1,0
2023-12-12,4.147e+04,60.99,76.5,56.99,33.13,80.08,41.83,58.14,89.18,83.42,75.24,56.99,,,39.73,26.54,76.75,,83.41,83.66,0
2023-12-13,4.294e+04,62.63,79.76,56.99,35.65,80.41,41.18,61.45,91.16,86.92,79.53,56.99,,,39.52,31.78,76.92,,83.91,82.36,0
2023-12-14,4.303e+04,60.96,79.59,50.68,34.21,80.07,41.16,61.6,91.24,85.82,79.7,50.68,,,39.66,28.75,76.88,,83.25,82.33,0
2023-12-15,4.198e+04,59.01,78.65,45.82,31.81,79.07,40.91,59.09,89.71,89.45,76.36,45.82,,,40,23.63,75.55,,82.6,81.82,0
2023-12-16,4.22e+04,57.16,78.26,41.64,28.7,77.65,40.51,59.56,89.98,86.58,76.94,41.64,,,40.14,17.26,72.88,,82.43,81.03,0
2023-12-17,4.143e+04,57.83,76.4,50.89,27.38,75.96,40.39,57.75,88.87,84.38,74.6,50.89,,,40.27,14.5,70.34,,81.58,80.79,0
2023-12-18,4.264e+04,58.81,79.71,49.66,28.24,75.76,39.67,60.42,90.47,89.93,78.01,49.66,,,40.34,16.14,71.16,,80.36,79.35,0
2023-12-19,4.227e+04,59.83,78.78,57.4,28.23,74.09,40.15,59.52,89.91,88.9,76.79,57.4,,,40.14,16.32,71.13,,77.05,80.31,0
2023-12-20,4.361e+04,60.38,79.86,57.19,27.76,75.7,40.86,62.48,91.62,84.79,80.56,57.19,,,40.48,15.03,71.85,,79.54,81.71,0
2023-12-21,4.387e+04,61.7,80.39,59.11,28.85,79.36,40.68,63.02,91.91,85.41,81.22,59.11,,,40.62,17.08,76.03,,82.7,81.37,0
2023-12-22,4.401e+04,65.19,81.73,68.7,32.44,81.69,41.01,63.25,92.01,90.21,81.47,68.7,,,40.55,24.32,79.04,,84.33,82.02,0
2023-12-23,4.377e+04,68.32,81.06,71.37,45.9,82.37,41.39,62.65,91.67,89.25,80.67,71.37,,,40.75,51.04,79.45,,85.29,82.77,0
2023-12-24,4.31e+04,69.81,80.08,66.23,59.75,83.18,41.11,61.03,90.71,90.07,78.52,66.23,,,40.82,78.67,80.21,,86.16,82.23,0
2023-12-25,4.362e+04,71.5,78.78,72.74,62.94,83.96,41.95,62.19,91.38,81.51,80.03,72.74,,,40.96,84.92,80.89,,87.03,83.9,0
2023-12-26,4.249e+04,71.22,76.12,73.97,64.53,84.79,41.61,59.51,89.77,78.7,76.49,73.97,,,41.03,88.04,82.26,,87.32,83.22,0
2023-12-27,4.344e+04,68.7,76.62,58.36,66.33,85.33,41.47,61.5,90.87,75.21,78.88,58.36,,,40.89,91.77,84.18,,86.48,82.95,0
2023-12-28,4.267e+04,68.82,73.13,64.59,66.58,85.31,41.93,59.69,89.79,66.51,76.53,64.59,,,41.16,91.99,84.59,,86.02,83.87,0
2023-12-29,4.2e+04,68.91,76.17,61.78,64.43,86.19,40.79,58.08,88.77,83.42,74.39,61.78,,,41.37,87.5,86.71,,85.66,81.58,0
2023-12-30,4.22e+04,70.73,75.92,74.38,60.73,87.19,40.57,58.5,89.03,81.23,74.93,74.38,,,41.3,80.16,88.42,,85.96,81.13,0
2023-12-31,4.222e+04,69.23,76.95,70.96,54.53,87.84,40.19,58.49,89.02,85.41,74.9,70.96,,,41.3,67.76,89.25,,86.44,80.38,0
2024-01-01,4.405e+04,71.47,80.35,73.29,57.58,88.23,39.42,62.62,91.46,87.12,80.21,73.29,,,40.82,74.34,90,,86.45,78.84,0
2024-01-02,4.494e+04,71.48,79.12,72.19,60.15,89.16,39.4,64.54,92.5,76.85,82.6,72.19,,,41.64,78.66,90.82,,87.5,78.8,0
2024-01-03,4.277e+04,70.04,77.88,71.16,56.35,89.12,39.14,59.52,89.59,86.3,76.1,71.16,,,41.71,70.99,90.07,,88.17,78.29,0
2024-01-04,4.425e+04,72.73,80.66,76.37,60.4,88.46,38.82,62.44,91.07,89.79,79.32,76.37,,,41.85,78.95,88.56,,88.37,77.64,0
2024-01-05,4.415e+04,70.15,77.64,64.86,65.3,86.79,39.3,62.11,90.85,78.77,78.83,64.86,,,41.92,88.69,85.48,,88.1,78.6,0
2024-01-06,4.392e+04,67.79,77.37,53.22,66.76,85.11,39.5,61.54,90.52,79.32,78.11,53.22,,,41.99,91.53,82.67,,87.55,79.01,0
2024-01-07,4.384e+04,65,73.36,46.64,67.24,83.77,39.85,61.34,90.4,63.84,77.85,46.64,,,42.12,92.35,80.82,,86.72,79.69,0
2024-01-08,4.698e+04,68.69,80.98,52.47,67.35,82.21,40.48,68.36,94.2,74.66,86.71,52.47,,,42.12,92.57,78.63,,85.79,80.96,0
2024-01-09,4.608e+04,70.33,82.57,61.23,67.33,77.39,41.11,66.19,93.03,87.19,83.85,61.23,,,42.47,92.18,70.27,,84.5,82.23,0
2024-01-10,4.682e+04,70.58,81.8,66.1,67.17,74.4,41.34,67.75,93.81,79.86,85.75,66.1,,,42.53,91.8,64.76,,84.05,82.67,0
2024-01-11,4.638e+04,70.96,83.72,65.55,66.05,73.92,42.48,66.65,93.2,90.75,84.27,65.55,,,42.88,89.22,64.79,,83.04,84.97,0
2024-01-12,4.282e+04,68.13,77.29,69.18,59.69,73.8,42.29,58.56,88.61,87.95,74.06,69.18,,,43.08,76.29,64.83,,82.77,84.59,0
2024-01-13,4.285e+04,66.48,76.6,69.52,52.88,73.69,41.35,58.59,88.64,85.07,74.11,69.52,,,42.74,63.02,64.86,,82.51,82.71,0
2024-01-14,4.189e+04,60.99,70.08,67.26,40.09,73.25,40.03,56.39,87.25,65.34,71.33,67.26,,,43.08,37.1,64.9,,81.6,80.07,0
2024-01-15,4.253e+04,59.8,68.21,75.55,30.52,72.53,38.32,57.81,88.15,53.77,73.13,75.55,,,43.22,17.82,64.93,,80.13,76.64,0
2024-01-16,4.317e+04,59.33,71.98,69.32,28.62,71.91,37.62,59,88.77,65.75,74.38,69.32,,,42.81,14.43,64.97,,78.85,75.24,0
2024-01-17,4.269e+04,58.66,69.84,73.22,26,71.1,37.07,57.87,88.06,60.48,72.94,73.22,,,42.74,9.27,65,,77.2,74.14,0
2024-01-18,4.126e+04,57.64,70.72,68.63,24.84,70.53,36.16,54.52,85.84,73.9,68.63,68.63,,,42.6,7.087,65.03,,76.02,72.33,0
2024-01-19,4.161e+04,57.84,69.68,72.74,24.21,70.65,34.64,55.25,86.32,67.6,69.53,72.74,,,42.33,6.09,65.07,,76.23,69.28,0
2024-01-20,4.167e+04,59.32,71.57,77.26,24.31,70.68,33.53,55.37,86.41,74.79,69.69,77.26,,,42.53,6.078,65.1,,76.25,67.05,0
2024-01-21,4.154e+04,58.76,70.82,75.62,24.5,71.07,32.91,55.06,86.2,72.74,69.3,75.62,,,42.74,6.262,65.14,,77.01,65.82,0
2024-01-22,3.958e+04,58.56,69.07,78.01,23.96,71.01,33.37,50.62,83.11,78.84,63.71,78.01,,,42.26,5.664,65.17,,76.85,66.75,0
2024-01-23,3.974e+04,59.49,68.57,83.97,24.24,70.9,32.14,50.94,83.34,75.89,64.11,83.97,,,43.22,5.263,65.21,,76.59,64.28,0
2024-01-24,4.01e+04,59.44,68.8,83.01,25.19,70.6,31.3,51.65,83.81,74.79,64.93,83.01,,,43.56,6.809,65.24,,75.97,62.6,0
2024-01-25,3.992e+04,60.45,71.55,84.04,25.21,70.49,29.86,51.19,83.46,87.26,64.31,84.04,,,43.42,6.99,65.27,,75.71,59.73,0
2024-01-26,4.186e+04,62.52,72.53,92.12,26.41,69.88,29.49,55.52,86.43,78.42,69.74,92.12,,,43.9,8.915,65.31,,74.45,58.97,0
2024-01-27,4.213e+04,63.34,75.05,92.05,27.6,67.61,30.03,56.08,86.8,86.85,70.45,92.05,,,44.18,11.03,61.3,,73.92,60.07,0
2024-01-28,4.198e+04,62.93,73.71,92.53,28.72,66.1,29.62,55.73,86.57,82.53,70.01,92.53,,,44.11,13.32,58.9,,73.3,59.25,0
2024-01-29,4.322e+04,63.93,75.71,89.45,33.43,65.97,29.61,58.46,88.3,82.67,73.42,89.45,,,44.32,22.54,58.42,,73.51,59.21,0
2024-01-30,4.295e+04,62.83,73.3,86.58,35.24,64.61,31.18,57.73,87.79,75.27,72.39,86.58,,,44.52,25.96,55.96,,73.26,62.36,0
2024-01-31,4.259e+04,61.07,70.25,85,33.87,63.34,32.05,56.82,87.17,65.82,71.18,85,,,44.32,23.42,53.77,,72.92,64.11,0
2024-02-01,4.302e+04,62.89,74.63,85.62,34.58,63.02,32.72,57.75,87.76,80.68,72.34,85.62,,,44.45,24.71,53.84,,72.21,65.45,0
2024-02-02,4.316e+04,63.32,77.23,82.95,34.18,62.88,34.32,58.01,87.92,90.34,72.65,82.95,,,44.45,23.9,53.8,,71.96,68.63,0
2024-02-03,4.298e+04,61.87,74.01,82.47,33.23,62.35,34.76,57.59,87.66,78.63,72.14,82.47,,,44.32,22.14,53.36,,71.35,69.52,0
2024-02-04,4.258e+04,61.71,73.81,83.77,31.27,62.33,35.17,56.65,87.06,80.55,70.96,83.77,,,44.25,18.29,53.84,,70.83,70.34,0
2024-02-05,4.262e+04,61.09,73.86,84.18,28.09,61.61,35.46,56.7,87.09,80.62,71.02,84.18,,,44.38,11.79,54.18,,69.03,70.92,0
2024-02-06,4.31e+04,62.14,76.05,86.1,27.53,61.47,35.8,57.7,87.7,86.58,72.22,86.1,,,43.49,11.57,54.79,,68.15,71.61,0
2024-02-07,4.425e+04,61.87,77.21,81.37,28.81,61.4,36.04,60.22,89.23,84.04,75.34,81.37,,,44.18,13.45,54.52,,68.27,72.09,0
2024-02-08,4.533e+04,60.3,76.42,73.56,30.61,60.61,36.25,62.57,90.57,74.32,78.22,73.56,,,44.59,16.64,52.47,,68.76,72.5,0
2024-02-09,4.718e+04,60.99,82.9,61.58,34.46,60.58,36.87,66.61,92.75,89.04,83.19,61.58,,,44.59,24.34,51.37,,69.78,73.73,0
2024-02-10,4.779e+04,60.36,82.92,55.55,36.27,61.42,37.57,67.92,93.42,85.55,84.8,55.55,,,44.86,27.68,51.85,,70.99,75.14,0
2024-02-11,4.82e+04,61.45,81.65,55.96,42.4,62.6,38.1,68.76,93.85,78.15,85.83,55.96,,,45.14,39.66,52.47,,72.74,76.2,0
2024-02-12,4.999e+04,68.05,87.45,61.3,58.06,64.58,38.78,72.61,95.67,91.03,90.49,61.3,,,45.21,70.92,52.5,,76.65,77.57,0
2024-02-13,4.963e+04,67.26,83.89,57.12,62.67,66.04,40.38,71.69,95.21,79.38,89.27,57.12,,,45,80.34,53.15,,78.93,80.75,0
2024-02-14,5.184e+04,69.27,88.05,52.47,67.78,68,42.02,76.33,97.21,84.04,94.64,52.47,,,44.73,90.84,55.96,,80.04,84.04,0
2024-02-15,5.194e+04,70.91,89.43,53.97,69.45,70.82,43.03,76.41,97.21,89.45,94.66,53.97,,,45.62,93.28,60.41,,81.23,86.06,0
2024-02-16,5.216e+04,69.06,87.68,43.77,69.34,76.3,43.01,76.77,97.34,81.58,95.03,43.77,,,45.21,93.48,70,,82.6,86.03,0
2024-02-17,5.167e+04,68.99,88.51,41.03,69.36,77.22,43.53,75.61,96.82,88.01,93.58,41.03,,,45.41,93.31,71.37,,83.06,87.05,0
2024-02-18,5.215e+04,68.36,85.33,42.4,69.48,78.31,43.7,76.57,97.25,72.74,94.76,42.4,,,45.82,93.14,73.36,,83.26,87.4,0
2024-02-19,5.18e+04,67.99,86.89,38.08,68.26,79.31,44.13,75.6,96.74,81.85,93.36,38.08,,,44.86,91.67,75.07,,83.54,88.25,0
2024-02-20,5.231e+04,68.52,88.33,38.84,67.45,80.14,43.22,76.62,97.18,84.93,94.57,38.84,,,44.52,90.39,76.1,,84.19,86.44,0
2024-02-21,5.174e+04,67.6,86.73,40.55,63.63,80.14,43.9,75.24,96.54,82.33,92.81,40.55,,,44.79,82.47,75.89,,84.38,87.81,0
2024-02-22,5.129e+04,64,85.39,37.05,51.08,80.52,44.08,74.1,95.99,80.14,91.32,37.05,,,45.07,57.09,76.64,,84.39,88.15,0
2024-02-23,5.079e+04,61.77,86.7,31.16,43.34,80.65,44.28,72.84,95.37,88.9,89.69,31.16,,,44.04,42.65,76.99,,84.32,88.56,0
2024-02-24,5.158e+04,60.91,85.85,30.75,41.28,80.33,44.02,74.53,96.15,80.96,91.75,30.75,,,45.68,36.88,76.23,,84.42,88.05,0
2024-02-25,5.175e+04,60.71,88.3,28.29,38.64,80.04,44.14,74.83,96.29,89.93,92.13,28.29,,,45.41,31.87,75.55,,84.53,88.29,0
2024-02-26,5.455e+04,62.89,90.34,24.73,48.57,81.45,43.89,80.88,98.85,82.26,99.37,24.73,,,45.96,51.19,77.74,,85.17,87.77,0
2024-02-27,5.705e+04,65.59,93.82,25.96,52.5,84.12,44.49,86.1,100.8,83.01,105.4,25.96,,,46.23,58.76,82.26,,85.98,88.97,0
2024-02-28,6.246e+04,71.9,102.5,30.07,63.67,85.33,44.88,97.22,104.3,91.03,117.4,30.07,,,46.64,80.69,84.04,,86.62,89.76,0
2024-02-29,6.139e+04,75.67,100.1,46.16,68.28,88.03,45.55,94.52,103.3,88.63,113.9,46.16,,,46.92,89.64,88.63,,87.43,91.1,0
2024-03-01,6.252e+04,76.42,101.8,43.36,70.35,89.67,45.79,96.56,103.8,91.3,115.7,43.36,,,47.05,93.65,91.1,,88.25,91.58,0
2024-03-02,6.205e+04,76.23,100,44.18,70.73,90.88,46.16,95.37,103.4,86.92,114.3,44.18,,,47.26,94.2,92.88,,88.88,92.33,0
2024-03-03,6.299e+04,78.26,102.3,48.77,71.19,92.03,46.63,97.28,104,91.3,116.5,48.77,,,47.26,95.12,93.84,,90.22,93.25,0
2024-03-04,6.809e+04,81.7,108.5,53.84,71.66,93.02,46.85,108,107.1,90.14,128.6,53.84,,,47.47,95.85,94.38,,91.65,93.7,0
2024-03-05,6.395e+04,81.79,102.8,63.15,71.84,93.98,47.02,98.38,104,92.33,116.6,63.15,,,47.47,96.22,95.41,,92.55,94.04,0
2024-03-06,6.61e+04,81.17,104.3,57.81,71.46,94.19,46.88,102.2,104.8,90.55,119.6,57.81,,,47.6,95.32,95.48,,92.91,93.77,0
2024-03-07,6.707e+04,83.04,105.9,63.9,72.02,94.07,46.95,103.8,105.1,93.7,120.8,63.9,,,47.81,96.23,94.52,,93.62,93.9,0
2024-03-08,6.834e+04,83.51,106.7,64.18,72.48,94.32,46.95,106.1,105.7,91.92,122.9,64.18,,,48.01,96.95,94.38,,94.25,93.9,0
2024-03-09,6.85e+04,83.55,106.8,63.77,72.79,94.28,47,106.2,105.7,92.47,123,63.77,,,48.63,96.96,93.77,,94.78,94.01,0
2024-03-10,6.888e+04,84.36,106.7,67.81,72.87,94.49,46.9,106.8,105.8,90.75,123.6,67.81,,,48.77,96.96,93.84,,95.14,93.8,0
2024-03-11,7.22e+04,87.77,111.2,76.99,72.9,94.66,46.88,113.4,107.4,93.63,130.2,76.99,,,49.18,96.61,93.9,,95.41,93.77,0
2024-03-12,7.143e+04,86.62,109.1,75.14,73.08,94.22,46.58,111.3,106.8,90.89,127.4,75.14,,,49.73,96.44,92.95,,95.5,93.15,0
2024-03-13,7.308e+04,86.17,110.4,70.48,73.05,94.32,46.7,113.7,107,92.67,128.3,70.48,,,49.66,96.45,93.22,,95.42,93.39,0
2024-03-14,7.151e+04,83.97,107.5,65.41,72.22,94.07,46.95,109.9,105.9,90.62,123.8,65.41,,,49.93,94.5,92.81,,95.33,93.9,0
2024-03-15,6.942e+04,82.26,104,65.14,70.36,93.62,47.02,105.1,104.5,88.22,118.4,65.14,,,49.93,90.8,91.99,,95.25,94.04,0
2024-03-16,6.543e+04,77.97,99.12,69.73,53.29,93.23,46.87,96.28,101.8,89.79,108.6,69.73,,,49.86,56.71,91.64,,94.82,93.73,0
2024-03-17,6.829e+04,74.79,102.8,64.45,37.08,92.16,46.85,102.2,103.6,90.34,115,64.45,,,50,24.16,89.93,,94.38,93.7,0
2024-03-18,6.777e+04,74.15,101.9,65.21,36.02,90.56,46.54,100.9,103.2,90,113.5,65.21,,,49.86,22.18,87.88,,93.25,93.08,0
2024-03-19,6.197e+04,71.57,94.22,70.07,32.91,89.04,46.46,88.28,98.98,89.86,99.77,70.07,,,50,15.82,86.23,,91.85,92.91,0
2024-03-20,6.785e+04,75.18,101.9,75.82,32.63,87.95,46.18,100.7,103.2,90.41,113.5,75.82,,,50,15.26,84.32,,91.59,92.36,0
2024-03-21,6.545e+04,73.01,96.2,76.03,32.53,86.96,45.8,95.37,101.4,80.55,107.5,76.03,,,49.66,15.41,83.01,,90.9,91.61,0
2024-03-22,6.349e+04,70.1,94.88,64.18,33.11,86.06,45.26,90.9,99.85,86.37,102.4,64.18,,,49.79,16.43,82.26,,89.86,90.51,0
2024-03-23,6.436e+04,71.04,96.26,63.7,36.9,85.03,44.78,92.1,100,90,102.9,63.7,,,49.73,24.08,81.51,,88.56,89.55,0
2024-03-24,6.729e+04,73.29,100.5,65.27,40.26,83.93,44.14,98.24,102.1,92.05,109.7,65.27,,,50.21,30.31,81.03,,86.82,88.29,0
2024-03-25,7.004e+04,73.7,102.4,62.19,42.98,82.9,43.87,103.4,103.4,88.36,114.4,62.19,,,50.14,35.83,80.62,,85.18,87.74,0
2024-03-26,7.007e+04,74.44,102.4,60.96,48.78,81.58,44.13,103.3,103.4,88.7,114.3,60.96,,,52.95,44.62,80.14,,83.01,88.25,0
2024-03-27,6.927e+04,73.8,101.2,68.49,40.06,81,45.05,101.3,102.8,88.7,112.1,68.49,,,52.4,27.73,82.19,,79.81,90.1,0
2024-03-28,7.083e+04,71.69,103.5,53.08,44.78,75.88,45.15,104.3,103.6,90.96,115.1,53.08,,,52.88,36.68,83.15,,68.61,90.31,0
2024-03-29,6.992e+04,71.26,101.9,45.96,50.27,78.77,45.34,102.2,103,89.66,112.8,45.96,,,53.22,47.32,83.7,,73.85,90.68,0
2024-03-30,6.966e+04,71.75,101.8,41.78,54.12,82.6,45.5,101.5,102.8,90.89,112.1,41.78,,,54.11,54.14,85.34,,79.86,90.99,0
2024-03-31,7.123e+04,72.5,103.2,39.79,55.37,85.19,45.58,104.6,103.7,89.04,115.5,39.79,,,55.14,55.59,86.85,,83.52,91.16,0
2024-04-01,6.979e+04,70.44,101.3,31.37,55.18,87.34,45.86,101.1,102.5,90.14,111.3,31.37,,,53.15,57.22,88.29,,86.4,91.71,0
2024-04-02,6.553e+04,68.49,95.22,31.92,54.98,88.14,45.67,91.76,99.39,88.7,101,31.92,,,54.04,55.92,87.53,,88.74,91.34,0
2024-04-03,6.613e+04,69.03,95.51,28.56,60.99,88.08,44.74,92.85,99.77,87.26,102.2,28.56,,,54.18,67.81,85.68,,90.48,89.49,0
2024-04-04,6.844e+04,68.36,98.41,19.04,62.63,88.16,43.54,97.59,101.4,87.4,107.3,19.04,,,55.34,69.91,84.45,,91.88,87.09,0
2024-04-05,6.79e+04,68.21,98.1,22.4,59.75,87.28,43.53,96.31,101,89.18,106,22.4,,,55.68,63.82,83.01,,91.54,87.05,0
2024-04-06,6.914e+04,67.65,99.84,19.11,57.98,86.25,43.51,98.74,101.8,90.27,108.6,19.11,,,56.16,59.8,81.64,,90.85,87.02,0
2024-04-07,6.939e+04,67.88,100.5,21.37,57.45,83.62,43.97,99.14,101.9,91.85,109.1,21.37,,,56.23,58.67,78.01,,89.22,87.95,0
2024-04-08,7.171e+04,67.47,103.1,22.26,52.85,80.25,43.46,103.8,103.3,91.1,114,22.26,,,55.96,49.75,71.78,,88.72,86.92,0
2024-04-09,6.907e+04,65.79,99.04,22.47,50.64,80.96,43.66,98.06,101.5,88.7,107.9,22.47,,,56.03,45.25,73.36,,88.55,87.33,0
2024-04-10,7.058e+04,64.67,101.1,17.33,46.08,81.05,44.62,101,102.5,89.59,111.1,17.33,,,55.27,36.89,73.7,,88.39,89.25,0
2024-04-11,7.005e+04,63.47,99.32,15.82,43.68,82.06,45.02,99.76,102.1,85.68,109.7,15.82,,,53.9,33.45,75.89,,88.23,90.03,0
2024-04-12,6.71e+04,62.81,95.3,17.53,45.37,82.48,45,93.43,100,84.79,103,17.53,,,56.16,34.57,77.33,,87.64,90,0
2024-04-13,6.455e+04,65.08,93.15,21.71,56.9,81.83,44.76,88,98.1,89.32,97.19,21.71,,,55.55,58.25,77.29,,86.36,89.52,0
2024-04-14,6.565e+04,68.4,94.37,24.38,69.26,81.56,44.11,90.19,98.92,88.77,99.59,24.38,,,56.16,82.35,77.26,,85.86,88.22,0
2024-04-15,6.339e+04,66.3,89.98,20.96,71.69,79.3,43.78,85.38,97.14,82.95,94.46,20.96,,,56.64,86.74,74.52,,84.08,87.57,0
2024-04-16,6.378e+04,67.32,91.86,24.04,73.17,76.93,41.92,86.06,97.39,88.84,95.17,24.04,,,57.05,89.28,70.96,,82.89,83.84,0
2024-04-17,6.132e+04,65.01,86.01,24.93,73.43,75.07,39.69,80.86,95.34,78.22,89.63,24.93,,,57.4,89.46,69.11,,81.03,79.38,0
2024-04-18,6.351e+04,65.44,90.23,28.56,73.82,64.35,37.28,85.29,97.12,84.11,94.4,28.56,,,55.82,91.82,49.45,,79.25,74.55,0
2024-04-19,6.376e+04,65.07,90.86,28.49,74.94,59.82,36.06,85.66,97.25,85.75,94.78,28.49,,,57.88,92,41.23,,78.41,72.12,0
2024-04-20,6.491e+04,59.33,77.32,28.22,72.41,57.25,35.53,87.96,98.15,25.82,97.33,28.22,,,57.47,87.35,36.23,,78.26,71.06,0
2024-04-21,6.497e+04,59.51,78.31,36.58,66.54,52.76,35.59,87.99,98.18,29.66,97.41,36.58,,,57.67,75.42,28.01,,77.51,71.03,0.1609
2024-04-22,6.694e+04,60.75,82.62,34.66,68.73,50.67,35.54,91.95,99.62,37.19,101.7,34.66,,,58.36,79.1,23.97,,77.36,70.75,0.3218
2024-04-23,6.639e+04,61.23,83.08,39.11,67.22,48.46,36.22,90.66,99.17,42.12,100.3,39.11,,,58.29,76.16,19.79,,77.13,71.95,0.4827
2024-04-24,6.419e+04,61.27,78.34,51.16,63.34,48.54,36.67,85.76,97.25,35.62,94.75,51.16,,,58.42,68.26,19.25,,77.82,72.71,0.6436
2024-04-25,6.452e+04,59.46,77.51,49.66,56.51,48.45,38.33,86.33,97.48,30.82,95.42,49.66,,,58.56,54.46,19.73,,77.16,75.86,0.8045
2024-04-26,6.378e+04,55.37,75.3,43.36,45.72,48.74,38.89,84.72,96.88,25.89,93.73,43.36,,,58.49,32.95,19.45,,78.03,76.82,0.9654
2024-04-27,6.343e+04,57.48,75.34,58.97,39.92,49.45,39.16,83.9,96.57,28.01,92.88,58.97,,,58.29,21.55,21.03,,77.88,77.19,1.126
2024-04-28,6.298e+04,57,74.6,61.1,38.2,48.06,38.25,82.85,96.15,27.67,91.74,61.1,,,58.49,17.9,19.32,,76.8,75.21,1.287
2024-04-29,6.391e+04,57.01,75.18,63.42,34.78,48.58,37.68,84.65,96.87,25.48,93.71,63.42,,,58.08,11.48,21.03,,76.14,73.9,1.448
2024-04-30,6.064e+04,58.28,71.16,75.96,33.38,51.88,37.26,77.81,94.05,26.44,86.34,75.96,,,58.08,8.674,28.36,,75.4,72.91,1.609
2024-05-01,5.814e+04,57.93,66.7,82.4,32.45,53.53,35.82,72.67,91.75,21.51,80.87,82.4,,,58.36,6.536,33.84,,73.23,69.86,1.77
2024-05-02,5.917e+04,58.65,69.32,82.33,33.06,52.62,34.15,74.75,92.75,26.58,83.19,82.33,,,57.81,8.32,34.18,,71.05,66.37,1.931
2024-05-03,6.298e+04,60.2,73.54,83.15,34.72,50.99,32.4,82.5,96.1,23.97,91.61,83.15,,,57.88,11.56,32.33,,69.65,62.71,2.092
2024-05-04,6.388e+04,61.7,75.98,85.14,36.84,49.74,32.46,84.25,96.81,29.32,93.56,85.14,,,58.56,15.12,30.82,,68.66,62.67,2.253
2024-05-05,6.407e+04,62.21,76.02,84.73,37.91,51.92,32.94,84.55,96.95,28.63,93.94,84.73,,,58.77,17.05,34.73,,69.11,63.46,2.414
2024-05-06,6.323e+04,60.79,73.16,82.88,38.63,50.49,33.14,82.72,96.23,21.71,91.97,82.88,,,59.11,18.15,31.85,,69.13,63.7,2.574
2024-05-07,6.24e+04,60.5,71.91,81.99,41.71,48.38,33.34,80.94,95.52,21.1,90.09,81.99,,,58.49,24.92,26.85,,69.92,63.94,2.735
2024-05-08,6.108e+04,58.92,70.45,83.42,34.53,48.28,34.29,78.15,94.34,22.26,87.06,83.42,8.889,,57.88,36.83,24.52,,72.04,65.68,2.896
2024-05-09,6.3e+04,60.11,74.94,80.14,34.56,49.3,35.47,81.98,95.96,30.55,91.25,80.14,9.89,,57.81,35.97,25.62,,72.99,67.88,3.057
2024-05-10,6.09e+04,58.87,71.66,82.26,30.1,51.14,36.44,77.62,94.14,28.29,86.57,82.26,7.609,,57.74,24.96,29.52,,72.76,69.66,3.218
2024-05-11,6.084e+04,58.96,73.11,83.15,27.51,51.05,35.82,77.44,94.08,34.52,86.4,83.15,2.151,,57.4,22.99,30.07,,72.03,68.25,3.379
2024-05-12,6.143e+04,57.84,71.17,81.71,27.12,51.2,34.83,78.56,94.58,23.9,87.65,81.71,4.255,,57.19,19.9,31.85,,70.54,66.13,3.54
2024-05-13,6.289e+04,60.35,75,82.67,29.91,54.9,33.48,81.43,95.79,31.99,90.8,82.67,10.53,,57.74,21.47,40.07,,69.73,63.25,3.701
2024-05-14,6.156e+04,58.84,71.66,81.58,28.83,55.56,33.44,78.63,94.62,25.62,87.76,81.58,11.46,,57.74,17.28,42.19,,68.92,63.01,3.862
2024-05-15,6.628e+04,61.05,79.1,76.92,32.47,54.23,33.5,87.99,98.3,32.33,97.77,76.92,16.49,,56.3,24.6,39.93,,68.53,62.98,4.023
2024-05-16,6.527e+04,61.59,77.69,79.86,34.43,53.54,35.07,85.79,97.47,32.12,95.38,79.86,20.41,,57.05,25.84,38.36,,68.72,65.96,4.183
2024-05-17,6.696e+04,62.99,81.37,76.99,38.67,52.03,35.8,89.07,98.7,38.77,98.93,76.99,25.25,,56.85,33.92,33.97,,70.08,67.26,4.344
2024-05-18,6.698e+04,59.74,78.26,63.63,41.44,50.82,37.06,89.01,98.69,26.44,98.92,63.63,26,,56.99,41.34,29.86,,71.77,69.62,4.505
2024-05-19,6.626e+04,60.38,80.19,62.05,41.89,51.21,38.38,87.44,98.12,37.95,97.26,62.05,23.76,,57.47,44.44,29.04,,73.38,72.09,4.666
2024-05-20,7.12e+04,63.04,87.22,61.44,44.2,49.28,39.9,97.24,101.5,42.26,107.8,61.44,29.41,,57.4,45.8,23.84,,74.73,74.97,4.827
2024-05-21,7.022e+04,64.61,83.84,68.56,48.88,50.89,41.4,95.02,100.8,34.25,105.3,68.56,33.01,,56.99,56.65,25.62,,76.16,77.81,4.988
2024-05-22,6.907e+04,64.66,83.65,72.81,40.16,56.42,43.26,92.54,99.91,39.52,102.6,72.81,34.62,,57.12,28.75,34.66,,78.17,81.37,5.149
2024-05-23,6.776e+04,64.6,83.12,70.55,39.18,60.6,44.69,89.74,98.91,44.25,99.57,70.55,37.14,,56.58,23.82,41.85,,79.35,84.08,5.31
2024-05-24,6.861e+04,64.21,83.4,67.19,37.88,63.52,44.76,91.31,99.48,41.51,101.3,67.19,40.57,,55.27,17.8,47.33,,79.7,84.04,5.471
2024-05-25,6.928e+04,65.37,84.26,69.32,38.16,65.8,45.18,92.56,99.94,41.85,102.7,69.32,42.06,,56.23,16.19,51.71,,79.88,84.73,5.632
2024-05-26,6.845e+04,66.09,83.78,72.12,37.72,68.33,45.48,90.74,99.31,44.32,100.8,72.12,42.59,,55.96,14.6,56.51,,80.15,85.17,5.792
2024-05-27,6.935e+04,65.68,80.01,73.01,36.14,74.99,45.99,92.39,99.89,25.21,102.5,73.01,42.66,,54.79,10.97,69.73,,80.25,86.03,5.953
2024-05-28,6.834e+04,63.74,78.69,67.47,34.56,74.93,45.59,89.26,98.31,29.38,97.79,67.47,43.64,,52.53,7.512,69.59,,80.26,85.07,6.114
2024-05-29,6.758e+04,62.88,77.96,65.68,33.96,74.25,45.3,87.63,97.72,30.41,96.08,65.68,44.14,,51.03,6.719,69.04,,79.46,84.32,6.275
2024-05-30,6.838e+04,59.73,77.36,51.16,34.14,73.99,44.88,89.1,98.28,24.38,97.7,51.16,45.54,,49.86,7.02,69.01,,78.98,83.32,6.436
2024-05-31,6.738e+04,61.18,78.88,55.07,34.62,74.37,44.75,86.99,97.51,35.55,95.48,55.07,48.67,,49.59,5.607,70.07,,78.67,82.91,6.597
2024-06-01,6.771e+04,60.69,78.57,53.97,34.43,74.25,43.74,87.57,97.74,32.81,96.16,53.97,49.12,,49.66,4.51,70.07,,78.44,80.72,6.758
2024-06-02,6.781e+04,60.6,78.48,54.73,33.42,74.37,43.43,87.65,97.79,32.19,96.29,54.73,46.09,,49.52,4.658,70.03,,78.7,79.93,6.919
2024-06-03,6.883e+04,61.56,81.65,52.88,34.21,74.92,43.28,89.51,98.46,40.41,98.24,52.88,47.41,,49.32,5.891,70.96,,78.88,79.49,7.08
2024-06-04,7.055e+04,61.16,81.44,47.4,38.08,74.71,43.57,92.76,99.61,31.71,101.7,47.4,55.56,,49.38,9.288,71.1,,78.33,79.9,7.241
2024-06-05,7.109e+04,63.86,80.54,59.79,40.08,75.06,44.33,93.64,99.9,26.03,102.6,59.79,56.78,,49.38,14.06,71.78,,78.34,81.27,7.401
2024-06-06,7.079e+04,64.27,81.28,59.11,40.56,75.54,45.61,92.79,99.56,31.23,101.5,59.11,57.98,,49.18,14.51,71.99,,79.1,83.66,7.562
2024-06-07,6.934e+04,65.58,80.19,52.05,55.73,75.54,46.21,89.75,98.48,34.25,98.3,52.05,61.67,93.33,48.49,19.41,71.64,,79.44,84.69,7.723
2024-06-08,6.931e+04,68.76,83.05,61.44,57.19,75.59,46.27,89.59,98.44,46.03,98.16,61.44,63.64,93.41,48.49,23.23,71.3,,79.87,84.66,7.884
2024-06-09,6.964e+04,68.22,81.65,59.45,58.67,75.78,46.54,90.14,98.66,38.97,98.82,59.45,63.93,95.65,48.36,26.73,71.27,,80.29,85.03,8.045
2024-06-10,6.947e+04,67.52,79.83,60.68,57.44,75.36,46.48,89.66,98.5,32.81,98.34,60.68,63.41,95.7,47.95,22.7,70.82,,79.9,84.76,8.206
2024-06-11,6.737e+04,63.98,74.52,55.82,54.28,74.75,46.68,85.3,96.82,22.4,93.56,55.82,55.65,92.55,47.47,21.44,70.48,,79.02,85,8.367
2024-06-12,6.821e+04,64.41,78.59,52.95,53.03,73.81,46.34,86.85,97.42,34.86,95.23,52.95,56,91.58,47.12,17.43,68.42,,79.2,84.14,8.528
2024-06-13,6.678e+04,62.21,76.33,49.86,50.27,73.27,44.72,83.93,96.3,32.95,92.16,49.86,53.17,85.42,47.05,15.42,67.74,,78.81,80.75,8.689
2024-06-14,6.598e+04,62.47,72.87,62.19,47.22,71.19,44.05,82.26,95.65,23.15,90.41,62.19,48.82,79.38,47.26,13.41,64.45,,77.93,79.25,8.85
2024-06-15,6.62e+04,62.65,73.8,64.38,44.97,69.96,44.54,82.61,95.8,25.96,90.82,64.38,46.09,74.49,47.26,12.02,64.42,,75.51,80.07,9.01
2024-06-16,6.662e+04,63.82,77.86,65.82,42.93,69.59,43.78,83.35,96.12,40.27,91.67,65.82,44.19,70.71,47.4,9.422,64.38,,74.8,78.39,9.171
2024-06-17,6.648e+04,63.18,74.84,69.38,42.02,68.93,43.66,82.98,95.98,29.11,91.3,69.38,41.54,68,46.71,11.84,64.35,,73.52,77.98,9.332
2024-06-18,6.511e+04,62.42,74.35,68.97,41.06,66.78,43.72,80.22,94.87,33.9,88.4,68.97,40.46,67.33,46.44,10,60.34,,73.21,77.95,9.493
2024-06-19,6.488e+04,59.57,71.96,64.32,39.62,62.25,42.6,79.67,94.65,25.68,87.84,64.32,38.64,62.75,47.12,9.985,54.59,,69.91,75.55,9.654
2024-06-20,6.49e+04,56.24,71.53,54.66,37.12,58.18,41.21,79.64,94.65,23.97,87.85,54.66,33.83,58.25,46.58,9.819,50.89,,65.48,72.6,9.815
2024-06-21,6.409e+04,55.51,71,54.38,36.41,56.66,40.02,77.95,93.93,26.1,86.04,54.38,32.09,55.77,46.78,11.01,49.11,,64.21,70.07,9.976
2024-06-22,6.426e+04,55.53,72.77,53.36,36.02,55.57,38.49,78.06,93.92,33.08,86.01,53.36,31.11,55.24,46.58,11.14,47.88,,63.27,66.85,10.14
2024-06-23,6.335e+04,51.43,67.09,48.9,33.12,51.93,37.53,76.21,93.12,14.93,84.08,48.9,25.74,48.11,46.92,11.73,45.41,,58.45,64.76,10.3
2024-06-24,6.026e+04,51.28,66.41,54.11,30.77,49.94,35.67,70.17,90.32,27.47,77.67,54.11,24.09,44.86,43.9,10.21,44.86,,55.01,60.89,10.46
2024-06-25,6.174e+04,49.2,65.81,47.67,31.01,47.98,32.33,73.02,91.72,17.74,80.78,47.67,25.36,44.44,43.42,10.79,43.42,,52.54,54.04,10.62
2024-06-26,6.079e+04,49.07,64.26,51.58,30.85,47.33,29.89,71.13,90.83,16.3,78.79,51.58,25.9,44.95,43.7,8.832,46.03,,48.63,49.01,10.78
2024-06-27,6.157e+04,51.35,66.05,64.59,29.61,44.13,27.73,72.49,91.45,20.07,80.18,64.59,25,43.64,43.36,6.428,48.7,,39.56,44.52,10.94
2024-06-28,6.03e+04,51.86,64.64,68.15,29.03,47.82,26.3,69.97,90.24,20.82,77.51,68.15,26.95,42.34,43.08,3.731,50.55,,45.09,41.51,11.1
2024-06-29,6.089e+04,54.95,68.01,78.42,27.25,50.61,24.21,71.06,90.8,31.44,78.72,78.42,24.65,39.29,42.67,2.385,51.51,,49.72,37.16,11.26
2024-06-30,6.276e+04,53.6,66.76,72.33,25.9,54.93,23.5,74.65,92.51,17.26,82.63,72.33,23.08,35.4,42.88,2.232,56.16,,53.7,35.58,11.42
2024-07-01,6.284e+04,55.27,68.8,72.81,27.14,58.85,23.7,74.7,92.54,25.27,82.69,72.81,28.47,35.96,42.33,1.783,57.53,,60.16,35.82,11.58
2024-07-02,6.203e+04,55.97,68.37,71.44,27.57,64.42,25.79,73.09,91.81,27.6,80.99,71.44,28.28,39.13,41.99,0.8902,64.32,,64.53,39.83,11.75
2024-07-03,6.022e+04,55.88,65.19,76.3,25.32,67.55,26.14,69.47,90.04,24.18,77.06,76.3,22.6,36.21,41.71,0.7407,64.28,,70.81,40.38,11.91
2024-07-04,5.742e+04,54.58,60.63,80.34,20.8,69.68,26.77,64.04,87.22,20,71.27,80.34,11.56,29.06,41.1,1.479,64.28,,75.08,41.47,12.07
2024-07-05,5.672e+04,51.77,57.94,75.34,19.82,66.32,25.12,62.57,86.38,13.15,69.65,75.34,10.14,25.42,40.62,3.102,58.01,,74.62,38.01,12.23
2024-07-06,5.826e+04,53.58,64.62,76.23,18.83,63.08,24.86,65.52,88.02,32.05,72.86,76.23,6.711,22.69,40.75,5.162,52.33,,73.84,37.33,12.39
2024-07-07,5.611e+04,51.55,58.59,79.93,17.06,62.21,23.18,61.33,85.69,18.97,68.35,79.93,1.333,17.5,41.16,8.247,51.92,,72.5,33.8,12.55
2024-07-08,5.669e+04,52.93,61.19,79.04,21.88,60.79,22.13,62.47,86.39,26.23,69.66,79.04,9.934,24.79,41.16,11.62,51.3,,70.29,31.54,12.71
2024-07-09,5.798e+04,54.1,62.6,80.14,25.86,59.2,21.13,64.9,87.73,25.48,72.29,80.14,12.5,27.05,41.44,22.47,49.45,,68.95,29.38,12.87
2024-07-10,5.772e+04,53.75,60.46,79.79,29.03,58.91,19.89,64.34,87.43,18.36,71.69,79.79,15.03,27.64,42.05,31.38,48.29,,69.54,26.75,13.03
2024-07-11,5.731e+04,54.88,60.27,84.18,31.3,58.65,18.89,63.51,87,19.73,70.83,84.18,18.83,31.45,41.99,32.94,48.29,,69,24.59,13.19
2024-07-12,5.786e+04,55.7,61.94,85.14,32.32,57.84,18.54,64.53,87.57,23.7,71.95,85.14,20.65,33.6,41.71,33.33,46.58,,69.11,23.73,13.35
2024-07-13,5.933e+04,57.72,64.65,87.26,34.49,59.21,18.57,67.31,89.06,27.26,74.99,87.26,25,37.3,40.75,34.89,48.56,,69.85,23.63,13.52
2024-07-14,6.102e+04,59.82,68.98,86.16,38.07,59.47,19.08,70.51,90.69,36.23,78.48,86.16,29.94,38.58,40.89,42.86,46.92,,72.02,24.49,13.68
2024-07-15,6.473e+04,62.44,72.92,85.27,45.28,58.08,20.98,77.53,93.92,34.25,86.01,85.27,37.97,42.19,40.82,60.12,43.01,,73.15,28.12,13.84
2024-07-16,6.512e+04,65.19,72.55,94.38,50.69,56.54,23.03,78.09,94.13,31.44,86.54,94.38,43.4,51.16,40.48,67.73,39.11,,73.97,32.05,14
2024-07-17,6.42e+04,65.21,72.63,93.97,53.25,51.97,25.5,76.25,93.33,36.37,84.57,93.97,45.62,54.62,42.67,70.1,29.25,,74.7,36.85,14.16
2024-07-18,6.398e+04,63.48,68.29,93.29,53.91,48.53,28.63,75.73,93.09,20.34,83.99,93.29,48.45,58.78,40,68.41,21.71,,75.36,42.95,14.32
2024-07-19,6.676e+04,67.32,74.67,94.18,58.52,48.93,33.08,80.85,95.26,33.15,89.41,94.18,51.85,65.15,40.82,76.27,21.78,,76.09,51.68,14.48
2024-07-20,6.719e+04,68.66,77.14,94.25,60.66,46.38,37.2,81.59,95.58,41.16,90.24,94.25,53.37,69.17,42.05,78.03,15.62,,77.14,59.76,14.64
2024-07-21,6.806e+04,69.24,78.76,93.84,60.71,44.57,40.74,83.16,96.23,43.7,91.97,93.84,56.1,70.9,39.79,76.05,10.96,,78.18,66.68,14.8
2024-07-22,6.754e+04,70,78.77,93.97,62.66,45.95,42.12,82.04,95.77,46.51,90.75,93.97,60.61,74.07,39.59,76.37,13.22,,78.67,69.28,14.96
2024-07-23,6.592e+04,68.35,75.3,93.15,60.64,46.44,42.77,78.71,94.31,41.16,87,93.15,59.64,77.21,39.66,66.04,14.66,,78.22,70.41,15.12
2024-07-24,6.535e+04,67.32,70.87,92.19,61.45,50,42.83,77.56,93.83,26.3,85.8,92.19,62.28,80.29,39.59,63.65,21.92,,78.08,70.38,15.29
2024-07-25,6.572e+04,69.4,74.3,93.56,61.41,53.5,43.75,78.16,94.09,38.49,86.44,93.56,62.5,79.71,39.45,63.99,29.45,,77.54,72.05,15.45
2024-07-26,6.791e+04,70.21,77.11,92.26,60.05,55.17,44.88,82.21,95.79,39.66,90.78,92.26,62.72,79.86,39.45,58.17,33.56,,76.77,74.14,15.61
2024-07-27,6.808e+04,70.14,76.59,91.64,58.34,59.17,44.66,82.41,95.87,37.05,91.01,91.64,62.35,80,39.52,51.5,42.33,,76,73.56,15.77
2024-07-28,6.817e+04,69.59,76.01,90.34,56.41,61.36,44.33,82.51,95.93,34.45,91.15,90.34,60.82,77.3,39.66,47.86,47.4,,75.31,72.74,15.93
2024-07-29,6.687e+04,69.3,77.04,88.08,54.77,61.8,44.98,79.9,94.85,45.07,88.34,88.08,63.37,80.99,39.93,34.81,48.9,,74.71,73.87,16.09
2024-07-30,6.619e+04,67.57,73.08,87.47,53.87,61.88,44.44,78.52,94.26,32.67,86.86,87.47,63.01,81.82,39.45,31.2,49.11,,74.65,72.64,16.25
2024-07-31,6.469e+04,65.25,69.44,87.12,50.96,59.91,43.48,75.62,93,25.34,83.79,87.12,59.2,75.69,39.79,29.16,45.55,,74.27,70.55,16.41
2024-08-01,6.518e+04,64.84,69.95,86.64,49.52,59.59,41.88,76.43,93.36,25.34,84.65,86.64,60.57,76.55,39.66,21.31,45.27,,73.9,67.19,16.57
2024-08-02,6.151e+04,61.72,63.17,87.12,45.65,59.46,41.4,69.44,90.09,15.96,77.17,87.12,56.25,74.66,38.49,13.19,46.71,,72.2,66.06,16.73
2024-08-03,6.069e+04,61.18,63,85.55,47.43,57.9,38.48,67.84,89.29,19.38,75.47,85.55,56.21,85.03,38.29,10.2,46.78,,69.01,60.07,16.89
2024-08-04,5.831e+04,59.49,60.17,85.07,46.76,56.56,35.75,63.3,86.87,19.93,70.58,85.07,53.93,86.49,38.42,8.204,48.15,,64.97,54.45,17.06
2024-08-05,5.434e+04,57.53,55.44,87.12,47.03,55.12,30.32,55.88,82.5,20.68,62.67,87.12,51.96,87.25,38.9,10.03,47.19,,63.05,43.42,17.22
2024-08-06,5.605e+04,57.34,56.74,87.12,47.57,52.86,26.1,59.14,84.56,16.99,66.27,87.12,50.56,86.67,39.25,13.82,45.14,,60.58,34.83,17.38
2024-08-07,5.513e+04,54.58,54.21,83.9,45.74,48.14,24.61,57.38,83.5,11.58,64.38,83.9,45.86,81.46,40,15.63,40.34,,55.93,31.68,17.54
2024-08-08,6.191e+04,57.64,64.24,83.7,48.2,43.19,23.03,70.11,90.56,18.08,78.2,83.7,45.6,79.61,41.58,26.02,31.51,,54.87,28.36,17.7
2024-08-09,6.072e+04,57.05,62.55,84.79,49.79,39.99,22.46,67.78,89.38,17.4,75.66,84.79,43.72,70.59,41.44,43.4,25,,54.98,27.05,17.86
2024-08-10,6.087e+04,56.61,62.6,82.74,52.19,36.21,22.79,67.95,89.45,17.19,75.81,82.74,42.93,64.29,41.64,59.89,16.85,,55.56,27.57,18.02
2024-08-11,5.884e+04,56.22,63.16,80.68,52.81,33.97,23.23,64.07,87.4,29.52,71.63,80.68,38.92,61.29,41.3,69.75,12.19,,55.75,28.29,18.18
2024-08-12,5.939e+04,55.1,61.27,79.59,52.52,32.72,23.21,65.09,87.97,19.25,72.76,79.59,39.25,59.62,41.71,69.51,9.658,,55.79,28.08,18.34
2024-08-13,6.054e+04,56.97,64.09,84.11,51.78,32.88,24.27,67.22,89.12,24.93,75.11,84.11,39.57,59.24,42.26,66.06,9.247,,56.52,30.03,18.5
2024-08-14,5.884e+04,55.03,59.94,83.84,49.12,33.46,24.45,64.01,87.43,16.64,71.68,83.84,35.64,53.8,42.19,64.85,8.493,,58.42,30.24,18.66
2024-08-15,5.764e+04,47.37,61.03,48.7,44.71,32.1,25.13,61.73,86.17,26.99,69.23,48.7,29.1,45.91,42.4,61.42,6.301,,57.91,31.44,18.83
2024-08-16,5.893e+04,45,61.02,40.48,43.12,30.19,23.89,64.12,87.53,20.55,71.88,40.48,28.42,44.38,42.4,57.3,3.836,,56.55,28.8,18.99
2024-08-17,5.941e+04,46.16,62.45,47.53,40.22,29.79,22.84,65.01,88.03,23.9,72.87,47.53,26.7,39.13,42.67,52.36,4.863,,54.72,26.54,19.15
2024-08-18,5.879e+04,45.9,62.28,51.71,35.62,29.25,22.45,63.8,87.38,26.37,71.58,51.71,17.71,32.1,43.01,49.65,4.521,,53.98,25.58,19.31
2024-08-19,5.941e+04,45.92,60.5,55.14,36.08,28.19,22.75,64.93,88.01,16.23,72.83,55.14,20.73,31.29,43.29,49.03,3.288,,53.09,26.03,19.47
2024-08-20,5.912e+04,46.45,62.11,56.03,35.5,27.51,22.74,64.36,87.72,24.11,72.26,56.03,21.13,31.1,43.29,46.47,3.288,,51.74,25.86,19.63
2024-08-21,6.113e+04,46.65,64.67,54.79,33.67,27.3,22.31,68.08,89.7,24.59,76.33,54.79,14.36,28.48,43.9,47.93,3.356,,51.23,24.83,19.79
2024-08-22,6.039e+04,47.92,65.33,58.49,34.71,27.19,23.4,66.64,88.96,30.96,74.77,58.49,15.82,29.52,44.52,48.97,3.425,,50.96,26.85,19.95
2024-08-23,6.411e+04,50.18,71.26,55.34,38.27,27.49,23.99,73.48,92.34,36.99,82.22,55.34,20.81,29.34,44.38,58.54,4.521,,50.46,27.88,20.11
2024-08-24,6.402e+04,49.97,69.86,55.21,39.04,26.98,26.25,73.25,92.23,31.99,81.97,55.21,19.19,29.17,45.07,62.72,4.315,,49.65,32.23,20.27
2024-08-25,6.45e+04,49.28,67.88,54.04,40.12,26.44,27.19,74.08,92.63,21.92,82.91,54.04,17.59,28.99,45.48,68.41,4.11,,48.77,33.94,20.43
2024-08-26,6.298e+04,48.52,65.74,49.66,43.09,27.05,29.08,71.18,91.26,20.75,79.76,49.66,23.5,31.18,45.55,72.15,5.753,,48.35,37.57,20.6
2024-08-27,5.955e+04,47.71,61.65,50.82,43.76,27.63,30.7,64.79,88.03,20.89,72.88,50.82,20.9,30.99,45.62,77.53,7.329,,47.93,40.65,20.76
2024-08-28,5.91e+04,47.71,63.23,50.21,41.82,27.13,31.08,63.86,87.51,29.73,71.83,50.21,15.35,27.33,45.68,78.93,7.603,,46.66,41.23,20.92
2024-08-29,5.934e+04,47.26,60.32,52.47,42.28,27.69,30.47,64.28,87.75,16.92,72.32,52.47,15.27,27.17,45.68,81.01,8.836,,46.55,39.86,21.08
2024-08-30,5.914e+04,47.24,60.95,55.27,37.56,28.52,30.57,63.88,87.54,20.48,71.91,55.27,13.24,27.01,45.75,64.26,11.3,,45.75,39.9,21.24
2024-08-31,5.896e+04,47.7,61.15,60.41,35.82,28.15,28.3,63.49,87.34,22.26,71.5,60.41,12.2,25.71,45.68,59.67,11.44,,44.87,35.21,21.4
2024-09-01,5.735e+04,46.3,58.37,57.95,36.41,28.56,27.18,60.46,85.62,19.18,68.21,57.95,16.5,30.68,45.55,52.93,12.12,,44.99,32.81,21.56
2024-09-02,5.916e+04,48.01,63.92,60.41,34.44,27.43,25.57,63.81,87.55,32.4,71.92,60.41,16.67,30.79,45.89,44.43,9.521,,45.34,29.42,21.72
2024-09-03,5.764e+04,44.32,59.4,55.62,29.5,27.44,23.92,60.97,85.96,21.85,68.84,55.62,11.54,29.21,45.34,31.89,10.34,,44.54,25.96,21.88
2024-09-04,5.803e+04,43.54,60.14,48.63,30.92,28.09,23.68,61.67,86.37,22.88,69.63,48.63,14.35,34.64,45,29.67,11.44,,44.73,25.31,22.04
2024-09-05,5.611e+04,43.28,57.61,51.64,29.85,29.63,23.77,58.09,84.27,22.33,65.74,51.64,13.81,35,45.14,25.44,14.86,,44.39,25.34,22.2
2024-09-06,5.384e+04,42.57,53.27,56.85,29.43,29.88,21.88,53.87,81.58,16.51,61.13,56.85,10.43,35.36,44.38,27.57,14.11,,45.66,21.4,22.37
2024-09-07,5.407e+04,41.85,54.78,53.29,28.71,27.88,20.92,54.28,81.87,21.37,61.61,53.29,8.962,33.52,44.04,28.34,9.521,,46.23,19.32,22.53
2024-09-08,5.486e+04,43.27,56.91,55.82,29.67,27.42,21.38,55.74,82.84,25.82,63.24,55.82,9.39,36.07,44.66,28.57,7.877,,46.96,20.07,22.69
2024-09-09,5.714e+04,42.78,58.22,49.38,31.32,27.42,21.48,59.91,85.41,19.73,67.83,49.38,9.813,36.96,45.14,33.38,6.096,,48.75,20.1,22.85
2024-09-10,5.766e+04,42.66,58.24,44.93,34.43,27.32,23.05,60.87,86,17.19,68.91,44.93,12.09,41.08,45.96,38.58,4.041,,50.61,23.08,23.01
2024-09-11,5.741e+04,40.13,55.54,36.16,34.5,27.21,24.77,60.37,85.72,7.671,68.39,36.16,10.65,39.78,45.68,41.88,3.014,,51.4,26.37,23.17
2024-09-12,5.812e+04,41.02,60.35,29.73,36.99,26.97,25.07,61.66,86.48,23.42,69.83,29.73,10.83,39.57,45.68,51.88,2.123,,51.82,26.82,23.33
2024-09-13,6.054e+04,42.31,61.04,27.74,43.82,26.96,25.84,66.01,88.86,14.73,74.58,27.74,18.35,46.28,45.34,65.33,2.055,,51.86,28.18,23.49
2024-09-14,6.001e+04,43.85,61.71,29.25,47.49,27.38,27.99,64.99,88.32,20.07,73.47,29.25,17.81,52.91,46.78,72.46,2.329,,52.42,32.33,23.65
2024-09-15,5.913e+04,45.08,61.75,35.34,46.55,27.79,29.17,63.33,87.42,24.59,71.66,35.34,17.27,52.11,46.99,69.83,2.74,,52.84,34.52,23.81
2024-09-16,5.823e+04,44.1,57.99,37.95,45.09,28.15,29.73,61.61,86.45,14.11,69.78,37.95,18.1,53.4,46.99,61.87,4.795,,51.51,35.48,23.97
2024-09-17,6.024e+04,45.86,63.18,35.14,46.99,28.89,29.82,65.27,88.5,25.14,73.82,35.14,22.52,59.38,46.03,60.05,7.055,,50.72,35.51,24.14
2024-09-18,6.131e+04,45.58,63.4,33.42,44.97,31.15,30.38,67.16,89.49,21.03,75.9,33.42,19.73,56.99,47.05,56.12,11.23,,51.06,36.47,24.3
2024-09-19,6.299e+04,46.57,64.11,34.25,45.21,33.7,31.89,70.18,91.01,16.03,79.2,34.25,21.43,56.7,47.19,55.51,14.86,,52.53,39.32,24.46
2024-09-20,6.315e+04,48.19,66.76,36.23,43.75,36.33,33.83,70.35,91.07,26.3,79.32,36.23,23.56,61.54,46.92,42.97,18.36,,54.3,43.05,24.62
2024-09-21,6.337e+04,48.25,65.85,36.3,42.49,39.94,34.51,70.68,91.24,21.78,79.71,36.3,20.8,60.71,47.4,41.06,25.62,,54.26,44.25,24.78
2024-09-22,6.357e+04,49.36,66.26,40.96,40.11,43.27,34.7,71,91.41,22.53,80.09,40.96,14.54,54.82,47.81,43.25,32.4,,54.14,44.45,24.94
2024-09-23,6.334e+04,49.01,67.04,37.33,40.9,42.22,35.67,70.46,91.12,27.12,79.45,37.33,14.91,55.05,47.81,45.84,32.6,,51.84,46.23,25.1
2024-09-24,6.434e+04,49.33,68.39,35.82,42.46,39.59,38.04,72.23,91.98,27.95,81.39,35.82,18.78,57.79,47.74,45.51,28.36,,50.83,50.82,25.26
2024-09-25,6.306e+04,49.3,66.14,45.07,38.49,36.2,40.09,69.76,90.76,25.41,78.64,45.07,15.65,52.5,47.74,38.08,27.33,,45.08,54.76,25.42
2024-09-26,6.506e+04,49.38,67.29,39.59,45.04,32.5,40.31,73.33,92.48,20.82,82.54,39.59,29.87,61.69,48.22,40.39,29.11,,35.89,55.03,25.58
2024-09-27,6.577e+04,51.22,69.07,39.45,50.24,33.37,41.04,74.53,93.03,24.86,83.85,39.45,43.97,66.83,48.77,41.39,31.71,,35.03,56.34,25.74
2024-09-28,6.577e+04,51.19,68.06,40.68,50.55,32.9,41.84,74.45,92.99,21.03,83.76,40.68,45.92,68.47,48.7,39.11,28.7,,37.11,57.77,25.91
2024-09-29,6.562e+04,52.87,71.26,42.53,51.14,32.93,42.59,74.11,92.85,34.66,83.41,42.53,47.86,71.08,49.04,36.57,26.16,,39.7,59.11,26.07
2024-09-30,6.326e+04,50.62,65.4,38.97,50.19,36.9,43.68,69.73,90.76,22.47,78.63,38.97,48.94,71.71,48.84,31.28,28.29,,45.51,61.13,26.23
2024-10-01,6.086e+04,51.85,64.4,44.93,47.17,43.64,43.38,65.31,88.49,30,73.81,44.93,45.34,67.48,48.15,27.71,39.04,,48.24,60.38,26.39
2024-10-02,6.069e+04,51.95,63.78,43.15,46.7,49.64,42.13,64.97,88.32,28.36,73.47,43.15,42.62,66.18,48.63,29.37,45.68,,53.59,57.71,26.55
2024-10-03,6.077e+04,53.93,64.37,49.66,48.49,51.03,41.15,65.09,88.4,30.34,73.64,49.66,47.9,71.15,48.42,26.47,44.18,,57.88,55.58,26.71
2024-10-04,6.205e+04,54.6,67.42,51.1,47.78,49.2,38.52,67.38,89.62,36.51,76.17,51.1,48.95,70.33,47.6,24.22,41.1,,57.31,50.17,26.87
2024-10-05,6.203e+04,52.22,65.21,46.03,48.25,45.78,36.7,67.29,89.59,27.88,76.1,46.03,50.83,72.86,47.6,21.72,34.59,,56.97,46.37,27.03
2024-10-06,6.279e+04,52.01,66.49,42.4,49.69,45.05,35.63,68.63,90.29,29.45,77.6,42.4,53.53,75.83,48.77,20.65,33.01,,57.08,44.08,27.19
2024-10-07,6.242e+04,51.72,66.31,41.64,51.65,42.63,34.53,67.9,89.92,30.62,76.8,41.64,56.61,81.6,47.26,21.14,27.33,,57.93,41.71,27.35
2024-10-08,6.213e+04,49.48,66.69,32.05,50.69,40.92,34.49,66.83,89.13,35.68,75.14,32.05,55.97,79.81,47.53,19.43,22.53,,59.3,41.47,27.51
2024-10-09,6.062e+04,48.73,59.89,41.58,48.86,40.94,35.46,64.04,87.65,15.75,72.11,41.58,54.92,78.5,47.12,14.88,22.47,,59.41,43.25,27.67
2024-10-10,6.022e+04,51.19,62.35,52.33,45.73,41.2,35.77,63.31,87.27,27.47,71.37,52.33,51.02,72.56,47.19,12.14,22.67,,59.73,43.7,27.84
2024-10-11,6.246e+04,53.16,63.67,58.9,47.76,40.46,34.75,67.19,89.29,22.74,75.47,58.9,55.28,78.7,47.12,9.935,20.34,,60.58,41.51,28
2024-10-12,6.32e+04,53.2,65.03,55.82,47.42,42.02,34.85,68.48,89.96,24.79,76.9,55.82,55.06,77.88,47.33,9.407,23.29,,60.76,41.54,28.16
2024-10-13,6.276e+04,52.82,63.82,59.52,44.16,41.69,34.95,67.61,89.52,22.19,75.96,59.52,50.4,70.18,47.05,9.009,22.6,,60.79,41.58,28.32
2024-10-14,6.609e+04,56.52,68.69,62.95,48.09,45.25,34.8,73.56,92.44,26.3,82.45,62.95,59.44,76.26,47.67,8.997,28.42,,62.07,41.13,28.48
2024-10-15,6.693e+04,57.87,72.03,56.51,51.47,49.27,36.72,74.9,93,36.44,83.79,56.51,64.4,85.45,45.89,10.14,35.55,,62.99,44.79,28.64
2024-10-16,6.766e+04,58.32,71.07,55.48,54.25,50.44,39.37,76.1,93.53,29.59,85.07,55.48,68.53,87.78,45.82,14.87,37.05,,63.83,49.93,28.8
2024-10-17,6.734e+04,59.78,72.45,53.84,56.12,54.14,43.06,75.4,93.21,36.92,84.29,53.84,74.21,88.29,45.48,16.52,43.9,,64.38,57.16,28.96
2024-10-18,6.839e+04,59.14,71.12,46.85,57.71,57.79,46.67,77.2,94.01,27.05,86.23,46.85,76.68,91.93,43.56,18.67,51.1,,64.48,64.21,29.12
2024-10-19,6.836e+04,60.58,75.26,44.38,57.35,60.21,48.63,77.05,93.94,43.97,86.07,44.38,75.59,88.84,44.04,20.95,55.55,,64.87,67.98,29.28
2024-10-20,6.901e+04,61.58,75.99,43.97,57.22,64.65,50.46,78.05,94.33,44.52,87.04,43.97,74.51,87.56,44.38,22.45,63.29,,66,71.47,29.44
2024-10-21,6.744e+04,60.51,73.35,39.38,58.72,65.51,53.9,74.99,92.92,41.92,83.58,39.38,76.95,91.59,43.9,22.42,65.07,,65.95,78.18,29.61
2024-10-22,6.743e+04,58.41,69.54,35.75,57.98,65.8,54.58,74.87,92.86,26.99,83.45,35.75,76.26,92.95,43.77,18.96,65.03,,66.57,79.38,29.77
2024-10-23,6.665e+04,59.29,70.17,38.22,57.19,68.1,54.28,73.39,92.18,33.29,81.84,38.22,77.52,92.98,44.04,14.23,68.36,,67.84,78.63,29.93
2024-10-24,6.813e+04,60.2,71.75,39.66,56.65,69.38,54.14,75.98,93.36,33.01,84.66,39.66,77.61,92.58,43.84,12.56,68.32,,70.44,78.18,30.09
2024-10-25,6.626e+04,56.23,69.85,23.42,56.14,69.74,54.1,72.53,91.77,34.18,80.92,23.42,82.69,93.91,42.4,5.577,68.29,,71.2,77.95,30.25
2024-10-26,6.702e+04,55.87,69.96,26.37,52.75,67.67,54.08,73.84,92.41,31.23,82.38,26.37,76.63,87.01,43.42,3.924,62.95,,72.39,77.74,30.41
2024-10-27,6.8e+04,57.47,72.9,33.84,47.95,67.76,54.36,75.53,93.2,38.63,84.25,33.84,70.61,74.57,43.7,2.908,62.81,,72.71,78.15,30.57
2024-10-28,6.986e+04,58.24,76.09,28.15,51.76,67.91,54.42,78.76,94.6,43.29,87.72,28.15,76.43,81.97,45.75,2.904,61.92,,73.9,78.12,30.73
2024-10-29,7.268e+04,60.07,78.5,29.45,54.81,68.49,54.69,83.59,96.54,41.03,92.82,29.45,84.85,87.18,44.04,3.153,61.88,,75.09,78.49,30.89
2024-10-30,7.245e+04,60.16,79.35,24.25,57.79,69.14,56.04,83.03,96.31,45.89,92.18,24.25,87.92,93.19,45.75,4.282,61.85,,76.43,81.03,31.05
2024-10-31,7.037e+04,59.12,75.4,23.63,58.82,69.24,58.52,79.19,94.72,39.66,88.02,23.63,88.72,96.61,46.92,3.019,61.82,,76.66,85.82,31.21
2024-11-01,6.948e+04,59.18,73.55,26.16,59.36,69.49,59.08,77.5,93.98,36.58,86.16,26.16,88.76,97.47,45.68,5.528,61.78,,77.19,86.78,31.38
2024-11-02,6.924e+04,58.78,71.71,26.1,59.52,71.18,58.76,76.98,93.76,30.48,85.63,26.1,89.55,94.12,46.64,7.779,65,,77.36,85.99,31.54
2024-11-03,6.874e+04,57.99,69.6,25.48,59.95,71.11,58.83,76.03,93.35,24.38,84.62,25.48,89.22,93.72,46.44,10.4,65.14,,77.08,85.96,31.7
2024-11-04,6.778e+04,59.41,70.96,31.03,58.36,72.31,58.5,74.2,92.51,34.52,82.62,31.03,86.3,90,46.99,10.14,68.25,,76.37,85.14,31.86
2024-11-05,6.954e+04,63.11,71.82,48.56,58.34,71.83,58.17,77.25,93.89,30.21,85.95,48.56,85.98,87.14,48.49,11.75,68.22,,75.44,84.32,32.02
2024-11-06,7.57e+04,65.84,81.36,44.93,59.91,71.71,56.36,87.87,98.07,42.4,97.1,44.93,86.76,88.84,45.55,18.48,68.18,,75.24,80.55,32.18
2024-11-07,7.597e+04,66.59,81.93,36.99,70.4,71.92,56.46,88.14,98.13,44.18,97.28,36.99,94.87,98.35,49.45,38.9,68.15,,75.69,80.58,32.34
2024-11-08,7.651e+04,65.12,80.83,24.04,77.47,72.46,56.56,88.87,98.36,38.15,97.95,24.04,96.35,99.18,50.21,64.13,68.12,,76.8,80.62,32.5
2024-11-09,7.68e+04,65.93,80.8,23.7,80.82,73.39,57.43,89.27,98.52,36.99,98.41,23.7,96.36,99.18,52.47,75.25,68.15,,78.63,82.19,32.66
2024-11-10,8.041e+04,69.35,86.45,24.25,83.21,78.2,58.72,95.46,100.6,44.73,104.9,24.25,94.93,97.97,51.99,87.95,75,,81.41,84.62,32.82
2024-11-11,8.886e+04,74.22,95.02,28.15,86.68,79.98,60,109.9,104.9,45.55,119.8,28.15,99.28,99.6,53.29,94.54,76.64,,83.31,87.02,32.98
2024-11-12,8.805e+04,75.57,94.79,31.1,87.39,83.68,61.49,107.9,104.2,49.93,117.1,31.1,100,100,53.77,95.79,82.95,,84.41,89.83,33.15
2024-11-13,9.037e+04,75.44,96.11,27.6,87.02,84.14,62.54,111.5,105,47.6,120.4,27.6,99.64,99.6,52.81,96.04,83.36,,84.93,91.78,33.31
2024-11-14,8.72e+04,73.22,90.39,26.78,86.44,84.17,63.15,105.3,103.2,39.66,113.4,26.78,98.39,97.6,54.45,95.3,83.32,,85.01,92.84,33.47
2024-11-15,9.114e+04,74.43,97.94,21.64,84.13,84.41,63.3,111.8,104.9,55.14,119.9,21.64,95.37,90.04,56.78,94.32,83.36,,85.46,92.98,33.63
2024-11-16,9.057e+04,74.82,98.15,24.45,82.42,84.69,63.83,110.6,104.6,58.9,118.6,24.45,92.2,86.11,56.92,94.45,83.56,,85.83,93.87,33.79
2024-11-17,8.973e+04,75.24,95.93,32.81,79.99,84.5,64.34,108.9,104.1,53.84,116.9,32.81,91.17,77.87,57.33,93.6,82.95,,86.05,94.73,33.95
2024-11-18,9.059e+04,75.73,97.68,31.03,80.91,84.71,64.52,110.1,104.4,58.29,118,31.03,91.55,83.46,57.74,90.9,83.36,,86.06,94.93,34.11
2024-11-19,9.225e+04,77.15,101.8,28.7,84.05,83.28,64.67,112.4,104.9,70.14,119.9,28.7,96.49,89.8,57.4,92.51,80.41,,86.15,95.07,34.27
2024-11-20,9.416e+04,74.74,99.79,19.52,85.01,82.88,64.72,115.3,105.5,56.03,122.4,19.52,97.9,92.58,58.01,91.53,79.32,,86.45,95,34.43
2024-11-21,9.855e+04,76.32,103.7,17.81,87.67,83.03,64.8,121.8,106.8,58.49,127.6,17.81,100,97.67,58.9,94.12,79.38,,86.67,95,34.59
2024-11-22,9.894e+04,77.14,103.4,21.51,88.3,83.14,65.05,121.8,106.7,58.22,127,21.51,100,98.06,59.18,95.96,79.25,,87.04,95.34,34.75
2024-11-23,9.771e+04,76.39,100.7,22.47,88.24,83.19,65.25,119.2,106,53.42,124.2,22.47,99.65,96.53,60.21,96.58,79.04,,87.34,95.58,34.92
2024-11-24,9.798e+04,78.26,100.3,32.6,87.81,83.78,65.21,119.4,106,51.37,124.3,32.6,98.62,94.23,61.3,97.07,80.14,,87.42,95.34,35.08
2024-11-25,9.334e+04,77.88,99.75,32.4,87.26,83.37,65.29,111,103.8,68.63,115.6,32.4,97.59,93.1,61.64,96.71,79.32,,87.43,95.34,35.24
2024-11-26,9.188e+04,73.67,93.13,23.36,86.91,83.31,65.2,108.1,102.9,48.9,112.6,23.36,96.92,95.42,61.03,94.28,79.25,,87.37,95,35.4
2024-11-27,9.599e+04,73.94,96.92,19.73,84.25,84.68,65.18,114.9,104.7,48.84,119.3,19.73,95.22,86.69,61.16,93.92,81.85,,87.52,94.79,35.56
2024-11-28,9.574e+04,71.86,97.88,12.26,79.48,84.9,65.21,114.1,104.5,54.52,118.4,12.26,90.82,72.35,62.53,92.22,81.92,,87.89,94.69,35.72
2024-11-29,9.74e+04,69.92,96.45,11.03,73.3,85.6,64.57,116.6,105.1,43.22,120.8,11.03,87.46,53.96,63.56,88.23,83.01,,88.18,93.25,35.88
2024-11-30,9.646e+04,71.53,101.8,10.21,72.49,86.05,64.43,114.8,104.7,68.84,119,10.21,87.16,51.88,65.48,85.45,83.63,,88.48,92.81,36.04
2024-12-01,9.747e+04,71.36,102.1,10.21,70.97,86.14,64.57,116.3,105.1,66.58,120.6,10.21,87.88,52.81,62.19,80.99,83.22,,89.06,92.95,36.2
2024-12-02,9.573e+04,68.88,94.83,8.562,72.67,86.56,64.55,112.9,104.1,45.27,117,8.562,89.6,54.48,62.81,83.8,83.7,,89.42,92.74,36.36
2024-12-03,9.601e+04,71.33,99.73,7.945,77.31,86.16,64.51,113,104.1,64.86,117,7.945,93.65,61.71,64.52,89.37,82.53,,89.79,92.5,36.52
2024-12-04,9.892e+04,73.14,101.2,6.781,84.26,86.86,64.76,117.5,105.3,60.89,121.2,6.781,98,82.59,64.52,91.92,83.56,,90.15,92.84,36.69
2024-12-05,9.695e+04,73.16,99.55,4.932,87.83,88.33,65.1,113.4,104,64.45,116.4,4.932,100,90.04,68.29,93.01,86.44,,90.23,93.36,36.85
2024-12-06,9.995e+04,72.95,99.17,5.205,87.2,88.35,65.03,117.8,105,53.84,120.1,5.205,99.34,84.93,69.11,95.43,85.96,,90.73,93.05,37.01
2024-12-07,9.998e+04,71.72,100.1,6.37,78.24,88.66,64.56,117.6,104.9,58.01,119.9,6.37,93.73,53.11,70.34,95.79,86.44,,90.88,91.95,37.17
2024-12-08,1.008e+05,72.31,101.8,7.534,76.94,88.91,64.5,118.7,105.2,62.05,121.1,7.534,92.76,48.54,70.89,95.56,86.58,,91.25,91.68,37.33
2024-12-09,9.739e+04,72.22,100.1,8.767,78.39,88.81,64.48,112.3,103.4,70.48,114.2,8.767,95.74,50.55,71.1,96.16,86.51,,91.11,91.47,37.49
2024-12-10,9.684e+04,71.66,97.54,8.562,80.64,88.08,64.72,110.9,102.9,63.7,112.6,8.562,96.73,58.33,71.44,96.05,85.82,,90.33,91.78,37.65
2024-12-11,1.013e+05,71.07,100.4,7.055,74.82,87.32,64.52,118,104.8,59.52,119.3,7.055,92.18,40.79,72.05,94.26,84.79,,89.84,91.23,37.81
2024-12-12,1.001e+05,69.66,99.85,6.301,71.88,84.13,64.55,115.7,104.1,62.53,117,6.301,90.58,30.58,73.77,92.59,79.04,,89.21,91.13,37.97
2024-12-13,1.013e+05,70.6,104,5.753,70.4,83.25,64.97,117.3,104.6,75.34,118.6,5.753,89.97,30.11,73.22,88.31,78.56,,87.94,91.82,38.13
2024-12-14,1.014e+05,70.44,102.5,6.027,72.66,81.64,65.65,117.2,104.5,69.86,118.5,6.027,92.58,42.5,73.56,82,76.03,,87.24,93.01,38.29
2024-12-15,1.046e+05,70.53,102.5,6.644,73.13,80.67,65.85,122.2,105.8,58.7,123.5,6.644,95.5,50.89,74.45,71.67,74.73,,86.61,93.25,38.46
2024-12-16,1.059e+05,71.02,105.6,5.959,75.42,74.4,66.29,123.9,106.1,67.67,124.7,5.959,97.44,62.77,74.66,66.83,62.88,,85.92,93.97,38.62
2024-12-17,1.061e+05,70.29,103.4,5.548,76.33,73.76,66.67,123.7,106,59.66,124.2,5.548,98.72,73.85,74.66,58.08,62.02,,85.5,94.55,38.78
2024-12-18,1.005e+05,66.84,97.96,4.932,69.44,73.09,67.16,113.9,103.5,59.93,114.5,4.932,98.73,71.13,74.59,33.33,61.44,,84.73,95.38,38.94
2024-12-19,9.77e+04,63.46,94.28,5.616,58.81,72.65,66.81,108.7,101.9,57.47,109,5.616,91.43,46.32,74.86,22.63,61.47,,83.83,94.52,39.1
2024-12-20,9.762e+04,62.62,94.98,7.74,51.7,72.07,66.8,108.2,101.7,61.64,108.4,7.74,83.23,30.42,74.79,18.34,61.58,,82.57,94.35,39.26
2024-12-21,9.709e+04,60.66,93.15,8.699,45.83,70.08,66.39,107.2,101.4,56.58,107.4,8.699,77.29,14.98,74.52,16.55,58.56,,81.59,93.36,39.42
2024-12-22,9.515e+04,59.59,92.37,7.671,43.51,69.47,65.99,103.6,100.3,61.85,103.8,7.671,73.9,11.81,74.86,13.46,59.59,,79.35,92.4,39.58
2024-12-23,9.48e+04,57.83,88.86,7.808,41.81,68.71,65.03,102.5,99.83,50.75,102.4,7.808,73.04,11.76,75.48,6.958,58.97,,78.45,90.31,39.74
2024-12-24,9.864e+04,60.01,91.89,15.27,40.94,68.59,63.15,108.5,101.6,49.59,107.9,15.27,70.62,12.41,75.07,5.654,60.41,,76.78,86.4,39.9
2024-12-25,9.924e+04,61.11,96.07,13.49,42.64,67.64,61.15,109.3,101.8,64.38,108.8,13.49,73.52,16.84,75.27,4.941,61.1,,74.19,82.23,40.06
2024-12-26,9.563e+04,58.22,88.18,14.25,45.16,61.54,62.48,103.1,100,46.71,102.9,14.25,77.33,23.63,75,4.7,58.63,,64.44,84.73,40.23
2024-12-27,9.422e+04,59.55,90.79,15.89,43.96,63.64,62.57,100.5,99.2,63.01,100.4,15.89,73.99,22.87,75.82,3.169,58.66,,68.61,84.76,40.39
2024-12-28,9.512e+04,60.7,89.26,21.78,45.38,65.26,62.38,101.9,99.64,53.77,101.8,21.78,73.92,29.25,75.89,2.462,59.93,,70.6,84.21,40.55
2024-12-29,9.346e+04,61.13,89.62,23.42,45.21,65.25,62.48,98.92,98.71,61.92,98.96,23.42,72,31.19,75.89,1.756,58.63,,71.88,84.25,40.71
2024-12-30,9.252e+04,58.25,88.47,14.11,43.61,64.21,61.1,97.07,98.05,61.71,97.04,14.11,69.02,28.38,76.1,0.9357,56.23,,72.18,81.34,40.87
2024-12-31,9.339e+04,55.18,84.72,6.027,43.05,65.11,59.49,98.24,98.42,44.11,98.1,6.027,69.11,27.61,75,0.4673,56.27,,73.95,77.95,41.03
2025-01-01,9.446e+04,55.89,87.31,6.37,41.15,66.57,58.45,99.75,98.9,51.03,99.55,6.37,67.68,22.48,73.97,0.4667,56.3,,76.84,75.72,41.19
2025-01-02,9.685e+04,57.88,94.39,7.123,36.24,69.54,57.41,103.4,100.1,70.96,103.1,7.123,58.97,11.71,73.7,0.5828,57.4,,81.68,73.46,41.35
2025-01-03,9.812e+04,57.06,91.63,8.288,36.17,68.97,57.5,105.3,100.6,55.62,104.9,8.288,61.82,6,76.03,0.8149,55.89,,82.04,73.49,41.51
2025-01-04,9.823e+04,57.31,93.03,10.14,33.17,68.77,57.75,105.3,100.7,61.1,105,10.14,51.96,2.658,76.64,1.395,55.41,,82.12,73.84,41.67
2025-01-05,9.841e+04,58.02,94.62,11.16,32.97,68.74,57.68,105.4,100.7,67.05,105.2,11.16,49.4,2.318,76.92,3.252,55.48,,82,73.53,41.83
2025-01-06,1.022e+05,59.04,94.5,8.836,38.8,70.11,59.25,111.3,102.4,53.49,110.8,8.836,60.36,11.88,76.92,6.032,58.42,,81.8,76.51,42
2025-01-07,9.697e+04,57.4,88.47,8.014,41.07,69.46,62,102.5,99.83,49.11,102.4,8.014,60.78,14.47,76.99,12.05,57.6,,81.32,81.85,42.16
2025-01-08,9.504e+04,55.78,84.96,7.808,38.9,69.14,63.33,99.24,98.81,42.53,99.26,7.808,48.66,4.59,76.78,25.58,57.64,,80.64,84.35,42.32
2025-01-09,9.235e+04,55.92,85.92,7.877,39.19,67.51,63.04,94.78,97.35,56.51,95.06,7.877,44.05,3.268,77.05,32.37,54.93,,80.1,83.6,42.48
2025-01-10,9.476e+04,55.76,87.13,9.178,38.77,65.46,58.6,98.51,98.62,52.67,98.71,9.178,39.47,3.909,76.71,34.99,51.92,,79,74.55,42.64
2025-01-11,9.461e+04,54.76,86.21,9.726,36,64.12,58.18,98.12,98.52,49.79,98.41,9.726,32.84,3.571,76.58,31.03,50.34,,77.9,73.56,42.8
2025-01-12,9.435e+04,56.19,91.42,12.95,33.08,61.89,56.99,97.58,98.37,71.78,97.96,12.95,24.48,2.589,76.23,29.03,47.12,,76.67,71.03,42.96
2025-01-13,9.438e+04,52.98,84.48,14.73,30.35,58.71,55.91,97.46,98.35,44.18,97.92,14.73,21.18,1.29,77.19,21.75,42.4,,75.02,68.7,43.12
2025-01-14,9.657e+04,55.24,91.19,15.75,29.02,59.02,55.12,100.8,99.44,63.36,101.2,15.75,17.6,0.3215,77.12,21.03,43.7,,74.34,66.95,43.28
2025-01-15,1.002e+05,56.19,92.39,19.25,29.61,57.08,55.21,106.3,101.1,55.68,106.5,19.25,18.42,0.3205,77.53,22.16,39.79,,74.36,66.99,43.44
2025-01-16,9.998e+04,55.4,90.09,18.97,30.85,55.61,55.64,105.7,100.9,48.01,105.8,18.97,23.32,0.3195,77.74,22.02,36.51,,74.72,67.67,43.6
2025-01-17,1.043e+05,59.61,98.98,17.12,35.22,58.17,57.67,112.3,102.8,68.84,112.1,17.12,35.47,0.9554,77.67,26.8,39.93,,76.4,71.58,43.77
2025-01-18,1.044e+05,58.67,95.08,14.32,37.48,61.06,58.74,112.2,102.7,53.42,112,14.32,44.06,6.349,78.7,20.82,44.79,,77.32,73.56,43.93
2025-01-19,1.01e+05,59.53,95.04,14.25,38.88,63.53,61.12,106.5,101.1,66.03,106.5,14.25,46.24,13.92,78.77,16.57,48.7,,78.37,78.15,44.09
2025-01-20,1.026e+05,61.54,96.98,16.99,39.14,66.01,64.69,108.8,101.8,68.56,108.8,16.99,46.25,19.24,78.84,12.21,52.88,,79.14,85.14,44.25
2025-01-21,1.06e+05,62.43,96.84,14.93,44.39,66.22,67.34,113.8,103.2,56.78,113.5,14.93,54.89,29.87,78.9,13.91,52.95,,79.5,90.27,44.41
2025-01-22,1.038e+05,63.4,97.55,14.11,47.13,67.43,68.91,110,102.1,68.49,109.7,14.11,61.03,35.74,80.34,11.39,55.41,,79.45,93.25,44.57
2025-01-23,1.042e+05,62.06,94.7,6.507,51.57,69.35,68.97,110.1,102,57.26,109.4,6.507,68.29,43.75,81.71,12.51,59.32,,79.39,93.22,44.73
2025-01-24,1.047e+05,62.52,96.08,6.37,51.81,68.98,69.04,110.7,102.2,61.37,110.1,6.37,70.37,44.86,81.23,10.8,59.32,,78.65,93.18,44.89
2025-01-25,1.049e+05,61.6,93.75,8.082,50.5,67.93,68.88,110.7,102.2,51.85,110.2,8.082,68.47,34.78,82.05,16.69,57.74,,78.11,92.71,45.05
2025-01-26,1.028e+05,62.03,93.04,9.041,53.43,67.35,68.65,107.3,101.3,56.51,107,9.041,69.97,41.18,81.37,21.2,56.99,,77.72,92.09,45.21
2025-01-27,1.019e+05,62.79,95.58,10.21,53.85,64.75,68.08,105.6,100.8,70.48,105.4,10.21,65.25,37.35,82.33,30.46,52.95,,76.56,90.79,45.37
2025-01-28,1.011e+05,61.8,93.16,12.19,52.65,63.12,67.54,104.2,100.4,63.9,104.1,12.19,65.63,39.08,81.92,23.98,51.23,,75,89.55,45.53
2025-01-29,1.039e+05,65.77,97.49,20.55,57.99,62.82,65.16,108.4,101.6,71.71,108.2,20.55,70.22,50.31,82.26,29.15,51.23,,74.4,84.62,45.7
2025-01-30,1.05e+05,71.08,96.99,47.26,60.16,61.97,63.56,109.8,102.1,66.51,109.6,47.26,74.23,54.13,82.81,29.46,51.1,,72.84,81.27,45.86
2025-01-31,1.023e+05,68.89,89.73,46.92,61.67,62.42,64.04,105.4,100.8,47.4,105.4,46.92,75.98,59.45,82.95,28.3,52.6,,72.24,82.05,46.02
2025-02-01,1.006e+05,71.4,96.9,44.59,65.02,61.99,62.63,102.6,99.97,82.19,102.8,44.59,77.72,71.12,83.08,28.15,51.78,,72.19,79.08,46.18
2025-02-02,9.742e+04,67.61,91.99,41.64,60.63,59.21,60.81,97.53,98.37,74.11,97.96,41.64,71.11,58.79,82.81,29.81,46.99,,71.44,75.27,46.34
2025-02-03,1.016e+05,69.99,94.14,46.3,64.63,60.41,57.91,103.8,100.4,68.42,104,46.3,69.53,63.44,80.96,44.61,50,,70.82,69.32,46.5
2025-02-04,9.785e+04,65.21,85.44,32.19,71.39,58.6,58.01,97.72,98.41,47.53,98.1,32.19,72.1,71.08,81.78,60.61,47.53,,69.66,69.35,46.66
2025-02-05,9.656e+04,61.21,85.99,21.51,65.13,54.01,56.92,95.48,97.64,54.93,95.88,21.51,63.09,52.85,82.47,62.11,40.14,,67.88,67.02,46.82
2025-02-06,9.654e+04,60.48,86.12,24.04,64.02,48.22,54.98,95.27,97.57,55.96,95.67,24.04,60.71,50.9,82.88,61.59,30.82,,65.62,62.98,46.98
2025-02-07,9.638e+04,62.95,90.51,23.63,71.75,46.4,52.36,94.89,97.47,74.32,95.38,23.63,69.04,65.67,81.71,70.58,30.41,,62.4,57.57,47.14
2025-02-08,9.66e+04,61.92,89.1,22.26,74.9,41.68,50.52,95.1,97.56,68.08,95.65,22.26,69.13,72.62,83.01,74.86,23.36,,60,53.73,47.3
2025-02-09,9.631e+04,60.96,85.31,23.01,76.81,42.05,48.25,94.43,97.32,54.52,94.97,23.01,70.3,78.64,81.3,77.01,25.75,,58.36,49.04,47.47
2025-02-10,9.738e+04,60.18,85.69,23.36,72.98,40.68,48.2,95.94,97.86,52.47,96.49,23.36,68.48,80.77,80.68,61.98,24.25,,57.12,48.77,47.63
2025-02-11,9.581e+04,58.11,81.5,22.74,72.7,39.38,45.9,93.36,96.98,41.64,94.02,22.74,67.75,86.14,80.68,56.24,22.67,,56.1,44.01,47.79
2025-02-12,9.776e+04,58.73,85,20.75,71.63,40.03,44.98,96.21,97.98,48.97,96.85,20.75,67.84,87.94,80,50.72,24.59,,55.48,42.02,47.95
2025-02-13,9.653e+04,60.22,88.41,21.78,71.81,40.27,45.17,94.21,97.33,67.12,94.98,21.78,68.73,89.15,79.04,50.33,26.44,,54.11,42.23,48.11
2025-02-14,9.741e+04,58.04,88.02,17.4,66.45,39.21,45.85,95.42,97.76,62.67,96.21,17.4,60.22,82.46,78.97,44.17,25.27,,53.15,43.42,48.27
2025-02-15,9.758e+04,58.53,89.82,19.04,62.5,40.82,46.58,95.54,97.83,69.52,96.4,19.04,52.01,76.09,78.97,42.9,28.42,,53.22,44.73,48.43
2025-02-16,9.618e+04,57.33,86.25,27.19,54.8,39.97,47.5,93.28,97.08,60.34,94.29,27.19,41.44,53.49,78.97,45.29,25.82,,54.11,46.4,48.59
2025-02-17,9.579e+04,55.87,83.17,27.4,53.42,38.49,48.2,92.58,96.86,49.59,93.68,27.4,41.47,49.57,78.97,43.69,24.79,,52.19,47.64,48.75
2025-02-18,9.544e+04,55.59,83.28,26.16,50.79,41.47,48.29,91.92,96.65,51.44,93.1,26.16,40.69,46.82,78.29,37.35,31.78,,51.16,47.67,48.91
2025-02-19,9.665e+04,55.2,82.41,25,49.84,43.84,48.17,93.64,97.28,43.9,94.84,25,38.73,46.11,77.53,36.98,37.74,,49.93,47.26,49.07
2025-02-20,9.839e+04,54.2,84.81,24.11,42.07,43.05,48.2,96.15,98.16,47.6,97.35,24.11,23.02,27.3,77.4,40.57,36.85,,49.25,47.16,49.24
2025-02-21,9.605e+04,52.85,82.14,28.56,38.14,38.97,49.17,92.46,96.9,45.41,93.8,28.56,18.21,20.92,75.34,38.11,29.93,,48.01,48.94,49.4
2025-02-22,9.661e+04,52.71,84.32,23.7,36.7,41.44,49.06,93.17,97.17,52.4,94.55,23.7,15.53,17.14,73.63,40.48,35.96,,46.92,48.56,49.56
2025-02-23,9.609e+04,51.04,82.15,24.45,31.88,41.1,48.63,92.27,96.88,45.68,93.74,24.45,6.037,9.972,72.95,38.57,36.64,,45.55,47.53,49.72
2025-02-24,9.187e+04,48.93,77.52,25.68,30.05,38.66,48.54,85.77,94.49,42.4,87.44,25.68,0.5236,9.091,74.79,35.78,32.05,,45.27,47.19,49.88
2025-02-25,8.877e+04,49.9,76.55,37.95,27.08,36.51,46.27,81,92.59,49.79,82.81,37.95,0.2611,4.816,73.22,30.04,27.26,,45.75,42.5,50.04
2025-02-26,8.399e+04,48.03,72.48,40.41,23.49,36.1,44.64,73.76,89.45,50.89,75.81,40.41,0.2604,5.367,71.03,17.31,25.96,,46.23,39.08,50.2
2025-02-27,8.463e+04,47.14,72.25,39.11,20.81,37.53,42.39,74.66,89.88,47.74,76.72,39.11,0.2597,4.507,68.97,9.519,27.88,,47.19,34.42,50.36
2025-02-28,8.424e+04,48.16,72.67,42.53,19.93,41.4,40.21,74.04,89.63,50.82,76.18,42.53,0.5181,2.809,67.88,8.525,34.79,,48.01,29.9,50.52
2025-03-01,8.584e+04,47.49,72.88,43.56,20.07,36.78,37.35,76.41,90.73,45.82,78.57,43.56,0.2584,0.8403,71.99,7.205,24.73,,48.84,24.01,50.68
2025-03-02,9.433e+04,48.68,79.62,42.4,19.63,33.8,33.33,89.07,95.89,42.47,91.07,42.4,0.2577,0.5587,70.62,7.088,20,,47.6,15.82,50.84
2025-03-03,8.632e+04,46.82,74.28,45,18.94,33.42,30.19,76.94,91,50,79.18,45,0.2571,0.2786,69.11,6.1,18.77,,48.08,9.384,51.01
2025-03-04,8.732e+04,46.07,74.85,42.12,19.65,30.51,29.35,78.39,91.66,48.7,80.66,42.12,0.2564,1.389,68.9,8.052,15,,46.03,7.534,51.17
2025-03-05,9.062e+04,46.7,76.8,41.03,21.25,29.52,29.33,83.22,93.68,44.86,85.43,41.03,0.7673,2.493,67.19,14.57,13.49,,45.55,7.329,51.33
2025-03-06,9.022e+04,52.37,82.77,57.67,22.39,28.32,31.34,82.49,93.39,70.48,84.73,57.67,0.2551,1.105,68.01,20.2,13.15,,43.49,11.2,51.49
2025-03-07,8.655e+04,52.9,73.35,77.53,21.9,25.72,34.78,76.93,91.05,46.16,79.28,77.53,0.2545,1.928,65.14,20.28,8.904,,42.53,17.91,51.65
2025-03-08,8.617e+04,52.71,72.16,77.26,22.83,25.58,35.99,76.29,90.79,42.88,78.7,77.26,0.5076,2.747,66.51,21.56,11.92,,39.25,20.17,51.81
2025-03-09,8.065e+04,51.83,68.91,79.04,20.98,27.19,36.29,67.97,86.83,50.34,70.5,79.04,0.2532,0.5479,64.73,18.4,16.23,,38.15,20.62,51.97
2025-03-10,7.901e+04,51.47,66.3,83.08,20.88,26.88,34.46,65.5,85.56,46.03,68.1,83.08,0.2525,0.2732,64.38,18.59,18.08,,35.68,16.78,52.13
2025-03-11,8.275e+04,52.62,68.42,82.74,20.62,29.42,35.87,71.02,88.38,40.68,73.59,82.74,0.2519,0.2725,63.49,18.47,22.12,,36.71,19.45,52.29
2025-03-12,8.363e+04,54.11,71.8,84.04,19.9,28.8,38.69,72.25,88.98,51.16,74.82,84.04,0.5025,0.5435,61.71,16.83,21.92,,35.68,24.93,52.45
2025-03-13,8.111e+04,53.23,69.71,83.9,19.13,27.53,40.95,68.44,87.13,52.19,71.09,83.9,0.5013,0.542,61.58,13.9,19.18,,35.89,29.28,52.61
2025-03-14,8.411e+04,53.86,70.76,83.22,20.02,29.32,40.51,72.84,89.29,45.41,75.48,83.22,1.25,1.351,61.03,16.47,22.05,,36.58,28.25,52.78
2025-03-15,8.435e+04,52.87,69.58,80.07,20.7,27.64,42.15,73.15,89.46,39.86,75.83,80.07,1.496,1.887,61.37,18.06,18.22,,37.05,31.37,52.94
2025-03-16,8.249e+04,53.4,69.33,81.92,21.79,27.64,42.47,70.33,88.12,45.82,73.06,81.92,1.493,3.495,61.44,20.73,16.85,,38.42,31.85,53.1
2025-03-17,8.401e+04,54.58,70.39,81.44,23.8,30.38,43.39,72.55,89.22,44.45,75.32,81.44,2.233,5.898,60.89,26.18,17.12,,43.63,33.53,53.26
2025-03-18,8.268e+04,54.44,69.12,82.95,25.58,27.6,44.07,70.51,88.25,44.38,73.33,82.95,2.97,10.16,60.89,28.3,15,,40.21,34.73,53.42
2025-03-19,8.677e+04,56.12,75.8,79.11,27.56,25.68,44.02,76.51,91.07,56.3,79.32,79.11,3.21,10.4,61.1,35.55,15.34,,36.03,34.45,53.58
2025-03-20,8.412e+04,53.39,70.89,75.55,28.09,22.77,44.39,72.49,89.22,46.51,75.33,75.55,3.448,11.17,61.16,36.58,15.62,,29.93,35.03,53.74
2025-03-21,8.407e+04,52.63,71.23,72.81,27.75,20.82,44.66,72.35,89.17,48.15,75.23,72.81,3.931,11.94,60.82,34.29,15.21,,26.44,35.41,53.9
2025-03-22,8.382e+04,54.43,71.8,77.26,30.33,22.57,43.98,71.93,88.99,51.44,74.85,77.26,4.657,21.16,61.78,33.72,18.9,,26.23,33.9,54.06
2025-03-23,8.576e+04,54.81,75.35,71.23,31.88,22.67,44.08,74.75,90.34,58.63,77.71,71.23,5.379,23.22,62.05,36.89,18.97,,26.37,33.94,54.22
2025-03-24,8.732e+04,55.68,76.84,73.49,33.2,19.69,44.95,76.97,91.35,59.11,79.94,73.49,5.61,23.95,62.88,40.36,17.12,,22.26,35.51,54.38
2025-03-25,8.742e+04,55.31,76.15,70.62,35.61,19.01,45.59,77.05,91.4,56.1,80.06,70.62,5.839,28.08,63.63,44.89,14.93,,23.08,36.64,54.55
2025-03-26,8.684e+04,54.25,75.94,66.1,36.75,16.37,46.48,76.1,90.99,57.53,79.14,66.1,6.311,37.43,64.59,38.68,11.23,,21.51,38.25,54.71
2025-03-27,8.721e+04,52.25,75.69,49.86,43.43,16.64,46.08,76.59,91.23,55.27,79.67,49.86,7.506,57.44,64.18,44.59,10.82,,22.47,37.29,54.87
2025-03-28,8.431e+04,50.66,73.24,44.45,44.23,17.23,47.03,72.18,89.18,56.37,75.23,44.45,8.454,65.36,62.81,40.3,10.75,,23.7,39.04,55.03
2025-03-29,8.25e+04,48.97,68.78,42.53,44.76,18.49,46.64,69.47,87.88,45.21,72.57,42.53,11.33,70.13,62.53,35.06,13.29,,23.7,38.08,55.19
2025-03-30,8.222e+04,47.89,67.75,39.93,44.07,17.95,46.89,69.03,87.68,42.12,72.18,39.93,11.06,68.91,63.7,32.59,13.08,,22.81,38.42,55.35
2025-03-31,8.246e+04,48.1,69.96,36.03,44.53,19.11,46.35,69.36,87.87,50.07,72.56,36.03,10.55,76.49,64.66,26.43,14.86,,23.36,37.19,55.51
2025-04-01,8.523e+04,49.37,71.25,38.7,44.44,21.47,45.83,73.38,89.85,45.14,76.65,38.7,7.895,78.61,65.82,25.45,18.29,,24.66,35.99,55.67
2025-04-02,8.256e+04,50.99,74.64,37.6,45.66,24.25,45.74,69.38,87.91,68.63,72.64,37.6,11.93,80.72,67.19,22.78,20,,28.49,35.65,55.83
2025-04-03,8.293e+04,50.48,71.32,39.32,44.9,27.91,44.86,69.79,88.1,54.38,73.02,39.32,12.86,82.05,64.66,20.02,23.49,,32.33,33.73,55.99
2025-04-04,8.377e+04,51.75,77.41,35.21,43.96,29.66,43.78,70.97,88.69,75.75,74.22,35.21,12.11,80.05,62.19,21.47,26.1,,33.22,31.4,56.15
2025-04-05,8.33e+04,51.35,74.06,36.44,45.93,30.27,44.17,70.22,88.34,64.18,73.51,36.44,14.22,86.99,61.58,20.93,26.16,,34.38,32.02,56.32
2025-04-06,7.795e+04,48.73,64,38.9,47.56,30.68,44.37,62.34,84.2,43.84,65.62,38.9,19.39,91.86,61.44,17.54,26.03,,35.34,32.26,56.48
2025-04-07,7.942e+04,49.81,65.95,41.3,46.19,32.57,43.47,64.44,85.37,46.23,67.74,41.3,16.98,90.36,60.62,16.79,28.49,,36.64,30.31,56.64
2025-04-08,7.635e+04,49.05,63.49,43.84,43.62,33.73,42.73,59.95,82.86,47.88,63.28,43.84,13.88,88.86,60.82,10.9,28.7,,38.77,28.66,56.8
2025-04-09,8.272e+04,49.85,67.6,38.01,45.76,37.02,38.87,69.18,87.88,40.75,72.57,38.01,16.9,94.7,60.55,10.89,32.74,,41.3,20.79,56.96
2025-04-10,7.956e+04,49.35,66.08,35.34,47.4,36.75,41.61,64.5,85.44,46.51,67.87,35.34,21.08,97.23,60.82,10.46,31.99,,41.51,26.1,57.12
2025-04-11,8.336e+04,50.14,71.48,33.08,46.86,33.39,41.26,70,88.3,54.18,73.43,33.08,20.56,96.23,60.62,10.03,26.3,,40.48,25.24,57.28
2025-04-12,8.527e+04,50.71,73.1,30.89,48.51,32.91,43.05,72.72,89.64,53.84,76.21,30.89,23.54,97.24,60.62,12.63,25.55,,40.27,28.66,57.44
2025-04-13,8.357e+04,53.08,76.48,33.29,48.49,36.99,44.04,70.17,88.41,73.7,73.65,33.29,22.79,95.5,60.75,14.91,32.33,,41.64,30.48,57.6
2025-04-14,8.459e+04,51.24,73.37,29.04,48.83,36.58,45.01,71.59,89.11,57.67,75.1,29.04,22.97,94.01,60.41,17.92,32.47,,40.68,32.26,57.76
2025-04-15,8.367e+04,50.46,71.26,26.92,51.03,35.38,46.22,70.26,88.51,52.4,73.86,26.92,25,95.02,60.27,23.83,31.1,,39.66,34.52,57.92
2025-04-16,8.415e+04,49.9,72.72,25.07,48.02,34.14,47.09,70.89,88.83,56.64,74.52,25.07,16.4,88.83,60.14,26.72,30,,38.29,36.1,58.09
2025-04-17,8.494e+04,50.29,74.84,23.29,48.74,33.49,46.64,72.15,89.53,61.71,75.97,23.29,14.52,86.88,59.93,33.64,28.7,,38.29,35.03,58.25
2025-04-18,8.443e+04,50.2,70.95,26.85,49.25,36.13,47.23,71.35,89.16,48.08,75.2,26.85,14.48,86.17,59.32,37.03,32.6,,39.66,36.06,58.41
2025-04-19,8.512e+04,50.19,72.32,27.19,47.5,35.27,46.44,72.31,89.64,51.1,76.22,27.19,13.07,83.25,58.77,34.92,29.66,,40.89,34.32,58.57
2025-04-20,8.51e+04,47.91,69.45,25.27,46.92,30.48,45.87,72.22,89.62,39.79,76.17,25.27,11.21,79.85,58.63,37.99,20.75,,40.21,33.01,58.73
2025-04-21,8.736e+04,49.06,72.38,24.25,48.76,29.76,46.65,75.41,91.11,43.56,79.42,24.25,17.35,80.39,58.84,38.47,19.45,,40.07,34.42,58.89
2025-04-22,9.35e+04,55.29,85.65,24.79,56.7,28.42,47.49,84.13,94.79,75.48,88.21,24.79,33.49,88.26,56.92,48.14,17.6,,39.25,35.92,59.05
2025-04-23,9.37e+04,54.43,76.96,27.81,64.24,26.95,50.38,84.15,94.74,40.89,88.07,27.81,43.86,94.88,56.71,61.51,15.96,,37.95,41.54,59.21
2025-04-24,9.385e+04,57.31,82.8,28.49,67.47,25.38,53.32,84.2,94.74,64.18,88.07,28.49,49.43,97.32,56.3,66.8,13.08,,37.67,47.26,59.37
2025-04-25,9.477e+04,56.84,84.32,20,70.48,23.97,56.38,85.24,95.08,68.01,88.95,20,52.49,94.66,56.92,77.86,9.932,,38.01,53.22,59.53
2025-04-26,9.469e+04,55.95,81.87,20.14,68.99,22.74,60.62,85.03,95.01,58.7,88.76,20.14,51.24,84.5,57.6,82.61,6.849,,38.63,61.54,59.69
2025-04-27,9.381e+04,56.13,81.14,21.3,68.51,23.46,62.51,83.66,94.49,58.97,87.43,21.3,52.93,77.05,58.15,85.92,7.123,,39.79,65.17,59.86
2025-04-28,9.507e+04,57.85,83.8,22.05,71.2,23.12,64.03,85.31,95.13,65.68,89.06,22.05,57.53,81.2,58.7,87.37,5.342,,40.89,68.05,60.02
2025-04-29,9.41e+04,57.98,83.56,20.21,72.36,24.52,65.43,83.75,94.49,68.56,87.44,20.21,59.19,84.86,58.84,86.56,5.479,,43.56,70.68,60.18
2025-04-30,9.424e+04,57.15,80.52,22.33,71.75,25.21,63.71,83.81,94.52,56.23,87.52,22.33,59.51,85.13,59.45,82.89,4.726,,45.68,67.09,60.34
2025-05-01,9.641e+04,58.93,83.61,23.49,74.22,25.58,62.89,86.78,95.68,61.51,90.49,23.49,65.85,90.19,59.04,81.78,4.795,,46.37,65.27,60.5
2025-05-02,9.684e+04,59.89,88.63,18.63,75.51,24.49,63.63,87.23,95.84,80.55,90.92,18.63,71.94,92.84,59.04,78.22,2.877,,46.1,66.61,60.66
2025-05-03,9.594e+04,59.23,88.12,17.4,74.77,23.9,63.73,85.83,95.31,81.78,89.54,17.4,72.67,93.1,59.45,73.85,3.082,,44.73,66.64,60.82
2025-05-04,9.438e+04,57.14,81.81,20,73.28,22.98,64.05,83.51,94.42,62.05,87.26,20,72.73,93.59,59.86,66.94,3.767,,42.19,67.12,60.98
2025-05-05,9.485e+04,59.01,88.23,17.74,73.86,22.74,63.96,83.99,94.58,86.71,87.66,17.74,76.77,95.97,58.97,63.71,4.11,,41.37,66.78,61.14
2025-05-06,9.668e+04,55.6,83.97,12.6,70.8,20.89,63.96,86.41,95.51,63.9,90.05,12.6,75.94,91.49,56.3,59.47,5,,36.78,66.61,61.3
2025-05-07,9.714e+04,56.58,87.29,10.75,72.09,19.62,65.13,86.91,95.69,76.03,90.54,10.75,78.19,95.28,53.22,61.65,5.616,,33.63,68.8,61.46
2025-05-08,1.031e+05,58.87,94.49,10.48,70.95,19.11,66.46,95.15,98.64,85.41,98.75,10.48,80.44,98.59,52.74,52.03,6.644,,31.58,71.3,61.63
2025-05-09,1.029e+05,58.11,91.3,8.63,69.98,24.83,67.09,94.73,98.47,73.77,98.25,8.63,83.55,98.83,52.26,45.28,18.42,,31.23,72.4,61.79
2025-05-10,1.046e+05,60.03,94.48,8.425,70.2,30,67.41,96.93,99.23,81.23,100.5,8.425,84.68,98.59,51.99,45.54,26.92,,33.08,72.88,61.95
2025-05-11,1.04e+05,60.58,93.58,8.356,70.73,34.86,67.82,95.92,98.91,79.93,99.55,8.356,84.72,98.6,52.19,47.42,33.56,,36.16,73.53,62.11
2025-05-12,1.029e+05,60.77,91.82,8.151,71.03,39.28,69.06,94.23,98.32,76.92,97.83,8.151,84.75,97.67,51.92,49.8,42.19,,36.37,75.86,62.27
2025-05-13,1.041e+05,60.72,89.5,7.808,70.29,44.76,70.62,95.68,98.77,64.38,99.16,7.808,83.7,96.98,51.23,49.24,49.79,,39.73,78.8,62.43
2025-05-14,1.036e+05,62.66,91.97,8.288,71.74,48.87,71.4,94.7,98.44,76.58,98.16,8.288,85.68,98.84,50.82,51.62,55.14,,42.6,80.21,62.59
2025-05-15,1.037e+05,63.12,92.31,8.082,73.39,48.73,72.09,94.64,98.38,78.22,98.01,8.082,85.93,98.61,51.1,57.92,54.18,,43.29,81.44,62.75
2025-05-16,1.036e+05,62.48,89.76,7.74,75.79,47.77,71.94,94.25,98.24,68.97,97.59,7.74,87.69,99.77,51.51,64.21,52.19,,43.36,80.96,62.91
2025-05-17,1.032e+05,62.39,90.98,7.808,76.36,43.01,72.6,93.6,98.04,75.27,97.01,7.808,87.07,99.54,51.85,66.97,45.96,,40.07,82.12,63.07
2025-05-18,1.06e+05,64.28,96.43,7.397,76.23,43.15,73.3,97.44,99.36,88.01,100.9,7.397,86.99,99.77,51.85,66.3,45.21,,41.1,83.36,63.23
2025-05-19,1.056e+05,63.38,92.84,6.849,78.62,42.57,74.06,96.6,99.04,75.75,99.96,6.849,90.56,100,52.47,71.46,43.7,,41.44,84.73,63.4
2025-05-20,1.069e+05,64.22,95.07,7.055,80.32,40.27,74.3,98.17,99.54,81.1,101.5,7.055,92.29,100,52.67,76.31,40.21,,40.34,85.03,63.56
2025-05-21,1.097e+05,64.95,97.09,6.712,80.62,40.79,73.79,101.8,100.7,80.89,105,6.712,93.38,99.77,51.71,77.63,40.48,,41.1,83.87,63.72
2025-05-22,1.115e+05,67.04,99.59,7.466,80.81,47.33,74.25,104,101.3,85.96,107.1,7.466,93.18,99.09,53.42,77.56,50.07,,44.59,84.62,63.88
2025-05-23,1.073e+05,65.79,95.83,8.699,77.28,49.69,75.97,97.93,99.38,85,101,8.699,88.94,94.32,53.29,72.57,52.67,,46.71,87.91,64.04
2025-05-24,1.079e+05,65.04,94.3,8.836,75.08,52.23,74.14,98.67,99.64,77.12,101.8,8.836,86.41,87.76,53.97,72.2,55.48,,48.97,84.08,64.2
2025-05-25,1.089e+05,66.4,96.59,12.88,74.47,51.4,74.2,99.91,100.1,83.29,103.1,12.88,84.32,81.45,54.38,77.72,53.7,,49.11,84.04,64.36
2025-05-26,1.094e+05,67.04,97.31,13.7,73.86,53.8,74.04,100.3,100.1,85.48,103.3,13.7,84.25,81.72,55.34,74.15,57.4,,50.21,83.56,64.52
2025-05-27,1.091e+05,66.59,94.91,12.95,75.69,54.42,74.81,99.54,99.87,77.74,102.5,12.95,86.5,83.78,57.6,74.88,57.6,,51.23,84.93,64.68
2025-05-28,1.079e+05,66.47,96.67,12.74,73.02,53.22,75.02,97.7,99.26,89.11,100.6,12.74,84.84,77.53,57.81,71.91,55,,51.44,85.21,64.84
2025-05-29,1.057e+05,64.45,93.84,13.15,68.98,50.79,75.62,94.49,98.16,85.34,97.37,13.15,81.51,69.96,57.88,66.57,50.27,,51.3,86.23,65
2025-05-30,1.04e+05,62.24,91.26,11.92,67.3,48.18,72.29,91.91,97.27,81.03,94.82,11.92,77.15,64.21,57.05,70.78,45.55,,50.82,79.42,65.16
2025-05-31,1.047e+05,62.5,92.84,12.47,65.7,49.04,70.2,92.81,97.62,85.14,95.8,12.47,74.9,54.91,58.22,74.78,47.88,,50.21,75.07,65.33
2025-06-01,1.058e+05,60.41,88.71,15.34,62.75,45.72,68.89,94.14,98.1,65.41,97.2,15.34,68.48,47.22,58.42,76.88,41.44,,50,72.29,65.49
2025-06-02,1.059e+05,59.28,88.63,13.77,62.25,41.37,68.47,94.05,98.02,65.48,96.96,13.77,65.62,44.44,58.77,80.18,32.67,,50.07,71.3,65.65
2025-06-03,1.055e+05,59.29,90.51,9.178,64.22,41.03,67.78,93.23,97.7,75.07,96.04,9.178,69.23,46.56,58.9,82.18,32.33,,49.73,69.76,65.81
2025-06-04,1.048e+05,56.27,85.36,7.123,62.34,38.63,67.03,92.07,97.28,57.26,94.85,7.123,66.18,40.04,58.08,85.06,29.25,,48.01,68.08,65.97
2025-06-05,1.017e+05,55.46,83.6,8.493,62.63,36.34,65.24,87.68,95.7,60.48,90.55,8.493,63.15,39.29,58.84,89.23,26.92,,45.75,64.35,66.13
2025-06-06,1.044e+05,55.67,86.66,9.589,61.13,32.09,63.81,91.35,97.06,63.97,94.25,9.589,60.74,35.46,56.92,91.41,19.86,,44.32,61.34,66.29
2025-06-07,1.057e+05,55.92,90.14,9.384,60.15,27.02,64.08,92.96,97.65,74.04,95.9,9.384,59.38,31.65,57.67,91.91,12.81,,41.23,61.71,66.45
2025-06-08,1.057e+05,56.56,91.72,11.99,58.32,26.06,64.83,92.89,97.65,80.48,95.88,11.99,56.17,27.19,58.08,91.82,12.95,,39.18,63.05,66.61
2025-06-09,1.102e+05,57.1,94.09,11.23,59.5,23.7,64.65,98.84,99.66,76.03,101.8,11.23,60.16,28.01,59.18,90.65,12.05,,35.34,62.53,66.77
2025-06-10,1.101e+05,58.82,97.78,11.1,61.09,24.14,65.37,98.46,99.52,91.71,101.4,11.1,65.78,31,58.01,89.58,14.38,,33.9,63.8,66.93
2025-06-11,1.086e+05,57.34,92.28,10.96,61.5,25.86,66.75,96.33,98.83,74.66,99.31,10.96,68.3,32.46,57.4,87.82,19.38,,32.33,66.4,67.1
2025-06-12,1.06e+05,56.82,90.72,10.34,62.36,24.69,68.27,92.56,97.54,77.19,95.58,10.34,69.39,34.78,58.01,87.24,20.07,,29.32,69.28,67.26
2025-06-13,1.06e+05,56.8,90.05,12.12,60.51,25.38,69.48,92.42,97.48,74.86,95.42,12.12,69.65,31.89,56.58,83.92,23.42,,27.33,71.54,67.42
2025-06-14,1.055e+05,57.46,90.45,14.25,59.79,26.54,70.18,91.55,97.2,78.42,94.62,14.25,68.5,30.09,57.6,82.96,27.4,,25.68,72.77,67.58
2025-06-15,1.055e+05,55.88,87.24,15.68,56.99,25.38,70.1,91.5,97.2,65.62,94.63,15.68,64.5,25.92,57.6,79.94,26.99,,23.77,72.47,67.74
2025-06-16,1.072e+05,57.82,91.16,15.89,59.45,25.58,70.06,93.62,97.92,76.44,96.67,15.89,70.24,29.09,57.05,81.43,28.84,,22.33,72.23,67.9
2025-06-17,1.046e+05,54.23,81.92,15.75,60.5,22.05,69.96,89.96,96.64,48.01,93.07,15.75,72.73,31.4,56.44,81.45,23.56,,20.55,71.85,68.06
2025-06-18,1.048e+05,54.86,86.92,16.64,57.48,18.29,68.65,90.08,96.7,67.67,93.24,16.64,68.95,23.82,55.41,81.76,19.52,,17.05,69.08,68.22
2025-06-19,1.047e+05,52.83,83.75,17.19,54.56,16.3,67.24,89.82,96.61,55.55,93.01,17.19,64.79,20.13,55.82,77.49,18.01,,14.59,66.1,68.38
2025-06-20,1.033e+05,53.49,87.54,18.97,50.13,15.92,66.36,87.76,95.87,75.55,91,18.97,57.43,16.45,54.11,72.54,21.51,,10.34,64.18,68.54
2025-06-21,1.015e+05,50.61,83.19,17.53,45.26,16.3,64.92,85.32,94.94,63.9,88.59,17.53,47.9,11.3,52.19,69.65,23.22,,9.384,61.13,68.7
2025-06-22,1.009e+05,48.76,75.67,19.52,46.45,18.05,63.68,84.35,94.58,36.1,87.67,19.52,45.8,13.83,51.64,74.54,26.99,,9.11,58.49,68.87
2025-06-23,1.055e+05,50.25,79.96,18.9,49,16.16,62.58,90.41,96.88,38.84,93.74,18.9,49.7,19.11,50.41,76.8,24.38,,7.945,56.13,69.03
2025-06-24,1.06e+05,51.45,82.37,19.59,51.45,14.52,62.33,90.87,97.04,47.4,94.18,19.59,54.98,23.94,48.42,78.47,22.26,,6.781,55.48,69.19
2025-06-25,1.073e+05,54.55,89.71,18.56,55.63,12.98,63.68,92.49,97.61,72.95,95.78,18.56,61.23,28.54,50.27,82.46,19.73,,6.233,58.01,69.35
2025-06-26,1.07e+05,54.99,91.49,17.88,55.05,12.71,64.81,91.87,97.36,81.64,95.08,17.88,59.13,24.05,51.16,85.87,19.79,,5.616,60.1,69.51
2025-06-27,1.071e+05,51.88,82.51,15.96,56.63,12.47,66.14,91.74,97.28,46.16,94.85,15.96,60.2,25.68,52.33,88.3,17.88,,7.055,62.6,69.67
2025-06-28,1.074e+05,55.17,89.63,15.68,59.76,12.67,68.08,91.98,97.39,73.97,95.17,15.68,65.22,32.56,52.47,88.79,16.64,,8.699,66.34,69.83
2025-06-29,1.084e+05,58.19,94.08,16.78,64.18,13.46,70.53,93.2,97.84,88.84,96.44,16.78,73.37,42.35,53.56,87.45,16.44,,10.48,71.06,69.99
2025-06-30,1.072e+05,56.89,89.02,14.11,65.07,18.08,71.89,91.33,97.14,73.15,94.45,14.11,74.41,47.28,52.95,85.63,18.63,,17.53,73.63,70.15
2025-07-01,1.056e+05,55.37,84.5,13.49,64.3,20.38,71.82,89.08,96.33,60.34,92.24,13.49,70.14,49.9,53.15,84.01,19.73,,21.03,73.32,70.31
2025-07-02,1.089e+05,59.09,91.94,13.63,67.16,23.97,71.62,93.42,97.89,79.86,96.58,13.63,76.86,56.25,52.67,82.87,22.53,,25.41,72.77,70.47
2025-07-03,1.096e+05,60.86,92.19,19.66,66.67,27.77,71.65,94.16,98.14,79.18,97.29,19.66,78.08,55.09,53.49,80,25.21,,30.34,72.67,70.64
2025-07-04,1.081e+05,61.89,91.07,25.55,66.63,28.9,72.42,91.39,96.92,82.12,93.86,25.55,77.54,56.64,54.73,77.62,27.4,,30.41,74.04,70.8
2025-07-05,1.082e+05,62.26,90.95,26.03,68.25,28.66,72.74,91.5,96.99,81.3,94.03,26.03,79.53,60.46,55.75,77.26,26.85,,30.48,74.52,70.96
2025-07-06,1.092e+05,62.41,92.1,25.82,68.74,26.75,72.53,92.63,97.41,83.15,95.22,25.82,79.96,61.78,57.19,76.03,22.95,,30.55,73.94,71.12
2025-07-07,1.082e+05,61.36,89.81,23.22,69.38,27.02,73.52,91.19,96.88,77.4,93.75,23.22,80.58,65.98,58.15,72.8,23.29,,30.75,75.75,71.28
2025-07-08,1.09e+05,60.8,88.56,19.38,71.57,28.25,73.75,91.92,97.13,70.75,94.43,19.38,81.98,71.19,59.25,73.88,24.18,,32.33,76.06,71.44
2025-07-09,1.114e+05,62.75,94.42,20.21,68.82,29.9,74.14,94.92,98.14,87.33,97.29,20.21,80.08,63.66,58.7,72.85,24.45,,35.34,76.68,71.6
2025-07-10,1.159e+05,65.11,99.01,20.27,70.86,32.23,73.98,100.6,100,92.53,102.9,20.27,85.91,67.83,60,69.72,26.99,,37.47,76.2,71.76
2025-07-11,1.176e+05,66.72,97.69,23.7,73.92,37.53,73.72,102.6,100.6,82.95,104.7,23.7,91.33,74.03,62.19,68.13,33.9,,41.16,75.51,71.92
2025-07-12,1.174e+05,68.06,97.13,25.96,72.66,45.21,75.58,102,100.4,81.99,104.1,25.96,90.38,72.24,62.53,65.49,44.59,,45.82,79.08,72.08
2025-07-13,1.189e+05,68.84,96.47,25.89,72.36,51.47,76.98,103.9,101,75.14,105.9,25.89,88.48,69.04,63.36,68.57,53.97,,48.97,81.71,72.24
2025-07-14,1.199e+05,71.22,98.45,29.52,74.05,55.45,77.25,104.8,101.2,81.23,106.6,29.52,90.23,72.56,63.49,69.93,59.18,,51.71,82.09,72.41
2025-07-15,1.177e+05,77.4,98.88,53.9,76.04,59.45,78.83,101.7,100.2,90.14,103.5,53.9,92.93,80.12,62.4,68.73,64.52,,54.38,85.1,72.57
2025-07-16,1.187e+05,76.66,93.76,55.41,76.28,63.42,79.96,102.4,100.3,68.49,103.8,55.41,95.04,79.35,60.82,69.9,70.96,,55.89,87.19,72.73
2025-07-17,1.195e+05,77.69,95.49,51.16,80.26,65.99,80.88,103.1,100.4,74.25,104.2,51.16,96.76,80.61,63.7,79.98,75.41,,56.58,88.87,72.89
2025-07-18,1.18e+05,77.44,95.23,48.36,81.77,66.35,81.35,100.8,99.7,78.42,102,48.36,96.2,82.26,64.73,83.89,75.38,,57.33,89.66,73.05
2025-07-19,1.179e+05,76.11,94.7,41.37,83.25,66.85,80.12,100.5,99.62,76.92,101.7,41.37,96.11,85.11,65.14,86.65,75.41,,58.29,87.02,73.21
2025-07-20,1.173e+05,76.55,95.18,41.37,84.68,67.05,79.65,99.6,99.34,80.89,100.9,41.37,95.45,90.36,65.41,87.51,75.27,,58.84,85.92,73.37
2025-07-21,1.174e+05,77.09,95.23,41.23,86.24,69.11,78.94,99.54,99.31,81.3,100.8,41.23,94.9,95.19,65.75,89.13,78.97,,59.25,84.35,73.53
2025-07-22,1.201e+05,77.67,97.41,39.93,86.35,69.61,78.76,102.7,100.3,83.01,103.7,39.93,94.15,96.4,64.66,90.18,78.94,,60.27,83.84,73.69
2025-07-23,1.187e+05,77.36,94.27,44.38,84.64,70.51,79.87,100.6,99.58,75.34,101.6,44.38,91.9,92.02,64.45,90.19,78.9,,62.12,85.89,73.85
2025-07-24,1.184e+05,77.92,95.02,49.18,81.31,71.01,79.13,100,99.39,79.66,101,49.18,89.29,82.67,64.32,88.97,78.87,,63.15,84.25,74.01
2025-07-25,1.175e+05,82.55,96.09,74.73,77.24,71.23,78.41,98.63,98.93,87.19,99.61,74.73,86.3,72.56,65.07,85.03,78.84,,63.63,82.64,74.18
2025-07-26,1.18e+05,82.06,95.24,75.14,75.95,71.32,78.08,99.08,99.09,82.67,100.1,75.14,84.64,71.83,63.97,83.35,78.8,,63.84,81.82,74.34
2025-07-27,1.194e+05,82.07,93.72,80.07,73.25,71.82,78.31,100.8,99.67,72.53,101.9,80.07,81.5,66.34,63.97,81.2,78.77,,64.86,82.12,74.5
2025-07-28,1.18e+05,80.54,93.79,73.49,71.42,71.9,79.44,98.78,99.02,77.47,99.9,73.49,82.65,63.83,63.7,75.49,78.73,,65.07,84.21,74.66
2025-07-29,1.179e+05,75.85,85.93,68.56,66.59,71.78,79.74,98.35,98.87,47.05,99.44,68.56,83.05,57.99,61.92,63.41,78.7,,64.86,84.66,74.82
2025-07-30,1.177e+05,77.51,91.56,69.52,64.67,70.94,79.8,97.97,98.74,70.48,99.06,69.52,82.71,56.89,61.71,57.36,78.66,,63.22,84.62,74.98
2025-07-31,1.158e+05,77.35,92.78,68.77,64.7,67.74,80.24,95.4,97.9,81.23,96.6,68.77,83.86,61.69,62.33,50.94,73.77,,61.71,85.34,75.14
2025-08-01,1.133e+05,75.05,89.81,76.51,56.36,61.06,78.82,91.98,96.73,77.19,93.32,76.51,74.07,47.84,62.53,40.97,63.97,,58.15,82.33,75.3
2025-08-02,1.125e+05,72.77,87.73,77.53,51.36,57.95,75.98,90.93,96.38,71.23,92.36,77.53,69.32,40.7,62.05,33.36,59.11,,56.78,76.51,75.46
2025-08-03,1.143e+05,73.06,91.15,76.44,51.43,54.97,73.34,93,97.13,80.07,94.42,76.44,69.28,41.8,62.33,32.31,55.62,,54.32,71.06,75.62
2025-08-04,1.152e+05,73.65,94.13,79.32,49.1,51.75,72.6,94.05,97.51,89.45,95.5,79.32,64.64,36.06,63.15,32.56,50.75,,52.74,69.42,75.78
2025-08-05,1.141e+05,70.96,87.18,80.68,48.75,49.25,71.77,92.51,96.98,65.21,94.02,80.68,63.42,34.82,64.59,32.15,47.6,,50.89,67.6,75.95
2025-08-06,1.15e+05,72.15,89.55,85.07,48.45,47.47,69.83,93.58,97.38,72.12,95.13,85.07,60.92,32.43,64.59,35.85,44.11,,50.82,63.56,76.11
2025-08-07,1.174e+05,74.08,94.81,85.55,50.11,46.03,68.58,96.45,98.36,86.51,97.93,85.55,63.92,33.14,64.32,39.07,40.55,,51.51,60.89,76.27
2025-08-08,1.167e+05,73.54,89.25,85.89,54.03,48.9,69.87,95.38,98,66.71,96.89,85.89,66.36,35.78,65.27,48.7,43.77,,54.04,63.32,76.43
2025-08-09,1.165e+05,71.58,84.2,87.47,47.88,52.74,71.27,94.97,97.88,47.4,96.56,87.47,50.73,20.66,65.89,54.22,49.73,,55.75,65.96,76.59
2025-08-10,1.192e+05,73.35,91.13,85.75,43.71,55.27,72.69,98.23,99,67.47,99.83,85.75,41.35,10.98,66.85,55.66,53.29,,57.26,68.63,76.75
2025-08-11,1.187e+05,75.2,93.27,87.19,45.23,58.32,73.18,97.49,98.76,77.74,99.11,87.19,43.45,12.69,66.85,57.92,58.15,,58.49,69.45,76.91
2025-08-12,1.202e+05,75.07,92.38,85.62,45.99,60.21,73.86,99.09,99.28,70.48,100.7,85.62,43.74,15.55,67.47,57.22,60.34,,60.07,70.65,77.07
2025-08-13,1.234e+05,75.83,98.83,75.75,45.45,62.47,76.25,103,100.5,87.26,104.5,75.75,41.49,11.69,67.74,60.87,61.3,,63.63,75.27,77.23
2025-08-14,1.185e+05,70.07,95.02,50.34,46.26,64.45,78.29,96.59,98.45,86.85,98.21,50.34,39.96,9.943,68.49,66.64,63.97,,64.93,79.18,77.39
2025-08-15,1.173e+05,68.03,88.11,52.67,46.4,65,76.28,94.92,97.9,63.01,96.6,52.67,32.31,5.916,69.52,77.84,64.45,,65.55,75,77.55
2025-08-16,1.175e+05,70.26,92,57.81,46.16,65.21,74.88,94.79,97.8,79.11,96.32,57.81,26.49,4.571,71.3,82.29,65.21,,65.21,72.05,77.72
2025-08-17,1.176e+05,69.99,92.03,58.7,45.85,62.84,74.43,94.85,97.84,78.97,96.45,58.7,21.76,3.992,71.1,86.54,61.64,,64.04,70.99,77.88
2025-08-18,1.163e+05,69.14,91.05,59.73,46.03,58.29,73.76,93.1,97.26,79.04,94.79,59.73,20.47,3.416,71.92,88.31,55.27,,61.3,69.49,78.04
2025-08-19,1.129e+05,66.57,83.05,65.96,43.75,55.07,73.02,88.64,95.65,57.47,90.42,65.96,12.19,2.273,71.85,88.68,51.99,,58.15,67.84,78.2
2025-08-20,1.143e+05,66.91,85.91,68.9,42.18,50.89,69.88,90.27,96.26,65.07,92.06,68.9,10.73,2.268,70.41,85.29,45.96,,55.82,61.4,78.36
2025-08-21,1.123e+05,64.74,85.88,65.89,38.85,46.47,67.58,87.74,95.34,70.82,89.62,65.89,8.75,2.264,70,74.38,38.49,,54.45,56.64,78.52
2025-08-22,1.168e+05,65.88,89.52,68.01,34.51,49.01,66.93,93.12,97.29,72.81,94.87,68.01,9.447,3.766,68.49,56.33,43.56,,54.45,55.17,78.68
2025-08-23,1.153e+05,63.86,89.23,61.85,29.78,50.48,67.33,91.1,96.59,76.3,92.94,61.85,6.94,4.511,68.36,39.32,45.82,,55.14,55.82,78.84
2025-08-24,1.135e+05,60.47,89.41,43.84,27.88,54.62,66.45,88.79,95.77,82.33,90.74,43.84,5.861,5.441,69.52,30.68,51.71,,57.53,53.9,79
2025-08-25,1.101e+05,58.37,81.04,46.1,27.95,58.08,64.84,84.41,94.11,59.18,86.48,46.1,8.333,6.554,69.38,27.54,58.01,,58.15,50.51,79.16
2025-08-26,1.119e+05,60.55,85.13,47.6,29.89,59.21,63.75,86.56,94.96,70.34,88.64,47.6,9.381,8.224,72.05,29.89,58.7,,59.73,48.18,79.32
2025-08-27,1.113e+05,62.81,84.19,59.04,29.59,60.86,64.9,85.66,94.63,68.7,87.79,59.04,8.834,7.276,72.19,30.05,58.7,,63.01,50.31,79.49
2025-08-28,1.125e+05,65.93,87.27,66.99,30.79,62.4,64.65,87.04,95.16,77.74,89.15,66.99,9.7,7.449,72.53,33.49,61.03,,63.77,49.66,79.65
2025-08-29,1.085e+05,64.33,83.99,66.03,31.44,59.76,64.75,81.72,92.96,77.6,83.68,66.03,7.218,7.063,75.21,36.28,56.99,,62.53,49.69,79.81
2025-08-30,1.087e+05,64.1,82.82,68.08,33.62,56.99,62.23,81.97,93.08,72.26,83.98,68.08,9.315,6.865,75.21,43.08,54.93,,59.04,44.49,79.97
2025-08-31,1.083e+05,61.91,76.66,66.23,38.55,52.91,61.85,81.36,92.85,48.97,83.43,66.23,20.88,13.52,75.21,44.59,49.59,,56.23,43.56,80.13
2025-09-01,1.09e+05,64.2,83.64,66.1,39.49,50.89,61.81,82.11,93.17,75.07,84.2,66.1,20.93,17.93,75.21,43.91,45.96,,55.82,43.32,80.29
2025-09-02,1.111e+05,64.89,86.08,63.08,41.32,51.16,62.06,84.67,94.22,78.63,86.77,63.08,27.27,20.11,74.32,43.6,47.95,,54.38,43.66,80.45
2025-09-03,1.118e+05,62.63,80.99,56.71,45.89,50.03,62.58,85.37,94.51,56.58,87.5,56.71,33.68,24.13,72.74,52.99,46.78,,53.29,44.55,80.61
2025-09-04,1.109e+05,59.68,80.55,44.93,46.35,46.23,62.99,84.15,94.03,57.74,86.3,44.93,32.93,25.74,75.14,51.59,41.92,,50.55,45.21,80.77
2025-09-05,1.107e+05,59.61,80.8,42.33,46.4,48.63,62.86,83.71,93.83,59.86,85.79,42.33,30.61,24.4,78.42,52.17,49.59,,47.67,44.79,80.93
2025-09-06,1.102e+05,59.12,79.68,46.03,44.34,45.21,63.78,83.04,93.58,56.92,85.18,46.03,27.43,21.79,74.93,53.21,43.42,,46.99,46.47,81.09
2025-09-07,1.113e+05,60.6,83.92,48.77,41.84,45.07,63.5,84.26,94.09,70.89,86.43,48.77,20.62,19.74,74.93,52.08,43.22,,46.92,45.75,81.26
2025-09-08,1.121e+05,63.07,85.83,53.36,45.88,45.1,64.18,85.13,94.44,76.44,87.31,53.36,27.51,28.83,74.25,52.94,45.55,,44.66,46.95,81.42
2025-09-09,1.115e+05,62.13,86.3,45.48,47.68,45.89,64.08,84.27,94.11,80.34,86.5,45.48,27.63,36.79,74.66,51.62,46.58,,45.21,46.58,81.58
2025-09-10,1.139e+05,62.9,88.91,41.92,48.62,48.73,63.63,87.14,95.24,83.9,89.35,41.92,33.97,39.82,74.45,46.26,51.92,,45.55,45.51,81.74
2025-09-11,1.154e+05,62.7,86.7,38.7,53.22,50.48,63.96,88.85,95.88,71.03,91.03,38.7,38.21,43.19,74.79,56.67,51.85,,49.11,46.03,81.9
2025-09-12,1.161e+05,62.44,80.62,42.67,58.44,49.76,65.41,89.58,96.16,44.93,91.79,42.67,43.81,49.82,74.52,65.62,48.42,,51.1,48.77,82.06
2025-09-13,1.16e+05,64.12,84.79,43.49,59.44,48.32,66.08,89.23,96.05,62.4,91.48,43.49,41.34,49.55,76.99,69.87,43.29,,53.36,49.93,82.22
2025-09-14,1.154e+05,65.51,87.01,39.79,62.67,51.71,68.09,88.43,95.77,73.08,90.74,39.79,41.61,53.79,78.56,76.73,45.96,,57.47,53.8,82.38
2025-09-15,1.154e+05,65.68,88.76,34.52,65.79,51.44,68.39,88.32,95.73,80.34,90.63,34.52,44.62,60.18,78.84,79.53,45.14,,57.74,54.25,82.54
2025-09-16,1.168e+05,65.9,89.4,34.04,68.52,48.15,68.71,89.84,96.29,79.32,92.14,34.04,47.61,65.83,79.04,81.61,39.86,,56.44,54.73,82.7
2025-09-17,1.166e+05,63.79,81.83,35.62,69.8,47.53,69.33,89.4,96.12,50.14,91.68,35.62,48.55,68.4,80,82.26,40.48,,54.59,55.79,82.86
2025-09-18,1.17e+05,66,89.07,30.07,73.99,47.33,69.17,89.8,96.28,78.08,92.11,30.07,54.93,80.82,80.27,79.95,42.95,,51.71,55.31,83.02
2025-09-19,1.156e+05,64.56,89.14,22.53,76.65,44.32,68.77,87.9,95.55,82.95,90.17,22.53,60.44,86.23,81.85,78.09,37.74,,50.89,54.35,83.19
2025-09-20,1.158e+05,63.15,86.45,19.59,78.93,42.33,68.39,87.96,95.59,71.99,90.27,19.59,62.88,89.64,82.67,80.52,36.99,,47.67,53.42,83.35
2025-09-21,1.153e+05,61.92,87.76,18.15,79.01,33.6,67.3,87.33,95.37,78.63,89.7,18.15,63.79,88.95,82.67,80.62,30.34,,36.85,51.1,83.51
2025-09-22,1.127e+05,58.87,82.39,17.95,78.36,27.81,66.05,84.11,94.15,64.73,86.57,17.95,58.61,87.01,83.15,84.66,26.78,,28.84,48.42,83.67
2025-09-23,1.121e+05,56.69,80.24,12.6,77.33,27.71,64.64,83.15,93.76,58.42,85.62,12.6,56.83,87.39,81.85,83.24,29.93,,25.48,45.45,83.83
2025-09-24,1.133e+05,56.75,83.41,9.658,77.49,25.03,63.71,84.56,94.32,67.74,87.01,9.658,57.07,85.46,83.01,84.42,28.36,,21.71,43.42,83.99
2025-09-25,1.092e+05,53.48,76.43,10.27,76.09,21.06,62.98,79.4,92.21,52.19,81.91,10.27,53.61,82.12,83.77,84.88,24.86,,17.26,41.82,84.15
2025-09-26,1.097e+05,51.93,75.3,5.753,73.7,23.87,61.03,79.91,92.43,46.44,82.44,5.753,48.99,77.56,83.36,84.89,28.63,,19.11,37.74,84.31
2025-09-27,1.096e+05,53.49,79.78,5.274,72.59,26.75,59.86,79.81,92.41,64.52,82.38,5.274,47.57,74.78,83.9,84.1,32.12,,21.37,35.24,84.47
2025-09-28,1.122e+05,56.16,84.44,7.329,73.27,30.51,59.13,82.77,93.65,75.96,85.36,7.329,48.83,77.82,84.11,82.34,37.53,,23.49,33.63,84.63
2025-09-29,1.143e+05,55.39,81.12,7.329,74.68,31.03,59.44,85.26,94.65,56.71,87.85,7.329,53.26,82.25,83.97,79.26,33.15,,28.9,34.08,84.79
2025-09-30,1.14e+05,56.67,85.21,4.041,75.09,33.39,60.08,84.65,94.4,74.59,87.2,4.041,58.33,77.89,84.25,79.89,28.84,,37.95,35.21,84.96
2025-10-01,1.184e+05,59.09,87.17,3.767,79.27,39.42,60.57,89.65,96.23,70.82,91.96,3.767,67.72,84.24,84.52,80.62,28.7,,50.14,36.03,85.12
2025-10-02,1.206e+05,60.04,85.52,3.767,80.87,46.61,61.89,92.05,97.07,58.7,94.27,3.767,71.43,84.09,84.59,83.38,35.62,,57.6,38.49,85.28
2025-10-03,1.223e+05,60.68,83.18,3.767,82.8,51.1,65.9,93.95,97.71,45,96.05,3.767,76.95,84.64,85.14,84.45,43.56,,58.63,46.37,85.44
2025-10-04,1.224e+05,63.52,86.55,4.178,84.19,56.16,71.31,93.83,97.67,58.77,95.95,4.178,78.48,86.93,86.71,84.64,52.95,,59.38,57.02,85.6
2025-10-05,1.235e+05,66.41,91.22,4.658,85.91,59.04,75.11,95.05,98.1,74.52,97.19,4.658,79.34,91.13,87.19,85.98,57.4,,60.68,64.45,85.76
2025-10-06,1.248e+05,65.96,85.89,4.658,89.46,62.26,77.36,96.41,98.56,50.07,98.51,4.658,88.28,98.09,86.44,85.02,63.15,,61.37,68.8,85.92
2025-10-07,1.216e+05,76.51,113.1,4.315,91.87,65.14,79,135.2,106.6,61.23,149.5,4.315,93.74,99.48,87.19,87.06,66.58,,63.7,71.92,86.08
2025-10-08,1.234e+05,78.24,117.9,3.973,91.74,65.51,80.09,138.2,107.6,72.95,152.8,3.973,94.08,99.13,87.47,86.28,66.99,,64.04,73.94,86.24
2025-10-09,1.216e+05,74.58,108.7,4.041,90.97,62.81,81.01,134.6,106.4,45.14,148.7,4.041,94.75,99.31,85.82,84.01,61.92,,63.7,75.62,86.4
2025-10-10,1.138e+05,71.02,100.5,3.904,90.93,58.36,81.33,120.2,101,47.95,132.8,3.904,90.66,97.24,84.52,91.31,54.66,,62.05,76.1,86.56
2025-10-11,1.109e+05,69.87,99.54,4.589,89.47,56.61,77.27,115,98.94,57.26,127,4.589,86.91,92.94,84.52,93.51,51.85,,61.37,67.81,86.73
2025-10-12,1.152e+05,68.79,104.9,4.452,85.36,46.06,72.09,122.5,102,59.52,135.5,4.452,82.03,80.93,84.11,94.39,31.51,,60.62,57.29,86.89
2025-10-13,1.153e+05,67.96,106.7,4.315,84.58,40.41,67.87,122.7,102.1,66.1,135.8,4.315,78.63,80.1,84.38,95.18,21.23,,59.59,48.7,87.05
2025-10-14,1.133e+05,67.09,107.3,4.521,85.67,34.18,63.71,118.7,100.5,78.77,131.2,4.521,80.29,80.65,87.05,94.66,11.3,,57.05,40.21,87.21
2025-10-15,1.109e+05,62.23,97.81,3.425,82.36,30.96,61.94,113.8,98.36,53.56,125.5,3.425,76.91,73.33,84.45,94.76,6.575,,55.34,36.51,87.37
2025-10-16,1.081e+05,60.1,95.75,3.493,77.76,29.32,59.4,108.8,96.25,57.81,120.1,3.493,70.62,62.29,84.25,93.89,4.726,,53.9,31.27,87.53
2025-10-17,1.066e+05,58.7,94.73,4.178,74.28,28.36,55.93,106,94.94,61.16,116.9,4.178,66.45,58.26,83.84,88.57,4.178,,52.53,24.18,87.69
2025-10-18,1.071e+05,58.44,96.61,4.452,70.99,26.44,55.72,106.8,95.35,66.44,117.9,4.452,64.72,52.89,83.7,82.65,1.644,,51.23,23.6,87.85
2025-10-19,1.087e+05,56.73,93.67,5.274,66.86,25.96,56.3,109.5,96.61,47.53,121,5.274,60.42,48.39,83.36,75.26,2.466,,49.45,24.59,88.01
2025-10-20,1.106e+05,57.7,98.31,5.822,63.71,25.48,55.61,112.9,98.11,57.33,124.9,5.822,60,46.78,83.22,64.84,2.603,,48.36,23.05,88.17
2025-10-21,1.087e+05,57.46,95.54,5.89,67.35,25.58,55.35,109.3,96.53,55.55,120.8,5.89,67.63,49.75,83.08,68.96,2.877,,48.29,22.36,88.33
2025-10-22,1.077e+05,56.96,94.47,5.685,67.32,25.92,54.06,107.2,95.54,56.85,118.3,5.685,70.74,53.72,82.88,61.95,3.63,,48.22,19.62,88.5
2025-10-23,1.101e+05,58.01,95.49,6.712,69.27,26.68,53.93,111.3,97.4,50.21,123,6.712,72.23,55.14,80.68,69.01,5.548,,47.81,19.21,88.66
2025-10-24,1.11e+05,61.63,104.4,8.63,68.58,27.36,55.33,112.9,98.11,81.85,124.9,8.63,70.35,54.04,81.16,68.78,6.849,,47.88,21.85,88.82
2025-10-25,1.116e+05,61.2,101.4,8.082,69.43,30.31,56.8,113.9,98.54,67.05,126,8.082,73.12,58.49,81.03,65.08,13.63,,46.99,24.62,88.98
2025-10-26,1.146e+05,63.33,102.6,13.7,71.17,30.89,58.03,119,100.7,59.11,131.7,13.7,75.88,68.29,80,60.52,15,,46.78,26.92,89.14
2025-10-27,1.141e+05,63.6,101.8,12.19,70.65,36.1,60.03,118,100.2,58.29,130.5,12.19,77.03,70.52,79.86,55.19,24.93,,47.26,30.75,89.3
2025-10-28,1.13e+05,64.33,103.3,10.14,69.42,40.96,61.19,115.7,99.25,70.41,127.9,10.14,78.34,71.24,79.45,48.66,34.45,,47.47,32.91,89.46
2025-10-29,1.102e+05,59.15,91.6,9.315,63.98,40.99,62.77,110.5,97,36.92,122,9.315,70.75,56.59,78.84,49.74,36.44,,45.55,35.92,89.62
2025-10-30,1.08e+05,60.41,95.24,18.29,55.94,39.21,63.42,106.3,95.09,62.33,117.2,18.29,57.14,47.17,77.53,41.93,33.56,,44.86,37.05,89.78
2025-10-31,1.096e+05,59.08,93.33,21.37,47.97,41.37,63.45,109,96.32,47.74,120.3,21.37,47.39,35.44,77.05,31.98,38.84,,43.9,36.95,89.94
2025-11-01,1.1e+05,59.61,93.5,24.73,43.48,46.16,63.17,109.6,96.63,46.71,121,24.73,41.77,28.24,77.12,26.79,49.73,,42.6,36.23,90.1
2025-11-02,1.104e+05,60.47,97.31,26.16,38.69,47.57,63.04,110.2,96.91,60.34,121.8,26.16,32.86,19.07,76.51,26.33,54.93,,40.21,35.82,90.27
2025-11-03,1.065e+05,56.11,89.15,23.15,37.13,44.08,62.4,103.1,93.66,46.03,113.8,23.15,30.44,16.39,75.62,26.05,51.44,,36.71,34.38,90.43
2025-11-04,1.013e+05,52.6,80.51,25.27,33.7,43.6,60.84,93.9,89.13,35.34,103.7,25.27,24.72,11.74,75.41,22.94,53.84,,33.36,31.1,90.59
2025-11-05,1.039e+05,52.56,84.78,25.62,26.33,44.32,58.54,98.42,91.46,40.48,108.8,25.62,5.503,4.785,74.25,20.77,55.34,,33.29,26.34,90.75
2025-11-06,1.012e+05,51.3,81.47,27.4,24.03,44.69,57.97,93.6,89.03,39.79,103.4,27.4,4.867,0.8237,73.29,17.15,57.53,,31.85,25.03,90.91
2025-11-07,1.034e+05,52.01,84.38,27.19,23.35,44.11,57.52,97.13,90.74,42.47,107.2,27.19,4.545,0.1645,71.71,16.97,56.99,,31.23,23.97,91.07
2025-11-08,1.023e+05,50.43,79.84,30.62,23.25,40.72,56.03,95.09,89.71,29.66,104.9,30.62,4.069,0.1642,71.3,17.47,51.44,,30,20.82,91.23
2025-11-09,1.047e+05,51.61,85.95,29.73,23.16,37.36,53.45,99.2,91.81,43.22,109.6,29.73,4.219,0.4918,71.58,16.34,44.86,,29.86,15.51,91.39
2025-11-10,1.061e+05,52.71,87.64,32.33,23.04,38.49,51.89,101.6,92.96,43.84,112.2,32.33,4.368,1.146,70.48,16.15,46.92,,30.07,12.23,91.55
2025-11-11,1.03e+05,51.81,85.53,33.84,23.31,34.55,52.6,95.93,90.18,50.07,105.9,33.84,5.296,3.922,69.52,14.52,37.47,,31.64,13.49,91.71
2025-11-12,1.017e+05,50.42,81.54,34.73,23.38,33.15,52.87,93.55,88.96,40.34,103.3,34.73,5.443,5.71,68.22,14.16,35.62,,30.68,13.87,91.87
2025-11-13,1e+05,50.56,80.74,38.49,21.75,34.18,51.31,90.61,87.44,44.79,100.1,38.49,4.037,2.117,67.19,13.64,36.3,,32.05,10.58,92.04
2025-11-14,9.45e+04,52.07,72.17,61.58,20.51,36.2,49.61,80.88,81.92,36.51,89.35,61.58,3.256,2.114,65,11.67,41.51,,30.89,7.021,92.2
2025-11-15,9.554e+04,54.25,73.47,66.92,21.47,39.69,49.06,82.68,83.02,36.78,91.4,66.92,4.334,6.656,64.59,10.3,47.74,,31.64,5.753,92.36
2025-11-16,9.418e+04,55.26,73.86,69.25,21.22,43.01,48.59,80.24,81.57,44.93,88.71,69.25,5.1,8.59,63.63,7.568,54.79,,31.23,4.658,92.52
2025-11-17,9.191e+04,53.18,65.7,73.77,20.28,43.6,48.41,76.24,79.11,23.15,84.3,73.77,4.475,8.252,62.95,5.438,56.58,,30.62,4.144,92.68
2025-11-18,9.284e+04,49.65,68.48,49.32,19.96,46.64,48.34,77.78,80.08,30.07,86.01,49.32,4.006,7.593,62.81,5.433,61.99,,31.3,3.836,92.84
2025-11-19,9.132e+04,48.7,66.98,45.68,19.75,49.18,47.96,75.13,78.43,31.23,83.12,45.68,4.308,8.548,61.99,4.156,64.73,,33.63,2.911,93
2025-11-20,8.691e+04,46.81,59.58,50.75,17.7,49.86,47.88,67.37,73.16,23.36,74.44,50.75,1.229,2.738,63.29,3.559,66.44,,33.29,2.603,93.16
2025-11-21,8.495e+04,49.2,59.78,63.7,18.13,47.57,47.77,64.11,70.86,33.22,70.93,63.7,2.301,3.215,63.36,3.641,61.78,,33.36,2.226,93.32
2025-11-22,8.478e+04,47.67,57.7,62.6,17.24,44.73,48.01,63.07,69.81,28.56,69.36,62.6,2.297,2.408,60.68,3.553,57.88,,31.58,2.534,93.48
2025-11-23,8.687e+04,47.88,60.62,61.23,17.64,40.41,48.29,66.59,72.38,30.27,73.24,61.23,2.294,2.885,60.82,4.565,48.77,,32.05,2.945,93.64
2025-11-24,8.838e+04,48.37,63.02,64.45,16.84,34.52,48.82,69.23,74.28,32.33,76.22,64.45,1.832,1.44,57.26,6.841,35.68,,33.36,3.836,93.81
2025-11-25,8.743e+04,45.02,57.99,60.07,17.26,28.94,49.14,67.54,73.09,16.99,74.35,60.07,2.134,0.7987,59.11,7.004,23.49,,34.38,4.315,93.97
2025-11-26,9.045e+04,50.03,68.55,66.71,17.83,28.05,49.24,72.71,76.65,44.73,80.1,66.71,1.979,0.7974,58.84,9.696,21.03,,35.07,4.349,94.13
2025-11-27,9.134e+04,50.22,67.19,71.99,18.1,24.93,49.49,74.28,77.73,34.86,81.91,71.99,1.216,0.4777,55.89,14.83,14.79,,35.07,4.692,94.29
2025-11-28,9.099e+04,51.56,67.53,74.86,21.22,24.83,49.83,73.67,77.35,37.81,81.28,74.86,3.338,4.293,56.37,20.88,13.7,,35.96,5.205,94.45
2025-11-29,9.084e+04,50.03,65.71,66.92,24.66,24.32,50.64,73.39,77.18,31.3,80.99,66.92,4.091,8.73,56.64,29.18,10.55,,38.08,6.678,94.61
2025-11-30,9.061e+04,52.29,69.53,67.12,26.84,26.1,52.49,72.96,76.92,47.67,80.55,67.12,5.144,12.84,55.75,33.61,13.7,,38.49,10.21,94.77
2025-12-01,8.65e+04,48.67,58.63,66.44,27.67,26.4,53.65,65.73,71.88,24.45,72.47,66.44,5.287,14.56,55.07,35.77,14.45,,38.36,12.36,94.93
2025-12-02,9.153e+04,50.36,65.12,57.53,32.19,28.12,54.1,74.61,78.08,25.27,82.51,57.53,5.732,19.59,58.56,44.88,18.22,,38.01,13.12,95.09
2025-12-03,9.361e+04,53.61,68.98,64.93,34.38,26.75,55.98,78.2,80.39,30.75,86.56,64.93,6.175,21.92,56.1,53.31,16.23,,37.26,16.71,95.25
2025-12-04,9.221e+04,50.2,66.99,48.77,36.25,27.16,56.77,75.7,78.81,29.66,83.78,48.77,6.917,25.83,51.37,60.89,17.74,,36.58,18.12,95.41
2025-12-05,8.928e+04,47.56,60.94,41.64,40.14,27.4,57.62,70.62,75.47,19.52,78.15,41.64,7.808,36.64,54.86,61.26,19.45,,35.34,19.66,95.58
2025-12-06,8.917e+04,49.33,66.69,41.1,40.9,26.2,56.64,70.4,75.34,43.08,77.93,41.1,6.897,39.56,55.21,61.96,20,,32.4,17.53,95.74
2025-12-07,9.007e+04,50.63,67.64,43.97,44.64,24.49,55.59,71.96,76.42,42.47,79.72,43.97,8.683,51.57,55.75,62.57,18.9,,30.07,15.27,95.9
2025-12-08,9.067e+04,50.22,67.09,41.92,45.55,24.83,55.17,73.02,77.17,37.19,80.97,41.92,8.52,52.58,55.82,65.28,19.66,,30,14.28,96.06
2025-12-09,9.281e+04,50.42,67.39,42.26,44.99,25.82,55.08,76.72,79.6,28.08,85.17,42.26,9.104,53.12,55.34,62.39,22.26,,29.38,13.94,96.22
2025-12-10,9.21e+04,49.27,69.87,31.78,45.02,26.54,54.71,75.34,78.68,41.92,83.55,31.78,9.538,53.67,55.55,61.33,24.52,,28.56,13.05,96.38
2025-12-11,9.262e+04,48.78,71.59,29.52,42.24,25.58,55.39,76.21,79.26,46.3,84.57,29.52,8.333,46.11,54.32,60.2,23.08,,28.08,14.25,96.54
2025-12-12,9.033e+04,47.23,66.17,30.07,42.72,26.3,55.65,72.21,76.66,35.68,80.11,30.07,9.064,48.83,53.49,59.48,24.93,,27.67,14.59,96.7
2025-12-13,9.025e+04,47.71,65.86,29.18,44.97,28.39,55.74,72.03,76.55,34.93,79.93,29.18,10.24,61.34,52.12,56.19,28.15,,28.63,14.62,96.86
2025-12-14,8.81e+04,46.28,60.26,28.36,47.64,29.28,55.96,68.25,73.94,23.15,75.68,28.36,11.11,71.32,51.92,56.23,30.89,,27.67,14.9,97.02
2025-12-15,8.635e+04,44.52,58.75,28.84,43.2,26.78,55.34,65.28,71.84,25.48,72.41,28.84,10.36,61.15,51.03,50.29,27.26,,26.3,13.49,97.18
2025-12-16,8.775e+04,44.7,62.92,26.03,40.83,26.58,53.23,67.72,73.64,35.14,75.2,26.03,10.04,56.72,49.79,46.77,27.4,,25.75,9.11,97.35
2025-12-17,8.606e+04,43.04,59.04,22.53,40.68,30.07,52.25,64.78,71.52,27.95,71.92,22.53,12.24,64.2,49.73,36.54,33.36,,26.78,6.986,97.51
2025-12-18,8.543e+04,47.81,59.13,44.18,40.98,32.71,51.74,63.69,70.73,31.37,70.72,44.18,15.46,71.49,48.49,28.48,36.51,,28.9,5.822,97.67
2025-12-19,8.817e+04,50.55,63.4,49.18,37.22,39.55,51.45,68.47,74.25,34.73,76.17,49.18,12.06,67.38,47.12,22.33,42.19,,36.92,5.068,97.83
2025-12-20,8.829e+04,51.78,63.89,45.07,44.52,42.29,51.53,68.71,74.46,35.89,76.51,45.07,23.35,89.55,47.33,17.85,45.89,,38.7,5.068,97.99
2025-12-21,8.853e+04,49.44,62.91,35.41,42.01,45.17,51.57,69.1,74.74,30.82,76.97,35.41,20.09,83.59,48.42,15.94,49.59,,40.75,5,98.15
2025-12-22,8.847e+04,49.75,63.04,36.58,40.03,47.84,51.88,68.98,74.68,31.64,76.86,36.58,18.89,82.24,46.03,12.95,56.71,,38.97,5.445,98.31
2025-12-23,8.737e+04,48.45,62.27,33.9,38.46,46.23,52.51,67.03,73.29,34.11,74.66,33.9,17.11,81.5,45,10.22,55.07,,37.4,6.541,98.47
2025-12-24,8.763e+04,48.75,64.46,33.97,38.07,43.18,53.08,67.49,73.66,41.44,75.24,33.97,16.93,83.05,43.15,9.143,56.85,,29.52,7.534,98.63
2025-12-25,8.723e+04,47.37,60.94,35,36.53,42.4,53.71,66.78,73.16,29.38,74.45,35,14.72,80.49,42.6,8.313,59.79,,25,8.63,98.79
2025-12-26,8.733e+04,48.42,63.75,38.36,34.69,40.24,54.65,67.03,73.39,39.79,74.81,38.36,10.77,78.08,42.26,7.648,57.81,,22.67,10.34,98.95
2025-12-27,8.77e+04,47.1,61.39,36.58,35.31,37.98,55.43,67.63,73.84,28.56,75.52,36.58,10.83,80.85,42.26,7.313,54.38,,21.58,11.75,99.12
2025-12-28,8.775e+04,47.76,64.26,37.19,33.04,37.29,56.3,67.72,73.93,39.73,75.66,37.19,10.45,73.6,42.12,5.993,51.71,,22.88,13.32,99.28
2025-12-29,8.713e+04,48.01,63.2,39.18,31.42,40.92,56.29,66.65,73.18,38.49,74.48,39.18,10.43,69.39,41.1,4.758,56.37,,25.48,13.15,99.44
2025-12-30,8.843e+04,46.24,60.07,32.74,32.48,43.6,56.27,68.91,74.83,19.45,77.1,32.74,14.76,70.65,40.41,4.098,61.16,,26.03,12.95,99.6
2025-12-31,8.752e+04,44.06,60.75,24.52,29.87,42.47,55.51,67.36,73.75,26.51,75.39,24.52,10.4,66.77,39.45,2.867,55.14,,29.79,11.27,99.76
2026-01-01,8.868e+04,47.1,65.22,30.27,29.13,46.06,54.84,69.37,75.2,38.63,77.7,30.27,10.39,65.46,38.22,2.455,54.79,,37.33,9.76,99.92
2026-01-02,8.994e+04,47.07,66.2,26.64,31.5,44.01,56.73,71.53,76.72,36.37,80.2,26.64,16.14,69.13,37.95,2.78,52.26,,35.75,13.63,99.84
2026-01-03,9.06e+04,48.52,68.54,29.18,31.84,43.7,57.74,72.64,77.49,42.53,81.51,29.18,18.85,67.22,38.01,3.268,52.81,,34.59,15.96,99.52
2026-01-04,9.136e+04,49.56,68.33,35.34,31.04,43.97,57.75,73.93,78.37,38.01,83.01,35.34,18.68,63.51,38.15,3.837,53.9,,34.04,16.3,99.2
2026-01-05,9.395e+04,50.74,70.17,33.22,36.66,42.77,57.88,78.36,81.23,33.01,88.08,33.22,28.26,73.91,38.08,6.362,52.33,,33.22,16.88,98.87
2026-01-06,9.357e+04,49.06,69.16,31.99,33.83,37.36,60.89,77.64,80.78,30.96,87.27,31.99,23.64,65.42,38.01,8.231,40,,34.73,23.22,98.55
2026-01-07,9.121e+04,49.7,68.27,33.9,32.16,41.88,63.05,73.49,78.08,38.97,82.52,33.9,18.88,60.99,37.88,10.91,46.64,,37.12,27.88,98.23
2026-01-08,9.11e+04,48.87,65.88,35.27,29.3,43.6,63.61,73.28,77.97,29.93,82.32,35.27,10.86,55.52,37.88,12.94,49.18,,38.01,29.32,97.91
2026-01-09,9.054e+04,49.75,66.75,42.88,26.73,40.89,63.35,72.32,77.35,36.03,81.28,42.88,9.986,50.82,37.74,8.374,43.01,,38.77,29.11,97.59
2026-01-10,9.041e+04,51.73,69.18,45.96,27.41,43.87,62.66,72.07,77.2,46.44,81.01,45.96,10.11,55.36,38.01,6.174,48.15,,39.59,28.05,97.26
2026-01-11,9.072e+04,49.75,63.63,48.15,26.09,42.23,63.01,72.6,77.58,22.67,81.67,48.15,10.1,51.86,37.95,4.464,45.48,,38.97,29.08,96.94
2026-01-12,9.114e+04,49.46,67.64,43.84,24.49,38.84,62.95,73.32,78.09,36.64,82.53,43.84,10.51,47.18,37.74,2.514,37.95,,39.73,29.28,96.62
2026-01-13,9.53e+04,50.22,72.45,35.68,26.87,41.68,60.94,80.4,82.61,36.16,90.63,35.68,17.59,49.78,37.53,2.593,44.79,,38.56,25.58,96.3
2026-01-14,9.704e+04,48.78,73.01,23.42,34.1,37.33,61.23,83.31,84.36,30.41,93.96,23.42,33.57,60.95,37.67,4.211,37.12,,37.53,26.47,95.98
2026-01-15,9.555e+04,48.62,73.23,21.16,37.53,32.26,64.08,80.66,82.77,38.56,90.92,21.16,37.48,69.42,37.81,5.421,27.12,,37.4,32.5,95.66
2026-01-16,9.549e+04,47.53,71.86,21.51,31.65,34.97,65.05,80.5,82.68,33.49,90.76,21.51,27.68,53.98,38.08,6.871,32.88,,37.05,34.76,95.33
2026-01-17,9.511e+04,47.36,73.95,18.15,32.55,31.2,66.55,79.78,82.24,43.84,89.95,18.15,29.48,53.46,38.29,8.966,26.51,,35.89,38.08,95.01
2026-01-18,9.426e+04,47.36,71.5,18.22,35.57,31.99,67.82,78.28,81.32,38.15,88.24,18.22,32.68,57.06,38.36,14.21,28.77,,35.21,40.96,94.69
2026-01-19,9.253e+04,46.95,70.51,18.56,34.62,31.27,69.46,75.25,79.39,42.6,84.79,18.56,32.7,50.07,38.29,17.42,28.29,,34.25,44.55,94.37
2026-01-20,8.824e+04,44.37,61.62,24.25,30.72,32.19,69.81,67.89,74.39,27.81,76.39,24.25,24.44,48.39,37.81,12.25,31.16,,33.22,45.58,94.05
2026-01-21,8.96e+04,45.86,64.53,30.21,26.85,34.25,67.24,70.24,76.08,32.67,79.14,30.21,17.25,44.51,37.6,8.052,36.58,,31.92,40.75,93.72
2026-01-22,8.94e+04,48.45,67.44,35.34,27.51,39.14,64.08,69.88,75.85,45.27,78.77,35.34,19.75,47.08,37.33,5.873,46.99,,31.3,34.76,93.4
2026-01-23,8.944e+04,46.68,65.05,31.51,27.69,38.8,62.53,70.33,76.34,33.97,79.57,31.51,20.7,48.61,37.26,4.18,46.16,,31.44,31.99,93.08
2026-01-24,8.919e+04,45.15,59.39,33.01,27.55,41.61,60.13,69.86,76.03,12.6,79.07,33.01,20.74,49.56,37.4,2.49,52.05,,31.16,27.5,92.76
2026-01-25,8.645e+04,43.59,56.52,31.37,29.17,39.76,57.37,65.14,72.62,14.73,73.61,31.37,24.13,52.98,37.47,2.087,47.95,,31.58,22.29,92.44
2026-01-26,8.834e+04,44.95,60.77,31.1,29.27,41.75,53.47,68.38,75.02,22.26,77.41,31.1,24.37,53.05,37.74,1.925,51.51,,31.99,14.83,92.12
2026-01-27,8.926e+04,45.47,61.81,34.25,28.4,40.24,52.75,69.94,76.14,21.92,79.24,34.25,22.39,51.96,37.33,1.923,47.95,,32.53,13.7,91.79
2026-01-28,8.918e+04,45.26,60.46,35.41,28.41,39.9,53.48,69.79,76.05,16.92,79.1,35.41,22.36,52.17,37.74,1.361,46.51,,33.29,15.48,91.47
2026-01-29,8.452e+04,44.15,55.94,44.38,22.37,38.94,53.85,61.8,70.16,21.92,69.87,44.38,10.12,40.52,37.88,0.96,44.04,,33.84,16.54,91.15
2026-01-30,8.402e+04,47.35,55.61,63.22,22.5,36.44,52.74,60.98,69.55,22.95,68.97,63.22,9.28,42.49,37.26,0.9592,38.77,,34.11,14.66,90.83
2026-01-31,7.87e+04,47.11,48.6,74.32,22.61,37.05,51.54,51.91,61.92,22.12,58.45,74.32,9.336,42.86,37.05,1.198,41.99,,32.12,12.57,90.51
2026-02-01,7.691e+04,45.11,44.33,78.08,20.82,32.74,49.01,48.87,59.14,14.38,54.94,78.08,8.978,35.88,37.05,1.357,34.93,,30.55,7.842,90.19
2026-02-02,7.872e+04,45.09,46.95,76.58,21.93,27.5,48.29,52.04,62.1,15,58.68,76.58,10.21,38.56,37.19,1.754,25.34,,29.66,6.712,89.86
2026-02-03,7.568e+04,43.54,43.93,77.6,21.3,24.14,47.65,47.01,57.46,18.36,52.9,77.6,9.366,36.64,37.53,1.673,18.77,,29.52,5.753,89.54
2026-02-04,7.31e+04,43.22,40.92,86.51,17.16,23.01,47.11,42.73,53.23,19.73,47.97,86.51,6.19,23.82,37.67,0.9554,16.23,,29.79,5,89.22
2026-02-05,6.349e+04,38.25,25,91.51,17.36,20.38,46.71,26.75,34.28,9.658,29.31,91.51,5.769,24.5,38.29,0.8751,12.26,,28.49,4.521,88.9
2026-02-06,7.065e+04,41.59,37.99,86.3,20.09,15.79,46.43,39.08,49.5,19.52,43.88,86.3,8.368,32.47,37.6,1.908,5.479,,26.1,4.281,88.58
2026-02-07,6.917e+04,41.73,37.99,86.58,22.48,13.9,45.41,36.65,46.79,27.47,41.05,86.58,9.726,39.57,38.08,2.542,1.644,,26.16,2.568,88.25
2026-02-08,7.052e+04,42.17,40.97,82.4,24.35,13.49,44.58,38.97,49.42,31.71,43.79,82.4,9.986,45.79,38.77,2.857,1.096,,25.89,1.233,87.93
2026-02-09,7.024e+04,40.43,39.59,75.68,24.79,13.6,44.44,38.58,49.01,27.4,43.36,75.68,10.79,46.15,39.04,3.172,1.233,,25.96,1.267,87.61
2026-02-10,6.869e+04,38.16,35.17,71.99,25.65,12.84,43.97,36.01,46.1,18.22,40.35,71.99,11.73,47.94,38.9,4.041,0.6849,,25,0.6507,87.29
2026-02-11,6.699e+04,38.2,33.49,76.92,24.6,11.99,43.77,33.16,42.71,21.1,37,76.92,9.809,43.32,38.63,6.651,0.5479,,23.42,0.5822,86.97
2026-02-12,6.622e+04,38.98,34.6,83.08,20.81,11.61,43.51,31.94,41.23,29.66,35.58,83.08,6.395,29.5,38.97,8.386,0.5479,,22.67,0.3767,86.65
2026-02-13,6.886e+04,39.95,36.18,88.15,17.6,12.02,43.37,36.53,46.8,20.34,41.06,88.15,3.533,18.7,39.25,8.933,1.164,,22.88,0.411,86.32
2026-02-14,6.98e+04,41.65,39.66,90.82,17.16,12.23,43.34,38.14,48.64,28.9,42.97,90.82,3.528,15.84,39.73,9.558,2.603,,21.85,0.6849,86
2026-02-15,6.863e+04,42.41,41.36,89.38,19.17,12.71,43.22,36.14,46.35,42.33,40.6,89.38,4.878,22.03,40.07,9.708,4.041,,21.37,0.7534,85.68
2026-02-16,6.875e+04,41.74,39.29,90,19.14,12.4,43,36.38,46.64,33.22,40.9,90,4.939,21.58,40.41,9.621,4.178,,20.62,0.6507,85.36
2026-02-17,6.747e+04,40.97,35.53,91.44,18.85,14.59,42.91,34.23,44.11,25.41,38.36,91.44,4.257,20.99,40.62,9.535,7.877,,21.3,0.7877,85.04
2026-02-18,6.638e+04,39.38,32.49,87.6,18.61,16.71,42.58,32.43,41.92,19.38,36.23,87.6,3.914,19.97,40.62,9.921,11.23,,22.19,0.4452,84.71
2026-02-19,6.693e+04,39.65,34.08,84.32,20.55,16.51,42.69,33.4,43.13,22.4,37.4,84.32,5.93,23.74,40.82,11.72,9.932,,23.08,0.9932,84.39
2026-02-20,6.798e+04,39.61,33.99,81.03,23.43,17.19,42.41,35.27,45.42,15.62,39.66,81.03,9.017,31.42,40.96,12.34,10,,24.38,0.7534,84.07
2026-02-21,6.802e+04,38.97,32.69,78.77,23.57,18.97,42.2,35.34,45.51,10.14,39.75,78.77,9.274,30.95,40.62,13.43,12.33,,25.62,0.6507,83.75
2026-02-22,6.755e+04,40.38,35.86,78.97,24.11,19.97,42.14,34.54,44.56,25.55,38.8,78.97,9.396,31.05,40.75,15.23,13.84,,26.1,0.8562,83.43
2026-02-23,6.469e+04,38.33,29.53,79.66,23.71,21.03,41.69,29.71,38.52,16.85,33.06,79.66,8.311,30.31,40.68,15.53,15.14,,26.92,0.274,83.11
2026-02-24,6.412e+04,38.3,30.1,78.9,24.95,18.97,41.51,28.86,37.42,22.05,32.06,78.9,9.639,30.26,40,19.91,12.05,,25.89,0.2397,82.78
2026-02-25,6.804e+04,40.33,36.04,76.92,27.5,17.95,41.45,35.59,45.88,22.53,40.13,76.92,11.36,33.98,39.59,25.06,10.68,,25.21,0.4452,82.46
2026-02-26,6.752e+04,38.41,33.77,68.97,30.12,17.6,41.34,34.71,44.84,16.44,39.08,68.97,12.82,37.83,39.86,29.97,12.05,,23.15,0.5479,82.14
2026-02-27,6.586e+04,37.51,31.24,70.75,30.38,14.55,41.66,31.93,41.43,15.82,35.77,70.75,12.67,37.78,39.25,31.82,8.219,,20.89,1.507,81.82
2026-02-28,6.697e+04,38.2,33.2,65.82,36.5,13.01,41.6,33.83,43.79,17.12,38.04,65.82,18.91,53.26,39.38,34.45,6.301,,19.73,1.712,81.5
2026-03-01,6.573e+04,37.24,31.77,60.82,40.64,11.1,41.61,31.73,41.19,18.63,35.54,60.82,26.2,59.7,39.66,37,6.575,,15.62,2.055,81.17
2026-03-02,6.892e+04,35.74,35.82,43.36,44.35,9.966,41.69,37.21,47.82,16.16,42.11,43.36,33.2,62.93,38.97,42.28,5.959,,13.97,2.534,80.85
2026-03-03,6.843e+04,34.96,34.9,38.29,47.24,9.589,41.99,36.37,46.85,15.27,41.11,38.29,37.14,71.41,39.18,41.23,5.753,,13.42,3.459,80.53
2026-03-04,7.267e+04,32.68,41.26,16.92,45.07,11.13,41.7,43.63,54.86,16.71,49.83,16.92,35.63,63.45,39.52,41.67,5.89,,16.37,3.185,80.21
2026-03-05,7.099e+04,33.35,42.74,15,46.07,12.67,42.77,40.77,51.84,31.92,46.42,15,36.64,67.22,39.86,40.54,7.123,,18.22,5.651,79.89
2026-03-06,6.823e+04,31.09,35.84,11.1,50.57,12.84,42.83,36.13,46.62,19.73,40.88,11.1,38.31,82.12,40.41,41.45,7.945,,17.74,6.096,79.57
2026-03-07,6.732e+04,29.78,33.16,6.575,53.14,13.08,42.74,34.58,44.78,14.25,39.02,6.575,43.14,87.5,40.89,41.03,8.836,,17.33,6.233,79.24
2026-03-08,6.62e+04,29.32,31.51,12.05,48.97,12.26,42.49,32.68,42.45,14.18,36.74,12.05,39,75.45,40.68,40.76,6.438,,18.08,6.062,78.92
2026-03-09,6.853e+04,30.48,35.69,11.03,49.38,11.16,42.3,36.68,47.28,17.26,41.56,11.03,41.05,73.56,40.41,42.51,5.068,,17.26,5.993,78.6
2026-03-10,6.989e+04,31.37,37.96,10.41,50.77,10.96,42.08,39.01,49.96,18.49,44.37,10.41,43.63,73.46,41.51,44.5,4.863,,17.05,5.89,78.28
2026-03-11,7.03e+04,31.78,38.83,12.33,50.95,8.733,42.21,39.8,50.87,19.32,45.35,12.33,43.44,72.4,41.85,46.09,2.74,,14.73,6.473,77.96
2026-03-12,7.054e+04,30.35,38.2,9.932,49.62,5.856,41.87,40.23,51.35,15.34,45.88,9.932,41.81,68.35,41.1,47.21,1.233,,10.48,6.096,77.63
2026-03-13,7.093e+04,30.77,38.28,6.918,54.15,6.815,41.34,40.9,52.09,13.42,46.69,6.918,45.55,76.84,41.71,52.51,1.438,,12.19,5.377,77.31
2026-03-14,7.114e+04,32.28,39.11,7.123,60.21,6.37,41.65,41.26,52.49,15.55,47.14,7.123,48.76,91.97,42.4,57.73,1.027,,11.71,6.301,76.99
2026-03-15,7.271e+04,33.76,41.28,6.781,62.45,8.664,41.69,43.94,55.33,15.48,50.37,6.781,48.17,95.79,42.67,63.17,1.164,,16.16,6.712,76.67
2026-03-16,7.472e+04,34.92,44.37,6.164,63.14,8.938,41.89,47.34,58.75,16.92,54.46,6.164,50.72,97.29,42.74,61.81,2.671,,15.21,7.432,76.35
2026-03-17,7.409e+04,34.96,43.63,6.781,64.21,8.527,42.11,46.25,57.67,17.47,53.15,6.781,53.12,96.07,42.95,64.69,2.397,,14.66,8.185,76.03
2026-03-18,7.125e+04,33.81,40.53,6.164,62.55,10.92,42.39,41.45,52.72,20.55,47.4,6.164,50.85,95.26,43.08,61.02,3.425,,18.42,9.075,75.7
2026-03-19,6.995e+04,33.14,37.9,5.548,62.13,13.97,42.5,39.25,50.32,17.26,44.76,5.548,51.17,95.68,43.15,58.51,5.137,,22.81,9.623,75.38
2026-03-20,7.051e+04,33.62,38.88,6.781,60.69,15.34,42.17,40.22,51.41,17.95,45.95,6.781,52.14,96.9,43.01,50.69,5.205,,25.48,9.281,75.06
2026-03-21,6.971e+04,33.1,38.05,6.233,59.04,17.02,41.77,38.85,49.89,19.18,44.3,6.233,53.76,96.09,42.19,44.12,6.027,,28.01,8.801,74.74
2026-03-22,6.802e+04,32.16,37.73,4.521,56.49,17.4,41.47,35.92,46.5,27.74,40.75,4.521,53.3,91.92,43.42,37.33,5.685,,29.11,8.527,74.42
2026-03-23,7.073e+04,33.87,42.22,5.274,55.91,18.46,40.88,40.55,51.77,30.21,46.34,5.274,54.26,92.88,43.36,33.15,4.11,,32.81,7.671,74.09
2026-03-24,7.061e+04,32.48,38.2,5.89,53.7,21.06,40.35,40.42,51.65,14.52,46.21,5.89,53.81,90.87,43.22,26.92,5.479,,36.64,6.918,73.77
2026-03-25,7.128e+04,33.85,42.32,4.658,54.44,22.05,39.11,41.58,52.93,27.12,47.63,4.658,56.19,93.97,43.77,23.83,8.014,,36.1,4.76,73.45
2026-03-26,6.872e+04,31.75,39.58,5.342,50.45,19.73,37.76,37.24,48.1,30.55,42.41,5.342,51.09,87.95,43.7,19.07,8.562,,30.89,2.397,73.13
2026-03-27,6.621e+04,28.38,33.74,6.301,45.24,16.61,37.72,33.04,43.08,21.51,37.35,6.301,44.6,76.47,43.42,16.45,7.055,,26.16,2.637,72.81
2026-03-28,6.635e+04,29.03,36.8,8.63,42.62,14.28,37.58,33.3,43.41,32.81,37.67,8.63,43,70.89,43.42,13.15,5.137,,23.42,2.671,72.49
2026-03-29,6.597e+04,27.05,32.73,7.329,42.17,13.08,37.37,32.65,42.61,18.77,36.9,7.329,43.46,71.2,43.7,10.31,6.301,,19.86,2.568,72.16
2026-03-30,6.665e+04,26.93,33.07,9.178,39.58,12.57,37.22,33.88,44.16,15.82,38.4,9.178,43.92,61.65,43.9,8.855,7.397,,17.74,2.603,71.84
2026-03-31,6.821e+04,27.36,35.66,9.384,38.66,10.45,37.08,36.54,47.35,17.12,41.63,9.384,44.76,58.38,44.25,7.246,5.205,,15.68,2.637,71.52
2026-04-01,6.812e+04,27.28,38.41,9.521,35.6,7.705,36.56,36.38,47.17,28.63,41.44,9.521,37.93,50.2,45.34,8.918,4.11,,11.3,1.918,71.2
2026-04-02,6.691e+04,25.93,34.65,10.68,34.65,7.226,36.52,34.36,44.77,20.48,39.01,10.68,35.84,46.15,45.55,11.04,3.425,,11.03,2.158,70.88
2026-04-03,6.689e+04,27.65,33.23,23.22,32.88,7.877,36.2,34.35,44.76,14.79,39,23.22,28.41,42.91,45.27,14.92,4.726,,11.03,1.849,70.56
2026-04-04,6.73e+04,28.54,32.88,25,35.2,9.281,35.99,35.04,45.6,11.03,39.84,25,31.93,44.84,45.62,18.4,8.219,,10.34,1.747,70.23
2026-04-05,6.892e+04,31.7,39.62,26.16,37.48,10,36,37.78,48.83,28.7,43.17,26.16,36.98,46.1,45.34,21.5,9.521,,10.48,2.089,69.91
2026-04-06,6.874e+04,31.34,35.9,26.3,40.97,11.37,36.18,37.49,48.5,14.79,42.82,26.3,42.64,46.44,44.73,30.07,11.92,,10.82,2.774,69.59
2026-04-07,7.206e+04,34.3,42.32,26.44,42.63,13.8,36.04,43.11,54.69,21.85,49.63,26.44,40.43,48.88,44.66,36.57,16.51,,11.1,2.808,69.27
2026-04-08,7.109e+04,34.17,41.93,25.68,41.51,15.75,36.9,41.45,52.93,25.68,47.63,25.68,37.34,44.21,45.75,38.74,20.75,,10.75,4.863,68.95
2026-04-09,7.179e+04,34.79,42.53,25.75,42.36,17.16,37.07,42.65,54.21,24.18,49.08,25.75,39.19,42.97,46.23,41.06,23.36,,10.96,5.514,68.62
2026-04-10,7.295e+04,35.76,42.27,27.67,45.52,17.12,37.58,44.59,56.24,16.78,51.44,27.67,40.53,45.14,46.3,50.11,23.9,,10.34,6.849,68.3
2026-04-11,7.312e+04,36.41,42.3,31.99,48.14,11.99,37.79,44.86,56.52,16.03,51.77,31.99,40.1,45.35,47.05,60.06,14.11,,9.863,7.603,67.98
2026-04-12,7.069e+04,36.97,42.21,37.19,47.73,9.486,37.94,40.71,52.13,29.25,46.74,37.19,37.66,39.4,47.12,66.74,9.452,,9.521,8.219,67.66
2026-04-13,7.463e+04,36.96,47.84,29.86,46.52,7.74,37.76,47.4,59.06,30.07,54.84,29.86,33.46,34.64,47.74,70.24,6.507,,8.973,8.185,67.34
2026-04-14,7.417e+04,37.21,49.35,25.62,50.34,6.404,37.86,46.62,58.3,38.56,53.91,25.62,39.7,37.86,46.58,77.21,4.11,,8.699,8.699,67.02
2026-04-15,7.476e+04,34.25,45.17,19.25,50.25,5,37.92,47.62,59.29,18.63,55.13,19.25,39.52,36.11,46.71,78.66,1.575,,8.425,9.144,66.69
2026-04-16,7.51e+04,35.08,49.32,17.81,48.83,4.589,38.05,48.17,59.83,33.49,55.8,17.81,36.72,33.2,45.68,79.73,1.027,,8.151,9.726,66.37
2026-04-17,7.711e+04,36.56,50.83,19.18,52.39,4.315,38.06,51.57,63.05,28.77,59.92,19.18,46.31,40.96,45.55,76.73,0.8904,,7.74,10.07,66.05
2026-04-18,7.579e+04,36.77,50.63,19.59,53.06,4.486,38.48,49.31,60.93,35.07,57.19,19.59,47.12,41.56,46.37,77.2,1.027,,7.945,11.23,65.73
2026-04-19,7.391e+04,36.34,48.3,20.96,53.42,4.349,39.12,46.1,57.81,35.96,53.31,20.96,47.57,41.25,46.92,77.97,0.7534,,7.945,12.84,65.41
2026-04-20,7.581e+04,35.75,47.35,18.22,53.57,4.007,42.18,49.36,61,21.78,57.27,18.22,49,42.1,46.03,77.16,0.5479,,7.466,19.28,65.08
2026-04-21,7.611e+04,36.81,48.37,21.03,53.88,3.836,43.22,49.84,61.47,24.32,57.87,21.03,49.32,42.82,48.08,75.3,0.5479,,7.123,21.68,64.76
2026-04-22,7.832e+04,37.44,51.35,17.53,54.65,3.767,44.62,53.63,64.97,24.32,62.49,17.53,51.62,42.89,48.7,75.39,0.9589,,6.575,24.79,64.44
2026-04-23,7.823e+04,37.2,50.12,15.14,57.07,3.596,46.84,53.47,64.83,19.86,62.31,15.14,55.03,47.1,48.63,77.51,0.7534,,6.438,29.55,64.12
2026-04-24,7.744e+04,39.32,53,19.79,57.35,3.459,48.27,52.26,63.81,35,60.93,19.79,55.09,44.46,48.42,81.42,0.6164,,6.301,32.74,63.8
2026-04-25,7.762e+04,38.4,51.8,15.48,59.18,3.356,48.35,52.56,64.08,29.25,61.3,15.48,57,50.84,48.36,80.54,0.6849,,6.027,33.22,63.48
2026-04-26,7.854e+04,39.95,54.81,14.93,61.72,3.801,48.63,54.09,65.46,36.51,63.17,14.93,58.54,58.48,48.56,81.3,1.644,,5.959,34.11,63.15
2026-04-27,7.726e+04,38.81,50.86,17.53,59.97,3.767,49.43,51.9,63.49,27.53,60.51,17.53,56.49,58.41,48.84,76.16,1.438,,6.096,36.03,62.83
2026-04-28,7.63e+04,38.02,49.46,18.77,56.88,4.384,49.25,50.26,61.98,27.05,58.53,18.77,55.43,57.05,48.7,66.32,2.466,,6.301,35.99,62.51
2026-04-29,7.58e+04,36.23,47.35,16.92,53.39,4.76,48.8,49.45,61.22,21.16,57.56,16.92,52.77,55.06,49.18,56.57,2.671,,6.849,35.41,62.19
2026-04-30,7.63e+04,36.26,49.76,17.95,48.77,5,47.47,50.32,62.06,28.01,58.64,17.95,51.35,52.17,49.86,41.69,3.082,,6.918,33.08,61.87
2026-05-01,7.813e+04,39.04,55.3,18.56,52.62,5.308,46.49,53.38,64.88,40.55,62.37,18.56,59.66,65.39,51.1,34.35,3.562,,7.055,31.44,61.54
2026-05-02,7.871e+04,38.14,52.97,17.81,52.43,5.788,46.86,54.35,65.75,28.22,63.56,17.81,59.58,67.98,51.99,30.16,3.973,,7.603,32.5,61.22
2026-05-03,7.865e+04,39.1,55.48,17.53,52.56,5.993,47.63,54.22,65.63,38.7,63.39,17.53,59.57,73.5,51.78,25.37,4.11,,7.877,34.35,60.9
2026-05-04,7.983e+04,39.55,56.8,15.27,54.26,7.055,47.02,56.11,67.25,38.15,65.66,15.27,64.22,76.08,51.85,24.91,6.164,,7.945,33.46,60.58
2026-05-05,8.094e+04,40.11,58.6,13.22,56.25,6.13,47.92,57.95,68.81,39.73,67.89,13.22,68.79,76.75,52.19,27.27,4.521,,7.74,35.58,60.26
2026-05-06,8.136e+04,39.45,57.99,13.49,54.02,5.274,48.63,58.64,69.39,35.21,68.73,13.49,64.3,67.64,53.63,30.51,2.877,,7.671,37.33,59.94
2026-05-07,7.999e+04,38.65,55.96,11.16,55.23,5.24,50,56.29,67.41,34.25,65.89,11.16,63.49,68.82,55.07,33.53,2.534,,7.945,40.38,59.61
2026-05-08,8.018e+04,39.15,57.04,10.96,55.52,5.548,50.6,56.6,67.68,37.6,66.27,10.96,63.17,71.27,54.73,32.91,2.877,,8.219,41.92,59.29
2026-05-09,8.066e+04,39.65,60.26,11.3,51.87,5.959,50.31,57.4,68.37,48.01,67.25,11.3,59.44,64.35,51.99,31.7,3.493,,8.425,41.64,58.97
2026-05-10,8.226e+04,39.67,60.46,12.26,50.36,6.473,50.13,60.07,70.59,40.68,70.51,12.26,57.66,60.35,51.23,32.2,4.315,,8.63,41.61,58.65
2026-05-11,8.171e+04,40.59,61.04,14.59,50.74,7.5,50.34,59.12,69.81,45.89,69.36,14.59,57.96,60.91,52.05,32.03,6.164,,8.836,42.36,58.33
2026-05-12,8.053e+04,38.91,55.41,15.41,50.2,9.212,50.13,57.09,68.12,29.52,66.89,15.41,55.83,60.71,52.88,31.41,8.973,,9.452,42.26,58
2026-05-13,7.929e+04,39.13,54.27,18.22,48.13,12.57,49.78,54.99,66.32,31.44,64.35,18.22,51.52,60.13,52.6,28.29,15.34,,9.795,41.88,57.68
2026-05-14,8.118e+04,41.26,58.98,20.62,45.95,16.16,48.77,58.17,69.05,40.48,68.23,20.62,47.58,54.9,52.26,29.08,22.6,,9.726,40.17,57.36
2026-05-15,7.906e+04,40.11,54.99,25.07,42.45,16.37,49.02,54.6,65.99,35.48,63.89,25.07,44.26,51.07,51.03,23.45,23.56,,9.178,40.99,57.04
2026-05-16,7.816e+04,40.18,54.37,26.16,42.45,17.47,48.14,53.07,64.63,37.74,62.04,26.16,44.2,51.25,51.85,22.48,25.89,,9.041,39.55,56.72
2026-05-17,7.75e+04,37.58,51.53,25.48,36.38,16.88,46.4,51.93,63.6,29.93,60.66,25.48,35.83,38.05,52.19,19.44,24.32,,9.452,36.4,56.4
2026-05-18,7.698e+04,37.05,50.7,29.73,31.67,16.68,45.23,51.06,62.81,29.32,59.61,29.73,26.87,32.5,51.44,15.89,23.7,,9.658,34.38,56.07
2026-05-19,7.681e+04,36.18,50.85,28.08,28.79,17.88,43.3,50.8,62.59,30.68,59.33,28.08,22.26,29.71,51.71,11.47,25.96,,9.795,30.86,55.75
2026-05-20,7.741e+04,37.89,53.43,34.79,26.14,18.9,41.67,51.82,63.55,37.74,60.59,34.79,17.91,26.31,50.48,9.846,28.01,,9.795,27.91,55.43
2026-05-21,7.76e+04,36.85,49.81,36.85,24.94,19.73,40.94,52.14,63.85,22.26,60.99,36.85,16.57,25.78,50.07,7.342,28.49,,10.96,26.78,55.11
2026-05-22,7.557e+04,37.85,51.13,40.55,22.97,22.09,39.31,48.75,60.69,38.22,56.88,40.55,12.71,21.52,51.51,6.163,32.53,,11.64,23.84,54.79
2026-05-23,7.662e+04,39.26,53.66,44.11,22.02,22.6,38.67,50.52,62.38,42.67,59.05,44.11,12.22,19.38,51.85,4.619,33.36,,11.85,22.88,54.47
2026-05-24,7.695e+04,37.54,49.34,41.44,21.25,26.13,38.2,51.07,62.91,23.63,59.74,41.44,11.96,19.35,49.93,3.736,40.27,,11.99,22.26,54.14
2026-05-25,7.724e+04,40.67,54.65,47.74,21.04,26.37,38.33,51.56,63.36,43.36,60.34,47.74,12.01,18.84,49.86,3.441,40.07,,12.67,22.84,53.82
2026-05-26,7.582e+04,38.77,48.79,48.42,19.77,27.33,39.52,49.16,61.12,27.47,57.42,48.42,10.38,15.84,49.66,3.219,41.03,,13.63,25.55,53.5
2026-05-27,7.427e+04,37.03,46.44,41.85,18.91,31.4,39.12,46.58,58.6,26.3,54.28,41.85,9.356,14.83,48.9,2.558,46.99,,15.82,25.07,53.18
2026-05-28,7.35e+04,39.28,48.72,46.44,18.47,36.47,37.76,45.37,57.42,39.25,52.84,46.44,8.81,14.69,48.77,1.607,55.48,,17.47,22.67,52.86
2026-05-29,7.332e+04,38.14,45.08,45.07,18.35,40.07,36.61,45.13,57.21,25.41,52.59,45.07,8.918,15.78,47.33,1.387,62.33,,17.81,20.68,52.53
2026-05-30,7.373e+04,38.24,46.05,43.49,18.32,41.27,35.66,45.83,57.93,26.99,53.46,43.49,8.789,16.63,46.71,1.167,63.42,,19.11,19.11,52.21
2026-05-31,7.36e+04,38.57,46.27,47.05,16.25,40.75,36.05,45.6,57.71,28.56,53.19,47.05,6.287,10.7,46.92,1.093,61.78,,19.73,20.21,51.89
2026-06-01,7.133e+04,38.19,41.3,53.97,15.12,42.36,35.65,41.83,53.77,21.03,48.58,53.97,4.502,9.705,45.41,0.874,64.52,,20.21,19.73,51.57
2026-06-02,6.654e+04,37.56,31.54,68.42,14.35,43.53,34.36,33.98,44.75,8.425,38.99,68.42,2.959,8.344,45.07,1.019,66.58,,20.48,17.47,51.25
2026-06-03,6.423e+04,36.72,27.68,75.21,12.15,42.23,32.29,30.27,40.03,5.959,34.46,75.21,0.4728,4.289,42.74,1.091,64.66,,19.79,13.66,50.93
2026-06-04,6.364e+04,37.72,29.81,81.85,11.03,37.84,30.37,29.36,38.85,17.67,33.36,81.85,0.1181,1.469,41.23,1.308,56.23,,19.45,10.14,50.6
2026-06-05,6.091e+04,34.27,24.66,78.84,11.06,31.4,29.52,24.89,32.56,13.36,27.85,78.84,0.1179,1.956,39.32,2.832,42.47,,20.34,8.767,50.28
2026-06-06,6.077e+04,33.84,23.49,80.68,11.47,28.66,28.92,24.69,32.27,9.384,27.6,80.68,0.2356,3.236,38.49,3.919,36.44,,20.89,7.877,49.96
2026-06-07,6.316e+04,35.09,27.15,82.95,11.76,25.48,28.23,28.7,37.99,9.315,32.58,82.95,0.4706,3.78,37.88,4.931,29.38,,21.58,6.815,49.64
2026-06-08,6.311e+04,34.95,27.98,82.74,12.18,23.18,26.99,28.65,37.94,12.81,32.53,82.74,0.3525,4.629,37.05,6.667,24.93,,21.44,4.658,49.32
2026-06-09,6.164e+04,34.06,25.31,85.41,12.67,19.93,25.92,26.22,34.53,10.96,29.53,85.41,0.2347,5.231,37.19,8.038,17.95,,21.92,2.842,48.99
2026-06-10,6.144e+04,33.44,25.24,84.38,12.76,17.47,25.57,25.95,34.15,11.64,29.2,84.38,0.2345,4.496,35.89,10.42,11.78,,23.15,2.466,48.67
2026-06-11,6.348e+04,34.7,29.41,82.67,13.2,17.91,25.43,29.44,39.05,15.62,33.55,82.67,0.3513,5.704,35.41,11.35,12.26,,23.56,2.5,48.35
2026-06-12,6.348e+04,34.59,30.66,79.11,14.06,17.98,25.28,29.45,39.08,20.55,33.57,79.11,1.754,8.848,35,10.62,12.95,,23.01,2.534,48.03
2026-06-13,6.442e+04,34.51,30.16,79.52,14.3,17.77,25.26,31.05,41.21,12.81,35.56,79.52,1.402,9.685,34.86,11.26,14.11,,21.44,2.808,47.71
2026-06-14,6.562e+04,35.76,34.24,79.25,14.93,15.92,25.54,33.05,43.8,22.05,38.05,79.25,2.217,11.73,34.93,10.82,11.3,,20.55,3.699,47.39
2026-06-15,6.622e+04,35.66,35.81,77.19,14.61,14.32,26.15,34.1,45.13,24.66,39.37,77.19,2.098,11.59,34.73,10.02,9.932,,18.7,5.24,47.06
2026-06-16,6.564e+04,35.64,36.63,75.55,14.97,13.6,26.71,33.14,43.92,31.3,38.17,75.55,2.328,13.63,34.93,9.006,9.041,,18.15,6.678,46.74
2026-06-17,6.44e+04,32.2,30.79,68.36,17.09,10.92,26.93,31.07,41.26,15.21,35.61,68.36,4.186,19.76,35.14,9.287,7.877,,13.97,7.432,46.42
2026-06-18,6.284e+04,32.63,31.85,68.22,17.55,10.99,26.82,28.47,37.78,28.77,32.39,68.22,4.762,22.14,34.52,8.777,8.014,,13.97,7.534,46.1
2026-06-19,6.331e+04,31.25,30.88,62.88,17.8,10.89,26.72,29.29,38.91,21.92,33.42,62.88,4.988,23.92,34.52,7.764,9.795,,11.99,7.671,45.78
2026-06-20,6.422e+04,31.96,33.04,62.19,17.94,11.13,26.97,30.83,40.97,25,35.34,62.19,5.214,25.93,34.59,6.034,10.62,,11.64,8.493,45.45
2026-06-21,6.337e+04,27.43,29.28,44.04,18.63,12.95,27.07,29.34,38.96,15.34,33.46,44.04,5.671,29.02,34.66,5.169,15.21,,10.68,9.007,45.13
2026-06-22,6.392e+04,29.24,32.62,45.82,18.7,14.86,26.89,30.29,40.25,25.27,34.66,45.82,5.549,29.94,35.14,4.161,19.59,,10.14,8.973,44.81
2026-06-23,6.259e+04,27.98,32.68,40.07,18.39,14.52,26.71,28.1,37.27,33.42,31.94,40.07,5.196,29.19,35,4.158,21.37,,7.671,8.938,44.49
2026-06-24,6.091e+04,26.5,27.03,43.29,16.92,15.86,26.21,25.31,33.3,21.03,28.47,43.29,3.922,26.28,34.11,3.367,25.62,,6.096,8.253,44.17
2026-06-25,5.986e+04,25.98,27.03,42.74,16.51,13.9,25.9,23.65,30.84,27.19,26.42,42.74,2.535,26.25,34.38,2.863,22.53,,5.274,7.945,43.85
2026-06-26,5.996e+04,25.42,25.51,39.79,17.67,16.2,25.65,23.91,31.25,20.14,26.75,39.79,3.452,30.87,34.66,1.717,25.89,,6.507,7.774,43.52
2026-06-27,5.996e+04,24.5,27,31.3,18.32,17.43,25.08,23.9,31.24,26.1,26.75,31.3,4.598,33.93,33.7,1.072,26.3,,8.562,6.952,43.2
2026-06-28,5.952e+04,22.57,22.53,28.29,18.49,19.04,24.74,23.18,30.14,10.96,25.84,28.29,5.052,34.84,33.36,0.7143,27.05,,11.03,6.61,42.88
2026-06-29,6.018e+04,22.82,23.4,27.81,17.71,20.68,24.22,24.37,31.96,9.932,27.34,27.81,4.243,33.02,32.95,0.6424,29.45,,11.92,5.89,42.56
2026-06-30,5.853e+04,22.95,22.6,25.82,18.06,25.89,23.84,21.71,27.88,16.78,24.02,25.82,3.207,36.54,32.05,0.428,35.21,,16.58,5.445,42.24
2026-07-01,6.007e+04,24.22,24.87,23.7,19.48,30.38,23.18,24.33,31.93,15.89,27.32,23.7,4.348,41.23,31.64,0.7128,39.11,,21.64,4.452,41.91
2026-07-02,6.144e+04,25.49,26.24,18.56,23.21,37.29,23.57,26.66,35.37,12.67,30.25,18.56,7.429,53.14,31.44,0.8547,49.79,,24.79,5.548,41.59
2026-07-03,6.256e+04,27.73,30.26,18.36,26.34,38.94,23.62,28.55,38.03,21.85,32.62,18.36,9.475,63.24,31.23,1.423,53.01,,24.86,5.959,41.27
2026-07-04,6.309e+04,26.9,31.61,17.19,28.02,29.44,23.76,29.43,39.25,24.04,33.73,17.19,9.35,68.71,31.03,2.987,60.96,2.222,25.14,6.575,40.95
2026-07-05,6.362e+04,27.54,29.71,20.27,30.36,30.94,23.77,30.32,40.45,13.22,34.84,20.27,10.48,75.94,30.96,4.051,66.23,1.099,25.48,6.918,40.63
2026-07-06,6.406e+04,27.61,29.43,19.11,31.16,32.16,24.26,31.07,41.44,9.452,35.78,19.11,11.95,75.85,31.78,5.043,67.26,3.261,25.96,8.219,40.31
2026-07-07,6.346e+04,28.06,30.83,17.6,31.27,33.37,24.92,30.07,40.11,18.63,34.53,17.6,12.27,75.18,31.16,6.458,68.7,5.376,26.03,9.863,39.98
2026-07-08,6.221e+04,27.41,27.81,18.56,31.33,33.97,26.03,27.99,37.27,14.04,31.93,18.56,12.37,75.56,29.93,7.447,68.29,7.447,26.16,12.4,39.66
2026-07-09,6.319e+04,27.43,28.83,17.67,31.62,32.21,26.49,29.64,39.55,12.12,34.01,17.67,12.24,76.41,29.32,8.505,68.01,2.105,26.51,13.63,39.34
2026-07-10,6.412e+04,28.5,30.99,16.03,33.5,33.86,26.7,31.25,41.72,14.93,36.04,16.03,13.7,81.48,29.45,9.348,68.7,6.25,26.64,14.38,39.02
2026-07-11,6.389e+04,28.64,31.67,15.55,33.47,33.69,27,30.87,41.22,19.04,35.56,15.55,14.03,79.74,30,10.12,64.73,9.278,27.05,15.31,38.7
2026-07-12,6.375e+04,28.48,31.94,17.05,31.47,32.49,27.27,30.63,40.9,20.96,35.27,17.05,13.56,71.7,29.73,10.89,61.99,8.163,27.33,16.16,38.37
2026-07-13,6.213e+04,28.77,29.5,20.75,29.39,37.73,27.62,28.05,37.41,20.48,32.06,20.75,11.06,67.76,28.97,9.753,59.11,26.26,27.81,17.19,38.05
2026-07-14,6.493e+04,29.74,35.84,21.92,27.96,30.29,26.74,32.8,43.8,28.7,38.05,21.92,12.18,65.81,24.25,9.605,56.78,6,28.08,15.75,37.73
2026-07-15,6.477e+04,30.13,33.47,24.25,29.49,32.9,27.28,32.53,43.45,20.21,37.71,24.25,12.95,69.58,25.14,10.3,61.3,8.911,28.49,17.16,37.41
2026-07-16,6.378e+04,28.75,29.82,23.36,28.89,34.18,27.38,30.9,41.33,11.37,35.67,23.36,13.84,70.78,21.3,9.661,60.82,12.75,28.97,17.67,37.09
2026-07-17,6.392e+04,28.06,30.54,21.44,27.23,32.59,27.49,31.14,41.65,13.42,35.97,21.44,14.83,65.12,19.45,9.514,56.51,12.62,28.63,18.22,36.77
2026-07-18,6.478e+04,29.78,37.64,19.79,27.24,29.87,27.16,32.59,43.54,36.64,37.8,19.79,15.15,63.88,19.66,10.28,55.55,4.808,29.25,17.88,36.44
2026-07-19,6.465e+04,30.52,37.33,21.58,27.72,32.47,27.27,32.37,43.26,36.16,37.53,21.58,15.19,62.76,23.01,9.923,51.71,16.19,29.52,18.42,36.12
2026-07-20,6.518e+04,29.56,35.18,18.08,28.41,34.92,27.16,33.24,44.38,24.45,38.63,18.08,15.68,64.43,21.71,11.81,51.92,23.58,29.25,18.53,35.8
2026-07-21,6.64e+04,32.42,36.23,24.66,28.12,42.78,27.62,35.27,46.91,21.58,41.17,24.66,16.22,65.28,19.04,11.95,51.03,47.66,29.66,19.76,35.48
2026-07-22,6.598e+04,29.09,32.9,23.01,29.91,27.31,28.97,34.57,46.05,10.68,40.29,23.01,17.54,68.55,20.62,12.92,43.15,9.259,29.52,22.77,35.16
2026-07-23,6.509e+04,29.36,33.36,24.04,29.86,26.1,29.88,33.08,44.18,17.74,38.42,24.04,16.63,68.59,20.27,13.96,39.38,10.09,28.84,24.93,34.84
2026-07-24,6.41e+04,31.15,34.76,22.74,32.78,32.63,29.88,31.43,42.05,29.18,36.36,22.74,18.62,76.59,23.49,12.41,41.1,27.27,29.52,25.24,34.51
2026-07-25,6.433e+04,30.87,32.67,21.44,35.75,33.31,29.99,31.78,42.5,19.59,36.79,21.44,24.05,86.41,23.29,9.25,40.62,29.73,29.59,25.79,34.19
2026-07-26,6.533e+04,30.45,35.66,18.01,37.23,26.42,29.57,33.46,44.66,25.62,38.9,18.01,29.37,87.57,23.08,8.894,42.26,7.143,29.86,25.27,33.87
2026-07-27,6.372e+04,29.39,31.63,20.14,36.26,27.2,29.57,30.78,41.18,19.04,35.53,20.14,29.11,85.75,22.12,8.048,42.74,7.965,30.89,25.58,33.55
2026-07-28,6.373e+04,29.1,30.42,19.93,34.45,30.67,29.78,30.8,41.21,14.11,35.56,19.93,28.86,83.93,18.22,6.783,40.14,21.05,30.82,26.34,33.23
2026-07-29,6.39e+04,29.82,32.64,20.55,36.24,27.39,29.26,31.1,41.61,21.92,35.94,20.55,32.71,87.96,19.18,5.101,46.78,4.348,31.03,25.62,32.9
2026-07-30,6.483e+04,33.27,36.2,26.16,38.62,31.89,28.59,32.65,43.64,30.62,37.9,26.16,39.31,93.36,16.78,5.028,57.47,6.897,31.3,24.59,32.58
2026-07-31,6.288e+04,33.29,33.23,26.92,37.68,39.71,27.88,29.41,39.35,30.34,33.82,26.92,39.71,91.99,13.9,5.094,60.48,27.35,31.3,23.49,32.26
2026-08-01,6.275e+04,32.66,34.24,27.19,34.71,36.84,27.73,29.28,39.2,34.79,33.68,27.19,35.91,84,13.42,5.509,59.45,19.49,31.58,23.53,31.94
2026-08-02,6.345e+04,32.64,32.23,32.33,33.22,36.49,27.78,30.45,40.79,22.53,35.16,32.33,35.93,80.14,11.64,5.157,62.19,15.97,31.3,23.94,31.62
2026-08-03,6.346e+04,32.96,33.26,32.19,34.16,35.49,27.22,30.52,40.89,26.37,35.26,32.19,39.14,82.21,9.863,5.432,62.4,13.33,30.75,23.15,31.3
2026-08-04,6.416e+04,30.72,33.13,21.99,34.38,34.81,26.29,31.71,42.48,21.58,36.77,21.99,41.41,80.75,8.767,6.611,64.32,9.091,31.03,21.61,30.97
2026-08-05,6.461e+04,30.6,34.23,23.49,33.7,30.7,25.72,32.49,43.51,23.15,37.77,23.49,41.14,77.36,8.562,7.719,57.05,4.098,30.96,20.79,30.65
2026-08-06,6.421e+04,30.56,31.71,25.41,34.48,33.18,25.06,31.82,42.64,15.48,36.92,25.41,43.08,78.64,8.425,7.783,50.82,17.07,31.64,19.79,30.33
2026-08-07,6.487e+04,32.68,37.76,23.29,36.79,32.53,25.67,32.94,44.09,35.68,38.34,23.29,45.12,80.48,11.92,9.653,43.08,22.58,31.92,21.34,30.01
2026-08-08,6.491e+04,32.31,35.09,24.73,36.96,33.76,26.23,32.99,44.16,24.79,38.41,24.73,46.05,82.09,9.795,9.924,46.1,23.2,31.99,22.77,29.69
2026-08-09,6.486e+04,33.35,35.03,27.67,35.77,38.06,26.87,32.92,44.08,24.79,38.33,27.67,45.24,77.01,9.178,11.65,44.73,38.1,31.37,24.38,29.36
2026-08-10,6.391e+04,33.64,32.64,33.15,34.93,39.24,27.18,31.33,42.01,20.89,36.32,33.15,43.76,75.34,9.041,11.57,45.62,40.94,31.16,25.31,29.04
2026-08-11,6.355e+04,33.81,30.78,37.19,34.59,39.36,27.79,30.74,41.24,15.55,35.58,37.19,43.93,76.72,7.466,10.25,43.22,43.75,31.1,26.85,28.72
2026-08-12,6.336e+04,34.76,31.98,32.12,38.51,44.54,27.64,30.46,40.87,21.37,35.23,32.12,48.47,85.33,10.75,9.481,55.48,45.74,32.4,26.88,28.4
2026-08-13,6.34e+04,34.48,33.03,33.7,36.09,41.2,27.81,30.53,40.97,25.27,35.33,33.7,44.38,79.48,10.75,9.751,58.36,32.31,32.95,27.53,28.08
2026-08-14,6.292e+04,36.99,32.74,34.25,33.66,61.24,27.66,29.76,39.92,26.92,34.35,34.25,41.83,76.01,8.973,7.809,60.34,90.08,33.29,27.57,27.76
2026-08-15,6.303e+04,36.71,32.26,39.11,32.56,55.36,27.81,29.94,40.18,24.32,34.59,39.11,40.37,73.9,8.767,7.182,60.96,71.21,33.9,28.18,27.43
2026-08-16,6.282e+04,38.19,34.81,43.97,31.31,54.33,27.99,29.6,39.72,35.75,34.16,43.97,39.13,70.79,8.767,6.556,56.16,72.18,34.66,28.87,27.11
2026-08-17,6.443e+04,37.4,37.41,43.97,33.12,40.66,27.93,32.32,43.34,36.37,37.61,43.97,43.43,72.5,9.384,7.172,55.96,29.1,36.92,29.08,26.79
2026-08-18,6.47e+04,37.34,36.44,36.3,34.75,49.91,28.95,32.78,43.95,30.82,38.2,36.3,45.88,74.78,10.89,7.443,56.44,55.56,37.74,31.44,26.47
2026-08-19,6.927e+04,37.35,39.95,37.33,36.79,36.95,29.99,40.43,53.17,18.29,47.9,37.33,49.62,75.59,12.67,9.298,49.79,23.53,37.53,33.84,26.15
2026-08-20,7.307e+04,37.06,47.27,25.48,38.36,30.72,31.42,46.73,59.87,26.64,55.85,25.48,52.38,77.52,12.47,11.08,55.21,0.7299,36.23,37.02,25.82
2026-08-21,7.836e+04,41.73,57.78,25.55,41.36,31.15,34.5,55.46,68.07,40.75,66.82,25.55,54.59,78.99,16.51,15.34,58.08,0.7246,34.66,43.49,25.5
2026-08-22,7.702e+04,43.4,56.93,28.9,44.02,33.22,39.1,53.16,66,44.66,63.91,28.9,57.02,83.37,17.19,18.49,63.22,1.439,35,53.01,25.18
2026-08-23,7.759e+04,44.06,56.44,26.85,46.15,36.32,42.57,54.1,66.84,39.73,65.09,26.85,59.87,83.5,17.95,23.28,69.59,1.429,37.95,60.27,24.86
2026-08-24,7.889e+04,44.8,59.08,22.95,46.5,37.02,46.82,56.14,68.61,43.97,67.6,22.95,62.82,78.73,17.88,26.56,72.47,0.7092,37.88,69.11,24.54
2026-08-25,7.86e+04,45.83,58.51,26.03,47.91,37.48,49.44,55.58,68.1,43.49,66.87,26.03,65.23,76.86,19.04,30.52,74.79,1.408,36.23,74.66,24.22
2026-08-26,7.896e+04,46.63,60.37,22.74,50.93,37.33,51.69,56.11,68.54,49.32,67.5,22.74,67.53,80.22,21.58,34.41,75.96,0.6993,35.34,79.49,23.89
2026-08-27,8.03e+04,47.8,61.43,22.81,54.79,36.62,52.9,58.29,70.41,46.78,70.24,22.81,69.82,84.13,25.41,39.79,73.77,0.6944,35.41,82.23,23.57
2026-08-28,7.772e+04,46.12,55.77,24.93,53.36,37.72,52.88,53.93,66.59,37.81,64.73,24.93,68.03,78.16,26.44,40.82,74.38,1.379,37.4,82.5,23.25
2026-08-29,7.824e+04,45.58,58.33,20.14,51.34,37.63,52.27,54.8,67.38,45.27,65.84,20.14,65.49,70.54,25.96,43.36,74.32,1.37,37.19,81.61,22.93
2026-08-30,7.769e+04,45.92,59.84,18.49,52.62,36.64,52.54,53.86,66.54,54.32,64.66,18.49,68.2,72.57,26.1,43.63,73.08,2.721,34.11,82.47,22.61
2026-08-31,7.853e+04,45.73,59.66,18.15,54.37,35.25,50.54,55.23,67.75,49.32,66.36,18.15,70.48,77.9,26.64,42.47,72.6,0.6757,32.47,78.8,22.28
2026-09-01,7.741e+04,43.92,56.52,16.37,52.63,35.9,49.56,53.32,66.04,42.74,63.97,16.37,68.06,74.94,28.15,39.38,71.92,2.013,33.77,77.16,21.96
2026-09-02,7.719e+04,43.45,55.56,16.44,51.15,37.14,49.13,52.94,65.69,40.14,63.48,16.44,67.24,72.22,28.9,36.23,71.58,8,31.85,76.61,21.64
2026-09-03,8.124e+04,47.71,65.22,20.14,53.05,36.13,48.25,59.65,71.52,57.81,71.92,20.14,72.17,75.99,30.55,33.49,71.99,5.298,31.1,75.17,21.32
2026-09-04,7.968e+04,45.53,60.01,19.86,53.57,33.5,48.19,57.01,69.29,45.14,68.59,19.86,71.57,75.25,31.51,35.96,70.89,1.316,28.29,75.38,21
2026-09-05,7.982e+04,45.19,60.99,20,52.58,29.76,48.63,57.2,69.45,48.49,68.82,20,70.43,72.09,31.78,36.03,62.74,0.6536,25.89,76.58,20.68
2026-09-06,8.032e+04,45.92,64.65,20.14,51.6,26.95,49.03,58,70.13,60.62,69.83,20.14,68.76,68.61,31.58,37.47,55.41,0.6494,24.79,77.71,20.35
2026-09-07,7.907e+04,43.4,58.55,20.41,51.3,23.47,50.43,55.9,68.32,42.81,67.18,20.41,68.74,67.54,31.51,37.4,43.22,3.226,23.97,80.82,20.03
2026-09-08,7.845e+04,42.43,56.84,16.99,52.07,24.66,50.25,54.83,67.38,39.32,65.84,16.99,68.29,67.8,31.99,40.21,42.67,7.692,23.63,80.79,19.71
2026-09-09,7.821e+04,43.19,60.47,14.11,53.41,23.09,50.57,54.41,67.01,55.14,65.31,14.11,68.43,70.57,32.12,42.53,42.12,2.548,24.59,81.75,19.39
2026-09-10,7.668e+04,40.09,54.24,10.07,50.44,26.04,51.04,51.82,64.64,38.42,62.05,10.07,65.71,65.9,32.05,38.08,40.21,12.03,25.89,83.01,19.07
2026-09-11,7.718e+04,40.43,58.72,9.658,48.46,23.2,47.76,52.65,65.42,53.7,63.11,9.658,66.38,61.14,32.12,34.18,36.78,4.403,28.42,76.78,18.74
2026-09-12,7.725e+04,40.74,58.35,8.562,49.91,26.62,46.27,52.76,65.52,51.85,63.25,8.562,67.69,67.72,32.12,32.12,43.84,4.375,31.64,74.11,18.42
2026-09-13,7.676e+04,40.49,56.48,7.534,49.9,31.6,44.94,51.93,64.75,47.05,62.2,7.534,68.04,70.81,32.12,28.63,48.56,9.938,36.3,71.78,18.1
2026-09-14,7.828e+04,41.56,58.96,6.438,50.88,33.91,43.74,54.44,67.05,48.97,65.38,6.438,69.97,73.34,31.58,28.63,56.37,5.556,39.79,69.69,17.78
2026-09-15,7.565e+04,41.23,56.58,8.63,47.8,38.54,43.56,50.06,63,53.42,59.86,8.63,64.53,70.11,31.78,24.79,54.93,15.34,45.34,69.66,17.46
2026-09-16,7.608e+04,38.68,53.57,8.767,42.77,36.4,41.67,50.78,63.69,39.04,60.78,8.767,60.04,57.55,31.44,22.05,50.14,10.37,48.7,66.2,17.14
2026-09-17,7.639e+04,39.55,55.04,11.03,41.72,38.78,39.25,51.29,64.19,43.22,61.44,11.03,59.77,56.29,31.37,19.45,51.85,13.33,51.16,61.68,16.81
2026-09-18,8.094e+04,43.19,63.56,13.22,40.52,41.94,39.07,58.83,70.86,53.63,70.91,13.22,58.45,53.41,31.37,18.84,57.67,17.47,50.68,61.64,16.49
2026-09-19,8.126e+04,43.61,60.29,21.99,36.81,45.09,39.87,59.32,71.27,39.04,71.53,21.99,51.36,46.21,31.78,17.88,62.53,20.96,51.78,63.56,16.17
2026-09-20,8.119e+04,44.69,64.4,21.78,35.25,44.33,40.94,59.19,71.16,55.89,71.37,21.78,49.32,40.65,31.78,19.25,65.68,17.86,49.45,66.03,15.85
2026-09-21,8.651e+04,47.21,71.88,17.88,39.75,42,42.28,67.89,77.92,59.45,82.24,17.88,59.94,47.84,31.92,19.32,65.75,18.34,41.92,69.04,15.53
2026-09-22,8.621e+04,45.42,69.39,12.4,43.4,37.82,43.03,67.2,77.34,51.78,81.25,12.4,66.35,50.81,33.77,22.67,65.96,19.41,28.08,70.86,15.21
2026-09-23,8.443e+04,43.56,64.97,11.99,43.27,35.47,44.48,64.2,75.06,43.15,77.48,11.99,66.39,49.03,32.33,25.34,63.01,22.22,21.16,74.08,14.88
2026-09-24,8.439e+04,42.52,66.79,9.178,42.51,26.97,47.59,64.08,74.97,50.75,77.34,9.178,64.34,45.21,31.03,29.45,56.99,11.05,12.88,80.62,14.56
2026-09-25,8.406e+04,41.27,64.97,7.877,42.7,22.85,49.89,63.49,74.5,45.34,76.57,7.877,63.54,42.04,33.7,31.51,44.59,10.4,13.56,85.55,14.24
2026-09-26,8.439e+04,41.87,69.32,8.288,41.19,17.92,50.26,64,74.9,61.16,77.22,8.288,61.6,37.27,33.01,32.88,33.7,6.897,13.15,86.61,13.92
2026-09-27,8.439e+04,40.85,67.76,5.89,43.26,15.47,49.86,63.99,74.9,54.93,77.21,5.89,63.2,40.99,35.34,33.49,25.62,6.286,14.52,86.13,13.6
2026-09-28,8.352e+04,42.18,70.08,5.89,43.87,17.51,50.78,62.46,73.68,68.9,75.26,5.89,63.24,43.94,37.19,31.1,20.55,13.64,18.36,88.29,13.27
2026-09-29,8.367e+04,41.67,69.2,6.644,43.48,16.67,49.28,62.66,73.83,64.79,75.51,6.644,64.11,41.86,37.67,30.27,18.63,7.345,24.04,85.62,12.95
2026-09-30,8.358e+04,39.92,65.53,5.616,40.5,19.01,49.11,62.48,73.69,50.68,75.28,5.616,60.93,36.68,37.53,26.85,21.85,4.494,30.68,85.58,12.63
2026-10-01,8.478e+04,41.81,66.54,4.863,42.35,27.42,49.65,64.42,75.2,48.84,77.7,4.863,63.87,41.88,37.12,26.51,27.05,10.06,45.14,86.99,12.31
2026-10-02,8.452e+04,42.09,66.94,4.384,42.26,29.06,49.76,63.92,74.79,51.99,77.05,4.384,63.08,41.84,38.08,26.03,30.82,,46.3,87.53,11.99
2026-10-03,,41.23,66.94,4.384,38.52,29.47,48.04,,,,,,56.2,31.98,38.84,27.05,32.19,,46.16,84.42,11.67
