date,PriceUSD,CapMrktCurUSD,CapMVRVCur,IssTotUSD,FlowInExNtv,FlowOutExNtv,SplyCur,SplyExNtv
2010-07-18,0.08584,295959.152,146.0383322,738.224,,,3447800,
2010-07-19,0.0808,279285.2,62.56512971,702.96,,,3456500,
2010-07-20,0.07473572881,259000.405,45.10663005,676.3583458,,,3465550,
2010-07-21,0.07919286265,275266.4713,38.35756046,819.6461285,,,3475900,
2010-07-22,0.05846976037,203749.574,25.1323482,514.5338913,,,3484700,
2010-07-23,0.06059286967,211735.7238,23.1909876,587.7508358,,,3494400,
2010-07-24,0.05454,191099.979,17.07191365,515.403,,,3503850,
2010-07-25,0.05054061835,177670.4898,14.29480012,583.744142,,,3515400,
2010-07-26,0.056,197542.8,12.57111018,680.4,,,3527550,
2010-07-27,0.05862201636,207278.6566,12.41061061,486.5627358,,,3535850,
2010-07-28,0.05891109877,208769.1518,11.86773641,468.3432352,,,3543800,
2010-07-29,0.0699,248340.72,13.54121185,629.1,,,3552800,
2010-07-30,0.06465738165,230303.1277,12.03290217,588.382173,,,3561900,
2010-07-31,0.06754579895,241276.9711,12.05286591,685.5898593,,,3572050,
2010-08-01,0.0611,218982.4,10.44892297,730.145,,,3584000,
2010-08-02,0.06,215766,9.9762043,726,,,3596100,
2010-08-03,0.06001215079,216490.8334,9.60461264,681.1379115,,,3607450,
2010-08-04,0.05701578025,206374.3182,8.82883787,692.74173,,,3619600,
2010-08-05,0.061,221460.5,9.19506028,664.9,,,3630500,
2010-08-06,0.06167131502,224350.9933,9.02581206,453.2841654,,,3637850,
2010-08-07,0.05900394506,215104.7821,8.42875731,457.2805742,,,3645600,
2010-08-08,0.0609,222622.995,8.47702357,605.955,,,3655550,
2010-08-09,0.0704,258019.52,9.28085443,668.8,,,3665050,
2010-08-10,0.06933872881,254792.0929,8.88387323,662.1848602,,,3674600,
2010-08-11,0.067,246978.75,8.33793184,780.55,,,3686250,
2010-08-12,0.07,258797,8.49787609,759.5,,,3697100,
2010-08-13,0.0645,239156.325,7.56762836,693.375,,,3707850,
2010-08-14,0.06699643366,249354.0265,7.65189676,941.299893,,,3721900,
2010-08-15,0.0651179322,243036.4025,7.26649664,673.9705983,,,3732250,
2010-08-16,0.0655,244943.8,7.13837504,481.425,,,3739600,
2010-08-17,0.07,262223.5,7.50985867,451.5,,,3746050,
2010-08-18,0.068,255183.6,7.14796434,452.2,,,3752700,
2010-08-19,0.0667,250755.315,6.93168437,450.225,,,3759450,
2010-08-20,0.0655,246876.05,6.69412905,632.075,,,3769100,
2010-08-21,0.0664,250842.6,6.61775626,574.36,,,3777750,
2010-08-22,0.0659289889,249762.0851,6.41568722,698.8472823,,,3788350,
2010-08-23,0.06491,246593.09,6.22495622,691.2915,,,3799000,
2010-08-24,0.065,247633.75,6.13247009,698.75,,,3809750,
2010-08-25,0.0648,247571.64,6.02386076,699.84,,,3820550,
2010-08-26,0.06407511397,245474.9654,5.87469011,672.7886967,,,3831050,
2010-08-27,0.065,249574,5.87209239,555.75,,,3839600,
2010-08-28,0.0646,248587.26,5.77497614,549.1,,,3848100,
2010-08-29,0.064,246796.8,5.66272908,518.4,,,3856200,
2010-08-30,0.06497,251021.3405,5.69050244,484.0265,,,3863650,
2010-08-31,0.06,232371,5.19159819,552,,,3872850,
2010-09-01,0.06202482759,240699.7484,5.31891315,486.8948966,,,3880700,
2010-09-02,0.0634,246530.9,5.38522542,494.52,,,3888500,
2010-09-03,0.06085,237114.195,5.12179597,498.97,,,3896700,
2010-09-04,0.06217827586,242852.8009,5.18235949,562.7133966,,,3905750,
2010-09-05,0.06165,241298.1,5.06897347,508.6125,,,3914000,
2010-09-06,0.0616,241589.04,5.03207272,486.64,,,3921900,
2010-09-07,0.06123911806,240663.6101,4.94816313,489.9129445,,,3929900,
2010-09-08,0.061,240227.15,4.88836125,503.25,,,3938150,
2010-09-09,0.06111497078,241092.4482,4.79545778,412.5260527,,,3944900,
2010-09-10,0.06101152425,241224.314,4.74669508,539.9519897,,,3953750,
2010-09-11,0.06362086499,252049.9619,4.91061134,508.9669199,,,3961750,
2010-09-12,0.0615,244191.9,4.69699949,544.275,,,3970600,
2010-09-13,0.06218,247423.547,4.70641545,531.639,,,3979150,
2010-09-14,0.06199,247296.707,4.64512859,629.1985,,,3989300,
2010-09-15,0.0604,241464.1,4.45428881,510.38,,,3997750,
2010-09-16,0.0619,248138.53,4.47633904,677.805,,,4008700,
2010-09-17,0.06000052601,241148.1141,4.19274776,624.0054705,,,4019100,
2010-09-18,0.061,245887.95,4.22048014,722.85,,,4030950,
2010-09-19,0.0627,253395.78,4.29534109,655.215,,,4041400,
2010-09-20,0.06210173583,251608.2878,4.22043399,630.3326186,,,4051550,
2010-09-21,0.06265,254368.3975,4.22602175,538.79,,,4060150,
2010-09-22,0.06188187025,251788.0478,4.14162414,538.3722712,,,4068850,
2010-09-23,0.06215351257,253620.5157,4.11497371,727.196097,,,4080550,
2010-09-24,0.0622,254519.29,4.07954667,709.08,,,4091950,
2010-09-25,0.06202,254424.646,4.03278411,641.907,,,4102300,
2010-09-26,0.062,254978.1,4.00070639,635.5,,,4112550,
2010-09-27,0.06220044185,256514.6222,3.91751164,712.1950591,,,4124000,
2010-09-28,0.06190389772,255947.8555,3.70318762,656.1813158,,,4134600,
2010-09-29,0.06191,256480.748,3.67369778,507.662,,,4142800,
2010-09-30,0.0619,256891.19,3.58697479,451.87,,,4150100,
2010-10-01,0.06197331385,257672.6443,3.57218676,477.1945167,,,4157800,
2010-10-02,0.0614,255595.92,3.26607208,307,,,4162800,
2010-10-03,0.0610648685,254573.3303,3.2380791,372.4956978,,,4168900,
2010-10-04,0.06129447691,255999.4476,3.23417646,468.9027484,,,4176550,
2010-10-05,0.0614,256826.99,3.17003606,386.82,,,4182850,
2010-10-06,0.06281,263261.834,3.22421336,537.0255,,,4191400,
2010-10-07,0.067,281359.8,3.40312006,536,,,4199400,
2010-10-08,0.08445310812,355302.6712,4.14833833,650.2889326,,,4207100,
2010-10-09,0.0938,395367,4.40766563,741.02,,,4215000,
2010-10-10,0.09714620105,410335.8386,4.45879954,864.6011894,,,4223900,
2010-10-11,0.095,402025.75,4.28117529,755.25,,,4231850,
2010-10-12,0.0949,402338.04,4.2360293,735.475,,,4239600,
2010-10-13,0.1048655891,445510.9689,4.55044647,922.8171843,,,4248400,
2010-10-14,0.102,434382.3,4.35844526,1045.5,,,4258650,
2010-10-15,0.105,448087.5,4.34353862,929.25,,,4267500,
2010-10-16,0.101,432320.4,4.06985428,1302.9,,,4280400,
2010-10-17,0.102,437977.8,4.06277933,1377,,,4293900,
2010-10-18,0.1024,440970.24,4.02994877,1274.88,,,4306350,
2010-10-19,0.09754489188,421311.0197,3.80761656,1248.574616,,,4319150,
2010-10-20,0.099,428902.65,3.8186494,1306.8,,,4332350,
2010-10-21,0.107,464556.55,4.00919854,995.1,,,4341650,
2010-10-22,0.1025,445808.375,3.82096178,789.25,,,4349350,
2010-10-23,0.1045564243,455667.3528,3.85485171,914.8687127,,,4358100,
2010-10-24,0.11501,502403.9335,4.14384219,1178.8525,,,4368350,
2010-10-25,0.1391185529,609130.5838,4.88883386,1412.053312,,,4378500,
2010-10-26,0.151,662973.05,5.14523738,1819.55,,,4390550,
2010-10-27,0.1877,826105.24,6.05058402,1999.005,,,4401200,
2010-10-28,0.1731,763743.165,5.2615273,1895.445,,,4412150,
2010-10-29,0.19,840427,5.63366942,2118.5,,,4423300,
2010-10-30,0.1976105435,876580.6101,5.72124637,2489.892849,,,4435900,
2010-10-31,0.1925,855633.625,5.43761091,1722.875,,,4444850,
2010-11-01,0.1945250614,866356.2658,5.41406405,1721.546793,,,4453700,
2010-11-02,0.1938,864832.5,5.28311477,1705.44,,,4462500,
2010-11-03,0.1931,863543.2,5.18370173,1834.45,,,4472000,
2010-11-04,0.2292751607,1027622.734,5.7153824,2304.215365,,,4482050,
2010-11-05,0.2591124138,1164192.075,6.25148898,2837.280931,,,4493000,
2010-11-06,0.4009823027,1805984.193,8.19405221,4370.7071,,,4503900,
2010-11-07,0.34,1535423,6.73312638,4097,,,4515950,
2010-11-08,0.2431846289,1101553.413,4.59520726,3343.788647,,,4529700,
2010-11-09,0.2172726943,986537.5322,4.06257605,2357.408733,,,4540550,
2010-11-10,0.2295497312,1044611.962,4.25825739,2329.929771,,,4550700,
2010-11-11,0.2231,1017704.115,4.10381259,2442.945,,,4561650,
2010-11-12,0.2682,1225700.82,4.88620474,2266.29,,,4570100,
2010-11-13,0.276,1264425,4.93212505,3077.4,,,4581250,
2010-11-14,0.27904,1281923.712,4.88743661,3571.712,,,4594050,
2010-11-15,0.2684645558,1236024.238,4.51276218,2684.645558,,,4604050,
2010-11-16,0.225,1038127.5,3.76028119,2216.25,,,4613900,
2010-11-17,0.2419393337,1119271.843,4.00641517,2987.950771,,,4626250,
2010-11-18,0.2690577908,1248185.997,4.39720823,3457.392611,,,4639100,
2010-11-19,0.27829,1293102.314,4.48312449,2087.175,,,4646600,
2010-11-20,0.2830159649,1316703.475,4.49841005,1641.492597,,,4652400,
2010-11-21,0.27675,1289488.95,4.36944711,1937.25,,,4659400,
2010-11-22,0.285,1330251.75,4.46021601,2322.75,,,4667550,
2010-11-23,0.28295,1322663.923,4.38599831,1980.65,,,4674550,
2010-11-24,0.2829057364,1324960.726,4.33600482,2503.715767,,,4683400,
2010-11-25,0.28,1313886,4.23185505,2534,,,4692450,
2010-11-26,0.2844,1337291.46,4.23141948,2758.68,,,4702150,
2010-11-27,0.283,1333255.45,4.17587813,2547,,,4711150,
2010-11-28,0.2713586791,1280745.126,3.97931625,2333.684641,,,4719750,
2010-11-29,0.2305594565,1090592.341,3.37289742,2409.34632,,,4730200,
2010-11-30,0.2082,986930.46,3.0371558,2102.82,,,4740300,
2010-12-01,0.2275,1080556.75,3.31113157,2138.5,,,4749700,
2010-12-02,0.255,1213570.5,3.6445754,2397,,,4759100,
2010-12-03,0.2510600836,1197192.562,3.57134671,2372.51779,,,4768550,
2010-12-04,0.205000526,979902.5143,2.90733946,2347.256023,,,4780000,
2010-12-05,0.2028500175,972047.1415,2.86401711,2424.05771,,,4791950,
2010-12-06,0.204,980016,2.83306957,2458.2,,,4804000,
2010-12-07,0.2334203857,1124140.907,3.1967626,2789.37361,,,4815950,
2010-12-08,0.2388,1152890.58,3.24906898,2841.72,,,4827850,
2010-12-09,0.1999916943,967759.8089,2.71091675,2229.907392,,,4839000,
2010-12-10,0.204,988655.4,2.7619015,1499.4,,,4846350,
2010-12-11,0.228,1106962.8,3.07070131,1995,,,4855100,
2010-12-12,0.2198536119,1069291.02,2.94969685,1879.748382,,,4863650,
2010-12-13,0.2276052367,1108596.826,3.03156879,1604.616919,,,4870700,
2010-12-14,0.24669,1203662.183,3.26966627,2109.1995,,,4879250,
2010-12-15,0.24,1173372,3.15229808,2352,,,4889050,
2010-12-16,0.24996,1224229.092,3.26455554,2162.154,,,4897700,
2010-12-17,0.2426558153,1190469.43,3.15712017,2014.043267,,,4906000,
2010-12-18,0.241,1184286.05,3.11960091,1940.05,,,4914050,
2010-12-19,0.2401,1182072.325,3.09706546,2208.92,,,4923250,
2010-12-20,0.267,1316630.4,3.39996207,2122.65,,,4931200,
2010-12-21,0.2414360023,1192935.288,3.01272532,2366.072823,,,4941000,
2010-12-22,0.25,1237212.5,3.10757151,1962.5,,,4948850,
2010-12-23,0.249970128,1238876.951,3.09503865,1812.283428,,,4956100,
2010-12-24,0.248,1230948,3.05891168,1835.2,,,4963500,
2010-12-25,0.2499,1242477.81,3.06790542,2099.16,,,4971900,
2010-12-26,0.2649621274,1319286.177,3.23677185,1920.975424,,,4979150,
2010-12-27,0.2647853887,1320603.887,3.21872427,2197.718726,,,4987450,
2010-12-28,0.281,1403847.9,3.39360976,2374.45,,,4995900,
2010-12-29,0.3,1501245,3.55514947,2475,,,5004150,
2010-12-30,0.3,1503780,3.53000117,2535,,,5012600,
2010-12-31,0.3,1506210,3.51255257,2430,,,5020700,
2011-01-01,0.3,1508925,3.49431915,2715,,,5029750,
2011-01-02,0.29997,1511398.845,3.46374621,2624.7375,,,5038500,
2011-01-03,0.295,1488658.5,3.38619201,2301,,,5046300,
2011-01-04,0.29895,1510698.982,3.41744847,2107.5975,,,5053350,
2011-01-05,0.2989163022,1512830.351,3.39994438,2301.655527,,,5061050,
2011-01-06,0.298,1510293.8,3.37409013,2100.9,,,5068100,
2011-01-07,0.32,1624416,3.59662517,2624,,,5076300,
2011-01-08,0.3229,1641881.92,3.60311438,2744.65,,,5084800,
2011-01-09,0.323,1645022.85,3.58303029,2632.45,,,5092950,
2011-01-10,0.32659,1665951.92,3.56790627,2645.379,,,5101050,
2011-01-11,0.32659,1668760.593,3.47434474,2808.674,,,5109650,
2011-01-12,0.3187996213,1631616.462,3.37613389,2661.976838,,,5118000,
2011-01-13,0.3176,1628462.24,3.31520101,2985.44,,,5127400,
2011-01-14,0.3999900058,2054528.666,4.10741466,3619.909553,,,5136450,
2011-01-15,0.386,1985699.8,3.93479597,3030.1,,,5144300,
2011-01-16,0.38679,1993128.87,3.89072744,3365.073,,,5153000,
2011-01-17,0.3495,1804136.475,3.48443916,3162.975,,,5162050,
2011-01-18,0.31299,1617876.609,3.11008305,2206.5795,,,5169100,
2011-01-19,0.31299,1620521.374,3.07260733,2644.7655,,,5177550,
2011-01-20,0.39,2022871.5,3.78751517,3627,,,5186850,
2011-01-21,0.41991,2181663.4,4.03324208,3653.217,,,5195550,
2011-01-22,0.4400355289,2289856.885,4.1752733,3630.293114,,,5203800,
2011-01-23,0.4424,2305921.52,4.11467439,3760.4,,,5212300,
2011-01-24,0.4199,2192591.83,3.8538566,3947.06,,,5221700,
2011-01-25,0.41,2144095,3.73958941,3198,,,5229500,
2011-01-26,0.4150851297,2174423.452,3.28267628,3735.766168,,,5238500,
2011-01-27,0.4212,2209825.8,3.29852211,3369.6,,,5246500,
2011-01-28,0.4444840444,2335496.963,3.44964227,3511.423951,,,5254400,
2011-01-29,0.439,2310215.55,3.35970677,3533.95,,,5262450,
2011-01-30,0.4771420339,2514657.804,3.62408311,3721.707864,,,5270250,
2011-01-31,0.5251368703,2772066.254,3.88967746,4463.663397,,,5278750,
2011-02-01,0.7075101169,3740570.612,5.02344554,5801.582959,,,5286950,
2011-02-02,0.7254348217,3841068.566,4.95514811,5730.935092,,,5294850,
2011-02-03,0.6938983676,3679638.959,4.68663449,5551.186941,,,5302850,
2011-02-04,0.8109589714,4308260.083,5.36029838,7866.302022,,,5312550,
2011-02-05,0.9116714775,4851459.768,5.79068626,8159.459724,,,5321500,
2011-02-06,0.898,4786654.3,5.59155797,7947.3,,,5330350,
2011-02-07,0.88942137,4749954.826,5.25293615,9027.626905,,,5340500,
2011-02-08,0.918,4910290.2,5.35492291,7711.2,,,5348900,
2011-02-09,1.016050245,5444505.24,5.69602563,9754.082357,,,5358500,
2011-02-10,0.9796529632,5258581.176,5.38116292,9110.772558,,,5367800,
2011-02-11,1.054069454,5667836.859,5.62034798,9802.845918,,,5377100,
2011-02-12,1.078703284,5810866.721,5.66318761,10571.29218,,,5386900,
2011-02-13,1.05,5666640,5.42738984,10395,,,5396800,
2011-02-14,1.070012624,5785130.254,5.31812686,10486.12372,,,5406600,
2011-02-15,1.05,5688742.5,5.15817185,11812.5,,,5417850,
2011-02-16,1.031687629,5601496.397,5.01369832,11967.57649,,,5429450,
2011-02-17,1.039923198,5658222.118,5.00090272,12011.11293,,,5441000,
2011-02-18,0.8989559147,4900748.064,4.27713788,9528.932695,,,5451600,
2011-02-19,0.9440281169,5154063.108,4.46173899,7599.426341,,,5459650,
2011-02-20,0.865,4731160.75,4.04564986,8563.5,,,5469550,
2011-02-21,0.8357474284,4579269.097,3.8865163,8106.750056,,,5479250,
2011-02-22,0.8770417797,4814783.962,4.03903963,9252.790775,,,5489800,
2011-02-23,0.9,4951755,4.11116115,10935,,,5501950,
2011-02-24,0.9890952659,5452189.834,4.46075117,10237.136,,,5512300,
2011-02-25,0.9146520018,5052126.064,4.09708361,10289.83502,,,5523550,
2011-02-26,0.958,5304781.3,4.20136279,13220.4,,,5537350,
2011-02-27,0.8950331146,4967031.021,3.85737612,10919.404,,,5549550,
2011-02-28,0.8602209234,4780290.683,3.66264324,6451.656926,,,5557050,
2011-03-01,0.9210968919,5124568.613,3.45556491,5987.129797,,,5563550,
2011-03-02,0.9399,5237075.805,3.49629585,7895.16,,,5571950,
2011-03-03,0.9390733834,5241203.321,3.4729141,8733.382466,,,5581250,
2011-03-04,0.9011,5039221.53,3.31231304,9957.155,,,5592300,
2011-03-05,0.9078406067,5089490.617,3.30711769,12573.5924,,,5606150,
2011-03-06,0.8847709731,4972280.153,3.2074455,12121.36233,,,5619850,
2011-03-07,0.8775838644,4941148.19,3.17308684,9258.509769,,,5630400,
2011-03-08,0.8660715915,4884427.258,3.11400943,8097.76938,,,5639750,
2011-03-09,0.86,4857065,3.08389438,6880,,,5647750,
2011-03-10,0.9206703098,5204779.429,3.286687,5063.686704,,,5653250,
2011-03-11,0.88,4980580,3.13277134,5720,,,5659750,
2011-03-12,0.9178155132,5201031.059,3.23180751,6424.708592,,,5666750,
2011-03-13,0.89249,5062738.774,3.12541924,5221.0665,,,5672600,
2011-03-14,0.8939249229,5075884.497,3.09976092,5005.979568,,,5678200,
2011-03-15,0.87224,4957637.712,3.0094772,4884.544,,,5683800,
2011-03-16,0.8512116657,4843905.105,2.90524469,5788.239327,,,5690600,
2011-03-17,0.82542,4702954.263,2.80330055,5819.211,,,5697650,
2011-03-18,0.8019592081,4574094.637,2.72116816,4811.755248,,,5703650,
2011-03-19,0.765,4367691,2.5915635,4398.75,,,5709400,
2011-03-20,0.7415,4238599.375,2.50871253,5079.275,,,5716250,
2011-03-21,0.75897,4344078.64,2.56031946,5616.378,,,5723650,
2011-03-22,0.8091302928,4635992.926,2.71742347,4814.325242,,,5729600,
2011-03-23,0.84971,4875168.639,2.8434557,6670.2235,,,5737450,
2011-03-24,0.8723743659,5011834.351,2.88481841,6630.045181,,,5745050,
2011-03-25,0.88377,5084947.449,2.91145917,7644.6105,,,5753700,
2011-03-26,0.8552,4926465.12,2.79254753,5900.88,,,5760600,
2011-03-27,0.822,4741090.5,2.67675364,5877.3,,,5767750,
2011-03-28,0.7947405003,4590540.341,2.58237,6675.820202,,,5776150,
2011-03-29,0.7925099416,4584115.255,2.56999182,6458.956024,,,5784300,
2011-03-30,0.7897063121,4574057.93,2.55673793,6159.709234,,,5792100,
2011-03-31,0.78461,4552424.912,2.53409399,7885.3305,,,5802150,
2011-04-01,0.77411,4498314.504,2.49434063,6812.168,,,5810950,
2011-04-02,0.78199,4551142.701,2.51639313,7037.91,,,5819950,
2011-04-03,0.779,4540557.3,2.50130518,6816.25,,,5828700,
2011-04-04,0.68,3969568,2.1702087,6052,,,5837600,
2011-04-05,0.7156918346,4184864.864,2.2785139,6942.210796,,,5847300,
2011-04-06,0.74,4332478,2.35209347,5476,,,5854700,
2011-04-07,0.7538,4418813.29,2.39124558,5540.43,,,5862050,
2011-04-08,0.74999,4402703.797,2.37382641,6224.917,,,5870350,
2011-04-09,0.7340605172,4314917.829,2.31988599,5725.672034,,,5878150,
2011-04-10,0.7331568206,4315947.571,2.31383197,6341.806498,,,5886800,
2011-04-11,0.7701139334,4539783.132,2.42399078,6276.428557,,,5894950,
2011-04-12,0.8613816078,5084821.769,2.6961135,7020.260104,,,5903100,
2011-04-13,0.9303200584,5500796.442,2.89135449,9024.104567,,,5912800,
2011-04-14,0.9986297662,5912687.12,3.07319764,7989.03813,,,5920800,
2011-04-15,0.9836731368,5830820.885,2.99333242,6688.97733,,,5927600,
2011-04-16,1.046632858,6213074.303,3.15615233,9053.374222,,,5936250,
2011-04-17,1.098122098,6528610.403,3.27386129,9883.098881,,,5945250,
2011-04-18,1.149433312,6842174.202,3.37473832,8505.806505,,,5952650,
2011-04-19,1.185162221,7063981.643,3.42498343,9125.749101,,,5960350,
2011-04-20,1.142125985,6815693.921,3.28485981,8223.307091,,,5967550,
2011-04-21,1.207338872,7213729.026,3.43905824,8873.940709,,,5974900,
2011-04-22,1.404505082,8404137.058,3.90431563,12359.64472,,,5983700,
2011-04-23,1.828852301,10959031.64,4.86099744,15728.12979,,,5992300,
2011-04-24,1.63198422,9792558.112,4.27543628,13219.07218,140,0,6000400,140
2011-04-25,1.564483635,9402546.648,4.06113168,15019.0429,0,0,6010000,140
2011-04-26,1.77084089,10660019.45,4.51459705,17265.69868,0,0,6019750,140
2011-04-27,1.903175959,11474057.54,4.76744161,17414.06002,0,0,6028900,140
2011-04-28,2.285744466,13799267.91,5.53562475,18743.10462,0,0,6037100,140
2011-04-29,2.85060509,17237894.04,5.27956549,28506.0509,0,0,6047100,140
2011-04-30,3.5,21197925,5.74340681,33075,0,0,6056550,140
2011-05-01,3.094227553,18768037.23,4.96719361,27693.3366,0,0,6065500,140
2011-05-02,3.2,19441120,5.05486151,31520,0,0,6075350,140
2011-05-03,3.360585704,20449668.09,5.13349205,32933.7399,0,0,6085150,140
2011-05-04,3.408673047,20775862.22,4.84337805,33575.42952,0,0,6095000,140
2011-05-05,3.343736684,20416689.01,4.67664599,36613.91669,0,0,6105950,140
2011-05-06,3.455075584,21134179.09,4.63603126,37660.32387,0,0,6116850,140
2011-05-07,3.641262978,22312020.96,4.80792811,38961.51386,0,0,6127550,140
2011-05-08,3.848668377,23625050.83,4.92348609,42142.91873,10,0,6138500,150
2011-05-09,3.804089582,23396862.77,4.77598264,45458.87051,41,0,6150450,191
2011-05-10,5.651667002,34812008.07,6.2849561,51712.75307,22.826,0,6159600,213.826
2011-05-11,5.439751044,33558640.15,5.77375573,51949.62247,55.14,12.91,6169150,256.056
2011-05-12,6.334878694,39134346.62,6.23619574,53529.72497,1.37,0,6177600,257.426
2011-05-13,8.139034867,50363940.81,6.81610339,84239.01088,26.31,49.9,6187950,233.836
2011-05-14,7.007243829,43445262.1,5.71115111,84787.65034,17.39,9.22,6200050,242.006
2011-05-15,6.924924845,43011054.46,5.38878812,76174.17329,21.01,121.95,6211050,141.066
2011-05-16,7.885140745,49072384.91,5.64948105,97381.4882,3.27,4.28,6223400,140.056
2011-05-17,7.257199541,45257710.56,5.05909092,93255.0141,41.51,10.51,6236249.99,171.056
2011-05-18,6.763163362,42274167,4.61026723,97389.55242,71.98,57.06,6250649.99,185.976
2011-05-19,6.890143632,43126786.95,4.62646251,58910.72806,46.97,54.98,6259199.99,177.966
2011-05-20,5.618096219,35226586.85,3.71328197,61799.0584,193.5,151.45,6270199.99,220.016
2011-05-21,6.084800667,38219849.89,4.07285788,66932.80734,74.83,15.96,6281199.99,278.886
2011-05-22,6.71195604,42243708.86,4.35034379,84570.6461,71.54,78.02,6293799.99,272.406
2011-05-23,7.065256784,44568346.25,4.487161,101033.172,47.16,85.46,6308099.99,234.106
2011-05-24,7.402660582,46807392.92,4.5999394,110669.7757,37.6,39.45,6323049.99,232.256
2011-05-25,8.569289637,54315585.35,5.19133406,131538.5959,92.65,132.04,6338399.99,192.866
2011-05-26,8.782155434,55794789.82,5.17913836,129975.9004,44.44,236.97,6353199.99,0.336
2011-05-27,8.528658468,54255487.19,4.74938352,71214.29821,344.57,42.72,6361549.99,302.186
2011-05-28,8.34926912,53178999.72,4.61095078,64706.83568,145.86,207.03,6369299.99,241.016
2011-05-29,8.400953472,53583801.45,4.59177413,75608.58125,22,157.18,6378299.99,105.836
2011-05-30,8.779342465,56064880.89,4.71031321,67600.93698,20.11,16.96,6385999.99,108.986
2011-05-31,8.721576422,55761398.77,4.60202531,65411.82316,157.31,164.9,6393499.99,101.396
2011-06-01,9.623777232,61620083.14,4.97744055,90463.50598,24.87,126.2,6402899.99,0.066
2011-06-02,10.70276023,68630379.58,5.3275221,101676.2222,17.81,15.72,6412399.99,2.156
2011-06-03,14.26464677,91614693.76,6.42904939,144072.9324,112.78,111.83,6422499.99,3.106
2011-06-04,18.31273873,117818667,7.74313927,205102.6737,53.02407407,56.05007407,6433699.99,0.08
2011-06-05,16.5433424,106606952.6,6.57534893,172050.7609,794.27,19.53,6444099.99,774.82
2011-06-06,18.40209864,118799348.1,6.0241396,214384.4492,39.63,64.8,6455749.99,749.65
2011-06-07,23.23787846,150215455.6,7.22127316,197521.9669,309.49,112.91,6464249.99,946.23
2011-06-08,29.02992133,187925195.4,7.38787829,268526.7723,260.16,222.47,6473499.99,983.92
2011-06-09,28.79054402,186695161.5,6.61438788,319575.0386,261.190478,131.37,6484599.99,1113.740478
2011-06-10,24.04939923,156218884.8,5.13598194,268150.8014,320.99,117.4,6495749.99,1317.330478
2011-06-11,14.74974663,95996513.32,3.17745001,185846.8075,260.3458608,127.7916,6508349.99,1449.884739
2011-06-12,18.85014473,122902943.5,3.60717104,219604.1861,335.6790518,227.46,6519999.99,1558.103791
2011-06-13,19.54232911,127637791.1,3.61267024,221805.4355,257.0513659,191.5826261,6531349.99,1623.57253
2011-06-14,19.25773551,126016843.6,3.30858495,237833.0335,401.6487148,144.6,6543699.99,1880.621245
2011-06-15,19.46414262,127639034.7,3.13518917,271524.7896,307.658,255.1877916,6557649.99,1933.091454
2011-06-16,17.92936254,117735848.4,2.83819584,161364.2629,238.1690394,78.90320616,6566649.99,2092.357287
2011-06-17,15.43636891,101508790,2.42625836,143558.2309,131.8757517,74.85519718,6575949.99,2149.377841
2011-06-18,16.87540454,111138039,2.62955708,166222.7347,110.26,231.59,6585799.99,2028.047841
2011-06-19,17.51071679,115517323,2.69066084,195244.4922,169.302737,178.3355,6596949.99,2019.015078
2011-06-20,17.51071679,115722198.3,2.67081932,204875.3865,79.84780943,68.5115,6608649.99,2030.351388
2011-06-21,17.51071679,115943708.9,2.63871848,221510.5674,72.08109986,96.072,6621299.99,2006.360488
2011-06-22,17.51071679,116171348.2,2.62779902,227639.3183,343.2604461,132.713,6634299.99,2216.907934
2011-06-23,17.51071679,116381476.8,2.61500773,210128.6015,154.1195,40.3415,6646299.99,2330.685934
2011-06-24,17.51071679,116570592.6,2.59755925,189115.7413,193.9074499,1218.885738,6657099.99,1305.707646
2011-06-25,17.51071679,116695794.2,2.58920413,125201.6251,88.1888,256.805,6664249.99,1137.091446
2011-06-26,16.36134202,109157965.4,2.40438777,121891.998,64.0645,180.8405,6671699.99,1020.315446
2011-06-27,16.75228581,111907781.9,2.41862667,141556.8151,566.199855,131.917,6680149.99,1454.598301
2011-06-28,16.96183531,113443298.6,2.4228443,135694.6825,203.051,155.2805,6688149.99,1502.368801
2011-06-29,16.85456832,112870830.2,2.39153255,144949.2875,189.3275,82.339,6696749.99,1609.357301
2011-06-30,16.18526278,108543227.6,2.27916897,154569.2596,87.37638659,37.82,6706299.99,1658.913688
2011-07-01,15.4203574,103546928.8,2.17517451,133386.0915,86.0525,48.832,6714949.99,1696.134188
2011-07-02,15.38284407,103425013.7,2.17108212,129985.0324,51.6608,52.295,6723399.99,1695.499988
2011-07-03,15.45755056,104054820.1,2.17640481,127524.7921,88.97977779,41.44560411,6731649.99,1743.034161
2011-07-04,13.85279681,93369928.3,1.95761946,117748.7729,247.8141415,152.2969,6740149.99,1838.551403
2011-07-05,12.96481771,87474921.47,1.82728432,90105.48312,382.8884994,348.161497,6747099.99,1873.278405
2011-07-06,14.71478358,99397627.22,2.06878863,115511.0511,192.0750712,93.63,6754949.99,1971.723476
2011-07-07,14.79728916,100051870.5,2.07598143,96922.24401,64.91142951,44.9545,6761499.99,1991.680406
2011-07-08,14.2990377,96800910.31,2.0056172,117967.061,320.7464961,39.6871811,6769749.99,2272.739721
2011-07-09,14.38150067,97466306.2,2.01609779,107142.18,189.7276889,155.155,6777199.99,2307.31241
2011-07-10,14.62293755,99202739.35,2.03850499,100167.1222,160.589412,391.6384958,6784049.99,2076.263326
2011-07-11,14.31015543,97193144.54,1.99133352,112334.7201,114.4987056,37.4161441,6791899.99,2153.345887
2011-07-12,14.02127262,95329931.35,1.94872351,98849.97198,156.9643535,122.372,6798949.99,2187.938241
2011-07-13,13.97145452,95124647.98,1.93841196,133427.3907,186.0658073,97.9685,6808499.99,2276.035548
2011-07-14,13.99797455,95405994.98,1.93955814,100785.4167,419.6857933,163.1295,6815699.99,2532.591842
2011-07-15,13.80639041,94212046.71,1.91086852,111831.7623,100.3437864,95.07159415,6823799.99,2537.864034
2011-07-16,13.7130793,93682958.06,1.89668424,107647.6725,61.17292658,108.4784551,6831649.99,2490.558505
2011-07-17,13.25813531,90687634.11,1.8320481,112694.1501,173.224314,87.19649999,6840149.99,2576.586319
2011-07-18,13.63052125,93350669.23,1.94207395,115859.4306,262.893448,152.8377816,6848649.99,2686.641986
2011-07-19,13.82479484,94779337.08,1.96438973,98156.04335,197.8012925,160.4258761,6855749.99,2724.017402
2011-07-20,13.67833059,93877118.38,1.96296845,101903.5629,126.8681361,106.3189984,6863199.99,2744.56654
2011-07-21,13.61180844,93524013.31,1.95201716,103449.7442,190.5198378,90.28744674,6870799.99,2844.798931
2011-07-22,13.69854733,94223402.9,1.96311336,103424.0323,271.838478,89.41892979,6878349.99,3027.218479
2011-07-23,13.68171834,94207523.77,1.95853437,99876.5439,151.5541547,173.6465,6885649.99,3005.126134
2011-07-24,13.99251518,96463699.86,1.99913286,116137.876,161.9796859,142.4668993,6893949.99,3024.63892
2011-07-25,14.03342538,96861508.51,2.00132141,115775.7594,250.9600356,71.3565,6902199.99,3204.242456
2011-07-26,13.87803232,95911081.25,1.97632833,122126.6844,446.2773154,323.1788639,6910999.99,3327.340908
2011-07-27,13.87822476,96033151.7,1.97282473,120740.5554,362.0732311,186.8486809,6919699.99,3502.565458
2011-07-28,13.49159108,93462322.46,1.91925019,104559.8308,208.9039418,309.0720509,6927449.99,3402.397349
2011-07-29,13.51231639,93716697.04,1.91940166,110800.9944,300.9860571,219.0010703,6935649.99,3484.382335
2011-07-30,13.54028067,94013553.65,1.91948827,102906.1331,158.63136,34.74404784,6943249.99,3608.269648
2011-07-31,13.3729061,92968443.09,1.8957305,117012.9284,123.1783245,104.2481106,6951999.99,3627.199861
2011-08-01,13.01911385,90616287.02,1.84650394,107407.6892,205.8266385,84.62335271,6960249.99,3748.403147
2011-08-02,12.21415644,85107631.24,1.73338364,94049.00458,516.0999375,520.8704962,6967949.99,3743.632588
2011-08-03,9.286356914,64779768.46,1.33360498,72897.90177,372.516142,393.6608595,6975799.99,3722.487871
2011-08-04,10.76850375,75188385.19,1.54422773,69456.84918,86.71489041,399.7457399,6982249.99,3409.457021
2011-08-05,9.73015396,68006478.47,1.40034516,68111.07772,410.7121643,354.8418487,6989249.99,3465.327337
2011-08-06,6.964169736,48716804.69,1.01786264,42481.43539,258.5012574,412.7042159,6995349.99,3311.124378
2011-08-07,8.501793292,59526580.92,1.24329896,53561.29774,462.166879,185.5746322,7001649.99,3587.716625
2011-08-08,7.775337638,54493064.99,1.15587536,52872.29594,405.834426,153.3671597,7008449.99,3840.183892
2011-08-09,9.802499481,68771885.64,1.45369998,71558.24621,425.985386,353.5041773,7015749.99,3912.6651
2011-08-10,10.05125313,70593468.55,1.48953532,76389.52377,141.6511429,394.1342589,7023349.99,3660.181984
2011-08-11,9.438412995,66353930.94,1.40111707,64653.12901,262.4423126,132.0285371,7030199.99,3790.59576
2011-08-12,9.452993285,66518350.41,1.40327416,61917.10602,222.5342638,217.0580236,7036749.99,3796.072
2011-08-13,10.00402474,70460847.18,1.48374896,65026.16084,204.8564437,181.1625425,7043249.99,3819.765901
2011-08-14,10.80682077,76186465.27,1.60021658,71325.01706,166.7293373,110.4411807,7049849.99,3876.054058
2011-08-15,11.13069655,78541533.95,1.64552851,71792.99275,341.0883453,91.20779186,7056299.99,4125.934611
2011-08-16,10.99196557,77643397.47,1.62211392,80790.94692,285.0622262,263.6842969,7063649.99,4147.312541
2011-08-17,10.96396406,77520159.55,1.61521112,74554.95558,219.0739867,99.97795854,7070449.99,4266.408569
2011-08-18,10.85847146,76852460.39,1.59806892,78180.99448,289.0597936,202.4740753,7077649.99,4352.994287
2011-08-19,11.67047304,82675965.02,1.71440506,76441.59843,330.1473606,155.3756343,7084199.99,4527.766014
2011-08-20,11.45973174,81270125.43,1.68142171,87093.96122,344.2474264,97.35871455,7091799.99,4774.654725
2011-08-21,11.35448134,80614546.51,1.66508331,90835.85073,344.1466553,196.6579871,7099799.99,4922.143394
2011-08-22,10.92089582,77628457.64,1.60062575,92281.56972,233.5261947,403.4964265,7108249.99,4752.173162
2011-08-23,10.91724505,77687115.7,1.60020118,84608.64917,371.3357727,76.91063092,7115999.99,5046.598304
2011-08-24,10.87044429,77426913.43,1.5924043,72831.97674,368.6484598,368.4225,7122699.99,5046.824264
2011-08-25,9.546093674,68058397.45,1.38808124,64436.1323,214.6478222,118.9873973,7129449.99,5142.484688
2011-08-26,8.126920163,58000203.74,1.18126116,59732.8632,671.6440094,274.405514,7136799.99,5539.723184
2011-08-27,8.596497607,61403922.67,1.32290185,52438.6354,227.8656551,292.3439842,7142899.99,5475.244855
2011-08-28,9.0308664,64558954.54,1.38880945,52379.02512,127.6780621,86.04265561,7148699.99,5516.880261
2011-08-29,8.961157271,64122456.88,1.37651145,61831.98517,131.1344058,39.65193427,7155599.99,5608.362733
2011-08-30,8.809948738,63104781.73,1.35371166,64312.62579,1014.715946,569.8480482,7162899.99,6053.230631
2011-08-31,8.199151764,58793247.52,1.26084033,63543.42617,520.391028,490.2034446,7170649.99,6083.418215
2011-09-01,8.234281665,59098262.86,1.26774835,53111.11674,460.0259602,336.9766697,7177099.99,6206.467505
2011-09-02,8.621424438,61944072.36,1.32640199,67247.11061,461.7717598,538.302269,7184899.99,6129.936996
2011-09-03,8.449653441,60771174.91,1.29992885,61259.98744,182.2413093,96.7584,7192149.99,6215.419905
2011-09-04,8.203470602,59055554.26,1.26279873,54963.25304,304.8928625,201.4615804,7198849.99,6318.851187
2011-09-05,7.597332525,54751316.37,1.17142574,59259.1937,579.1124073,556.1015243,7206649.99,6341.86207
2011-09-06,6.846530029,49392236.87,1.05875513,51691.30172,718.9593644,631.559131,7214199.99,6429.262304
2011-09-07,7.162970274,51723808.27,1.10898952,48708.19786,1043.274188,363.4688182,7220999.99,7109.067673
2011-09-08,6.67818,48266211.98,1.03732633,43074.261,583.7808587,1013.559594,7227449.99,6679.288938
2011-09-09,4.986777042,36080079.86,0.7778049,38398.18322,1028.863592,651.3980042,7235149.99,7056.754526
2011-09-10,4.742846655,34346746.86,0.74125214,31539.93026,1361.500666,840.6060519,7241799.99,7577.64914
2011-09-11,5.852903973,42422140.58,0.95191723,36580.64983,1464.805115,1146.904688,7248049.99,7895.549567
2011-09-12,6.090629472,44185689.57,0.99274325,40502.68599,747.0227536,750.773078,7254699.99,7891.799243
2011-09-13,5.802523277,42136763.48,0.94859348,41197.91527,3608.131015,3135.949657,7261799.99,8363.980601
2011-09-14,5.59743261,40688297.33,0.9162271,40861.25805,645.205162,1705.057759,7269099.99,7304.128004
2011-09-15,4.867755185,35422167.65,0.79879632,37968.49044,2458.645135,2128.767279,7276899.99,7634.00586
2011-09-16,4.831168101,35184672.55,0.7945909,28745.4502,1450.275904,1577.7917,7282849.99,7506.490063
2011-09-17,4.775285635,34809683.36,0.78623754,31994.41376,3108.641715,3278.996064,7289549.99,7336.135715
2011-09-18,5.236732278,38214791.91,0.86238311,41370.185,3309.780537,2934.037728,7297449.99,7711.878524
2011-09-19,5.520376692,40319727.23,0.91006394,35054.39199,4257.347985,3547.123829,7303799.99,8422.10268
2011-09-20,6.146665552,44937042.45,1.01350919,43026.65886,4318.613584,3836.804582,7310799.99,8903.911682
2011-09-21,5.597067498,40959899.6,0.92389277,40858.59274,5591.58645,4328.832784,7318099.99,10166.66535
2011-09-22,5.475048777,40107469.76,0.90549337,40515.36095,4525.299924,4493.383558,7325499.99,10198.58171
2011-09-23,5.56342142,40791840.31,0.92077591,36996.75244,2801.159353,2441.20918,7332149.99,10558.53189
2011-09-24,5.457889687,40053269.2,0.90381871,35203.38848,2914.668197,2363.466858,7338599.99,11109.73323
2011-09-25,5.341154881,39233186.07,0.88996971,36586.91094,3776.78275,3849.42933,7345449.99,11037.08664
2011-09-26,4.873826081,35833100.37,0.81318218,32654.63474,6172.403005,4810.392632,7352149.99,12399.09702
2011-09-27,4.911157793,36140227.91,0.82013287,32659.19932,10420.72478,8740.966363,7358799.99,14078.85543
2011-09-28,4.763415321,35088031.72,0.79634397,35011.10261,6822.035203,6117.6826,7366149.99,14783.20804
2011-09-29,4.777660978,35222827.75,0.79926256,29860.38111,1440.527773,919.1197277,7372399.99,15304.61608
2011-09-30,5.14368591,37952686.44,0.86045873,31376.48405,2708.245195,4263.066232,7378499.99,13749.79505
2011-10-01,5.034070545,37179883.07,0.84362417,35993.60439,1423.381145,2209.832198,7385649.99,12963.34399
2011-10-02,5.007062597,37010704.55,0.84035131,30292.72871,598.9508902,750.7518423,7391699.99,12811.54304
2011-10-03,5.02284486,37163777.93,0.84387152,36415.62524,2153.672311,1804.643449,7398949.99,13160.5719
2011-10-04,4.956805621,36702915.01,0.83346608,27758.11148,3007.143552,1706.244933,7404549.99,14461.47052
2011-10-05,4.885067131,36207140.51,0.82223206,35416.7367,5695.795775,3426.141792,7411799.99,16731.1245
2011-10-06,4.730166296,35089319.57,0.79686105,30273.06429,6467.986687,5122.823614,7418199.99,18076.28758
2011-10-07,4.276035757,31749993.06,0.72247318,29504.64672,2622.756526,4583.829844,7425099.99,16115.21426
2011-10-08,3.981252994,29584890.02,0.67368961,23688.45532,1322.032289,865.731627,7431049.99,16571.51492
2011-10-09,4.111634643,30579871.46,0.6969726,26108.87999,1074.863499,1890.72109,7437399.99,15755.65733
2011-10-10,4.074962484,30332186.96,0.69210157,25061.01928,1746.853355,3056.213483,7443549.99,14446.2972
2011-10-11,4.008924496,29859271.39,0.68231478,18641.49891,4668.393597,2726.922055,7448199.99,16387.76874
2011-10-12,4.166235342,31055951.45,0.71047083,24997.41205,1654.356555,3663.157425,7454199.99,14378.96787
2011-10-13,4.03698109,30112043.76,0.68913751,19579.35829,3199.664062,1886.208804,7459049.99,15692.42313
2011-10-14,3.986280885,29761573.05,0.68173462,27704.65215,2910.672533,2905.659023,7465999.99,15697.43664
2011-10-15,3.83733856,28675279.82,0.65700741,25710.16836,2083.115081,1943.896199,7472699.99,15836.65552
2011-10-16,3.609741717,26995994.85,0.61884987,21477.96321,1918.900171,2314.457259,7478649.99,15441.09843
2011-10-17,2.581246722,19319470.13,0.44588055,15229.35566,5959.859009,3050.766695,7484549.99,18350.19075
2011-10-18,2.422274738,18144170.02,0.41992353,14533.64843,3510.107864,4493.972843,7490549.99,17366.32577
2011-10-19,2.217254713,16623202.01,0.38682853,14744.74384,1927.073349,2150.830216,7497199.99,17142.5689
2011-10-20,2.356123508,17677876.85,0.41178781,13547.71017,2550.354879,1653.488041,7502949.99,18039.43574
2011-10-21,2.570092305,19298823.09,0.4496029,15549.05845,2885.868396,1816.237286,7508999.99,19109.06685
2011-10-22,3.155486139,23710007.26,0.55278915,15461.88208,2659.005379,2504.089489,7513899.99,19263.98274
2011-10-23,3.14775093,23668883.54,0.55184552,16997.85502,4810.981072,2227.599062,7519299.99,21847.36475
2011-10-24,2.522935998,18986733.27,0.44332969,16020.64359,6162.467628,5261.086108,7525649.99,22748.74627
2011-10-25,2.801923831,21104370.46,0.49277864,18072.40871,2892.159776,3576.395287,7532099.99,22064.51076
2011-10-26,2.777505239,20936695.59,0.49043071,16248.40565,2467.341439,2442.586091,7537949.99,22089.26611
2011-10-27,3.045407828,22971358.94,0.53782812,15227.03914,2656.778593,5753.543337,7542949.99,18992.50136
2011-10-28,3.179639437,24000554.36,0.56150563,16693.10704,2163.568635,1447.972843,7548199.99,19708.09716
2011-10-29,3.569188969,26961118.06,0.63046202,20165.91767,5723.056463,2530.986163,7553849.99,22900.16745
2011-10-30,3.257403723,24624017.67,0.57571366,18078.59066,1924.475563,3302.42337,7559399.99,21522.21965
2011-10-31,3.265098213,24703569.79,0.57758861,21386.39329,1978.754844,1527.355236,7565949.99,21973.61926
2011-11-01,3.171007743,24015468.56,0.56157774,23782.55807,2547.053322,1782.231689,7573449.99,22738.44089
2011-11-02,3.255800567,24682712.43,0.57806992,25069.66436,2627.061905,2285.377593,7581149.99,23080.1252
2011-11-03,3.168316385,24039283.71,0.56292746,19801.97741,3107.031089,2021.773094,7587399.99,24165.3832
2011-11-04,3.120118172,23696517.45,0.55505983,22932.86856,4758.108638,3948.184054,7594749.99,24975.30778
2011-11-05,2.977817598,22637518.24,0.53030549,21738.06846,2379.756679,2534.571493,7602049.99,24820.49297
2011-11-06,2.962720577,22544081.52,0.52799021,21331.58815,1704.890509,1127.59699,7609249.99,25397.78649
2011-11-07,3.017757687,22982789.85,0.5382165,19917.20074,1746.785499,2164.138973,7615849.99,24980.43301
2011-11-08,3.056567111,23301128.03,0.54611468,22771.42498,5701.29853,4372.156373,7623299.99,26309.57517
2011-11-09,2.919567224,22280239.3,0.53811177,23502.51615,3429.8285,2690.812749,7631349.99,27048.59092
2011-11-10,2.856702085,21820633.18,0.52701216,20139.7497,3808.820356,5177.78088,7638399.99,25679.6304
2011-11-11,3.067861733,23451808.81,0.56660138,18253.77731,4659.635647,4779.729684,7644349.99,25559.53636
2011-11-12,3.025522996,23149789.17,0.55904007,21632.48942,2405.276439,1738.536884,7651499.99,26226.27591
2011-11-13,2.986373303,22871737.19,0.55219421,21501.88778,1573.810045,2790.055173,7658699.99,25010.03079
2011-11-14,2.224224464,17050571.09,0.4125825,15903.20492,11965.34718,4375.721363,7665849.99,32599.6566
2011-11-15,2.322384116,17822207.92,0.43137161,19159.66895,4279.116734,3895.711199,7674099.99,32983.06213
2011-11-16,2.546780931,19561442.29,0.50419206,17190.77128,4988.370384,5365.465745,7680849.99,32605.96677
2011-11-17,2.279095836,17521232.94,0.45379982,15839.71606,7523.987596,4906.381492,7687799.99,35223.57288
2011-11-18,2.105066003,16197325.09,0.42341662,13998.68892,5361.396646,6448.103073,7694449.99,34136.86645
2011-11-19,2.203456722,16967938.81,0.44318529,13551.25884,5126.901379,9201.694064,7700599.99,30062.07377
2011-11-20,2.20198951,16972384.62,0.44369635,15744.22499,1612.887579,4143.180316,7707749.99,27531.78103
2011-11-21,2.279879165,17586189.9,0.45948528,13451.28708,6005.140411,8650.62978,7713649.99,24886.29166
2011-11-22,2.322458596,17930889.94,0.46857456,16257.21017,4053.778289,6580.769201,7720649.99,22359.30075
2011-11-23,2.330323568,18007225.8,0.4707238,15613.1679,2886.191997,4369.256005,7727349.99,20876.23674
2011-11-24,2.438879,18859851.28,0.49214464,13779.66635,4530.106957,4881.351641,7732999.99,20524.99206
2011-11-25,2.496161003,19319662.1,0.50383539,16849.08677,2317.090166,3176.951055,7739749.99,19665.13117
2011-11-26,2.471799969,19145944.59,0.50116148,14830.79981,1631.954322,2203.471892,7745749.99,19093.6136
2011-11-27,2.477564951,19204720.82,0.50265443,14122.12022,2397.38068,1290.479196,7751449.99,20200.51508
2011-11-28,2.541240252,19714433.6,0.52129794,16136.8756,4317.909612,2897.718308,7757799.99,21620.70639
2011-11-29,2.757698483,21412701.38,0.56397222,19028.11953,5404.179925,8994.623387,7764699.99,18030.26292
2011-11-30,2.966041546,23054447.7,0.60468486,24024.93652,3357.988953,4332.707333,7772799.99,17055.54454
2011-12-01,3.08258945,23988402.81,0.62781131,28051.564,3800.615339,3989.928663,7781899.99,16866.23122
2011-12-02,3.100402333,24149653.82,0.63153668,22632.93703,4158.730933,3342.688069,7789199.99,17682.27408
2011-12-03,2.803856185,21861105.88,0.57397228,21309.30701,2823.709158,2005.56299,7796799.99,18500.42025
2011-12-04,2.819693976,22003763.88,0.57735261,19173.91904,3774.195148,3829.217207,7803599.99,18445.39819
2011-12-05,2.874796227,22456470.7,0.58900798,22710.8902,3666.964777,3871.80299,7811499.99,18240.55998
2011-12-06,3.025360451,23658469.97,0.6191175,25866.83186,8750.446847,6059.560139,7820049.99,20931.44669
2011-12-07,2.985502421,23367378.14,0.61474353,20599.96671,7654.118202,10380.17978,7826949.99,18205.38511
2011-12-08,2.991880483,23441832.34,0.61605341,24533.41996,2918.790539,4927.383793,7835149.99,16196.79186
2011-12-09,2.955791952,23180798.35,0.60914874,21725.07085,2980.006401,2946.951434,7842499.99,16229.84683
2011-12-10,3.068975267,24090535.12,0.63235376,22096.62192,3891.266579,2343.429889,7849699.99,17777.68352
2011-12-11,3.249268847,25530480.08,0.66826403,24694.44324,4607.122438,9223.313468,7857299.99,13161.49249
2011-12-12,3.187335357,25064089.64,0.65547484,20239.57951,3065.041884,3933.690792,7863649.99,12292.84358
2011-12-13,3.241088409,25508176.01,0.66660548,21391.1835,2638.855378,2005.469786,7870249.99,12926.22917
2011-12-14,3.155086504,24855455.94,0.65014649,24136.41176,3395.244648,2380.115015,7877899.99,13941.3588
2011-12-15,3.203138541,25251942.65,0.6600436,17937.57583,3552.903833,2928.595724,7883499.99,14565.66691
2011-12-16,3.209137777,25318171.55,0.66134284,18933.91289,3847.863898,4876.129642,7889399.99,13537.40117
2011-12-17,3.192541704,25211182.55,0.65825176,23944.06278,3827.636439,1872.0565,7896899.99,15492.98111
2011-12-18,3.194010809,25245780.8,0.65885831,22996.87782,1735.895895,1035.325577,7904099.99,16193.55143
2011-12-19,3.525773919,27896099.5,0.72601344,28029.90266,4139.793214,9814.677269,7912049.99,10518.66737
2011-12-20,3.952550827,31299261.82,0.81110758,26482.09054,6390.609325,3538.836672,7918749.99,13370.44002
2011-12-21,3.888993251,30824938.27,0.79739555,28972.99972,5756.658794,4316.575342,7926199.99,14810.52348
2011-12-22,3.903060421,30965320.11,0.79956455,28882.64711,4368.474251,3297.846522,7933599.99,15881.1512
2011-12-23,3.937965076,31270199.24,0.80606997,27959.55204,2133.885681,1772.237851,7940699.99,16242.79903
2011-12-24,3.939419119,31310306.14,0.80659692,28560.78861,1155.949901,1685.889943,7947949.99,15712.85899
2011-12-25,4.233866878,33687396.85,0.86693708,36834.64184,3079.073352,2678.801201,7956649.99,16113.13114
2011-12-26,3.999121964,31855005.96,0.81869415,35392.22938,4777.535907,3070.716633,7965499.99,17819.95042
2011-12-27,4.095518546,32652545.45,0.83793425,29692.50946,3004.263111,3582.607441,7972749.99,17241.60609
2011-12-28,4.207295876,33576324.7,0.86007177,32606.54304,3658.726992,3878.843347,7980499.99,17021.48973
2011-12-29,4.173352227,33334233.53,0.85308817,28796.13036,2392.575481,5371.83514,7987399.99,14042.23007
2011-12-30,4.31063509,34461372.18,0.88040913,30605.50914,3143.089838,1920.112216,7994499.99,15265.2077
2011-12-31,4.714306331,37724114.93,0.96110917,35593.0128,8381.569547,2869.481404,8002049.99,20777.29584
2012-01-01,5.294842777,42410102.14,1.07623657,40505.54725,8274.674255,2914.18469,8009699.99,26137.7854
2012-01-02,5.204877892,41728807.23,1.05930034,39296.82808,5248.134307,5571.553427,8017249.99,25814.36628
2012-01-03,4.870508829,39086807.4,0.99064729,38720.54519,5574.473856,6261.597494,8025199.99,25127.24264
2012-01-04,5.585706267,44868023.39,1.13112076,41613.51169,3851.147732,5417.920193,8032649.99,23560.47018
2012-01-05,6.874000877,55266966.98,1.37524885,50523.90645,14183.34219,8160.378612,8039999.99,29583.43376
2012-01-06,6.68331664,53791008.08,1.3299183,57142.35727,9444.58164,8440.282808,8048549.99,30587.7326
2012-01-07,6.796227981,54762305.94,1.34825017,62525.29742,3939.780054,3005.677854,8057749.99,31521.8348
2012-01-08,7.096650566,57240873.73,1.40190243,57837.70212,6123.950569,3796.13466,8065899.99,33849.65071
2012-01-09,6.288538342,50774287.37,1.23859081,51566.01441,8690.189557,3741.708379,8074099.99,38798.13188
2012-01-10,6.528474555,52757582.09,1.28528776,46025.74561,3980.93494,2544.635753,8081149.99,40234.43107
2012-01-11,6.889127721,55724776.24,1.35196805,52701.82707,3789.781618,3547.077243,8088799.99,40477.13545
2012-01-12,6.773564196,54842501.12,1.3223058,52495.12252,4074.508888,4083.971732,8096549.99,40467.6726
2012-01-13,6.45436889,52303300.96,1.2583872,45180.58223,4691.467923,3123.003344,8103549.99,42036.13718
2012-01-14,6.761727143,54844706.87,1.3151655,50712.95357,5514.794433,12289.02959,8111049.99,35261.90203
2012-01-15,7.046922558,57206917.26,1.36849062,48976.11178,3162.129507,1715.478242,8117999.99,36708.55329
2012-01-16,6.715607667,54576064.54,1.30213368,58761.56708,5994.250956,5860.731991,8126749.99,36842.07226
2012-01-17,5.59962195,45550684.66,1.08841281,43957.03231,9557.332554,4824.417079,8134599.99,41574.98773
2012-01-18,5.900231288,48033782.76,1.14730395,37761.48024,5287.185119,5929.759338,8140999.973,40932.41351
2012-01-19,6.315706342,51463532.35,1.22398742,47367.79756,3103.507088,5001.775874,8148499.877,39034.14473
2012-01-20,6.501491988,53024539.85,1.25883339,47135.81692,3354.74959,4998.785888,8155749.472,37390.10843
2012-01-21,6.180568326,50457844.89,1.19649675,50680.66027,3497.227544,2690.806813,8163949.047,38196.52916
2012-01-22,6.302967227,51499962.17,1.2195885,42860.17714,1215.033553,768.4035428,8170748.842,38643.15917
2012-01-23,6.374876077,52141696.7,1.23243877,54186.44666,2599.182206,6630.731502,8179248.674,34611.60987
2012-01-24,6.274476476,51364104.04,1.21229511,43607.61151,4115.937155,3926.819191,8186197.563,34800.72784
2012-01-25,5.810465072,47608611.19,1.12369377,42997.44154,7558.539655,4615.549278,8193597.344,37743.71821
2012-01-26,5.367226954,44013925.95,1.04093223,37033.86599,10161.06656,4655.25204,8200496.519,43249.53274
2012-01-27,5.303137197,43525737.99,1.03027298,37387.11724,5089.631508,5007.343133,8207545.151,43331.82111
2012-01-28,5.659796775,46494058.37,1.09958449,41033.52662,7439.777429,3794.158967,8214792.901,46977.43958
2012-01-29,5.391429457,44334488.67,1.04861043,45018.43597,1866.102393,1982.215735,8223141.751,46861.32623
2012-01-30,5.503481939,45303240.18,1.07087848,47329.94467,2025.649601,1749.235736,8231741.411,47137.7401
2012-01-31,5.538220296,45630733.64,1.07878577,41536.65222,3368.725607,5818.017349,8239241.344,44688.44836
2012-02-01,6.075232652,50098136.99,1.18086101,42830.3902,4580.543814,6024.075602,8246291.106,43244.91657
2012-02-02,6.099572913,50347344.47,1.18457113,48491.60466,4643.490986,4058.008454,8254240.943,43830.3991
2012-02-03,5.951610928,49173047.38,1.15560669,47017.72633,2644.450615,2975.53847,8262140.785,43499.31125
2012-02-04,5.895413239,48755013,1.14466214,46278.99393,2900.716201,2735.301674,8269990.758,43664.72577
2012-02-05,5.678115717,46998279.13,1.10288002,40314.62159,4278.908282,4182.670287,8277090.758,43760.96377
2012-02-06,5.482664058,45420531.46,1.066879,40023.44763,4578.824184,2700.310409,8284390.758,45639.47754
2012-02-07,5.6620277,46945234.83,1.10174851,38784.88975,3447.556119,4991.072901,8291240.756,44095.96076
2012-02-08,5.61852819,46625304.25,1.09353017,40734.32938,5460.311228,6176.466512,8298490.756,43379.80548
2012-02-09,5.835699854,48469810.12,1.1353915,42308.82394,4089.68124,4010.47598,8305740.756,43459.01074
2012-02-10,5.937834155,49359082.01,1.15551803,40971.05567,4590.849689,3622.209569,8312640.723,44427.65086
2012-02-11,5.612132853,46693734.51,1.09013106,42090.9964,3911.053756,3499.529288,8320140.618,44839.17533
2012-02-12,5.519097169,45963265.25,1.07230709,43600.86764,5253.038823,4281.301183,8328040.59,45810.91297
2012-02-13,5.348354559,44577950.01,1.04822456,36636.22873,5451.779935,8459.065165,8334890.576,42803.62773
2012-02-14,4.483654092,37401703.45,0.88628318,30937.21323,166679.6309,8657.421208,8341790.576,200825.8374
2012-02-15,4.325520322,36111565.61,0.85881942,28980.98616,9436.550563,157006.8102,8348490.568,53255.57783
2012-02-16,4.255239045,35554183.62,0.84731155,29361.14941,6611.008115,3524.807642,8355390.436,56341.7783
2012-02-17,4.391538373,36726393.33,0.87548728,33375.69163,3773.423119,3950.86858,8362990.417,56164.33284
2012-02-18,4.270081278,35747158,0.85418126,36509.19492,3610.329736,3063.467825,8371540.417,56711.19475
2012-02-19,4.389551458,36781984.9,0.87896592,34677.45652,3789.652105,2597.217995,8379440.417,57903.62886
2012-02-20,4.365135939,36607952.47,0.8748865,30555.95157,4398.757507,9087.730456,8386440.417,53214.65591
2012-02-21,4.315115602,36216292.39,0.86595781,27832.49563,11160.17034,3772.041212,8392890.417,60602.78504
2012-02-22,4.419310288,37125920.48,0.88771358,35133.51679,6475.729633,4723.966317,8400840.417,62354.54836
2012-02-23,5.039515118,42377990.26,1.01031089,41827.97548,8365.571431,6596.614985,8409140.417,64123.5048
2012-02-24,5.025608759,42298490.52,1.0069634,37440.78525,5632.990969,6566.386162,8416590.417,63190.10961
2012-02-25,4.772567381,40208118.57,0.9562508,39373.68089,3351.802322,2972.567301,8424840.417,63569.34463
2012-02-26,4.926420852,41541257.63,0.987122,36948.15639,3882.343102,2113.458796,8432340.411,65338.22894
2012-02-27,4.952515756,41799433.12,0.99206546,38134.37132,4623.882105,7773.495549,8440040.411,62188.61549
2012-02-28,4.857257776,41034309.97,0.97277124,38858.0622,3708.354543,3404.994453,8448040.411,62491.97558
2012-02-29,4.872748756,41208789.5,0.98303424,43611.10136,4935.861976,5235.343636,8456990.411,62192.49392
2012-03-01,4.922072124,41663078.39,0.99267825,37161.64453,7612.158012,48631.51794,8464540.411,21173.13399
2012-03-02,4.714823587,39940404.1,0.95273137,31589.31803,7941.716675,5419.673183,8471240.411,23695.17749
2012-03-03,4.628193252,39232686.9,0.93570447,26149.29188,3624.371995,4567.647168,8476890.389,22751.90231
2012-03-04,4.834144482,41011626.74,0.97707036,33113.8897,6746.146975,2722.412173,8483740.38,26775.63711
2012-03-05,4.982392904,42305450.22,1.00656035,36122.34855,5000.803075,5799.476534,8490990.38,25976.96366
2012-03-06,4.987841352,42385879.4,1.00730295,34166.71326,5061.673412,8376.805505,8497840.328,22661.83156
2012-03-07,4.949112885,42094879.23,0.99924077,38108.16921,3741.439796,4383.545851,8505540.328,22019.72551
2012-03-08,4.934979495,42013159.95,0.99664788,38492.84006,3021.579912,2160.375085,8513340.328,22880.93034
2012-03-09,4.872297847,41520457.06,0.98421823,40927.30192,4854.586341,4563.327002,8521740.328,23172.18967
2012-03-10,4.841423805,41297298.23,0.97883044,39941.74639,3934.375854,4149.891261,8529990.328,22956.67427
2012-03-11,4.892028752,41761734.53,0.98947911,32776.59264,2128.700071,3511.141591,8536690.328,21574.23275
2012-03-12,4.910839379,41963075,0.99347632,40759.96685,5837.005346,5842.519662,8544990.328,21568.71843
2012-03-13,5.290880279,45252847.85,1.06881595,42327.04223,13133.93623,6962.571404,8552990.328,27740.08326
2012-03-14,5.390543292,46142189.86,1.08718901,36925.22155,6259.047645,4733.028364,8559840.328,29266.10254
2012-03-15,5.340820899,45748886.08,1.07616655,32311.96644,6971.757892,6942.48749,8565890.328,29295.37294
2012-03-16,5.339574791,45779059.81,1.07471861,40847.74715,5058.632334,4747.62506,8573540.328,29606.38021
2012-03-17,5.236003554,44935593.66,1.05459511,44506.03021,5320.824074,3443.877607,8582040.328,31483.32668
2012-03-18,5.270148985,45270792.32,1.06154819,42161.19188,5650.568415,10937.22922,8590040.328,26196.66588
2012-03-19,4.678672553,40223438.42,0.94459498,33452.50875,8753.765058,5694.863664,8597190.328,29255.56727
2012-03-20,4.830830216,41570213.45,0.97583693,38646.64173,4858.893094,4848.032102,8605190.328,29266.42826
2012-03-21,4.817229525,41491233.03,0.97521983,38056.11325,7269.154436,5736.922517,8613090.328,30798.66018
2012-03-22,4.729608505,40773909.18,0.958695,37363.90719,10133.51314,8141.064966,8620990.328,32791.10836
2012-03-23,4.691643177,40476167.8,0.95107358,29557.35201,6714.246634,3597.560519,8627290.328,35907.79447
2012-03-24,4.651986266,40176834.39,0.94428539,42798.27365,4270.164491,3260.662789,8636490.328,36917.29618
2012-03-25,4.552270262,39351373.41,0.92514492,35735.32156,4417.518932,3604.374193,8644340.328,37730.44091
2012-03-26,4.63272236,40081805.78,0.94207727,34977.05382,9130.469715,7013.119847,8651890.328,39847.79078
2012-03-27,4.811340735,41664720.83,0.97836225,37528.45773,9636.211,8800.77175,8659690.328,40683.23003
2012-03-28,4.790589392,41520950.04,0.97414873,35929.42044,6582.590299,7799.571057,8667190.328,39466.24927
2012-03-29,4.794066572,41584885.6,0.97547676,33798.16933,12122.81702,8243.649644,8674240.328,43345.41665
2012-03-30,4.861409357,42206465.94,1.00380823,37432.85205,9456.407821,6823.350399,8681940.328,45978.47407
2012-03-31,4.889776873,42494314.13,1.00947443,41563.10342,5687.068303,4601.197882,8690440.328,47064.34449
2012-04-01,4.793325677,41690143.39,0.98982662,34032.61231,4151.782032,2788.751248,8697540.328,48427.37528
2012-04-02,4.983045479,43369140.67,1.02854689,28901.66378,13653.16362,12040.09711,8703340.328,50040.44179
2012-04-03,4.956233193,43168743.17,1.02616999,32958.95073,5673.326753,4762.268568,8709990.328,50951.49997
2012-04-04,4.917842178,42868045.02,1.01818959,33687.21892,10691.91724,40197.23856,8716840.328,21446.17866
2012-04-05,4.920849245,42923044.11,1.01855009,28786.96808,5997.229947,6230.158095,8722690.328,21213.25051
2012-04-06,4.949107432,43203185.46,1.02383214,33653.93054,5221.260386,4258.4722,8729490.328,22176.03869
2012-04-07,4.70971191,41143762.21,0.9749089,30377.64182,4852.116135,4130.777758,8735940.328,22897.37707
2012-04-08,4.778818849,41783317.45,0.98932901,35841.14137,4333.882985,2987.483281,8743440.328,24243.77677
2012-04-09,4.852547381,42463382.06,1.00365621,35423.59588,12668.46774,4875.015682,8750740.328,32037.22883
2012-04-10,4.841417594,42401572.6,1.00159858,35584.41931,10378.64547,12690.85766,8758090.328,29725.01664
2012-04-11,4.915250717,43082862.28,1.01641869,34652.51756,7150.929098,5774.814279,8765140.328,31101.13146
2012-04-12,4.901158147,42990461.29,1.01283392,31122.35424,14035.31128,22860.4442,8771490.328,22275.99853
2012-04-13,4.934406733,43312447.54,1.01932475,30346.60141,18064.61073,20048.61466,8777640.328,20291.9946
2012-04-14,4.956364661,43539633.06,1.0235231,34446.73439,6624.88144,6547.702876,8784590.328,20369.17316
2012-04-15,4.961600338,43612170.91,1.0239991,26544.56181,2275.41753,1763.663401,8789940.328,20880.92729
2012-04-16,4.950764569,43554055.88,1.02128074,37130.73427,12471.29474,13296.89713,8797440.328,20055.3249
2012-04-17,4.968744508,43745772.34,1.02477367,33539.02543,6613.357806,5851.418554,8804190.328,20817.26416
2012-04-18,5.124377443,45149302.77,1.05577307,33308.45338,18535.45475,11115.64644,8810690.328,28237.07247
2012-04-19,5.130906511,45247105.99,1.05634217,40277.61611,17014.73401,16034.14772,8818540.328,29217.65875
2012-04-20,5.366515968,47366159.66,1.10253174,41322.17295,9332.308297,8598.70047,8826240.328,29951.26658
2012-04-21,5.282550339,46665734.48,1.08513311,40675.63761,5813.263623,4633.84372,8833940.328,31130.68648
2012-04-22,5.195608995,45934069.09,1.06645583,36369.26296,5016.342683,3632.992373,8840940.328,32514.03679
2012-04-23,5.110888192,45219556.02,1.05038086,34498.49529,14033.81056,13694.55038,8847690.328,32853.29697
2012-04-24,5.087867262,45050980.25,1.04562838,35106.28411,8213.720211,6856.831819,8854590.328,34210.18537
2012-04-25,5.148816245,45623353.51,1.05274593,32694.98316,7664.053471,10463.31038,8860940.328,31410.92845
2012-04-26,5.097419286,45207433.12,1.04365008,39504.99946,11441.03767,11567.485,8868690.328,31284.48112
2012-04-27,5.09588734,45228244,1.04332334,34397.23954,4745.43132,5295.371126,8875440.328,30734.54131
2012-04-28,4.970736653,44155254.15,1.01826429,37777.59856,7463.145133,14067.57782,8883040.328,24130.10863
2012-04-29,4.902606178,43593926.71,1.00664344,43878.32529,4994.946182,3030.851841,8891990.328,26094.20297
2012-04-30,4.94211681,43989486.82,1.0154865,44231.94545,4500.554421,3789.431046,8900940.328,26805.32634
2012-05-01,4.987137227,44432601.54,1.02469896,42390.66643,7071.395608,4882.90076,8909440.328,28993.82119
2012-05-02,5.053437354,45061199.34,1.03816859,37900.78015,16874.83762,17643.66964,8916940.328,28224.98917
2012-05-03,5.118872979,45684868.05,1.05122986,40183.15288,6226.012139,5596.309487,8924790.328,28854.69183
2012-05-04,5.085507088,45428022.81,1.04434248,40938.33206,7276.1782,8480.069309,8932840.328,27650.80072
2012-05-05,5.056639565,45212376.77,1.0384012,42222.94036,7605.58823,8986.189927,8941190.328,26270.19902
2012-05-06,5.047800773,45174739.42,1.03909745,41391.96634,10747.13495,2661.055019,8949390.328,34356.27895
2012-05-07,5.067555867,45394609.69,1.04315667,43074.22487,8772.999433,8423.771344,8957890.328,34705.50704
2012-05-08,5.023466423,45043867.79,1.034375,44206.50452,10966.04128,11413.81182,8966690.328,34257.73651
2012-05-09,5.041306236,45245674.71,1.03787929,41842.84175,18797.79991,12139.55034,8974990.328,40915.98607
2012-05-10,4.92748872,44255945.9,1.01481717,31782.30224,20384.90627,15156.42996,8981440.328,46144.46239
2012-05-11,4.963709977,44616755.5,1.02276513,35490.52634,12661.70302,33556.65136,8988590.328,25249.51404
2012-05-12,4.946532235,44494009.61,1.01650991,31657.8063,5643.665967,4245.84248,8994990.328,26647.33753
2012-05-13,4.944795054,44512997.25,1.01723564,34613.56538,5477.259072,5410.445234,9001990.328,26714.15136
2012-05-14,5.011435922,45147727.18,1.03132782,34829.47966,8534.44604,7349.240037,9008940.328,27899.35737
2012-05-15,5.0336404,45380484.66,1.03590742,32718.6626,15186.06312,17646.21467,9015440.328,25439.20582
2012-05-16,5.087784509,45899398.74,1.04782389,30781.09628,9003.43181,7988.52122,9021490.328,26454.11641
2012-05-17,5.089661686,45945853.7,1.04954557,29520.03778,7469.142403,5671.596048,9027290.325,28251.66276
2012-05-18,5.118301483,46241501.08,1.05722248,37107.68575,4898.806573,7902.617004,9034540.313,25247.85233
2012-05-19,5.112545811,46227589.69,1.05598806,38088.46629,4044.963673,2932.810464,9041990.312,26360.00554
2012-05-20,5.094200968,46096865.78,1.05630265,35149.98668,4083.63123,4191.044058,9048890.311,26252.59271
2012-05-21,5.09422131,46129143.44,1.05927394,32093.59425,15395.96035,16306.51393,9055190.309,25342.03913
2012-05-22,5.089139189,46112386.41,1.05870456,29262.55034,5167.313241,6610.6363,9060940.309,23898.71607
2012-05-23,5.1288589,46505621.92,1.0665583,33337.58285,6654.399701,8407.251758,9067440.308,22145.86401
2012-05-24,5.119157759,46449652.15,1.06748348,31994.736,5194.134793,3585.88611,9073690.308,23754.11269
2012-05-25,5.137276807,46645139.29,1.07106937,31080.52468,13763.44467,13401.49992,9079740.307,24116.05744
2012-05-26,5.103978805,46379040.32,1.0671858,36238.24951,7234.026258,5959.325278,9086840.305,25390.75842
2012-05-27,5.134616135,46698257.01,1.07321035,40820.19827,13933.29984,11546.39678,9094790.299,27777.66149
2012-05-28,5.136325419,46750270.49,1.07353739,36467.91048,10983.45496,9708.009475,9101890.297,29053.10697
2012-05-29,5.148470698,46893250.85,1.07601639,32435.3654,7016.702087,10595.26624,9108190.296,25474.54282
2012-05-30,5.138264569,46833947.12,1.07393,33655.63293,8645.795591,9813.813905,9114740.295,24306.5245
2012-05-31,5.181639721,47265053.67,1.08799952,35753.31408,10889.68254,8009.877412,9121640.295,27186.32963
2012-06-01,5.266943758,48083195.18,1.10502904,40028.77256,17906.17671,5660.051403,9129240.294,39432.45494
2012-06-02,5.24363906,47912390.09,1.09982963,41949.11248,3778.783909,14774.68568,9137240.291,28436.55317
2012-06-03,5.212704985,47669615.19,1.09327409,39877.19313,3627.819169,2112.532115,9144890.288,29951.84022
2012-06-04,5.258765857,48131592.24,1.10255401,40755.43539,3279.104117,6603.360329,9152640.286,26627.58401
2012-06-05,5.426014295,49702238.22,1.13624416,39881.20507,7165.479697,10678.77728,9159990.284,23114.28642
2012-06-06,5.446169422,49928522.18,1.13951888,41663.19608,9384.631715,7825.737316,9167640.283,24673.18082
2012-06-07,5.58716981,51259993.84,1.16734111,38830.83018,15005.15568,7809.682358,9174590.282,31868.65414
2012-06-08,5.622529102,51624039.68,1.17328064,39638.83017,10358.39436,5360.022575,9181640.281,36867.02592
2012-06-09,5.557002335,51069908.85,1.15906527,47512.36997,19452.02136,16290.65527,9190190.28,40028.39201
2012-06-10,5.457893569,50204380.93,1.13827143,45300.51662,5443.484792,14283.10148,9198490.277,31188.77532
2012-06-11,5.586996982,51431046.39,1.16358167,39108.97887,15002.33677,19630.552,9205490.276,26560.56009
2012-06-12,5.727491299,52769039.88,1.19076668,44674.43213,20180.0153,9211.831724,9213290.275,37528.74367
2012-06-13,5.909301324,54488428.15,1.22631584,44319.75993,13987.71332,14809.58541,9220790.271,36706.87158
2012-06-14,5.962023182,55021069.07,1.23632319,46503.78082,11741.49659,12397.89478,9228590.26,36050.4734
2012-06-15,6.523380719,60253468.62,1.34544986,51860.87672,9119.20819,6406.48918,9236540.257,38763.19241
2012-06-16,6.444158282,59571991.82,1.32650659,50264.4346,16798.35635,15996.01256,9244340.255,39565.5362
2012-06-17,6.199966488,57365439.48,1.27481556,50839.7252,8054.295292,7314.513159,9252540.251,40305.31834
2012-06-18,6.310844669,58446564.17,1.29624188,55219.89085,7844.066121,7365.786258,9261290.246,40783.5982
2012-06-19,6.494826716,60198212.27,1.33207309,47736.97636,11708.60399,10666.30565,9268640.242,41825.89654
2012-06-20,6.693551056,62088644.92,1.37148675,48528.24515,9116.418571,7608.763098,9275890.241,43333.55201
2012-06-21,6.672262504,61936546.02,1.36507314,45371.38503,10903.79489,7923.244474,9282690.24,46314.10243
2012-06-22,6.563761698,60974656.59,1.340806,45289.95572,18075.01826,19238.91001,9289590.237,45150.21069
2012-06-23,6.447541689,59947890.15,1.31590739,52869.84185,9115.948217,6323.830707,9297790.234,47942.3282
2012-06-24,6.350494039,59087157.17,1.29595593,41595.73595,15322.78805,18098.26423,9304340.231,45166.85201
2012-06-25,6.31747363,58828568.58,1.28915512,48644.54695,13981.71163,8857.718352,9312040.228,50290.8453
2012-06-26,6.432860829,59950983.62,1.31046257,47924.81317,14134.63729,21125.74779,9319490.226,43299.73479
2012-06-27,6.615713402,61708994.41,1.34542168,53918.06422,21132.30322,15634.00215,9327640.22,48798.03586
2012-06-28,6.590064633,61514893.85,1.33892459,45141.94274,10811.86905,6346.979789,9334490.217,53262.92512
2012-06-29,6.658776757,62204895.54,1.35144702,48609.07033,9888.660146,16751.30552,9341790.213,46400.27975
2012-06-30,6.680427623,62451244.19,1.35478588,44090.82231,6798.394912,3818.0361,9348390.209,49380.63856
2012-07-01,6.626860092,61997524.71,1.3431952,47050.70666,7223.251792,8243.678636,9355490.209,48360.21171
2012-07-02,6.743478051,63139793.28,1.36464463,51250.43319,27017.76378,32571.0029,9363090.204,42806.9726
2012-07-03,6.449992403,60443460.61,1.30578732,51599.93923,9075.495147,15066.18291,9371090.202,36816.28484
2012-07-04,6.514835333,61099970.76,1.31743258,48861.265,13922.61309,10851.80638,9378590.192,39887.09155
2012-07-05,6.642398604,62344159.66,1.34189548,47825.26995,9047.149236,10229.60453,9385790.19,38704.63625
2012-07-06,6.672181189,62675402.13,1.34647254,51709.40422,11053.78516,11798.11199,9393540.185,37960.30942
2012-07-07,6.808273712,64010301.36,1.37465592,56508.67181,4421.915681,5558.011465,9401840.182,36824.21364
2012-07-08,6.796317688,63949884.55,1.37033073,51991.83031,9134.844868,5510.677701,9409490.181,40448.3808
2012-07-09,7.032395886,66228574.01,1.41488587,57314.02647,16996.32477,20740.73199,9417640.173,36703.97358
2012-07-10,7.178580036,67659123.05,1.45714854,53839.35027,10821.83794,9992.706768,9425140.169,37533.10476
2012-07-11,7.185147789,67769165.52,1.45509139,48140.49019,9248.83515,4181.648985,9431840.167,42600.29092
2012-07-12,7.55593565,71323046.87,1.52548031,56669.51738,10879.80987,10887.20259,9439340.166,42592.89821
2012-07-13,7.630921256,72093053.52,1.53494235,62192.00824,11368.61681,7628.068175,9447490.165,46333.44685
2012-07-14,7.580129178,71674215.81,1.53495281,61020.03988,6245.400208,3925.991208,9455540.153,48652.85585
2012-07-15,7.62723486,72173016.1,1.54252702,53390.64402,9094.278293,7912.921983,9462540.151,49834.21216
2012-07-16,8.493405677,80432892.75,1.70367355,63700.54258,15059.58853,17421.57455,9470040.147,47472.22614
2012-07-17,8.751984855,82956914.99,1.73352208,75267.06975,18194.72146,18069.24784,9478640.144,47597.69976
2012-07-18,9.095192686,86280546.21,1.79066623,70487.74332,19541.28985,15686.83922,9486390.138,51452.15039
2012-07-19,8.879533414,84294655.01,1.73994899,59936.85054,12315.32936,7918.046656,9493140.133,55849.43309
2012-07-20,8.532450679,81062890.09,1.67043972,63140.13503,11601.56734,15084.86446,9500540.131,52366.13597
2012-07-21,8.875645841,84386002.75,1.73068675,62573.30318,6205.061948,8558.527908,9507590.125,50012.67001
2012-07-22,8.506562544,80942835.88,1.65722469,65925.85972,14248.7401,5132.690669,9515340.122,59128.71944
2012-07-23,8.531211269,81237521.89,1.65967218,60145.03945,10183.12102,18736.82604,9522390.119,50575.01441
2012-07-24,8.574585171,81719570.5,1.66485314,69025.41062,11340.38979,10293.20762,9530440.117,51622.19658
2012-07-25,8.769347273,83645893.81,1.69811126,70154.77818,8607.456929,10869.36506,9538440.115,49360.28845
2012-07-26,8.875765046,84735953.54,1.71150143,75000.21464,5324.246205,6124.683983,9546890.11,48559.85067
2012-07-27,8.891459894,84964924.5,1.71018114,79133.99306,4908.807283,7245.750797,9555790.107,46222.90716
2012-07-28,8.842560894,84565301.47,1.69715731,67645.59084,6393.120502,3496.258478,9563440.103,49119.76918
2012-07-29,8.747680659,83730525.75,1.67503455,72605.74947,4109.994101,3803.425096,9571740.1,49426.33819
2012-07-30,9.088317249,87070987.82,1.73507837,79977.19179,10775.79357,17931.8725,9580540.097,42270.25926
2012-07-31,9.320998402,89360785.42,1.77024687,60586.48961,12712.86176,16297.32051,9587040.096,38685.80051
2012-08-01,9.568020904,91793105.78,1.80931121,64105.74006,12495.08623,11053.44466,9593740.096,40127.44209
2012-08-02,10.5510397,101310978.6,1.9719365,87046.07749,15927.94601,13730.33171,9601990.094,42325.05639
2012-08-03,10.91586475,104902443.6,2.02602743,88418.50445,9006.222558,8855.64077,9610090.091,42475.63818
2012-08-04,10.91971488,105024617.5,2.01583662,85173.77607,7171.480036,4551.277807,9617890.089,45095.84041
2012-08-05,10.80511738,103997526.9,1.9855767,75095.56577,10258.35442,10111.92329,9624840.088,45242.27154
2012-08-06,10.8694465,104692770.5,1.98923564,76086.12551,5227.30747,6546.54927,9631840.084,43923.02974
2012-08-07,10.94127944,105474372.4,1.99677645,89718.49141,7952.898755,8045.014286,9640040.082,43830.91421
2012-08-08,11.0703916,106810902.9,2.00790333,91884.25025,8181.841164,5378.964088,9648340.079,46633.79129
2012-08-09,11.10372474,107226894.1,2.00671418,94381.66032,11472.47284,9132.00161,9656840.076,48974.26251
2012-08-10,11.4475688,110636632.2,2.06026781,89291.03668,7746.765991,10614.16407,9664640.071,46106.86443
2012-08-11,11.54253553,111651408.6,2.07039383,96957.29843,4675.510266,4225.823289,9673040.066,46556.55141
2012-08-12,11.59255239,112227384.5,2.0737898,92160.7915,3260.53789,2264.272017,9680990.062,47552.81728
2012-08-13,11.98496299,116122187.3,2.13114399,95879.70392,11372.51963,8822.047772,9688990.061,50103.28914
2012-08-14,12.18709748,118176335.1,2.1544732,95668.71523,9519.159801,6533.202979,9696840.061,53089.24596
2012-08-15,13.17007735,127818103.8,2.30814027,109970.1459,7520.993142,7048.584899,9705190.056,53561.6542
2012-08-16,13.45079082,130646052.4,2.33572798,103571.0893,8953.896168,8770.037115,9712890.055,53745.51325
2012-08-17,12.07700554,117385958.4,2.0858717,83331.33824,18659.5878,8288.543241,9719790.054,64116.55781
2012-08-18,11.57750716,112618349.2,1.97544904,87410.17909,8980.027882,9521.615374,9727340.054,63574.97032
2012-08-19,7.830621842,76242380.12,1.36686681,71258.65876,13902.80075,9633.390461,9736440.051,67844.38061
2012-08-20,9.979876649,97255295.61,1.71866113,86824.92684,11822.72176,17744.3078,9745140.049,61922.79458
2012-08-21,9.902982018,96591607.45,1.70425191,85660.79446,9951.578052,9350.401505,9753790.048,62523.97112
2012-08-22,9.772554579,95395671.51,1.67933753,76225.92571,12710.78535,10657.11698,9761590.047,64577.6395
2012-08-23,10.08865743,98564569.32,1.72984273,83231.42377,6863.63927,5546.377952,9769840.045,65894.90082
2012-08-24,10.59404259,103580497.5,1.80794118,78395.9152,7484.361851,7321.900581,9777240.045,66057.36209
2012-08-25,10.58367667,103552174.7,1.80118006,73027.36903,2714.504419,2966.519388,9784140.044,65805.34712
2012-08-26,10.54553074,103273332.1,1.7917826,94382.50014,3778.081209,4543.567454,9793090.042,65039.86087
2012-08-27,10.90038008,106827431.4,1.83189532,79027.75558,9566.95756,7079.627191,9800340.04,67527.19124
2012-08-28,10.93295853,107229255.1,1.83040885,82543.83693,9734.002685,11909.40878,9807890.038,65351.78515
2012-08-29,10.8677839,106681318.8,1.81697118,91289.38478,7286.852245,8936.029678,9816290.035,63702.60772
2012-08-30,10.72774884,105389297.6,1.79273795,82603.66606,8644.324436,4340.679537,9823990.029,68006.25261
2012-08-31,10.10240982,99316690.2,1.67505198,70716.86874,7210.688762,6303.82564,9830990.028,68913.11574
2012-09-01,10.00653294,98454678.08,1.66090374,80552.59015,3820.298946,4172.80448,9839040.025,68560.6102
2012-09-02,10.2261162,100699020.7,1.69521665,83854.15285,3791.330885,4646.242983,9847240.018,67705.69811
2012-09-03,10.49713431,103450203.5,1.73716742,82402.50433,5046.565909,4397.556769,9855090.014,68354.70725
2012-09-04,10.36400189,102217456.2,1.71209367,79284.61449,6193.886988,6525.50347,9862740.013,68023.09077
2012-09-05,11.02552288,108841095.3,1.81269181,99229.70591,6490.556575,7213.62461,9871740.01,67300.02273
2012-09-06,11.16076902,110271634.6,1.82965166,95424.57508,12359.22554,7711.139775,9880290.007,71948.1085
2012-09-07,11.07612234,109528340.2,1.81354854,93039.42763,5437.545694,6764.727093,9888690.005,70620.9271
2012-09-08,11.04327003,109283537.7,1.80523977,80063.70774,6115.449726,6962.167104,9895940,69774.20972
2012-09-09,11.06209549,109557776.9,1.8034734,87943.65917,3211.512011,5210.954562,9903889.996,67774.76717
2012-09-10,11.1252888,110267076.1,1.78632149,83439.66604,6400.319312,6218.329812,9911389.994,67956.75667
2012-09-11,11.26809296,111764157.4,1.80560418,81693.67393,11887.24362,12906.76814,9918639.992,66937.23214
2012-09-12,11.31528591,112319940.8,1.80894872,87693.46579,9165.785272,6302.847621,9926389.991,69800.16979
2012-09-13,11.38029929,113039260.9,1.81613397,73971.94538,7897.364526,6958.79584,9932889.99,70738.73848
2012-09-14,11.73010762,116608882.5,1.86613678,95013.87174,6699.083526,6635.456976,9940989.99,70802.36503
2012-09-15,11.71839342,116576804.1,1.85833105,84372.43259,3585.387418,3878.296696,9948189.99,70509.45575
2012-09-16,11.88691122,118348940.9,1.87885659,95689.63535,6239.986124,7813.255112,9956239.987,68936.18676
2012-09-17,11.90831716,118662093.3,1.87699904,100029.8641,10449.02959,7954.733602,9964639.986,71430.48276
2012-09-18,12.25965084,122265375,1.92401948,102368.0845,11627.55928,12212.83586,9972989.985,70845.20618
2012-09-19,12.5048541,124798943.9,1.9513395,88159.22139,13637.58026,9616.691863,9980039.984,74866.09458
2012-09-20,12.36717665,123518908,1.91810213,93990.54253,6503.35246,8361.368488,9987639.984,73008.07855
2012-09-21,12.33365784,123288353.6,1.90624657,104219.4087,7012.943037,13841.63734,9996089.984,66179.38425
2012-09-22,12.21372763,122185398.1,1.88391087,95877.76186,4989.696347,3477.362045,10003939.98,67691.71855
2012-09-23,12.16546303,121798669.1,1.87373566,96107.15791,4236.369004,4381.783743,10011839.98,67546.30381
2012-09-24,12.11358872,121371980.8,1.86187643,92668.95368,12922.87433,14342.05117,10019489.98,66127.12697
2012-09-25,12.18240539,122146156.5,1.86751446,84667.71749,8392.683803,8016.311572,10026439.98,66503.4992
2012-09-26,12.31981686,123610143.1,1.88332202,86238.71802,6353.703897,7158.073553,10033439.98,65699.12955
2012-09-27,12.3187514,123698618.8,1.87790927,99165.94878,8888.774811,7860.533049,10041489.98,66727.37131
2012-09-28,12.38145739,124426093.9,1.87920326,97813.51338,8005.56779,8336.052483,10049389.98,66396.88662
2012-09-29,12.40475151,124764385.4,1.87778161,104199.9126,5101.467339,4663.066102,10057789.98,66835.28785
2012-09-30,12.39162247,124730849.8,1.87229802,98513.39866,5080.160732,4451.896941,10065739.98,67463.55164
2012-10-01,12.38939516,124789580.8,1.8688831,81150.5383,12115.48195,14188.3804,10072289.98,65390.65319
2012-10-02,12.8072381,129091708.8,1.9232089,93492.8381,15639.5158,14681.50437,10079589.98,66348.66462
2012-10-03,12.95543049,130671581,1.93693159,86153.61279,17399.41888,18122.47377,10086239.98,65625.60973
2012-10-04,12.86238578,129817358.3,1.91743612,84248.62685,20566.79824,11873.01051,10092789.98,74319.39746
2012-10-05,12.75221942,128792187.5,1.8990167,86715.09205,11270.72941,9391.626308,10099589.98,76198.50055
2012-10-06,12.50512971,126393597.5,1.86118784,96914.75528,5582.162856,5962.767543,10107339.98,75817.89587
2012-10-07,11.87399709,120088738,1.76871725,74212.48178,18410.71333,7818.241075,10113589.98,86410.36813
2012-10-08,11.73332975,118770512.8,1.74493179,104426.6348,13836.41941,22350.7356,10122489.98,77896.05194
2012-10-09,11.82866344,119819510.6,1.7595105,83983.51039,8520.919871,10093.15454,10129589.98,76323.81726
2012-10-10,12.10918848,122751327.7,1.79846745,90213.45416,13626.43976,10578.63056,10137039.98,79371.62646
2012-10-11,12.06755181,122412521.2,1.79078273,83266.10748,10365.89101,9528.083616,10143939.98,80209.43386
2012-10-12,12.02806816,122101610.6,1.7833828,89609.10783,11063.43776,12730.65978,10151389.98,78542.21184
2012-10-13,11.92680383,121161895.2,1.76778643,88258.34834,11943.30107,12445.54988,10158789.98,78039.96302
2012-10-14,11.65057796,118429755.8,1.72624831,73981.17005,5747.775561,4001.5758,10165139.98,79786.16278
2012-10-15,11.90830953,121150258.4,1.76179327,100625.2155,7301.065474,6354.776515,10173589.98,80732.45174
2012-10-16,11.84801807,120628700,1.7507955,91822.14003,8702.138763,10731.12398,10181339.98,78703.46653
2012-10-17,11.91938816,121439970.8,1.7561613,84627.65594,8255.859528,17251.80817,10188439.98,69707.51789
2012-10-18,11.92593284,121600269.5,1.75473806,93618.57283,11087.22425,7152.164016,10196289.98,73642.57812
2012-10-19,11.7574858,119962097.6,1.72901826,79363.02913,10111.23927,10974.59542,10203039.98,72779.22197
2012-10-20,11.69437755,119410587.2,1.71932352,92385.58266,7293.29439,7295.762856,10210939.98,72776.75351
2012-10-21,11.65741141,119126970.2,1.70878321,93842.16182,7580.92631,7782.533667,10218989.97,72575.14615
2012-10-22,11.74107791,120074124.9,1.71974123,92167.46162,15690.07188,16247.25799,10226839.97,72017.96004
2012-10-23,11.70778173,119809710.7,1.71372613,76100.58124,14477.35892,10377.43721,10233339.97,76117.88175
2012-10-24,11.63435239,119152521.5,1.70097555,94238.25433,9768.800468,11961.82931,10241439.97,73924.85291
2012-10-25,10.75362982,110209542.7,1.57445232,76888.45322,21098.63183,21369.92943,10248589.97,73653.5553
2012-10-26,10.13061949,103908142.9,1.4868804,83577.61082,14445.28727,14666.08989,10256839.96,73432.75269
2012-10-27,10.4581863,107359452.3,1.53614064,91509.13009,6261.589266,4901.020583,10265589.96,74793.32137
2012-10-28,10.70996208,110032971.9,1.57242952,88892.6853,4585.807364,10789.20451,10273889.96,68589.92422
2012-10-29,10.63073898,109303025.3,1.56040388,83982.83791,8810.472732,10114.58206,10281789.96,67285.8149
2012-10-30,10.85932306,111730923,1.59285398,77644.15987,8495.359767,11297.32844,10288939.96,64483.84622
2012-10-31,11.14607184,114761515.6,1.63149593,80251.71723,9354.721483,7188.090982,10296139.96,66650.47672
2012-11-01,10.61353575,109351152.3,1.5558671,72702.71989,8340.34482,10119.30817,10302989.96,64871.51337
2012-11-02,10.53050364,108570966.3,1.5453108,75293.10102,12442.42895,11533.43364,10310139.96,65780.50868
2012-11-03,10.65074702,109888442.9,1.56238365,77750.45324,5654.859401,4877.966171,10317439.96,66557.40191
2012-11-04,10.79688289,111480946.5,1.58109304,84755.53071,11818.06758,10978.06464,10325289.96,67397.40485
2012-11-05,10.74082074,110988015,1.57225848,85926.56588,18401.84939,14717.33339,10333289.95,71081.92085
2012-11-06,10.8681975,112377596.4,1.58971981,73360.33312,10038.19728,9102.779264,10340039.95,72017.33887
2012-11-07,10.95409894,113351810.4,1.60010198,85989.67671,15789.59866,13677.94965,10347889.95,74128.98788
2012-11-08,10.89269937,112800328.2,1.5902082,83873.78516,12950.54798,19075.586,10355589.95,68003.94986
2012-11-09,10.81586722,112086886.5,1.57844306,82200.59086,10866.14698,8569.417703,10363189.95,70300.67914
2012-11-10,10.86326044,112656246.9,1.5845781,78215.47519,7907.478677,9184.708237,10370389.95,69023.44958
2012-11-11,10.84184064,112513802.7,1.58025646,79687.5287,12761.38974,14457.48291,10377739.95,67327.35641
2012-11-12,11.03134246,114553210.2,1.60489338,72806.8602,10822.39315,10872.88962,10384339.95,67276.85994
2012-11-13,10.99800278,114283985.6,1.59806012,76986.01945,7266.404887,7977.26806,10391339.95,66565.99677
2012-11-14,10.95895242,113956556.6,1.59128731,78356.50979,8650.900436,6772.272656,10398489.95,68444.62455
2012-11-15,11.17510986,116280258.3,1.62005507,75990.74704,6563.462071,10287.82702,10405289.95,64720.2596
2012-11-16,11.70504483,121879246.9,1.68971657,84861.57502,16687.25504,13545.69378,10412539.95,67861.82086
2012-11-17,11.7500424,122430036.2,1.69344447,82250.29679,7235.548564,4825.190398,10419539.95,70272.17903
2012-11-18,11.66563103,121635667.7,1.67867627,85159.10653,8335.264255,6585.388124,10426839.95,72022.05516
2012-11-19,11.75052935,122606667.7,1.6880353,85778.86426,11489.61894,12302.86253,10434139.95,71208.81157
2012-11-20,11.69917032,122156769.2,1.67898029,85988.90183,9056.651851,8351.95606,10441489.94,71913.50736
2012-11-21,11.72913518,122558788.4,1.68083489,89141.42734,8303.670408,8490.745736,10449089.94,71726.43203
2012-11-22,12.29199795,128528694.5,1.75627213,88502.38521,19310.48923,15119.98206,10456289.94,75916.9392
2012-11-23,12.28028762,128506332.3,1.74998238,100084.3441,8734.553623,11037.73025,10464439.94,73613.76257
2012-11-24,12.4132044,129990951.6,1.76602085,93719.69322,7748.857624,7554.261387,10471989.94,73808.35881
2012-11-25,12.52968949,131302249.1,1.77806828,91466.73328,5455.331697,4954.313576,10479289.94,74309.37693
2012-11-26,12.18462624,127781880.5,1.72578205,95649.31598,10435.17851,14255.94405,10487139.94,70488.61138
2012-11-27,12.15927538,127606001.2,1.72025602,89978.63785,14590.92052,13938.28729,10494539.94,71141.24461
2012-11-28,12.33165983,129501418.2,1.74127299,86321.61879,9723.022611,12136.46271,10501539.94,68727.8045
2012-11-29,12.49766165,131296558.3,1.76192076,51865.29586,12709.10339,13919.39745,10505689.94,67517.51045
2012-11-30,12.58613893,132265404.8,1.77041545,39331.68415,10728.87996,12562.18833,10508814.94,65684.20207
2012-12-01,12.59238687,132383636.5,1.76938314,52573.21518,5912.686436,5404.149278,10512989.94,66192.73923
2012-12-02,12.49794476,131435447.7,1.75501044,44680.1525,6202.788274,4546.609589,10516564.94,67848.91791
2012-12-03,12.65695784,133154233.4,1.77399667,46514.32005,12008.846,11258.9588,10520239.94,68598.80512
2012-12-04,13.36958958,140688725.1,1.85774266,37434.85083,13653.6918,16660.67396,10523039.94,65591.82295
2012-12-05,13.31275022,140131206.2,1.84294645,40603.88818,11859.43869,14336.30815,10526089.94,63114.9535
2012-12-06,13.47792454,141916007.8,1.8612199,46161.89155,11454.39902,7444.072505,10529514.94,67125.28002
2012-12-07,13.47728245,141952711.1,1.8543992,43464.2359,17076.25872,18091.42254,10532739.94,66110.11619
2012-12-08,13.49998441,142238399.9,1.85513901,46574.94621,5493.474326,4971.318371,10536189.94,66632.27215
2012-12-09,13.34651089,140663415.2,1.83087828,42041.50931,4849.55588,4292.024498,10539339.94,67189.80353
2012-12-10,13.49225658,142247713.4,1.84712224,48234.81728,9075.934328,9636.781595,10542914.93,66628.95626
2012-12-11,13.61541567,143595184.6,1.85959868,49015.4964,10669.38047,7846.023599,10546514.93,69452.31313
2012-12-12,13.66821364,144196441,1.86112478,44421.69434,9004.675872,11008.23655,10549764.93,67448.75246
2012-12-13,13.75525152,145159718.6,1.86515926,45048.44873,11945.60947,9248.767315,10553039.93,70145.59461
2012-12-14,13.60092225,143567118.1,1.84173767,36042.44397,12877.76703,13491.48632,10555689.93,69531.87532
2012-12-15,13.53094829,142867734.4,1.83124675,39239.75004,6993.059985,7608.930155,10558589.93,68916.00515
2012-12-16,13.33286108,140813211.4,1.80326306,36998.68949,3883.598598,5978.636904,10561364.93,66820.96684
2012-12-17,13.32007195,140722763,1.80108367,44622.24104,12894.65368,11753.58256,10564714.93,67962.03795
2012-12-18,13.27203387,140256729.5,1.79259699,41475.10584,11224.18767,10616.09917,10567839.93,68570.12646
2012-12-19,13.53854318,143121219,1.82412757,48061.82829,20415.22144,26992.06842,10571389.93,61993.27948
2012-12-20,13.57002703,143490007.6,1.82505515,35960.57162,11126.10587,10003.56815,10574039.93,63115.8172
2012-12-21,13.428968,142040745.1,1.80384887,42301.24921,10820.68876,10202.74447,10577189.93,63733.76148
2012-12-22,13.42721391,142073550.8,1.80284753,51359.09322,5185.079455,5321.112414,10581014.93,63597.72853
2012-12-23,13.31810576,140959696,1.78784107,40620.22256,5488.614135,4236.611822,10584064.93,64849.73084
2012-12-24,13.42666267,142152977.4,1.80152292,44307.98682,7542.897458,5558.865305,10587364.93,66833.76299
2012-12-25,13.365567,141547568.6,1.79274659,41433.25771,4774.714993,3597.343974,10590464.93,68011.13401
2012-12-26,13.45469902,142543318.6,1.80324201,51800.59122,4590.123496,5094.222146,10594314.92,67507.03536
2012-12-27,13.39930318,142008695,1.79484765,52257.28241,9322.096648,8806.549017,10598214.92,68022.58299
2012-12-28,13.45550722,142661206.9,1.80018039,56849.51801,8148.112141,11985.57257,10602439.92,64185.12256
2012-12-29,13.37400386,141845218.8,1.78895887,48146.4139,4591.595189,3402.418475,10606039.92,65374.29928
2012-12-30,13.4450138,142654149.8,1.79682629,55796.80727,6793.698406,5652.043283,10610189.92,66515.9544
2012-12-31,13.54555244,143774388.9,1.80428719,53504.93215,8275.804407,4640.166477,10614139.91,70151.59233
2013-01-01,13.33137142,141555033.5,1.77533304,53992.05426,2033.980138,3983.746715,10618189.91,68201.82575
2013-01-02,13.28060681,141066803.6,1.7682754,50798.32106,6243.882591,7134.665977,10622014.91,67311.04237
2013-01-03,13.38408115,142220115,1.78037669,54205.52865,7377.509728,7219.136297,10626064.91,67469.4158
2013-01-04,13.45172115,142990314.8,1.78670376,51452.8334,7802.448943,6694.011508,10629889.9,68577.85323
2013-01-05,13.45940677,143119456.5,1.78641402,47444.40885,11249.12137,7447.221584,10633414.9,72379.75301
2013-01-06,13.50449651,143647868.2,1.79112313,48953.79984,3970.562047,9086.256273,10637039.9,67264.05879
2013-01-07,13.55606166,144253304.2,1.79609055,56935.45896,12342.29014,9189.968421,10641239.9,70416.38051
2013-01-08,13.78035063,146685836.6,1.82064961,45819.66585,10756.25392,13431.23536,10644564.9,67741.39907
2013-01-09,13.82095526,147162973.3,1.82378518,44918.10458,6714.152403,7605.82629,10647814.9,66849.72518
2013-01-10,14.12317286,150432833,1.85730887,51902.66024,10166.19574,7696.706961,10651489.89,69319.21396
2013-01-11,14.22762112,151586978.4,1.86676138,41615.79178,9628.780804,8645.360581,10654414.89,70302.63419
2013-01-12,14.21428566,151488250.4,1.86299654,43353.57125,5293.913643,4682.883322,10657464.89,70913.66451
2013-01-13,14.16078827,150965188.4,1.85333941,47084.62099,7824.360376,6578.244915,10660789.89,72159.77997
2013-01-14,14.31797032,152697071.3,1.87068729,56198.03351,8154.794488,11008.52433,10664714.89,69306.05013
2013-01-15,14.31363775,152694164.4,1.86625363,43298.7542,11797.24317,11249.69911,10667739.89,69853.59419
2013-01-16,14.70781405,156947302.7,1.91141576,48168.09101,9235.957716,14920.10833,10671014.89,64169.44357
2013-01-17,15.59859974,166496176.1,2.0121271,43286.11428,16031.4274,10980.94485,10673789.89,69219.92611
2013-01-18,15.71579112,167794592.6,2.01889919,47540.26815,22719.78249,14409.96188,10676814.88,77529.74672
2013-01-19,15.5881264,166491554.2,1.99859889,60014.28664,5127.982329,6199.353733,10680664.88,76458.37531
2013-01-20,15.71959214,167946784.4,2.01174993,51088.67445,9247.417815,7976.37463,10683914.88,77729.4185
2013-01-21,16.78101952,179342361.5,2.13015937,55377.36442,19739.50008,21092.42733,10687214.88,76376.49125
2013-01-22,17.30017884,184953009.3,2.1703499,62280.64382,14976.17043,12222.33813,10690814.88,79130.32355
2013-01-23,17.53639542,187533596.7,2.18559134,55239.64558,13691.22821,12901.03262,10693964.87,79920.51914
2013-01-24,16.90108607,180805535,2.09953529,65914.23568,21538.96767,20218.72969,10697864.87,81240.75713
2013-01-25,17.40720203,186279514.7,2.15223509,59619.66695,12476.12377,12942.58705,10701289.87,80774.29385
2013-01-26,17.55362918,187914933.2,2.16087068,68459.15379,4863.173052,8869.90524,10705189.87,76767.56166
2013-01-27,17.86462801,191311673.7,2.18079976,67438.97076,6682.415176,6395.085186,10708964.86,77054.89165
2013-01-28,18.79426487,201336191.1,2.27526587,69068.92341,10235.49735,8745.796504,10712639.86,78544.5925
2013-01-29,19.51471419,209131188.2,2.32416991,77083.12104,17302.38178,14714.62841,10716589.86,81132.34586
2013-01-30,19.73744669,211593616.7,2.32557517,75495.73358,11017.8508,9038.832853,10720414.86,83111.3638
2013-01-31,20.51164303,219992291.3,2.38254625,98968.67762,16184.57223,10175.59461,10725239.85,89120.34142
2013-02-01,20.44309196,219332192.9,2.33077644,75128.36294,13960.77789,13522.06767,10728914.85,89559.05164
2013-02-02,19.63590171,210747024.7,2.2350697,75107.32402,10895.96636,9245.56088,10732739.85,91209.45712
2013-02-03,20.57893968,220964098.1,2.32891208,95692.06953,6062.10561,10031.56986,10737389.85,87239.99286
2013-02-04,20.44048796,219561293.9,2.30317042,83806.00064,9467.226571,11395.94676,10741489.85,85311.27267
2013-02-05,20.65934473,221998394.4,2.31494333,86252.76424,7557.138102,8013.539572,10745664.85,84854.8712
2013-02-06,21.20856553,227977548.3,2.36137756,77411.26419,10389.40568,19083.04863,10749314.85,76161.22825
2013-02-07,22.11776518,237835975,2.44320117,85153.39594,9546.275972,8176.142891,10753164.84,77531.36133
2013-02-08,22.78736505,245122315,2.48951622,86022.30306,10613.233,12011.35858,10756939.84,76133.23575
2013-02-09,23.73386015,255388554.5,2.57029343,84848.55005,9450.109386,4958.578676,10760514.84,80624.76646
2013-02-10,23.90028936,257275617,2.57573299,96198.66466,5728.628446,5804.500723,10764539.84,80548.89418
2013-02-11,24.49727269,263799244.6,2.61956557,97376.65896,12051.69351,17004.13223,10768514.84,75596.45546
2013-02-12,24.97973641,269081466.8,2.64695645,86804.58402,17107.03647,11575.50071,10771989.84,81127.99123
2013-02-13,24.64165093,265544956.5,2.58643345,105343.0577,13819.31524,10491.37055,10776264.84,84455.93591
2013-02-14,27.28238982,294105249.1,2.81731895,102991.0216,13880.71152,17933.68072,10780039.84,80402.96671
2013-02-15,27.17126923,293028956,2.76388477,121591.4298,10593.70301,11411.90781,10784514.83,79584.76191
2013-02-16,27.34616356,295044317.2,2.75541364,129210.6228,9013.669004,7947.964071,10789239.83,80650.46684
2013-02-17,26.92725138,290651131.1,2.69341809,126558.0815,11870.13521,7376.011115,10793939.83,85144.59094
2013-02-18,26.92886764,290776965.6,2.67527962,108388.6922,12062.8566,8701.946115,10797964.83,88505.50143
2013-02-19,29.41362438,317724200.6,2.87905367,116919.1569,13522.86149,13354.85917,10801939.83,88673.50375
2013-02-20,29.81980723,322255643.8,2.88625353,143880.5699,8214.236917,9947.907517,10806764.82,86939.83315
2013-02-21,29.81806892,322368057.7,2.8644687,131199.5032,14215.4752,14193.99584,10811164.82,86961.31251
2013-02-22,30.47265653,329574421.1,2.89510636,129508.7903,12999.27544,18713.09697,10815414.82,81247.49098
2013-02-23,29.80645455,322491376.8,2.81513609,122206.4636,10699.75814,8990.126899,10819514.82,82957.12222
2013-02-24,29.88284849,323434465.3,2.78872419,116543.1091,9460.387706,9810.072724,10823414.82,82607.4372
2013-02-25,30.35203309,328667440.2,2.77552491,154795.3688,8563.041277,9823.412939,10828514.82,81347.06554
2013-02-26,31.15553735,337497493.4,2.82058485,129295.48,11487.4317,10888.33452,10832664.82,81946.16272
2013-02-27,31.24026108,338566011.4,2.81550442,150734.2597,10206.6445,12130.11655,10837489.82,80022.69067
2013-02-28,33.37529394,361844584.4,2.93242114,140176.2345,20531.5849,13684.79178,10841689.82,86869.48378
2013-03-01,34.60625703,375321808.2,2.99916694,131503.7767,12001.5537,6928.664512,10845489.82,91942.37297
2013-03-02,34.14351592,370426924.4,2.94238341,123770.2452,8368.739583,5965.421746,10849114.81,94345.69081
2013-03-03,34.45174048,373909556.3,2.95351788,138668.2555,4553.356027,4357.253938,10853139.81,94541.7929
2013-03-04,36.37626525,394959476.4,3.07990408,162783.787,15120.31408,15801.7792,10857614.81,93860.32777
2013-03-05,40.67295399,441752606.2,3.34059331,141338.5151,20448.77963,18912.85572,10861089.81,95396.25168
2013-03-06,43.28499619,470289960.4,3.41073072,167729.3602,27197.39526,12749.25537,10864964.81,109844.3916
2013-03-07,41.94744072,455925257.1,3.24461202,167789.7629,23331.75985,21921.96127,10868964.81,111254.1901
2013-03-08,43.90292891,477355001.2,3.35334641,175611.7157,9508.767519,15341.61965,10872964.81,105421.338
2013-03-09,46.88858661,510016056.6,3.50857536,198104.2784,8998.516637,7492.879454,10877189.81,106926.9752
2013-03-10,46.06603846,501279796.3,3.41442475,210752.126,8858.916633,9971.753735,10881764.81,105814.1381
2013-03-11,48.27507458,525515935.6,3.52669627,197927.8058,13431.47482,16879.49373,10885864.81,102366.1192
2013-03-12,44.41354526,483629745.1,3.21775227,149895.7152,18611.58813,13645.85435,10889239.81,107331.853
2013-03-13,47.01619085,512155115.7,3.35448171,184538.5491,18004.43572,20183.02394,10893164.81,105153.2647
2013-03-14,46.92556255,511377878.6,3.31080577,209991.8924,17188.25702,15634.4524,10897639.81,106707.0694
2013-03-15,46.90251725,511328419.9,3.27320999,201680.8242,11218.55264,11726.87778,10901939.81,106198.7442
2013-03-16,47.1570157,514309258.6,3.26643484,206311.9437,8228.390129,7833.976174,10906314.81,106593.1582
2013-03-17,47.33349978,516481367.2,3.25507816,247317.5364,6990.120424,6517.262774,10911539.81,107066.0158
2013-03-18,51.36543639,560719989.8,3.46957223,243985.8229,13355.67743,14999.60212,10916289.81,105422.0911
2013-03-19,59.49860111,649756842,3.86035942,252869.0547,26315.1857,25693.34805,10920539.81,106043.9288
2013-03-20,63.6874855,695837672.2,4.00566845,335951.486,20582.0924,16450.77321,10925814.81,110175.248
2013-03-21,70.91752501,775218245.4,4.23461019,386500.5113,28117.94367,23984.39272,10931264.81,114308.7989
2013-03-22,69.84608454,763905914.7,4.05568242,399868.834,17100.21209,13174.32832,10936989.81,118234.6827
2013-03-23,64.38311637,704506765.9,3.70672564,349278.4063,18855.13269,14391.92405,10942414.81,122697.8914
2013-03-24,71.69042421,784805096.6,4.02556381,338737.2544,9424.035647,8794.717231,10947139.81,123327.2098
2013-03-25,74.31408925,813794255.4,4.02378239,267530.7213,13813.67237,15823.88404,10950739.81,121316.9981
2013-03-26,78.61419743,861180389.8,4.15075356,296768.5953,17413.20091,12355.40506,10954514.81,126374.7939
2013-03-27,88.85207991,973622415.7,4.49610198,290990.5617,14191.77417,19619.23309,10957789.81,120947.335
2013-03-28,87.67317396,961105316.8,4.28052357,401104.7709,24463.60008,17356.95993,10962364.81,128053.9752
2013-03-29,90.29569936,990247183.1,4.30087359,392786.2922,19118.94481,16329.05771,10966714.81,130843.8623
2013-03-30,92.18995999,1011419721,4.24924608,398721.5769,9860.150518,11449.28052,10971039.81,129254.7323
2013-03-31,93.89923842,1030569007,4.26532297,396724.2823,8779.344235,9429.782101,10975264.81,128604.2944
2013-04-01,103.5803469,1137334459,4.45266486,512722.7172,24348.90534,20073.13244,10980214.81,132880.0673
2013-04-02,116.6799442,1281698828,4.75336825,527976.7477,42100.0883,47796.89013,10984739.81,127183.2655
2013-04-03,131.3848094,1443802754,4.85046378,574808.541,42321.14139,45039.98042,10989114.81,124464.4264
2013-04-04,133.0071205,1462142594,4.73920513,512077.4138,21217.45983,25705.18504,10992964.81,119976.7012
2013-04-05,142.6260655,1568446691,4.71276367,563372.9587,28191.80767,19209.18193,10996914.81,128959.327
2013-04-06,143.081823,1574041676,4.6145611,583058.4286,23343.71838,30580.8572,11000989.81,121722.1881
2013-04-07,162.8522146,1792203246,5.04960835,667694.0798,16786.46062,17913.21275,11005089.81,120595.436
2013-04-08,186.3511618,2051533382,5.33290242,722110.7522,22671.88913,18442.83436,11008964.81,124824.4908
2013-04-09,230.6829967,2540595997,5.64074143,1015005.185,28148.08098,21772.39711,11013364.81,131200.1746
2013-04-10,161.1928897,1776045794,3.7993504,769696.0481,47034.42937,41053.66215,11018139.81,137180.9419
2013-04-11,82.90158504,913752860.3,2.09881888,331606.3402,64479.86825,52895.21486,11022139.81,148765.5952
2013-04-12,111.4763732,1229190267,2.84072926,482135.3141,41772.94245,48427.36823,11026464.46,142111.1695
2013-04-13,97.60907187,1076690514,2.50198944,407517.8751,24566.49479,21947.20583,11030639.81,144730.4584
2013-04-14,88.8614914,980538999.4,2.29456796,339895.2046,16732.63105,11272.59045,11034464.81,150190.499
2013-04-15,80.87469317,892740541.6,2.11528578,331586.242,43461.65237,23349.16583,11038564.81,170302.9856
2013-04-16,68.28313873,754050004.8,1.81094891,302152.8889,36958.00869,37613.56113,11042989.81,169647.4331
2013-04-17,92.86403691,1025893607,2.42321708,396993.7578,22933.77722,31330.91905,11047264.81,161250.2913
2013-04-18,108.6283451,1200445303,2.78425484,399209.1682,24699.30631,20138.52183,11050939.81,165811.0758
2013-04-19,119.0122832,1315605195,3.00006559,407617.0701,21861.90739,20247.97614,11054364.81,167425.007
2013-04-20,128.2082889,1417754798,3.18525555,493601.9122,10233.40878,15492.33318,11058214.81,162166.0826
2013-04-21,118.4832438,1310734487,2.91485166,521326.2725,14893.55199,18022.05916,11062614.81,159037.5755
2013-04-22,126.3142718,1397849285,3.07341776,483152.0895,13280.698,17011.90462,11066439.81,155306.3688
2013-04-23,142.1272181,1573439238,3.38292483,596934.3158,12903.94973,12002.2162,11070639.81,156208.1024
2013-04-24,154.1332778,1706978240,3.50996743,624239.7751,25458.30456,22792.97605,11074689.81,158873.4309
2013-04-25,141.0086593,1562233499,3.16156158,606337.2349,21161.75407,22262.40051,11078989.81,157772.7844
2013-04-26,137.2096004,1520730335,3.0583438,586571.0418,13661.68347,14796.14629,11083264.81,156638.3216
2013-04-27,128.2266696,1421641367,2.83739563,471233.0108,13906.92034,13866.37157,11086939.81,156678.8704
2013-04-28,134.6235696,1493159121,2.9627086,595709.2953,12638.85845,7715.655152,11091364.81,161602.0737
2013-04-29,143.8103782,1595678942,3.11966325,625575.1451,14711.6109,16035.47025,11095714.8,160278.2143
2013-04-30,139.1296475,1544261148,3.00006777,518257.9371,17926.57023,13899.65561,11099439.8,164305.129
2013-05-01,116.113801,1289236475,2.52047369,438329.5989,27730.8625,18835.05473,11103214.8,173200.9367
2013-05-02,106.3409847,1181083038,2.32100761,356242.2987,25816.07361,23707.5202,11106564.8,175309.4901
2013-05-03,96.31684027,1070079113,2.10886798,329885.1779,32792.8942,26552.65301,11109989.8,181549.7313
2013-05-04,112.4976364,1250294771,2.45598818,447178.1046,11448.54685,13093.10654,11113964.8,179905.1717
2013-05-05,116.4887158,1295132004,2.53233335,480515.9528,9301.126234,11319.59898,11118089.8,177886.6989
2013-05-06,112.1185962,1247009913,2.43394807,465292.1742,18633.25949,21819.79956,11122239.8,174700.1588
2013-05-07,111.6092129,1241813189,2.41884231,468758.6941,14869.34514,12299.55761,11126439.8,177269.9464
2013-05-08,113.1360619,1259268268,2.44959787,466686.2552,18305.11752,16844.4209,11130564.8,178730.643
2013-05-09,111.9745327,1246798888,2.42161822,459095.5841,8937.744356,9871.831662,11134664.8,177796.5557
2013-05-10,117.6910369,1310956318,2.54554421,506071.4586,19144.31955,19874.30822,11138964.8,177066.567
2013-05-11,115.4997777,1287073482,2.486801,525523.9884,9455.299979,8211.557908,11143514.8,178310.3091
2013-05-12,114.8856756,1280712746,2.46930854,482519.8374,7731.112913,9291.108717,11147714.8,176750.3133
2013-05-13,117.4044566,1309302109,2.5169175,510709.3864,9466.995511,9177.690515,11152064.8,177039.6183
2013-05-14,107.8655666,1203339071,2.31657619,415282.4313,18964.78666,16454.01613,11155914.8,179550.3888
2013-05-15,108.9868524,1216232219,2.33507149,384178.6548,19856.4786,15459.28848,11159439.8,183947.5789
2013-05-16,112.9178741,1260518014,2.41471463,417796.134,24074.99572,17924.34155,11163139.8,190098.2331
2013-05-17,117.284616,1309736636,2.50090692,472070.5795,15877.80701,13193.27511,11167164.8,192782.765
2013-05-18,118.1698767,1320062670,2.50453812,440182.7906,13038.82728,12332.1992,11170889.8,193489.3931
2013-05-19,117.0338802,1307829011,2.47744864,456432.1327,10095.59226,9268.382691,11174789.8,194316.6027
2013-05-20,117.8186365,1316978463,2.48938747,379965.1026,9156.146369,7063.59909,11178014.8,196409.1499
2013-05-21,117.2520409,1311087675,2.4741524,442626.4544,13206.05375,10465.2395,11181789.8,199149.9642
2013-05-22,118.9781736,1330852943,2.50485148,464014.877,13186.62599,12044.06277,11185689.8,200292.5274
2013-05-23,123.726156,1384500611,2.59511089,538208.7788,15262.03358,15257.61614,11190039.8,200296.9448
2013-05-24,128.9710807,1443736429,2.69072496,544902.8158,21183.75115,23795.77374,11194264.8,197684.9223
2013-05-25,128.8449153,1442855585,2.65472177,531485.2754,7257.668115,7122.594373,11198389.8,197819.996
2013-05-26,130.1586011,1458097148,2.67740913,530396.2995,7204.246323,6644.573033,11202464.8,198379.6693
2013-05-27,126.3929059,1416468209,2.59424673,556128.786,11111.52758,9974.07813,11206864.8,199517.1187
2013-05-28,125.9045953,1411493100,2.57846403,497323.1513,10395.10428,10593.52706,11210814.8,199318.696
2013-05-29,129.5648124,1453071289,2.63946924,544172.212,10791.7982,7691.915743,11215014.8,202418.5784
2013-05-30,126.5130684,1419412081,2.56977125,566145.981,10530.81679,10620.1481,11219489.8,202329.2471
2013-05-31,127.8164889,1434594991,2.58656508,559197.1389,8471.728662,13015.71717,11223864.8,197785.2586
2013-06-01,128.7911511,1446220280,2.59949225,685812.8795,8071.039863,5977.429272,11229189.8,199878.8692
2013-06-02,122.6267089,1377608658,2.47023042,610067.877,15147.02696,13891.98391,11234164.8,201133.9122
2013-06-03,122.9491879,1381886144,2.47098358,654704.4256,16082.13515,16859.03291,11239489.8,200357.0145
2013-06-04,120.1899687,1351513940,2.41037014,640011.5835,12474.58904,13902.88951,11244814.8,198928.714
2013-06-05,120.8699238,1359715911,2.41605705,556001.6497,10748.18513,9709.828769,11249414.8,199967.0703
2013-06-06,119.0539757,1339826276,2.36554851,538719.2399,9892.939216,14977.34507,11253939.8,194882.6645
2013-06-07,110.1977314,1240602182,2.19162685,443545.8691,22273.20501,15460.17791,11257964.8,201695.6916
2013-06-08,109.1785453,1229622254,2.17144932,494032.9177,12647.71243,9945.760274,11262489.8,204397.6437
2013-06-09,99.90360345,1125560432,1.98865953,397116.8237,23837.34864,21593.50255,11266464.8,206641.4898
2013-06-10,104.3575666,1176194807,2.07770045,453955.4148,11832.17747,12855.75163,11270814.8,205617.9157
2013-06-11,107.5075205,1212181137,2.13557988,483783.8421,9681.800757,10569.31925,11275314.8,204730.3972
2013-06-12,106.3781163,1199986618,2.11326913,539868.9403,12547.02335,13585.55233,11280389.8,203691.8682
2013-06-13,101.3238977,1143444219,2.01619261,471156.1244,14942.81865,14184.72812,11285039.8,204449.9587
2013-06-14,99.2132443,1120071871,1.97525553,446459.5994,12963.13249,11427.06134,11289539.8,205986.0299
2013-06-15,99.87503741,1127975170,1.98785838,431959.5368,7003.775939,9075.545463,11293864.8,203914.2604
2013-06-16,99.03835126,1118983802,1.97078129,458052.3746,11152.99947,8108.469405,11298489.8,206958.7904
2013-06-17,100.1263051,1131638995,1.99247389,362957.8559,7134.496656,9753.950447,11302114.8,204339.3366
2013-06-18,104.2891764,1179053256,2.07413684,365012.1173,13280.11891,11506.26958,11305614.8,206113.1859
2013-06-19,104.4171508,1180855104,2.07549068,355018.3127,9439.113202,9206.745119,11309014.8,206345.554
2013-06-20,104.3234997,1180197648,2.07320647,401645.4739,18537.44022,11845.65986,11312864.8,213037.3344
2013-06-21,101.4168574,1147741147,2.01650897,425950.8011,22429.27016,19003.74036,11317064.8,216462.8642
2013-06-22,100.0395085,1132593774,1.9886398,440173.8373,12085.04952,18851.0137,11321464.8,209696.9
2013-06-23,100.3147446,1136123648,1.99397986,413798.3214,10304.42174,10716.85629,11325589.8,209284.4655
2013-06-24,99.04568323,1122122201,1.96797679,371421.3121,20350.44137,20170.44863,11329339.8,209464.4582
2013-06-25,97.83278872,1108764901,1.94416036,383993.6957,14895.08539,14842.2049,11333264.8,209517.3387
2013-06-26,98.65170076,1118474983,1.95910003,429134.8983,9859.274039,9725.769387,11337614.8,209650.8433
2013-06-27,96.8039496,1097930048,1.92349796,404156.4896,18792.975,10957.28597,11341789.8,217486.5324
2013-06-28,89.42450672,1014611777,1.78128607,377818.5409,19205.14314,18489.46326,11346014.8,218202.2123
2013-06-29,88.79729106,1007870547,1.76821188,375168.5547,9824.54932,8142.967289,11350239.8,219883.7943
2013-06-30,89.48090766,1015972024,1.78301213,342264.4718,11948.47057,14752.98994,11354064.8,217079.2749
2013-07-01,82.86757013,941209016.6,1.65189371,325255.2128,37664.5955,29270.51121,11357989.8,225473.3592
2013-07-02,87.81646669,997754431.2,1.74762367,335897.9851,17748.91583,16211.86983,11361814.8,227010.4052
2013-07-03,77.6913308,883071892.5,1.55181119,357380.1217,28959.05778,23686.09325,11366414.8,232283.3697
2013-07-04,79.13487084,899806198.7,1.58276019,326431.3422,21111.34327,19203.02046,11370539.8,234191.6926
2013-07-05,67.44762385,767229523.1,1.36137275,313631.4509,37668.58861,18390.05096,11375189.8,253470.2302
2013-07-06,66.34168089,754959359.3,1.34844416,310147.3582,16555.91031,26809.2729,11379864.8,243216.8676
2013-07-07,72.10952237,820931924.9,1.46501861,335309.279,10156.91599,6329.608934,11384514.8,247044.1747
2013-07-08,73.98855377,842678930.7,1.50296907,355145.0581,15655.09522,15798.32059,11389314.8,246900.9493
2013-07-09,74.89191087,853313924.2,1.52222014,346375.0878,15010.99362,19482.96333,11393939.8,242428.9796
2013-07-10,85.01367914,969055184.2,1.71733658,414441.6858,29734.0453,22868.73331,11398814.8,249294.2916
2013-07-11,87.49754939,997748975.5,1.76516035,380614.3398,17658.91446,16128.21064,11403164.8,250824.9954
2013-07-12,90.04669871,1027164025,1.81083744,346679.79,27902.70061,26300.7031,11407014.8,252426.9929
2013-07-13,91.5925979,1045157621,1.83583015,359500.9467,15450.95636,12452.92873,11410939.8,255425.0205
2013-07-14,89.89226928,1026141810,1.80117415,386536.7579,8346.921048,11099.65438,11415239.8,252672.2872
2013-07-15,93.79615254,1071090138,1.87663807,384564.2254,23148.95101,16762.57605,11419339.8,259058.6622
2013-07-16,91.78103565,1048455136,1.83749352,376302.2462,16255.66119,13724.20465,11423439.8,261590.1187
2013-07-17,91.03135126,1040309906,1.8238974,418744.2158,14910.27729,11773.03871,11428039.8,264727.3573
2013-07-18,84.96172912,971287993.1,1.7072557,341970.9597,48863.47359,21186.56385,11432064.8,292404.267
2013-07-19,86.2387946,986256159.3,1.7344736,368670.8469,14986.6084,11215.98306,11436339.8,296174.8923
2013-07-20,84.91085915,971464273.6,1.70903901,394835.495,8232.323892,8261.37399,11440989.8,296145.8422
2013-07-21,85.66435026,980511137.9,1.72424963,426180.1426,6282.131532,8437.31549,11445964.8,293990.6583
2013-07-22,85.64902864,980689069.4,1.72449453,353302.2431,11384.22047,15174.06454,11450089.8,290200.8142
2013-07-23,86.97705669,996201704,1.75049177,306594.1248,17557.8466,13509.79279,11453614.8,294248.868
2013-07-24,88.15173057,1010006369,1.77287254,350403.129,14847.14495,15260.39051,11457589.8,293835.6224
2013-07-25,90.16609223,1033415205,1.81143598,329106.2366,11723.55821,11904.70325,11461239.8,293654.4774
2013-07-26,89.98398597,1031696976,1.80661592,368934.3425,12294.83242,13421.52676,11465339.8,292527.7831
2013-07-27,88.16527586,1011243794,1.76941732,398947.8733,7281.089508,8234.936598,11469864.8,291573.936
2013-07-28,92.7458422,1064171804,1.85884089,389532.5372,9616.349286,10660.74744,11474064.8,290529.5378
2013-07-29,93.29869725,1070930477,1.869772,415179.2028,18068.11474,19345.69262,11478514.8,289251.96
2013-07-30,96.65955289,1109984157,1.93317595,476048.298,17732.17057,16061.95857,11483439.8,290922.172
2013-07-31,98.02441993,1126123141,1.95512089,465615.9947,25206.05697,17535.05528,11488189.8,298593.1736
2013-08-01,96.56801783,1109819031,1.92448734,427313.4789,14280.54083,11458.47543,11492614.8,301415.239
2013-08-02,96.07453068,1104608731,1.90836477,461157.7473,21897.09936,20204.96122,11497414.8,303107.3772
2013-08-03,95.50670953,1098486159,1.88398021,405903.5155,10258.06616,14776.37928,11501664.8,298589.0641
2013-08-04,96.36548217,1108794710,1.89918712,431235.5327,4791.86866,4884.225017,11506139.8,298496.7077
2013-08-05,97.52713384,1122621652,1.91794773,460815.7074,14449.96244,14032.22794,11510864.8,298914.4422
2013-08-06,97.6712066,1124743992,1.91969225,463938.2314,13151.05662,12553.15519,11515614.8,299512.3436
2013-08-07,97.0542069,1118090163,1.90613164,451302.0621,16001.79062,14632.33281,11520264.8,300881.8014
2013-08-08,94.25727177,1086351798,1.85073304,483068.5178,21852.17305,14472.50097,11525389.8,308261.4735
2013-08-09,92.47277674,1066235602,1.81530455,450804.7866,14386.73225,16344.0236,11530264.8,306304.1822
2013-08-10,93.29355289,1076189160,1.83035886,489791.1527,9089.412009,15455.67429,11535514.8,299937.9199
2013-08-11,94.27131239,1087977184,1.84834368,509065.0869,5960.001709,7022.309974,11540914.8,298875.6116
2013-08-12,95.44647078,1102054998,1.87013093,515410.9422,11523.48077,9826.401889,11546314.8,300572.6905
2013-08-13,97.75907508,1129204303,1.90506811,447247.7685,20022.60721,16967.64005,11550889.8,303627.6577
2013-08-14,99.12128755,1145355378,1.92870802,416309.4077,22526.4641,15904.9408,11555089.8,310249.181
2013-08-15,98.10633314,1134044441,1.90518517,416951.9158,19497.61329,10576.85598,11559339.8,319169.9383
2013-08-16,98.29096026,1136591431,1.90684121,412822.0331,16205.156,17056.85082,11563539.8,318318.2435
2013-08-17,99.63050438,1152554547,1.92994937,473244.8958,8935.758267,11934.87703,11568289.8,315319.1247
2013-08-18,99.17803974,1147801319,1.91982911,481013.4928,11131.15237,10562.6342,11573139.8,315887.6429
2013-08-19,102.7840123,1189988562,1.98520771,454819.2543,24851.24301,25477.75264,11577564.8,315261.1333
2013-08-20,104.500211,1210354340,2.01417621,496376.0022,26496.54689,17294.28845,11582314.8,324463.3917
2013-08-21,110.8016037,1283881982,2.12829753,542927.8583,23448.78478,27822.8831,11587214.8,320089.2934
2013-08-22,109.5232168,1269660464,2.10024403,591425.3709,18548.83507,14510.19724,11592614.8,324127.9312
2013-08-23,107.6975716,1249024180,2.06093411,527718.1008,14142.72586,21352.2565,11597514.8,316918.4006
2013-08-24,108.882675,1263266573,2.08130944,498138.2383,7090.359416,5717.672189,11602089.8,318291.0878
2013-08-25,113.0825634,1312420942,2.15729459,426886.6769,11136.72168,8160.515994,11605864.8,321267.2935
2013-08-26,112.1181148,1301692972,2.13483001,465290.1766,23122.50994,17866.36229,11610014.8,326523.4412
2013-08-27,117.7597908,1367690448,2.23422335,497535.116,23854.11921,20189.15696,11614239.8,330188.4034
2013-08-28,118.3174144,1374693335,2.23736392,526512.494,17894.98244,16257.10997,11618689.8,331826.2759
2013-08-29,118.8356382,1381275916,2.23910779,561498.3906,12745.06581,15675.65129,11623414.8,328895.6904
2013-08-30,124.8853796,1452234607,2.34219842,640037.5705,21300.4907,19001.87083,11628539.8,331194.3103
2013-08-31,128.377979,1493564144,2.39605237,715707.2327,17018.792,13359.25014,11634114.8,334853.8521
2013-09-01,130.536372,1519396350,2.42498554,721213.4553,11050.63218,8120.998331,11639639.8,337783.486
2013-09-02,129.5653717,1508790671,2.39758629,696413.873,15127.42212,10222.20641,11645014.8,342688.7017
2013-09-03,129.1828036,1504962196,2.37429811,626536.5976,19221.92085,18893.40762,11649864.8,343017.2149
2013-09-04,122.5292387,1427948372,2.2514393,499306.6479,22228.58886,22582.12084,11653939.8,342663.6829
2013-09-05,122.370085,1426641210,2.24501895,547606.1305,30124.3867,17621.45142,11658414.8,355166.6182
2013-09-06,117.8611464,1374619241,2.16099099,545107.8021,25277.3017,17257.44333,11663039.8,363186.4766
2013-09-07,119.8149895,1397841320,2.19342788,434329.3369,14542.28347,12975.59352,11666664.8,364753.1665
2013-09-08,118.0573863,1377799328,2.15970205,463375.2413,9002.622834,6535.020212,11670589.8,367220.7692
2013-09-09,121.2592726,1415782621,2.21003514,615390.8087,14144.8844,10687.94056,11675664.8,370677.713
2013-09-10,122.2155302,1427531142,2.22281192,583579.1567,13530.31149,19320.73914,11680439.8,364887.2853
2013-09-11,127.0882271,1485081826,2.30280245,635441.1353,12397.05766,20726.04427,11685439.8,356558.2987
2013-09-12,126.7807236,1482163620,2.28428174,675107.3529,17737.04728,14743.4722,11690764.8,359551.8738
2013-09-13,127.4077452,1490143762,2.29152617,649779.5004,13572.74542,14177.19919,11695864.8,358947.42
2013-09-14,124.3484775,1455040680,2.22795516,677699.2024,12696.80951,7890.29956,11701314.8,363753.93
2013-09-15,125.0764179,1464124510,2.23809743,565970.7909,6404.30104,8196.76896,11705839.8,361961.4621
2013-09-16,126.204666,1477817489,2.25259491,485887.964,14804.76383,15171.82753,11709689.8,361594.3984
2013-09-17,126.8972501,1486495300,2.26165636,567865.1944,19192.53924,16408.60986,11714164.8,364378.3277
2013-09-18,126.9038194,1487095732,2.25652894,523478.255,28196.74177,16130.87933,11718289.8,376444.1902
2013-09-19,124.1809573,1455778305,2.19436054,589859.5473,16360.18524,13081.22473,11723039.8,379723.1507
2013-09-20,122.9216359,1441629837,2.17030968,614608.1794,16176.83807,16526.40061,11728039.8,379373.5882
2013-09-21,123.5082569,1449093328,2.17848848,583576.5137,7881.311847,8405.547622,11732764.8,378849.3524
2013-09-22,123.1249351,1445220763,2.16687478,624859.0458,4998.115691,5934.274564,11737839.8,377913.1935
2013-09-23,122.865699,1442822936,2.16034239,645044.9198,16297.36266,14071.64561,11743089.8,380138.9106
2013-09-24,123.7973577,1454419614,2.17210146,656125.9957,18381.83473,15234.15577,11748389.8,383286.5895
2013-09-25,123.6140786,1452902992,2.16519894,636612.5048,17799.37002,20069.74193,11753539.8,381016.2176
2013-09-26,124.6856745,1466003014,2.18059655,504976.9816,14788.12934,12604.13323,11757589.8,383200.2137
2013-09-27,126.6053477,1489137139,2.21042861,563393.7975,17475.84805,23697.46358,11762039.8,376978.5982
2013-09-28,126.7965517,1491947162,2.21128719,561074.7414,18021.86553,16779.55275,11766464.8,378220.911
2013-09-29,127.1086277,1496159405,2.21364079,540211.6677,11587.96105,11426.00237,11770714.8,378382.8697
2013-09-30,126.0902618,1484686328,2.19174983,513817.817,16521.83513,21222.75641,11774789.8,373681.9484
2013-10-01,127.5754243,1502770219,2.21273466,596415.1087,31637.75543,25477.1108,11779464.8,379842.593
2013-10-02,104.1050929,1226799379,1.81680607,497101.8187,58242.49721,40056.03071,11784239.8,398029.0595
2013-10-03,117.575495,1386122766,2.04455417,584938.0878,23856.13558,24010.51176,11789214.8,397874.6833
2013-10-04,121.9303477,1438011746,2.11654681,548686.5649,20568.59163,17313.50855,11793714.8,401129.7664
2013-10-05,121.3934027,1432343798,2.10462698,664628.8797,11014.60242,11058.75144,11799189.8,401085.6174
2013-10-06,122.4752613,1445675301,2.12014896,566448.0833,5900.191588,7862.910405,11803814.8,399122.8986
2013-10-07,123.9068726,1463057013,2.126249,483236.8031,17055.71783,14372.90592,11807714.8,401805.7105
2013-10-08,124.7665289,1473712894,2.13762894,505304.4422,21074.68138,22668.90105,11811764.8,400211.4908
2013-10-09,125.9335203,1488057526,2.15267013,560404.1654,24480.66149,21418.23869,11816214.8,403273.9136
2013-10-10,126.7046505,1497777548,2.16263506,608182.3224,28889.70438,28946.52803,11821014.8,403217.0899
2013-10-11,127.2552992,1504875331,2.16817047,588555.759,18215.96284,18143.96249,11825639.8,403289.0903
2013-10-12,127.851263,1512606988,2.174057,684004.2571,16387.77718,16518.92166,11830989.8,403157.9458
2013-10-13,132.4156587,1567339903,2.2466238,731596.5142,20120.91523,17668.16404,11836514.8,405610.697
2013-10-14,135.3391949,1602790253,2.28766824,845869.9682,42446.51686,38900.18831,11842764.8,409157.0255
2013-10-15,141.4939085,1676598789,2.37863355,919710.4055,34535.45378,26629.221,11849264.8,417063.2583
2013-10-16,138.3279219,1639810397,2.31116231,726221.5901,26414.23331,25239.56887,11854514.8,418237.9228
2013-10-17,143.7471338,1704652669,2.38998533,600144.2838,25033.75879,24744.58175,11858689.8,418527.0998
2013-10-18,152.7755722,1812451442,2.52745724,733322.7465,35734.9883,24319.92153,11863489.8,429942.1666
2013-10-19,165.7727171,1967567121,2.71725799,924182.898,40554.17088,29727.79645,11869064.8,440768.541
2013-10-20,166.5001511,1977029420,2.71537286,828338.2516,32915.65282,25073.33089,11874039.8,448610.8629
2013-10-21,179.9106286,2137214992,2.87138391,949028.5658,47846.75235,45240.17182,11879314.8,451217.4435
2013-10-22,190.4027814,2263020795,2.97641992,1166217.036,55370.493,48307.67009,11885439.8,458280.2664
2013-10-23,204.600351,2432895570,3.12646993,1130416.939,32488.70308,33806.65067,11890964.8,456962.3188
2013-10-24,194.4100438,2312767940,2.94581752,1044953.985,33063.29149,38579.81882,11896339.8,451445.7915
2013-10-25,185.6437876,2209572236,2.72008931,1090657.252,32678.91735,19368.16545,11902214.8,464756.5434
2013-10-26,179.808218,2140934160,2.63011758,818127.3919,16954.66592,8534.686051,11906764.8,473176.5232
2013-10-27,194.5461333,2317285645,2.83044183,870593.9463,12873.61906,12448.09742,11911239.8,473602.0449
2013-10-28,196.2746873,2338733568,2.84330802,858701.757,13728.5379,14082.72585,11915614.8,473247.8569
2013-10-29,204.4281742,2436705089,2.92026025,817712.6967,16205.4103,22010.92364,11919614.79,467442.3436
2013-10-30,197.9005994,2359863678,2.81514522,964765.4222,32429.34467,25508.93945,11924489.79,474362.7488
2013-10-31,203.2836499,2425126130,2.87412323,1072321.253,17071.09725,17612.50107,11929764.79,473821.345
2013-11-01,203.0371098,2423240758,2.85280581,1055792.971,17417.02733,9793.165108,11934964.79,481445.2072
2013-11-02,204.7928814,2445230033,2.86731813,1034204.051,9967.510418,7359.706614,11940014.79,484053.011
2013-11-03,210.2753826,2511700501,2.92760426,1009321.837,16211.34333,14905.74272,11944814.79,485358.6116
2013-11-04,228.7910389,2733981942,3.1028572,1115356.314,29689.68374,38740.40185,11949689.79,476307.8935
2013-11-05,243.6416689,2912502206,3.23550814,1059841.26,48984.08759,43371.34672,11954039.79,481920.6344
2013-11-06,263.209584,3147490420,3.44238515,1072579.055,33641.92308,32380.51443,11958114.79,483182.043
2013-11-07,290.1242262,3470383249,3.65033333,1044447.214,55673.4865,42498.26271,11961714.79,496357.2668
2013-11-08,333.7506565,3993348230,4.05004446,1118064.699,50001.06706,42608.46205,11965064.79,503749.8718
2013-11-09,331.0511485,3962273331,3.9318261,1224889.249,41329.55466,35054.07736,11968764.79,510025.3492
2013-11-10,327.5586535,3921872793,3.83414476,1400313.244,27937.39997,23267.27326,11973039.79,514695.4759
2013-11-11,342.6976929,4104735226,3.93601752,1602111.714,18415.95369,24718.13214,11977714.79,508393.2974
2013-11-12,354.6454883,4249624606,3.97746675,1782093.579,25929.68792,30729.84027,11982739.79,503593.1451
2013-11-13,394.5044952,4728901633,4.2842717,1656918.88,40778.17509,47048.92317,11986939.79,497322.397
2013-11-14,416.7063033,4996939801,4.37591685,1906431.338,33199.23175,26862.42719,11991514.79,503659.2015
2013-11-15,408.3987973,4899015075,4.19286144,1694855.009,33393.89945,23626.87699,11995664.79,513426.224
2013-11-16,435.7984428,5229805660,4.38705732,2113622.447,21446.53236,24792.95631,12000514.79,510079.8001
2013-11-17,485.3365769,5826545586,4.73725385,2256815.082,28077.05752,21917.56943,12005164.79,516239.2881
2013-11-18,657.7785039,7899304674,5.88406778,2565336.165,57565.96002,57898.62965,12009064.79,515906.6185
2013-11-19,546.8783973,6569699294,4.73213355,2201185.549,69843.08244,58184.09963,12013089.79,527565.6013
2013-11-20,595.3390996,7154302953,4.91891962,2440890.309,42365.97751,51354.96061,12017189.79,518576.6182
2013-11-21,720.7644253,8664265762,5.68827806,2702866.595,29484.83646,29979.63368,12020939.79,518081.821
2013-11-22,802.9169337,9655268663,5.68433725,3452542.815,34833.54955,38914.50689,12025239.79,514000.8637
2013-11-23,834.29534,1.003614728e+10,5.59412815,3545755.195,30983.35868,25635.96246,12029489.79,519348.2599
2013-11-24,807.1666955,9713193626,5.296892,3390100.121,19690.64007,20992.7206,12033689.79,518046.1794
2013-11-25,816.2433866,9825949964,5.13246251,3530252.647,30087.31518,22674.0689,12038014.79,525459.4256
2013-11-26,916.0971601,1.103163265e+10,5.08521124,3641486.212,56467.03647,40243.70344,12041989.79,541682.7587
2013-11-27,962.9105609,1.159952374e+10,5.07240404,4164588.176,52997.14205,48276.113,12046314.79,546403.7877
2013-11-28,1007.387164,1.213986132e+10,5.00804872,4558426.916,89968.19633,83848.80597,12050839.79,552523.1781
2013-11-29,1128.725488,1.360697177e+10,5.25316203,4881737.736,59784.585,49733.38637,12055164.79,562574.3767
2013-11-30,1119.296715,1.349823126e+10,5.06423911,4924905.545,33347.28997,37024.58423,12059564.79,558897.0825
2013-12-01,964.4857937,1.163598079e+10,4.31245878,4701868.244,49404.6892,34402.25362,12064439.79,573899.518
2013-12-02,1040.808218,1.256090529e+10,4.55216972,4137212.665,37649.27938,34013.27195,12068414.79,577535.5255
2013-12-03,1053.621027,1.27208037e+10,4.5167953,5268105.137,24255.6055,23835.55256,12073414.79,577955.5784
2013-12-04,1134.932231,1.370735942e+10,4.71817918,4851835.287,32960.97811,25870.90268,12077689.79,585045.6538
2013-12-05,1027.411773,1.241312718e+10,4.1962207,4366500.035,54399.10183,48322.29017,12081939.79,591122.4655
2013-12-06,824.5817103,9966834405,3.37225697,4287824.894,43695.62603,41577.02532,12087139.79,593241.0662
2013-12-07,703.748376,8509735774,2.86818513,3430773.333,47118.07124,39190.368,12092014.79,601168.7694
2013-12-08,783.5733483,9478800440,3.17322401,3819920.073,29844.88233,21687.69918,12096889.79,609325.9526
2013-12-09,896.0792899,1.084371517e+10,3.60228356,3942748.876,27322.36692,23411.3323,12101289.79,613236.9872
2013-12-10,977.1653673,1.182965168e+10,3.88194448,4690393.763,46482.72559,22816.89932,12106089.79,636902.8135
2013-12-11,875.4640343,1.06020575e+10,3.43846013,3611289.141,22502.63651,22903.20701,12110214.79,636502.243
2013-12-12,873.324806,1.057970978e+10,3.41655496,3558798.584,25349.16111,18878.73912,12114289.79,642972.665
2013-12-13,879.1561353,1.065417653e+10,3.40755236,3824329.189,23801.34602,18086.69735,12118639.79,648687.3136
2013-12-14,852.8561205,1.033967776e+10,3.3146272,4221637.797,13483.37964,18146.50667,12123589.79,644024.1866
2013-12-15,864.0616579,1.047935257e+10,3.34036895,3823472.836,14547.11259,13221.42617,12128014.79,645349.873
2013-12-16,677.8941068,8224916174,2.62754698,3406417.887,49350.43417,41999.04249,12133039.79,652701.2647
2013-12-17,682.6267727,8285802129,2.64569174,3464330.871,38881.09,29563.04372,12138114.79,662019.311
2013-12-18,526.1209763,6388734258,2.04906035,2617451.857,87094.52831,69641.39202,12143089.79,679472.4473
2013-12-19,685.525129,8328266414,2.65997338,3873216.979,47972.48141,47091.68227,12148739.79,680353.2464
2013-12-20,600.2169543,7294550563,2.33082877,2670965.446,33317.09328,20968.97655,12153189.79,692701.3632
2013-12-21,597.0335025,7258264530,2.28074868,2403059.848,18941.9955,29225.03587,12157214.79,682418.3228
2013-12-22,615.0130353,7479444001,2.38571042,2598430.074,24469.08618,30831.96782,12161439.79,676055.4411
2013-12-23,657.9266342,8004147786,2.54494127,2812636.361,13753.47498,24121.92593,12165714.79,665686.9902
2013-12-24,650.6647452,7918550775,2.46859013,2749058.548,31176.44489,39681.88775,12169939.79,657181.5473
2013-12-25,678.2901581,8257497462,2.56119713,2747075.14,23061.19075,30548.36742,12173989.79,649694.3707
2013-12-26,749.996595,9133825877,2.81662728,3374984.677,18655.89138,15511.58502,12178489.79,652838.677
2013-12-27,722.5705675,8803142106,2.69881739,3323824.61,17444.63524,18976.66626,12183089.79,651306.646
2013-12-28,715.8523631,8723978065,2.67127051,2684446.362,10995.69827,11591.56179,12186839.79,650710.7825
2013-12-29,727.2712157,8866192331,2.70995202,3054539.106,11439.8678,9825.370516,12191039.79,652325.2798
2013-12-30,735.7419971,8972642049,2.73973508,3182084.137,29937.54263,24194.35321,12195364.79,658068.4692
2013-12-31,729.5575829,8900576827,2.71424112,3355964.881,11654.54021,11522.77798,12199964.79,658200.2314
2014-01-01,752.4045499,9183165093,2.79859382,3856073.318,11483.7346,9418.111701,12205089.79,660265.8543
2014-01-02,784.9549213,9583074898,2.90688604,2629598.986,33519.09261,14436.51273,12208439.79,679348.4342
2014-01-03,807.222939,9858181724,2.97276592,3249072.33,55224.23284,17901.76591,12212464.79,716670.9011
2014-01-04,828.6020626,1.012219434e+10,3.00082617,2920822.271,14298.52242,12808.39557,12215989.79,718161.028
2014-01-05,902.4873803,1.102913113e+10,3.23751863,4354501.61,27470.87767,43486.26174,12220814.79,702145.6439
2014-01-06,914.4599608,1.117969806e+10,3.25855458,4252238.818,34143.96697,25465.09567,12225464.79,710824.5152
2014-01-07,803.3517962,9824903933,2.85648041,3554831.698,25333.1352,17681.23826,12229889.79,718476.4122
2014-01-08,820.6900095,1.00409082e+10,2.89105715,3959829.296,21960.31685,30664.52807,12234714.79,709772.2009
2014-01-09,831.3347505,1.017544573e+10,2.91922133,4302157.334,15405.09491,11941.43671,12239889.79,713235.8591
2014-01-10,853.2988548,1.044827312e+10,2.98942387,3989172.146,9839.852046,16240.00438,12244564.79,706835.7068
2014-01-11,889.5558371,1.089689425e+10,3.08800818,4670168.145,15100.12969,15392.80171,12249814.79,706543.0348
2014-01-12,845.1913322,1.035781115e+10,2.92251348,4373865.144,15315.0773,9944.437143,12254989.79,711913.6749
2014-01-13,822.8770122,1.008782604e+10,2.83904175,3476655.377,21369.26179,26115.19505,12259214.79,707167.7417
2014-01-14,815.2936027,9998161335,2.80186801,3301939.091,11751.01867,18764.2853,12263264.79,700154.4751
2014-01-15,841.0898574,1.031837665e+10,2.87183201,3869013.344,17256.02052,12261.9487,12267864.79,705148.5469
2014-01-16,815.8548003,1.001256971e+10,2.77584537,3773328.451,15643.22105,17984.22548,12272489.79,702807.5425
2014-01-17,792.8295065,9733004779,2.69438096,3012752.125,17134.15386,22832.73876,12276289.79,697108.9576
2014-01-18,809.7835284,9944659823,2.74847429,3522558.348,11146.59578,5399.470529,12280639.79,702856.0828
2014-01-19,838.4284747,1.029998045e+10,2.83776277,3542360.306,14075.67118,10367.51097,12284864.79,706564.243
2014-01-20,828.8852166,1.018678363e+10,2.79830469,4040815.431,20394.87352,26153.55088,12289739.79,700805.5657
2014-01-21,823.8179638,1.012792726e+10,2.77609902,3418844.55,22982.81452,15985.85953,12293889.79,707802.5207
2014-01-22,818.9763863,1.007233652e+10,2.75067841,3931086.654,16931.45381,12877.60621,12298689.79,711856.3683
2014-01-23,810.9224252,9976871686,2.72035724,3588331.731,17316.88068,16154.80844,12303114.79,713018.4405
2014-01-24,781.042514,9612946134,2.61463948,3690425.878,22703.22058,10328.85612,12307839.79,725392.805
2014-01-25,804.4032408,9903784381,2.68630023,3318163.368,12465.19997,20594.89573,12311964.79,717263.1092
2014-01-26,814.4993814,1.003118281e+10,2.7159709,3095097.649,16414.91491,9933.386123,12315764.79,723744.638
2014-01-27,742.701375,9150166197,2.47713004,3230750.981,30904.73989,38948.57223,12320114.79,715700.8056
2014-01-28,790.1764019,9738106158,2.62930512,3042179.147,27204.57612,27614.42085,12323964.79,715290.9609
2014-01-29,793.3844249,9780656581,2.63373693,3014860.815,17338.39934,11588.32684,12327764.79,721041.0334
2014-01-30,799.4744798,9859251034,2.64884556,3517687.711,15743.64372,33641.76301,12332164.79,703142.9141
2014-01-31,803.2375988,9909353330,2.65797129,3694892.954,13108.63269,8640.879673,12336764.79,707610.6671
2014-02-01,813.2195492,1.003634077e+10,2.67963991,3842462.37,11158.44039,16888.79685,12341489.79,701880.3107
2014-02-02,814.4908704,1.005581815e+10,2.68024654,3787382.547,12439.12509,8873.847439,12346139.79,705445.5883
2014-02-03,806.9974284,9966954727,2.65176796,3651663.363,10245.07996,19801.0626,12350664.79,695889.6057
2014-02-04,800.0782319,9884938387,2.627458,3440336.397,13397.99156,38037.97106,12354964.79,671249.6262
2014-02-05,784.4736928,9695439646,2.49283475,3294789.51,15542.69121,13190.14796,12359164.79,673602.1695
2014-02-06,763.5693822,9440554067,2.4248508,3474240.689,18449.67145,18136.17788,12363714.79,673915.663
2014-02-07,711.5712734,8800421619,2.26379227,2757338.684,67228.24587,46433.18382,12367589.79,694710.7251
2014-02-08,677.6823009,8384380163,2.15811443,3083454.469,19699.13207,17367.68711,12372139.79,697042.17
2014-02-09,687.4060546,8507055353,2.18797536,2371550.888,15828.46275,19326.2039,12375589.79,693544.4289
2014-02-10,685.4574988,8485614111,2.1809637,2673284.245,44685.43496,37943.42233,12379489.79,700286.4415
2014-02-11,671.8996917,8320530165,2.13932234,2754788.736,30376.1805,30063.81176,12383589.79,700598.8103
2014-02-12,653.7657809,8098876510,2.08400611,2909257.725,18063.88049,9826.45404,12388039.79,708836.2367
2014-02-13,612.918415,7595585202,1.95543342,2727486.947,21662.5301,16811.91234,12392489.79,713686.8545
2014-02-14,668.7886027,8291149398,2.12998114,3193465.578,31714.25863,24041.44662,12397264.79,721359.6665
2014-02-15,654.3770602,8115544903,2.08368328,3059212.756,17023.0507,24488.5277,12401939.79,713894.1895
2014-02-16,623.2503219,7732551315,1.98508729,3038345.319,36453.78633,23219.85085,12406814.79,727128.125
2014-02-17,631.3345963,7835297831,2.01155832,2446421.561,23381.86962,29925.42867,12410689.79,720584.5659
2014-02-18,627.2717614,7787431380,1.99849686,2556132.428,23994.97701,16720.11729,12414764.79,727859.4256
2014-02-19,623.5401369,7744221840,1.9894402,3117700.685,17291.78828,19519.53847,12419764.79,725631.6754
2014-02-20,563.7685611,7004367603,1.80129677,2494675.883,29944.472,23116.86453,12424189.79,732459.2829
2014-02-21,580.324316,7212264676,1.85383269,2205232.401,20914.67819,24501.19213,12427989.79,728872.769
2014-02-22,607.1246333,7548070808,1.93944631,2732060.85,22141.60898,21608.53589,12432489.79,729405.8421
2014-02-23,610.0823237,7587404609,1.94857991,2562345.76,19914.44274,19004.10835,12436689.79,730316.1764
2014-02-24,542.2666508,6746591444,1.7420652,2589323.257,63246.80145,36569.13084,12441464.79,756993.8471
2014-02-25,533.7076444,6642253042,1.72827883,2148173.269,75043.16097,68671.26063,12445489.79,763365.7474
2014-02-26,587.5785883,7315406185,1.89989181,2702861.506,29068.5263,30835.18873,12450089.79,761599.085
2014-02-27,585.3939257,7290958291,1.89448535,2751351.451,23942.78196,26699.83774,12454789.79,758842.0292
2014-02-28,551.2947703,6868755088,1.78120748,2494608.836,19934.31209,22826.91846,12459314.79,755949.4228
2014-03-01,567.5342354,7073130819,1.83532329,2043123.248,12574.12175,14482.5467,12462914.79,754040.9979
2014-03-02,558.5277072,6962838071,1.80787101,1954846.975,12120.13891,10202.36186,12466414.79,755958.7749
2014-03-03,676.5057328,8436104147,2.18083347,2503071.211,39675.467,40113.06857,12470114.79,755521.1733
2014-03-04,674.5113994,8413747136,2.17294282,2512554.963,45837.04543,40576.28441,12473839.79,760781.9343
2014-03-05,670.3388511,8364313758,2.15549405,2614321.519,26669.05233,23985.5796,12477739.79,763465.4071
2014-03-06,667.712834,8334434858,2.14266138,2887858.007,20344.49926,33645.53031,12482064.79,750164.376
2014-03-07,631.7702952,7888419606,1.96402906,2621846.725,18883.5956,19242.84526,12486214.79,749805.1264
2014-03-08,621.5241145,7763093995,1.93041869,2610401.281,18908.31926,17695.60391,12490414.79,751017.8417
2014-03-09,640.5788893,8003962626,1.95221351,2866590.53,10610.24529,11227.27501,12494889.79,750400.812
2014-03-10,628.1512412,7851020396,1.9107893,2339863.373,22752.7639,16146.56222,12498614.79,757007.0137
2014-03-11,633.7338382,7923456808,1.92512349,2661682.121,14585.85928,18305.14156,12502814.79,753287.7314
2014-03-12,634.6468237,7937759340,1.92370225,2887643.048,26045.12809,27450.90994,12507364.79,751881.9496
2014-03-13,643.4321009,8050245906,1.94782915,2605900.008,18276.66504,19679.22844,12511414.79,750479.3861
2014-03-14,628.30859,7863118514,1.90343662,2089126.062,15763.05895,11269.06323,12514739.79,754973.3819
2014-03-15,636.2186501,7964735259,1.92641386,2624401.932,12033.57328,11621.73403,12518864.79,755385.2211
2014-03-16,634.168901,7941785800,1.91927821,2711072.052,9525.885241,6150.603375,12523139.79,758760.503
2014-03-17,622.7602086,7801419761,1.88442201,2506609.84,18801.08293,18217.86169,12527164.79,759343.7242
2014-03-18,614.3095137,7697798743,1.85742156,2242229.725,18700.61893,23345.39914,12530814.79,754698.944
2014-03-19,610.5112035,7652644865,1.84533875,2442044.814,20571.82665,17080.81754,12534814.79,758189.9531
2014-03-20,586.6075957,7355613308,1.77477734,2595738.611,29155.05355,17910.22457,12539239.79,769434.7821
2014-03-21,569.694518,7146185250,1.71786219,2649079.509,23689.7377,21103.28104,12543889.79,772021.2388
2014-03-22,564.7000267,7085934877,1.7024792,2399975.113,16682.14888,13061.33466,12548139.79,775642.053
2014-03-23,558.9588617,7016884365,1.68536505,2990429.91,8087.4264,10469.51146,12553489.79,773259.9679
2014-03-24,585.0232505,7346833014,1.76264446,2749609.277,21233.38889,21676.18312,12558189.79,772817.1737
2014-03-25,583.7711891,7333400691,1.75724218,2291301.917,18826.12619,19929.91666,12562114.79,771713.3832
2014-03-26,579.2438504,7278830237,1.74314104,2302494.305,21483.71462,20444.71694,12566089.79,772752.3809
2014-03-27,483.1640126,6073572052,1.4579435,2089684.355,57974.0558,41135.75969,12570414.79,789590.677
2014-03-28,498.6613289,6270548923,1.50668923,2169176.781,47139.00675,33642.85616,12574764.79,803086.8276
2014-03-29,489.5170235,6157703071,1.47991892,2141636.978,15194.40866,15158.40415,12579139.79,803122.8321
2014-03-30,458.9663283,5775007986,1.38999605,1606382.149,34500.26827,22685.60973,12582639.79,814937.4906
2014-03-31,455.3553541,5731621497,1.38223661,2049099.093,27564.11159,33186.99612,12587139.79,809314.6061
2014-04-01,479.0084659,6031394283,1.45469684,2047761.192,28901.71391,21026.87708,12591414.79,817189.4429
2014-04-02,439.0114925,5529937933,1.33564877,2162131.601,32097.87576,29407.24556,12596339.79,819880.0731
2014-04-03,449.4411515,5663605611,1.36778873,2292149.873,29324.05786,23421.83045,12601439.79,825782.3006
2014-04-04,449.7198697,5669310246,1.36964635,2192384.365,23374.9806,27743.98688,12606314.79,821413.2943
2014-04-05,461.6753315,5821998223,1.41084013,1973662.042,16242.23787,24678.90351,12610589.79,812976.6286
2014-04-06,458.6334805,5785370030,1.40141439,1731341.389,17416.5988,17160.73298,12614364.79,813232.4945
2014-04-07,448.6552751,5661194979,1.37167544,1693673.663,17158.29624,14439.08844,12618139.79,815951.7023
2014-04-08,452.8030988,5715049690,1.38533994,1516890.381,14576.3396,15325.72417,12621489.79,815202.3177
2014-04-09,442.8379849,5591057529,1.35469234,1782422.889,20103.63649,16566.63675,12625514.79,818739.3174
2014-04-10,366.9118661,4633872976,1.1286601,1421783.481,57278.50182,47118.94946,12629389.79,828898.8698
2014-04-11,421.9435281,5330671998,1.30082437,1782711.406,31148.08207,42734.11014,12633614.79,817312.8417
2014-04-12,424.2742126,5361824673,1.30827456,1707703.706,13293.87599,13185.83494,12637639.79,817420.8828
2014-04-13,416.3623217,5263783538,1.28401659,1946493.854,14700.42051,9798.881383,12642314.79,822322.4219
2014-04-14,461.1082466,5831700454,1.42132931,2224847.29,25791.77825,22638.76985,12647139.79,825475.4303
2014-04-15,521.6152996,6599314962,1.60547388,2373349.613,30789.55054,31303.95197,12651689.79,824961.0289
2014-04-16,531.4818467,6726256096,1.62848084,2112640.341,38104.87333,34374.01497,12655664.79,828691.8872
2014-04-17,499.8375515,6327888317,1.53010414,2111813.655,24499.32581,31786.14798,12659889.79,821405.065
2014-04-18,483.0200135,6116912219,1.48000554,1932080.054,17837.08604,14521.79333,12663889.79,824720.3578
2014-04-19,504.3655952,6389235166,1.54481447,2004853.241,11113.98929,11495.17145,12667864.79,824339.1756
2014-04-20,501.5571844,6355890528,1.53703688,2231929.471,9255.510103,9825.194731,12672314.79,823769.491
2014-04-21,498.0845303,6314013273,1.52622244,2129311.367,14055.07601,15247.3532,12676589.79,822577.2138
2014-04-22,489.50351,6207119787,1.50076937,1884588.514,16971.71263,22155.43077,12680439.79,817393.4956
2014-04-23,490.6329675,6223465666,1.5016104,2023860.991,14816.31507,19573.48882,12684564.79,812636.3219
2014-04-24,503.291801,6385937386,1.53947611,1899926.549,16332.02823,15923.15559,12688339.79,813045.1945
2014-04-25,466.4261713,5920295989,1.42807837,2122239.08,33161.97381,23893.20506,12692889.79,822313.9633
2014-04-26,459.2267098,5830785366,1.4063299,1871348.843,16673.06741,14004.56045,12696964.79,824982.4702
2014-04-27,438.7093637,5572218634,1.34395279,1941288.934,17056.75001,14469.63061,12701389.79,827569.5897
2014-04-28,441.5478055,5609948671,1.35421878,1677881.661,25836.95027,22079.54519,12705189.79,831326.9947
2014-04-29,447.7099308,5690153602,1.37364362,1913959.954,23487.73064,26087.03181,12709464.79,828727.6936
2014-04-30,448.8757155,5706507502,1.37742743,1537399.326,18738.36082,13674.05637,12712889.79,833791.998
2014-05-01,460.1946983,5852429339,1.41200262,2024856.672,16652.25864,15069.69241,12717289.79,835374.5642
2014-05-02,452.2397798,5753084600,1.38757157,1820265.114,12074.04115,22330.75734,12721314.79,825117.8481
2014-05-03,438.978588,5585943179,1.34737725,1558373.987,10022.265,9830.182154,12724864.79,825309.9309
2014-05-04,436.6753986,5558283856,1.34079342,1648449.63,15774.81058,14257.84336,12728639.79,826826.8981
2014-05-05,432.338179,5504428006,1.32836701,1351056.809,18834.00506,10432.82368,12731764.79,835228.0795
2014-05-06,430.1282054,5478377264,1.32260352,2086121.796,17123.12101,12459.02926,12736614.79,839892.1712
2014-05-07,442.1828761,5633670638,1.36002582,1757676.932,23335.79581,28679.76176,12740589.79,834548.2053
2014-05-08,440.4027627,5612829625,1.35471389,1838681.534,15014.8196,18025.93622,12744764.79,831537.0887
2014-05-09,452.6979997,5771453495,1.39224562,1923966.499,15602.75308,10752.98089,12749014.79,836386.8609
2014-05-10,456.7558463,5825231023,1.4045981,2043982.412,11403.8658,12229.5858,12753489.79,835561.1409
2014-05-11,439.114476,5601910623,1.3505933,1668635.009,15769.9561,14726.93983,12757289.79,836604.1571
2014-05-12,441.2809556,5631358282,1.3576711,1809251.918,15531.0111,14131.74179,12761389.79,838003.4264
2014-05-13,439.005775,5604101789,1.35114784,1777973.389,15795.53074,16508.87464,12765439.79,837290.0825
2014-05-14,444.8482057,5680351168,1.36967388,1668180.771,18088.34112,22335.85157,12769189.79,833042.5721
2014-05-15,446.9615587,5709247734,1.37634402,1910760.664,20066.4142,14102.14028,12773464.79,839006.846
2014-05-16,448.7421537,5734022659,1.38233452,2030558.246,18440.63414,17934.91848,12777989.79,839512.5617
2014-05-17,449.2222893,5742100713,1.38379554,1942886.401,7458.693839,6206.359968,12782314.79,840764.8955
2014-05-18,446.9626414,5715139122,1.37668474,1921939.358,11183.18562,11580.34671,12786614.79,840367.7345
2014-05-19,447.4048568,5722672660,1.37835145,1879100.399,17991.00168,14945.15841,12790814.79,843413.5777
2014-05-20,490.3356482,6273962196,1.50867507,2169735.243,34125.43819,35100.34704,12795239.79,842438.6689
2014-05-21,493.9334918,6322158428,1.51856262,2160959.027,20292.73963,14615.03977,12799614.79,848116.3687
2014-05-22,526.8142884,6745285260,1.61686251,2265301.44,32238.12085,28972.08251,12803914.79,851382.4071
2014-05-23,523.6993203,6707561733,1.60608676,2160259.696,35272.5895,34143.11106,12808039.79,852511.8855
2014-05-24,527.6912431,6760722051,1.61622687,2031611.286,11224.23507,12416.46459,12811889.79,851319.656
2014-05-25,573.3124588,7347523621,1.7510962,2307582.647,33647.98806,29142.40606,12815914.79,855825.238
2014-05-26,584.8479749,7497671961,1.78420425,2310149.501,24498.97122,23345.19685,12819864.79,856979.0124
2014-05-27,573.9282692,7359634168,1.7360648,1951356.115,35412.04422,28578.54261,12823264.79,863812.514
2014-05-28,579.1893188,7429545074,1.74983943,2447074.872,25643.1587,23537.54663,12827489.79,865918.126
2014-05-29,570.3493109,7318160445,1.72220405,2010481.321,18121.11951,15885.42879,12831014.79,868153.8168
2014-05-30,620.8463606,7968680869,1.86223265,2592033.556,28701.56092,23305.23124,12835189.79,873550.1464
2014-05-31,627.8924207,8061425893,1.87963895,2307504.646,23446.59865,26864.67742,12838864.79,870132.0677
2014-06-01,630.0749535,8092203715,1.88300736,2756577.922,34336.69983,27801.95881,12843239.79,876666.8087
2014-06-02,663.5057238,8524764529,1.97543263,3201415.118,30009.84532,31511.65919,12848064.79,875164.9948
2014-06-03,672.3878971,8641875393,1.99693718,2992126.142,25482.67039,20238.97822,12852514.79,880408.687
2014-06-04,643.8873688,8278485521,1.90998921,2913590.344,24612.97211,25662.20235,12857039.79,879359.4567
2014-06-05,661.5035582,8507491283,1.95863649,2513713.521,25436.48061,22370.9463,12860839.79,882424.9911
2014-06-06,650.1333159,8363519632,1.92408683,2259213.273,15389.07185,18799.92808,12864314.79,879014.1348
2014-06-07,656.8002718,8451830552,1.94195206,2545101.053,13405.43662,11030.98111,12868189.79,881388.5903
2014-06-08,657.8199749,8467188873,1.94276934,2236587.915,12414.9645,10769.6352,12871589.79,883033.9196
2014-06-09,648.3363223,8347647699,1.91093556,2528511.657,14316.78638,13224.0999,12875489.79,884126.6061
2014-06-10,650.9366096,8383845332,1.91468487,2717660.345,21123.75909,18436.61745,12879664.79,886813.7478
2014-06-11,631.4890222,8135671860,1.8557786,2304934.931,15596.62611,17694.71228,12883314.79,884715.6616
2014-06-12,591.9750771,7629146760,1.71579412,2545492.832,30530.51915,21601.61394,12887614.79,893644.5668
2014-06-13,597.0449997,7696918928,1.72900225,2432958.374,30762.38325,32426.60291,12891689.79,891980.3471
2014-06-14,575.5594617,7422495276,1.6672379,2561239.605,21778.04654,22166.61352,12896139.79,891591.7802
2014-06-15,589.7246464,7607972670,1.70763012,2801192.07,10342.08957,13971.61048,12900889.79,887962.2592
2014-06-16,590.5674822,7621621668,1.70895309,2775667.166,27257.06197,19338.95368,12905589.79,895880.3675
2014-06-17,609.0800029,7863338435,1.76144005,2801768.013,15616.02698,17114.8278,12910189.79,894381.5667
2014-06-18,607.629796,7847016126,1.75639628,2400137.694,18530.70442,15849.53724,12914139.79,897062.7339
2014-06-19,595.7514769,7696105115,1.72175665,2487262.416,23492.33357,19014.84764,12918314.79,901540.2198
2014-06-20,591.5315228,7644341041,1.70893923,2750621.581,15015.4483,17511.45693,12922964.79,899044.2112
2014-06-21,592.7643495,7663029172,1.71186032,2756354.225,12412.50155,17007.93205,12927614.79,894448.7807
2014-06-22,599.6346335,7754543913,1.73072722,2698355.851,10187.37478,9142.066044,12932114.79,895494.0894
2014-06-23,589.5522998,7626752046,1.70033791,2594030.119,20827.33292,24888.73977,12936514.79,891432.6826
2014-06-24,579.9737186,7505564465,1.67166269,2725876.477,18371.81494,12831.8029,12941214.79,896972.6946
2014-06-25,562.23678,7278655389,1.62093285,2628456.946,24425.73381,17544.37349,12945889.79,903854.055
2014-06-26,580.7492303,7520798233,1.67219737,2482702.959,17477.30936,17072.3599,12950164.79,904259.0044
2014-06-27,600.6383054,7781323177,1.72780213,2958143.654,17886.42693,13468.5564,12955089.79,908676.875
2014-06-28,594.3903042,7703084237,1.70918053,2704475.884,10957.3463,13014.5639,12959639.79,906619.6574
2014-06-29,600.8405184,7789034989,1.72411286,2358299.035,12242.4599,13653.33122,12963564.79,905208.786
2014-06-30,638.946114,8285127868,1.82938369,2108522.176,28450.07119,17989.78553,12966864.79,915669.0717
2014-07-01,642.9565967,8339269086,1.83761917,2137830.684,42763.03904,31447.11989,12970189.79,926984.9908
2014-07-02,651.2983477,8449693877,1.85565119,2230696.841,26242.61621,28963.87572,12973614.79,924263.7313
2014-07-03,646.4133891,8388564592,1.83854971,2246286.527,20533.87547,17978.16176,12977089.79,926819.445
2014-07-04,630.6355029,8186430683,1.79270708,2617137.337,17825.86785,15488.85091,12981239.79,929156.462
2014-07-05,630.4683419,8186656506,1.79121232,2395779.699,12874.49604,8600.719476,12985039.79,933430.2385
2014-07-06,634.6726745,8243503019,1.80217443,2253087.994,8691.022289,11975.16508,12988589.79,930146.0957
2014-07-07,622.854979,8092343526,1.76756914,2335706.171,20093.12296,16759.06747,12992339.79,933480.1512
2014-07-08,624.8943311,8121182836,1.77273738,2343353.742,15471.66313,15902.44577,12996089.79,933049.3686
2014-07-09,621.9390918,8085357327,1.76136723,2581047.231,14063.51364,11586.66201,13000239.79,935526.2202
2014-07-10,616.5228498,8017241431,1.74495565,2296547.615,19538.15386,14070.72266,13003964.79,940993.6514
2014-07-11,634.4943781,8253417080,1.79446067,2474528.075,13720.54974,19058.272,13007864.79,935655.9292
2014-07-12,636.9239579,8287520652,1.80030291,2499926.535,18627.86822,12263.17041,13011789.79,942020.627
2014-07-13,629.8757504,8198330361,1.77957268,2519503.002,19108.29448,15773.83157,13015789.79,945355.0899
2014-07-14,619.1974591,8061433757,1.74898486,2089791.424,15378.06482,16139.37604,13019164.79,944593.7787
2014-07-15,621.9346014,8099541254,1.75571279,2472190.041,17075.84621,13092.097,13023139.79,948577.5279
2014-07-16,616.3518822,8029055588,1.73946637,2218866.776,24144.61187,21922.8176,13026739.79,950799.3221
2014-07-17,624.259275,8134747451,1.76036866,2684314.882,16195.79425,13325.89146,13031039.79,953669.2249
2014-07-18,630.7501403,8222042400,1.77738508,2712225.603,22504.86663,13519.1727,13035339.79,962654.9188
2014-07-19,629.1733644,8204272683,1.77274463,2784092.138,9423.432731,24422.32486,13039764.79,947656.0267
2014-07-20,625.2486762,8155518511,1.76080313,2422838.62,11146.05193,9184.239227,13043639.79,949617.8394
2014-07-21,621.3053314,8106490499,1.74762284,2407558.159,19711.79869,15859.10518,13047514.79,953470.5329
2014-07-22,619.8232645,8089353582,1.74270129,2200372.589,20344.94412,16966.2339,13051064.79,956849.2431
2014-07-23,619.7728168,8090957356,1.74066345,2262170.781,18354.82407,22076.26331,13054714.79,953127.8039
2014-07-24,602.8796455,7872577118,1.69279908,2155294.733,26381.17035,22665.40331,13058289.79,956843.5709
2014-07-25,601.5785143,7858038002,1.68863136,2451432.446,21900.47019,25341.3275,13062364.79,953402.7136
2014-07-26,594.7026072,7770214649,1.66914747,1992253.734,14389.34067,11073.78654,13065714.79,956718.2678
2014-07-27,591.5754442,7731618805,1.65995112,2262776.074,12462.13525,9885.88558,13069539.79,959294.5174
2014-07-28,587.493005,7680466302,1.64850401,2203098.769,22568.16939,24314.34726,13073289.79,957548.3396
2014-07-29,584.1123933,7638446405,1.63937643,2175818.665,16070.48761,13138.50445,13077014.79,960480.3227
2014-07-30,562.9146251,7363663409,1.58077127,2420532.888,23963.11759,18625.07605,13081314.79,965818.3643
2014-07-31,581.975562,7615246130,1.63310806,2240605.914,19868.07017,21658.77878,13085164.79,964027.6557
2014-08-01,596.5067592,7807730530,1.67172212,2341289.03,21276.17067,18682.53518,13089089.79,966621.2911
2014-08-02,589.7572615,7721789009,1.65218507,2403260.841,15282.61404,16209.3419,13093164.79,965694.5633
2014-08-03,586.7537367,7684722366,1.64362281,2259001.886,8731.287222,9658.882715,13097014.79,964766.9678
2014-08-04,587.6083355,7697795405,1.64417187,1880346.674,22172.23956,22361.03049,13100214.79,964578.1769
2014-08-05,581.8819886,7624742883,1.61859835,1963851.712,25640.84052,25461.00934,13103589.79,964758.008
2014-08-06,582.2483714,7631931031,1.61916711,2387218.323,21598.508,17302.82413,13107689.79,969053.6919
2014-08-07,586.0466335,7684061660,1.62893008,2344186.534,17119.03457,20680.21304,13111689.79,965492.5134
2014-08-08,589.0244126,7725432021,1.63661291,2326646.43,17928.44754,15505.92178,13115639.79,967915.0392
2014-08-09,588.9785213,7727509980,1.63562717,2679852.272,10669.40712,9381.458462,13120189.79,969202.9878
2014-08-10,589.373502,7735300180,1.63601768,2607977.747,14854.6576,11612.37669,13124614.79,972445.2688
2014-08-11,573.4414839,7528807738,1.59181557,2609158.752,18751.57291,23652.36727,13129164.79,967544.4744
2014-08-12,568.3075202,7463875219,1.57747585,2472137.713,27183.59891,26527.31782,13133514.79,968200.7555
2014-08-13,548.3701753,7204015648,1.52247712,1987841.886,32291.66162,29594.38476,13137139.79,970898.0323
2014-08-14,505.1074997,6637940815,1.40529956,2272983.749,39482.97784,41350.58065,13141639.79,969030.4295
2014-08-15,500.3230601,6577129266,1.39272818,2063832.623,37157.40878,28138.59767,13145764.79,978049.2406
2014-08-16,521.7479629,6860836902,1.4519714,2060904.453,18813.42778,26821.28249,13149714.79,970041.3859
2014-08-17,497.764659,6547578796,1.38521881,2115499.801,33584.29593,23991.61945,13153964.79,979634.0624
2014-08-18,468.9579182,6170977284,1.30849176,2321341.695,58200.68228,53697.88153,13158914.79,984136.8631
2014-08-19,486.7943507,6407948973,1.35854035,2263593.731,32685.00427,29597.2529,13163564.79,987224.6145
2014-08-20,515.1203539,6782996535,1.43685004,2176383.495,27559.06661,33304.30688,13167789.79,981479.3743
2014-08-21,519.3078521,6840278776,1.44883851,2142144.89,39905.33403,38630.49371,13171914.79,982754.2146
2014-08-22,516.1593688,6800833148,1.43998218,2025925.523,25230.01592,26256.45128,13175839.79,981727.7792
2014-08-23,497.1257595,6552062720,1.38794257,2013359.326,15222.06244,10976.06435,13179889.79,985973.7773
2014-08-24,508.430742,6702916915,1.41936719,1855772.208,15761.72496,12088.34778,13183539.79,989647.1545
2014-08-25,501.6102867,6614717187,1.40049218,1718015.232,39730.10848,17758.011,13186964.79,1011619.252
2014-08-26,511.8523217,6751992304,1.4286897,2213761.292,30811.71372,17246.9673,13191289.79,1025183.998
2014-08-27,510.1623238,6731854487,1.42412594,2155435.818,28738.35133,27224.33005,13195514.79,1026698.02
2014-08-28,506.2851517,6682882888,1.41962708,2189683.281,24763.49386,17167.3263,13199839.79,1034294.187
2014-08-29,508.8665719,6719119905,1.4275503,2162682.931,22325.48276,15475.85415,13204089.79,1041143.816
2014-08-30,501.2757233,6621170462,1.40634187,2280804.541,22539.0214,9960.069392,13208639.79,1053722.768
2014-08-31,478.5114255,6322734056,1.34266216,2249003.7,19463.47173,13765.97412,13213339.79,1059420.265
2014-09-01,474.5414898,6271891388,1.33136652,1613441.065,22079.69351,20343.17309,13216739.79,1061156.786
2014-09-02,474.4306707,6272170253,1.33208957,1743532.715,27908.55387,28270.56613,13220414.79,1060794.774
2014-09-03,473.9592034,6267939738,1.33099316,2002477.634,19846.24624,27491.41583,13224639.79,1053149.604
2014-09-04,489.5552013,6476124936,1.37428858,1933743.045,27105.39892,21781.4733,13228589.79,1058473.53
2014-09-05,478.7497829,6334919956,1.34365527,1735467.963,20852.64568,17454.82826,13232214.79,1061871.347
2014-09-06,480.6424918,6362115562,1.34865874,2150875.151,16931.38291,11635.78293,13236689.79,1067166.947
2014-09-07,478.3655009,6333829406,1.34317011,1853666.316,14537.77779,14632.89589,13240564.79,1067071.829
2014-09-08,468.9754959,6211188748,1.31734021,1688311.785,23288.72945,20912.58006,13244164.79,1069447.978
2014-09-09,473.5120272,6272999635,1.33112394,1728318.899,36305.30082,25410.41065,13247814.79,1080342.868
2014-09-10,477.7784176,6331395265,1.34373558,1875280.289,30266.33647,28052.37909,13251739.79,1082556.826
2014-09-11,477.2706821,6326695287,1.34256122,2028400.399,23375.49602,16593.01757,13255989.79,1089339.304
2014-09-12,473.9972823,6285128022,1.33422001,1824889.537,19162.56508,19126.46128,13259839.79,1089375.408
2014-09-13,477.960974,6339848713,1.34529696,2162773.407,14671.62877,11821.78899,13264364.79,1092225.248
2014-09-14,475.648064,6311048241,1.33870825,1878809.853,16073.7334,17312.88404,13268314.79,1090986.097
2014-09-15,472.6556297,6273210671,1.33078173,1866989.738,23392.90286,20622.58805,13272264.79,1093756.412
2014-09-16,464.1777545,6162674426,1.30741226,1984359.901,22893.5099,21448.9294,13276539.79,1095200.993
2014-09-17,456.3398913,6060736703,1.28560635,2121980.495,25552.52268,21969.82094,13281189.79,1098783.694
2014-09-18,426.880107,5671386005,1.20503333,1910288.479,44363.58401,35107.16246,13285664.79,1108040.116
2014-09-19,393.8938907,5234826089,1.11512348,1683896.383,53517.05145,49228.82169,13289939.79,1112328.346
2014-09-20,411.0413428,5464523277,1.16620763,1808581.908,27213.50955,23174.15037,13294339.79,1116367.705
2014-09-21,400.4045307,5324755541,1.1367134,1641658.576,29636.54212,28542.02378,13298439.79,1117462.223
2014-09-22,400.8816222,5332783816,1.13884767,1683702.813,26510.56647,23118.08812,13302639.79,1120854.701
2014-09-23,438.491801,5834742822,1.2456203,1644344.254,42832.29783,30171.06963,13306389.79,1133515.93
2014-09-24,423.7000918,5639571003,1.20431489,1652430.358,33469.66999,36766.612,13310289.79,1130218.988
2014-09-25,409.5377499,5452827141,1.16485544,1761012.324,26473.97592,29815.87345,13314589.79,1126877.09
2014-09-26,405.2982519,5397737714,1.15453429,1357749.144,33323.29882,25562.00185,13317939.79,1134638.387
2014-09-27,400.5993346,5336499824,1.14181027,1342007.771,18217.78243,27001.35396,13321289.79,1125854.816
2014-09-28,375.5499898,5004030780,1.07103907,1220537.467,28737.42558,25393.36491,13324539.79,1129198.876
2014-09-29,373.0645579,4972191290,1.0668785,1277746.111,36762.69421,34573.83464,13327964.79,1131387.736
2014-09-30,389.2640404,5189586358,1.1140296,1488934.955,30773.80669,29988.25898,13331789.79,1132173.284
2014-10-01,382.9093659,5106350946,1.09708972,1483773.793,29716.10833,27709.84627,13335664.79,1134179.546
2014-10-02,372.525699,4969163060,1.06843242,1285213.662,30730.54885,29444.47773,13339114.79,1135465.617
2014-10-03,357.6657136,4772249489,1.02941189,1305479.855,55793.13782,46907.58129,13342764.79,1144351.173
2014-10-04,328.8261131,4388715463,0.9484552,1265980.535,53082.78437,41010.9066,13346614.79,1156423.051
2014-10-05,322.8262615,4310001696,0.93172895,1363940.955,142475.3427,70580.91456,13350839.79,1228317.479
2014-10-06,326.8035327,4364416991,0.95087199,1315384.219,59205.79547,57518.76112,13354864.79,1230004.514
2014-10-07,333.5701949,4455902310,0.97154668,1117460.153,36749.98281,38440.88723,13358214.79,1228313.609
2014-10-08,354.4073343,4735525160,1.03194969,1275866.404,49972.40043,50967.33381,13361814.79,1227318.676
2014-10-09,361.7164249,4834526225,1.05462843,1338350.772,61055.23367,53217.18621,13365514.79,1235156.723
2014-10-10,358.8903908,4798145525,1.04743744,1390700.264,45104.3443,50295.10632,13369389.79,1229965.961
2014-10-11,361.908377,4839797029,1.05694518,1302870.157,33818.173,23481.65835,13372989.79,1240302.476
2014-10-12,377.8712437,5054666406,1.10393506,1398123.602,19848.35771,18687.95864,13376689.79,1241462.875
2014-10-13,391.9942089,5245103908,1.14335604,1518977.56,41238.5761,45798.19321,13380564.79,1236903.258
2014-10-14,400.8805921,5365331639,1.16884486,1322905.954,42875.14062,39620.18359,13383864.79,1240158.215
2014-10-15,394.6258799,5283109130,1.15308824,1489712.697,30731.78595,27516.38006,13387639.79,1243373.621
2014-10-16,382.3214763,5119796797,1.11729203,1414589.462,31829.08543,31138.86889,13391339.79,1244063.837
2014-10-17,382.2007896,5119537453,1.11813531,1356812.803,27233.47908,26763.3343,13394889.79,1244533.982
2014-10-18,391.2931771,5242933283,1.14449554,1604302.026,21353.13196,25006.30472,13398989.79,1240880.809
2014-10-19,388.684498,5209271994,1.13688775,1292375.956,23318.26461,17940.66868,13402314.79,1246258.405
2014-10-20,381.1908586,5110145459,1.11540138,1305578.691,29385.26473,28426.08443,13405739.79,1247217.586
2014-10-21,385.2046335,5165426489,1.1273598,1473407.723,27885.49214,22496.58796,13409564.79,1252606.49
2014-10-22,380.7787633,5107591091,1.11497797,1513595.584,57170.41651,33541.29788,13413539.79,1276235.608
2014-10-23,357.3447931,4794607576,1.04769288,1348976.594,34539.2074,32327.20338,13417314.79,1278447.612
2014-10-24,357.488434,4797955867,1.04955841,1421016.525,33543.61913,34616.22144,13421289.79,1277375.01
2014-10-25,345.8112466,4642572971,1.01613431,1340018.581,22280.04343,22609.8405,13425164.79,1277045.213
2014-10-26,353.0819562,4741286825,1.03785791,1103381.113,19750.83878,22580.96241,13428289.79,1274215.089
2014-10-27,350.0157119,4701503721,1.02988218,1391312.455,27990.23985,30691.61482,13432264.79,1271513.714
2014-10-28,354.6538051,4765027373,1.04388822,1223555.628,31377.9166,24386.76764,13435714.79,1278504.863
2014-10-29,333.5993501,4483438418,0.98355448,1292697.482,32179.06347,33163.23913,13439589.79,1277520.688
2014-10-30,344.6093822,4632873323,1.01672909,1464589.874,36348.36937,27096.65134,13443839.79,1286772.406
2014-10-31,337.1829126,4534617815,0.99675714,1584759.689,27216.73752,27265.1586,13448539.79,1286723.985
2014-11-01,324.371315,4363609911,0.95963351,1289375.977,23723.44228,30095.4748,13452514.79,1280351.952
2014-11-02,324.2485666,4363215100,0.95980572,1256463.196,18123.56858,17728.81836,13456389.79,1280746.702
2014-11-03,325.3618656,4379570738,0.96404683,1374653.882,30086.72781,26557.25725,13460614.79,1284276.173
2014-11-04,329.657704,4438730478,0.97805226,1335113.701,59824.407,45369.99562,13464664.79,1298730.584
2014-11-05,338.8057653,4563074938,1.00559416,1168879.89,35671.03132,37682.26488,13468114.79,1296719.351
2014-11-06,349.6899117,4711010177,1.03634538,1346306.16,41618.01899,36001.48917,13471964.79,1302335.881
2014-11-07,342.1332881,4610490610,1.01476248,1282999.831,40400.06127,31831.67475,13475714.79,1310904.267
2014-11-08,345.7163326,4660097059,1.02534954,1322364.972,23787.32681,18523.67465,13479539.79,1316167.919
2014-11-09,363.6100517,4902659696,1.07917955,1363537.694,29638.47765,20047.66515,13483289.79,1325758.732
2014-11-10,365.5022539,4929516028,1.0847227,1343220.783,47951.47117,40851.79884,13486964.79,1332858.404
2014-11-11,367.825467,4962035358,1.09194006,1186237.131,30538.05878,28115.20885,13490189.79,1335281.254
2014-11-12,422.5914196,5702391476,1.25193043,1553023.467,79247.95662,82076.82272,13493864.79,1332452.388
2014-11-13,421.9144717,5694786272,1.24597359,1529439.96,82695.20381,62085.55255,13497489.79,1353062.039
2014-11-14,398.3888828,5378783674,1.1770509,1533797.199,57884.53136,47226.25273,13501339.79,1363720.318
2014-11-15,377.9938407,5104746259,1.11736503,1322978.443,41397.59322,46769.84481,13504839.79,1358348.066
2014-11-16,390.2058235,5271130401,1.15327838,1463271.838,36362.38918,20243.82046,13508589.79,1374466.635
2014-11-17,387.5010316,5235987480,1.14624262,1395003.714,64410.15235,64492.29517,13512189.79,1374384.492
2014-11-18,373.8645646,5053168329,1.10670813,1439378.574,56390.33975,51077.95964,13516039.79,1379696.872
2014-11-19,377.613398,5105168798,1.1187722,1331087.228,44631.5126,34234.76377,13519564.79,1390093.621
2014-11-20,356.1812653,4816644517,1.05691479,1228825.365,39391.09797,42435.02193,13523014.79,1387049.697
2014-11-21,350.7488589,4744295632,1.04171403,1113627.627,35079.10452,33790.52387,13526189.79,1388338.278
2014-11-22,352.4555146,4768737135,1.04704666,1356953.731,22487.51197,21930.00832,13530039.79,1388895.781
2014-11-23,367.7732423,4977292195,1.09252099,1305595.01,23345.92318,21110.41943,13533589.79,1391131.285
2014-11-24,376.9942238,5103470631,1.11975677,1385453.773,44110.6263,37381.97611,13537264.79,1397859.935
2014-11-25,376.75563,5101484017,1.11940193,1243293.579,44715.92984,46170.41222,13540564.79,1396405.453
2014-11-26,367.5302081,4977825384,1.09262566,1258790.963,35696.68929,31448.32325,13543989.79,1400653.819
2014-11-27,369.5302274,5006216219,1.09877029,1302594.051,23959.6114,30872.90569,13547514.79,1393740.525
2014-11-28,377.8969319,5120962491,1.13429879,1398218.648,38145.36035,33026.95412,13551214.79,1398858.931
2014-11-29,376.0763355,5097767297,1.12906205,1476099.617,35640.64212,29019.46589,13555139.79,1405480.107
2014-11-30,378.6903971,5134716030,1.13677757,1514761.589,23997.64848,20284.62685,13559139.79,1409193.129
2014-12-01,379.111979,5141664431,1.13825789,1232113.932,30606.01274,29724.20455,13562389.79,1410074.937
2014-12-02,382.9467963,5195109769,1.1510639,1436050.486,42775.79229,32444.23224,13566139.79,1420406.497
2014-12-03,375.9160193,5100819422,1.13011906,1090156.456,38570.58174,43367.01089,13569039.79,1415610.068
2014-12-04,368.8455681,5006226474,1.11229742,1346286.324,63637.55852,32891.47637,13572689.79,1446356.15
2014-12-05,378.4283296,5137766195,1.1410958,1475870.486,48793.47373,40698.09936,13576589.79,1454451.524
2014-12-06,375.1379512,5094378924,1.13129289,1284847.483,28044.82195,27132.93526,13580014.79,1455363.411
2014-12-07,376.6397931,5115960374,1.13597735,1186415.348,24707.86127,18616.74327,13583164.79,1461454.529
2014-12-08,363.2156768,4935098494,1.10418082,1480103.883,53818.46256,48548.93346,13587239.79,1466724.058
2014-12-09,351.1068378,4771819225,1.06761307,1246429.274,38104.52208,40780.95274,13590789.79,1464047.628
2014-12-10,347.8813939,4729226571,1.06041309,1243675.983,35803.2617,38664.86201,13594364.79,1461186.027
2014-12-11,348.5930061,4740190281,1.06328138,1289794.123,42777.14208,44960.29557,13598064.79,1459002.874
2014-12-12,353.1906125,4803953827,1.07767689,1244996.909,28703.45485,32642.56827,13601589.79,1455063.76
2014-12-13,349.2429451,4751534011,1.06591465,1274736.749,28439.04741,30251.13717,13605239.79,1453251.671
2014-12-14,356.0797215,4845805175,1.08689147,1255181.018,19895.79698,18037.44542,13608764.79,1455110.022
2014-12-15,347.0951815,4724760193,1.06028962,1223510.515,32382.56285,27925.74338,13612289.79,1459566.842
2014-12-16,328.6133203,4474354536,1.00469489,1174792.62,49469.33377,44607.56817,13615864.79,1464428.607
2014-12-17,320.2976134,4362153947,0.98028857,1024952.363,57441.86768,48642.20178,13619064.79,1473228.273
2014-12-18,313.5116512,4270746563,0.96077271,1011075.075,64225.70337,64134.78871,13622289.79,1473319.188
2014-12-19,318.2428887,4336286833,0.97619248,1089981.894,42621.36338,43815.9541,13625714.79,1472124.597
2014-12-20,330.0657583,4498487604,1.01306177,1105720.29,35498.35514,38192.6944,13629064.79,1469430.258
2014-12-21,320.9926701,4375889172,0.98778637,1059275.811,25302.87003,18112.78148,13632364.79,1476620.346
2014-12-22,331.8425845,4525159717,1.0214974,1360554.596,46859.62933,51779.90431,13636464.79,1471700.071
2014-12-23,336.0841286,4584259700,1.03954357,1260315.482,52570.47511,112750.5264,13640214.79,1411520.02
2014-12-24,323.0322978,4407465523,0.99961153,1235598.539,31484.88323,22082.87924,13644039.79,1420922.024
2014-12-25,318.9961444,4353656120,0.98749454,1260034.77,34072.14879,24323.73869,13647989.79,1430670.434
2014-12-26,329.2103419,4494310383,1.01929944,1250999.299,29527.97597,31842.80821,13651789.79,1428355.602
2014-12-27,315.9684439,4314735455,0.97876537,1200680.087,32695.25117,31888.69191,13655589.79,1429162.161
2014-12-28,317.0104804,4330304448,0.98276009,1339369.28,18156.83659,20225.47579,13659814.79,1427093.522
2014-12-29,313.0655316,4277700745,0.97130504,1283568.679,32554.40483,31410.19814,13663914.79,1428237.729
2014-12-30,310.4420041,4243056052,0.9677018,1202962.766,27116.35479,26307.95015,13667789.79,1429046.133
2014-12-31,320.6622873,4383963251,1.00093553,1218516.692,33261.9762,30117.0507,13671589.79,1432191.059
2015-01-01,314.7764719,4304793251,0.98274685,1298452.947,16655.56982,13800.81614,13675714.79,1435045.812
2015-01-02,315.9427317,4322045951,0.98668726,1303263.768,21262.64841,26052.29979,13679839.79,1430256.161
2015-01-03,285.6473098,3908766304,0.89443575,1156871.605,50493.7281,52115.73902,13683889.78,1428634.15
2015-01-04,263.3345748,3604573637,0.826303,1132338.672,64566.61293,70179.4708,13688189.78,1423021.292
2015-01-05,275.0038515,3765377427,0.86470946,1072515.021,51721.86587,57975.42186,13692089.78,1416767.736
2015-01-06,287.549521,3938289680,0.90423431,1135820.608,36423.21764,45420.51906,13696039.78,1407770.435
2015-01-07,297.5355652,4076100312,0.93577843,1041374.478,44836.23047,50932.56479,13699539.78,1401674.101
2015-01-08,284.3423919,3896404868,0.89651769,1044958.29,40095.35452,42516.82081,13703214.78,1399252.634
2015-01-09,292.5011146,4009229351,0.9241025,1023753.901,62296.52208,77947.22137,13706714.78,1383601.935
2015-01-10,276.2305321,3787228266,0.87375367,1015147.206,54664.4246,63488.57649,13710389.78,1374777.783
2015-01-11,268.7555155,3685784302,0.85069708,1041427.623,59401.99514,56560.98693,13714264.78,1377618.791
2015-01-12,268.617232,3684841437,0.85146752,953591.1737,71037.09622,64124.55256,13717814.78,1384531.335
2015-01-13,224.1081178,3074985195,0.71350593,711543.2739,112070.6105,104357.2379,13720989.78,1392244.707
2015-01-14,175.6376406,2410558958,0.56357972,636686.447,152620.2072,148392.1952,13724614.78,1396472.719
2015-01-15,212.3410114,2915100172,0.68179854,801587.318,93960.60655,91889.31263,13728389.78,1398544.013
2015-01-16,207.5952049,2850669283,0.66753485,721393.3369,72738.22268,91228.92254,13731864.78,1380053.314
2015-01-17,199.8248366,2744657033,0.64325099,689395.6864,47777.56445,49537.50469,13735314.78,1378293.373
2015-01-18,211.1325184,2900779184,0.68000493,807581.8829,49058.1181,42236.10325,13739139.78,1385115.388
2015-01-19,216.8946949,2980727353,0.69895138,780820.9017,47392.11093,45593.69265,13742739.78,1386913.806
2015-01-20,211.9198539,2912984571,0.68366065,625163.569,54776.31338,54327.55315,13745689.78,1387362.567
2015-01-21,227.9042104,3133549520,0.73912676,848943.1838,77959.19087,89233.58085,13749414.78,1376088.177
2015-01-22,233.6473828,3213303340,0.75789177,788559.917,64600.14952,54414.99503,13752789.78,1386273.331
2015-01-23,233.1328524,3206949823,0.75661441,722711.8425,58289.56576,69124.45317,13755889.78,1375438.444
2015-01-24,249.0821239,3427130852,0.8081469,784608.6903,41889.88463,45212.99213,13759039.78,1372115.336
2015-01-25,254.5179413,3502717848,0.8258294,795368.5664,38935.46821,45635.94919,13762164.78,1365414.855
2015-01-26,273.9522449,3771045736,0.89147229,869798.3775,104118.4156,90228.96571,13765339.78,1379304.305
2015-01-27,264.7538045,3645412286,0.86202293,986207.9218,53295.25131,59499.82546,13769064.78,1373099.731
2015-01-28,235.7358404,3246828576,0.76846781,966516.9458,58083.62428,65004.69821,13773164.78,1366178.657
2015-01-29,233.9573735,3223292683,0.76357085,959225.2312,68434.05208,62542.19838,13777264.78,1372070.511
2015-01-30,228.8961899,3154353109,0.74804548,789691.8553,53427.63663,62903.42346,13780714.78,1362594.724
2015-01-31,217.332156,2995894384,0.71163625,901928.4476,47409.14886,53055.27251,13784864.78,1356948.6
2015-02-01,227.1113013,3131578636,0.74387279,880056.2925,32666.34846,32657.80671,13788739.78,1356957.142
2015-02-02,240.0924199,3311526270,0.78676033,954367.3692,46985.41263,41691.87467,13792714.78,1362250.68
2015-02-03,227.7756958,3142368395,0.74694335,723187.8341,55472.10391,59994.6882,13795889.78,1357728.096
2015-02-04,226.7811341,3129548987,0.7443882,901455.0082,44687.59624,40964.53459,13799864.78,1361451.157
2015-02-05,217.0111511,2995587161,0.71333929,862619.3255,46134.08486,46698.35336,13803839.78,1360886.889
2015-02-06,222.7249693,3075445350,0.73237364,985557.9892,44446.74593,45592.36455,13808264.78,1359741.27
2015-02-07,228.6471274,3158128950,0.75214553,908872.3315,38646.0315,34224.54327,13812239.78,1364162.758
2015-02-08,224.0359889,3095178118,0.73731062,739318.7634,34654.00706,31601.87026,13815539.78,1367214.895
2015-02-09,220.7684939,3050924501,0.72729218,888593.1878,45595.85514,54233.7568,13819564.77,1358576.994
2015-02-10,220.8881543,3053373354,0.72810409,795197.3555,47200.83601,50968.81258,13823164.77,1354809.017
2015-02-11,219.4958597,3034994445,0.72439005,867008.6459,53071.32299,43846.84499,13827114.77,1364033.495
2015-02-12,222.5832279,3078346025,0.73482642,662185.1031,32599.65942,34966.34793,13830089.77,1361666.806
2015-02-13,236.5553638,3272445345,0.78098836,863427.078,72232.18901,52309.29752,13833739.77,1381589.698
2015-02-14,257.6276958,3564985013,0.85038033,1030510.783,49217.025,45883.05306,13837739.77,1384923.67
2015-02-15,234.445803,3245020574,0.7743708,820560.3106,46406.86831,53707.11291,13841239.77,1377623.425
2015-02-16,235.0861268,3254806162,0.77684571,922713.0478,33570.57967,39446.45987,13845164.77,1371747.545
2015-02-17,243.9057943,3377824460,0.80607357,908549.0837,37730.64501,37043.38513,13848889.77,1372434.805
2015-02-18,235.9952323,3269257240,0.78023417,985280.0949,38276.37911,44820.7101,13853064.77,1365890.474
2015-02-19,241.8722539,3351675771,0.80139075,1003769.854,31617.49802,31338.03683,13857214.77,1366169.935
2015-02-20,245.5307753,3403342533,0.81236962,969846.5623,38064.07293,33532.6948,13861164.77,1370701.313
2015-02-21,245.5960026,3405118526,0.81269734,871865.8093,23584.90612,22831.04268,13864714.77,1371455.177
2015-02-22,236.6906683,3282542113,0.78366869,893507.2729,22847.20887,22118.51927,13868489.77,1372183.866
2015-02-23,239.0660178,3316333308,0.79211394,848684.3633,42848.50902,58689.48571,13872039.77,1356342.89
2015-02-24,239.8692621,3328249523,0.79522354,773578.3704,33658.1767,33649.61634,13875264.77,1356351.45
2015-02-25,238.236111,3306536108,0.79086428,946988.5414,40772.67143,42197.19761,13879239.77,1354926.924
2015-02-26,237.0444024,3290885014,0.78721981,888916.509,36192.42784,31335.38945,13882989.77,1359783.962
2015-02-27,255.1167744,3542753014,0.8470053,969443.7427,70113.47046,51879.15724,13886789.77,1378018.275
2015-02-28,254.9484486,3541320575,0.84675657,905066.9924,29145.67991,25548.29425,13890339.77,1381615.661
2015-03-01,260.6513308,3621447826,0.86514949,912279.6578,27365.28375,25120.14144,13893839.77,1383860.803
2015-03-02,276.3226137,3840273594,0.91679724,1091474.324,54697.73373,49469.57864,13897789.77,1389088.959
2015-03-03,282.7059009,3930103867,0.9391453,1116688.309,56024.85267,43892.03773,13901739.77,1401221.773
2015-03-04,273.4475365,3802353560,0.90841341,957066.3778,45735.38912,52434.83577,13905239.77,1394522.327
2015-03-05,276.2688092,3842495720,0.91835146,911687.0703,48538.61846,52071.51622,13908539.77,1390989.429
2015-03-06,273.3181148,3802467148,0.90850025,1011277.025,45184.80062,42970.88956,13912239.77,1393203.34
2015-03-07,276.4033574,3846357194,0.91980286,967411.7509,31177.08154,47172.17219,13915739.77,1377208.249
2015-03-08,275.3380339,3832606247,0.91749265,1073818.332,26321.14399,48698.81188,13919639.77,1354830.582
2015-03-09,290.130059,4039550377,0.96777239,1044468.213,54587.55942,48472.52328,13923239.77,1360945.618
2015-03-10,292.3203831,4071157602,0.9731036,1110817.456,60724.09495,47674.87247,13927039.77,1373994.84
2015-03-11,296.6933293,4133202067,0.98702529,1142269.318,42692.28253,35539.19984,13930889.77,1381147.923
2015-03-12,295.8003448,4121730744,0.98143882,968746.1293,46080.20082,61499.29479,13934164.77,1365728.829
2015-03-13,285.9110263,3984974926,0.95005909,1043575.246,53187.80289,57654.31592,13937814.77,1361262.316
2015-03-14,283.6083063,3953808857,0.94250473,928817.203,31084.15985,35665.97852,13941089.77,1356680.497
2015-03-15,287.270142,4005885829,0.95476771,1026990.758,18779.42384,17231.77325,13944664.77,1358228.148
2015-03-16,291.3921181,4064377991,0.96883474,1012587.61,35998.38034,33715.92338,13948139.77,1360510.605
2015-03-17,285.2483966,3979597300,0.94842564,912794.869,37360.76078,36710.6993,13951339.77,1361160.666
2015-03-18,257.2861601,3590470758,0.85686576,984119.5625,71935.76371,71820.82127,13955164.77,1361275.609
2015-03-19,262.092948,3658447943,0.87346947,897668.3468,64008.66094,60759.4186,13958589.77,1364524.851
2015-03-20,262.9664921,3671535473,0.87674824,894086.0732,44694.50843,40286.89627,13961989.77,1368932.463
2015-03-21,261.1842975,3647638461,0.87101347,985970.723,33619.02335,35287.51168,13965764.77,1367263.975
2015-03-22,268.8994158,3756340582,0.89689624,954592.9262,28357.91139,23024.81094,13969314.77,1372597.075
2015-03-23,266.777993,3727672828,0.89015559,967070.2246,46461.40279,36420.74252,13972939.77,1382637.736
2015-03-24,246.835083,3450079310,0.8245462,1067561.734,59257.85286,61033.53286,13977264.77,1380862.056
2015-03-25,246.7191368,3449457911,0.82488492,999212.5039,55576.17969,55747.70728,13981314.77,1380690.528
2015-03-26,249.5329936,3489722601,0.834809,923272.0762,57805.63648,54731.55818,13985014.77,1383764.606
2015-03-27,247.3788983,3460655092,0.82811622,1057544.79,47107.62786,46492.17471,13989289.77,1384380.059
2015-03-28,253.231614,3543467384,0.84785463,936956.9717,35153.27414,29590.50989,13992989.77,1389942.824
2015-03-29,242.9676143,3400772692,0.81383575,929351.1245,35787.26421,36180.77504,13996814.77,1389549.313
2015-03-30,248.3369345,3476807670,0.83226724,881596.1176,42953.62496,42657.32351,14000364.77,1389845.614
2015-03-31,244.7124857,3426981735,0.82051756,917671.8213,42543.29728,48424.64294,14004114.77,1383964.269
2015-04-01,247.1858194,3462434298,0.83080879,815713.204,37548.86509,43310.41064,14007414.77,1378202.723
2015-04-02,253.6300704,3553754160,0.85233643,1052564.792,43518.08573,42459.06777,14011564.77,1379261.741
2015-04-03,254.8331636,3571541519,0.85676268,930141.0473,39938.55064,38679.91354,14015214.77,1380520.378
2015-04-04,253.9458486,3560076952,0.85381712,971342.871,22391.00774,20905.05458,14019039.77,1382006.331
2015-04-05,261.1121362,3661507537,0.87790912,966114.9039,28749.35864,20954.96908,14022739.77,1389800.721
2015-04-06,256.3673869,3595780710,0.86213123,807557.2688,35176.2836,33727.71462,14025889.77,1391249.29
2015-04-07,254.831898,3575212473,0.85722526,968361.2124,44422.73075,44546.62633,14029689.77,1391125.394
2015-04-08,245.8252104,3449619644,0.82735719,768203.7825,57768.58258,51939.76155,14032814.77,1396954.215
2015-04-09,243.8606362,3422861974,0.82153081,810836.6153,44470.94301,47183.96674,14036139.77,1394241.192
2015-04-10,235.8719006,3311627279,0.7967323,896313.2224,41556.24079,41239.51209,14039939.77,1394557.92
2015-04-11,237.4090678,3334039945,0.80216867,830931.7373,34927.6802,38840.56524,14043439.77,1390645.035
2015-04-12,237.1410424,3331034797,0.80176151,758851.3356,27614.59332,24591.17767,14046639.77,1393668.451
2015-04-13,225.5056359,3168475906,0.76357046,879471.98,68571.32713,58824.94962,14050539.77,1403414.828
2015-04-14,219.7572367,3088526390,0.74489185,818595.7067,66245.29451,60437.83593,14054264.77,1409222.287
2015-04-15,223.3139079,3139193897,0.75926768,681107.4192,47861.34466,61544.99345,14057314.77,1395538.638
2015-04-16,228.4938153,3212797789,0.77719921,788303.6628,53745.95505,41493.10467,14060764.77,1407791.489
2015-04-17,222.7850602,3133230099,0.75827898,701772.9396,53648.76737,49836.91482,14063914.77,1411603.341
2015-04-18,223.3980441,3142666455,0.76055574,815402.8611,40074.89629,44936.92921,14067564.77,1406741.308
2015-04-19,223.2841353,3141873441,0.76035314,809404.9905,29033.18454,27774.06749,14071189.77,1408000.425
2015-04-20,224.8949036,3165404712,0.76631946,865845.3787,46306.67235,53163.28159,14075039.77,1401143.816
2015-04-21,234.9393565,3307679430,0.80085177,898643.0387,45978.61193,51238.0969,14078864.77,1395884.331
2015-04-22,233.8224188,3292842739,0.79730639,888525.1913,42946.06288,39505.32966,14082664.77,1399325.064
2015-04-23,235.9332937,3323336267,0.80445024,766783.2045,38281.80558,36934.29798,14085914.77,1400672.572
2015-04-24,231.4585923,3261023526,0.78956794,717521.6363,45598.53878,45457.38533,14089014.77,1400813.725
2015-04-25,226.445993,3191323707,0.77276772,922767.4214,36704.39066,32897.22051,14093089.77,1404620.895
2015-04-26,220.5034068,3108368119,0.75294572,793812.2644,49641.86064,45235.86469,14096689.77,1409026.891
2015-04-27,227.3259904,3205322554,0.77665961,778591.517,60938.66938,67765.13128,14100114.77,1402200.429
2015-04-28,225.5493688,3181134713,0.77087913,862726.3356,50316.17694,54301.74436,14103939.77,1398214.862
2015-04-29,225.6692884,3183542552,0.77154151,716499.9908,41786.51321,54447.27529,14107114.77,1385554.1
2015-04-30,236.327976,3334697580,0.80792304,791698.7197,55148.54879,52936.23676,14110464.77,1387766.412
2015-05-01,232.7465827,3285023618,0.7959527,861162.356,43135.38961,40768.25015,14114164.77,1390133.551
2015-05-02,235.5400771,3325317069,0.80559481,865609.7835,23145.47515,24823.95625,14117839.77,1388455.07
2015-05-03,240.464249,3395683374,0.8223728,847636.4776,42895.1008,29928.91579,14121364.77,1401421.255
2015-05-04,238.9766613,3375441331,0.81741779,764725.3162,54264.03136,46247.59437,14124564.77,1409437.692
2015-05-05,236.0233834,3334636256,0.80768013,908690.0261,40210.17321,40685.57296,14128414.77,1408962.293
2015-05-06,229.4812193,3243129510,0.78562752,923661.9077,47222.26883,52714.61065,14132439.77,1403469.951
2015-05-07,237.1306873,3352071042,0.81202047,835885.6728,42498.11017,43384.84788,14135964.77,1402583.213
2015-05-08,244.3834728,3455512600,0.83681725,916438.0231,55593.9458,44601.79236,14139714.77,1413575.367
2015-05-09,242.70595,3432575633,0.83113721,782726.6888,37942.81654,33911.46816,14142939.77,1417606.715
2015-05-10,240.7314839,3405427237,0.82457424,776359.0357,27927.29224,26146.21651,14146164.77,1419387.791
2015-05-11,242.2498372,3427863000,0.83050336,956886.8571,54524.95656,42866.18308,14150114.77,1431046.564
2015-05-12,242.2090921,3428194735,0.83069449,908284.0952,43615.34836,47394.72088,14153864.77,1427267.192
2015-05-13,236.5502659,3349058504,0.81161902,958028.577,60667.94552,54254.18597,14157914.77,1433680.951
2015-05-14,236.9489167,3355614821,0.81336253,912253.3294,47791.30577,47046.7005,14161764.77,1434425.556
2015-05-15,237.4845023,3364072414,0.81536167,872755.5461,36566.70685,38642.31054,14165439.77,1432349.953
2015-05-16,235.8121344,3341160767,0.80981981,778180.0436,28828.83396,23513.24519,14168739.77,1437665.541
2015-05-17,236.9636829,3358489778,0.81389832,1013019.745,22326.6664,21027.5261,14173014.77,1438964.682
2015-05-18,232.8838496,3301504622,0.80026593,838381.8586,47157.14044,47782.58876,14176614.77,1438339.233
2015-05-19,231.9744468,3289366286,0.79745588,753916.9521,48254.66804,49623.16301,14179864.77,1436970.738
2015-05-20,234.1903063,3321635813,0.80520035,848939.8602,48088.34637,45830.02467,14183489.77,1439229.06
2015-05-21,235.5538217,3341887992,0.81004487,912771.0592,48432.88336,49454.23732,14187364.77,1438207.706
2015-05-22,240.3232037,3410382069,0.82662537,829115.0527,59266.08243,64858.10476,14190814.77,1432615.684
2015-05-23,238.9632817,3391752765,0.8221977,669097.1888,34069.49718,37752.01987,14193614.77,1428933.161
2015-05-24,240.7117583,3417448566,0.82826864,878597.9179,32371.81747,27909.66822,14197264.77,1433395.31
2015-05-25,237.0035432,3365637493,0.81597835,835437.49,41560.83027,36713.80988,14200789.77,1438242.331
2015-05-26,236.7962613,3363546391,0.8155281,852466.5405,48195.00362,48553.62217,14204389.77,1437883.712
2015-05-27,237.2035964,3370150691,0.81731823,818352.4077,56039.06011,51461.28453,14207839.77,1442461.488
2015-05-28,236.9568819,3367427369,0.81693429,781957.7104,44455.21359,50838.30094,14211139.77,1436078.401
2015-05-29,236.6465266,3363927954,0.81601049,911089.1274,50513.02312,58240.78084,14214989.77,1428350.643
2015-05-30,232.78877,3309881466,0.80519424,791481.8181,40643.14376,39476.50529,14218389.77,1429517.281
2015-05-31,229.4505479,3263266290,0.79414393,848967.0273,33401.19859,35285.25719,14222089.77,1427633.223
2015-06-01,223.2827019,3176283464,0.77376466,736832.9164,63346.53195,62170.11821,14225389.77,1428809.636
2015-06-02,225.320801,3206121170,0.78141163,844953.0037,58371.21431,60592.25238,14229139.77,1426588.598
2015-06-03,225.2130634,3205387663,0.781559,799506.3751,53525.35927,52147.34744,14232689.77,1427966.61
2015-06-04,223.5400769,3182364544,0.77606861,787978.7709,48239.95594,51627.22798,14236214.77,1424579.338
2015-06-05,224.7310719,3200095127,0.78040202,775322.198,51415.17676,51713.39393,14239664.77,1424281.121
2015-06-06,225.1605132,3207212191,0.78204257,1001964.284,35287.84106,37118.17528,14244114.77,1422450.787
2015-06-07,223.4116859,3183133903,0.77660755,832208.5298,35087.34544,30031.71694,14247839.77,1427506.415
2015-06-08,228.7742914,3260437385,0.79532581,897939.0935,64647.32397,57606.44625,14251764.77,1434547.293
2015-06-09,229.3705295,3269800705,0.79751177,865873.7489,53459.58446,50656.31447,14255539.77,1437350.563
2015-06-10,228.5884874,3259618060,0.79522298,965786.3594,49566.84395,46125.39078,14259764.77,1440792.016
2015-06-11,229.5844117,3274594553,0.79912895,774847.3896,47905.81449,43969.13601,14263139.77,1444728.695
2015-06-12,229.8112185,3278645360,0.79991673,815829.8257,50915.31433,52391.42255,14266689.77,1443252.586
2015-06-13,233.0153445,3325283868,0.81144066,926235.9945,40816.58693,42415.41119,14270664.77,1441653.762
2015-06-14,232.5071087,3318891281,0.80992401,860276.3022,42872.99296,36075.94114,14274364.77,1448450.814
2015-06-15,236.7909629,3380893026,0.8248878,852447.4664,65558.30805,52158.91074,14277964.77,1461850.211
2015-06-16,251.4326768,3590688627,0.87513216,741726.3966,96697.58692,99844.62682,14280914.77,1458703.171
2015-06-17,247.9693177,3542208169,0.86325931,979478.8047,89593.76517,76016.59823,14284864.77,1472280.338
2015-06-18,249.0124795,3558080745,0.86709753,971148.6702,64417.68349,72349.6306,14288764.77,1464348.391
2015-06-19,244.8034842,3498839053,0.85251691,899652.8045,109466.2219,92300.03606,14292439.77,1481514.577
2015-06-20,245.5825132,3510795979,0.85520736,822701.4191,41218.32481,31711.89823,14295789.77,1491021.004
2015-06-21,244.3002601,3493222489,0.85070324,757330.8063,31154.61574,29640.85791,14298889.77,1492534.761
2015-06-22,247.0178925,3533026458,0.86017515,944843.4387,46892.97434,50896.8347,14302714.77,1488530.901
2015-06-23,244.1847633,3493359667,0.85051054,854646.6715,46338.01656,49227.44804,14306214.77,1485641.47
2015-06-24,240.4515453,3440889209,0.8379559,937761.0267,53520.8039,54364.39662,14310114.77,1484797.877
2015-06-25,242.3478577,3468946579,0.8448489,920921.8592,48895.8835,45684.58447,14313914.77,1488009.176
2015-06-26,242.9679974,3478758632,0.84717268,935426.7899,59660.71649,56333.06237,14317764.77,1491336.83
2015-06-27,251.5293267,3602148914,0.87686139,811182.0786,44382.80471,34144.84667,14320989.77,1501574.788
2015-06-28,249.0582858,3567639093,0.86825845,877930.4574,36978.23308,35816.61749,14324514.77,1502736.404
2015-06-29,256.6502224,3677288176,0.89447788,898275.7783,74408.20176,76702.96419,14328014.77,1500441.641
2015-06-30,263.8543569,3781465594,0.91895089,956472.0436,79172.64279,77874.51016,14331639.77,1501739.774
2015-07-01,258.0426476,3699045164,0.89877462,870893.9356,66466.58083,63443.72931,14335014.77,1504762.625
2015-07-02,254.7471134,3652784409,0.88759905,980776.3865,60021.45852,58251.33288,14338864.77,1506532.751
2015-07-03,256.0870428,3673028226,0.89360593,1030750.347,49165.6711,54829.42502,14342889.77,1500868.997
2015-07-04,260.5092396,3737445242,0.90895603,989935.1106,35766.29085,33000.8125,14346689.77,1503634.475
2015-07-05,271.3024582,3893255325,0.94652746,963123.7267,72581.08157,58472.96845,14350239.77,1517742.589
2015-07-06,269.1379401,3863411820,0.93879668,1217849.179,96549.04501,89382.38359,14354764.77,1524909.25
2015-07-07,266.4699191,3826005680,0.92913382,892674.2288,72137.98795,68233.19917,14358114.77,1528814.039
2015-07-08,270.5761429,3886052382,0.94328042,1089068.975,54352.35093,81938.56973,14362139.77,1501227.82
2015-07-09,269.6803048,3874082917,0.94097662,896687.0134,87623.62258,86455.79238,14365464.77,1502395.65
2015-07-10,285.5587808,4103284006,0.99548676,1099401.306,127377.5421,110062.3977,14369314.77,1519710.795
2015-07-11,293.9174538,4224479904,1.02415822,1087494.579,69114.83866,65868.72309,14373014.77,1522956.91
2015-07-12,311.4818799,4477984911,1.08367916,1051251.345,60936.59285,57158.29926,14376389.77,1526735.204
2015-07-13,292.6492238,4208322109,1.0183322,1082802.128,67760.70391,65364.26621,14380089.77,1529131.641
2015-07-14,287.7409515,4138776579,1.00130096,1035867.425,62949.90518,59351.75302,14383689.77,1532729.794
2015-07-15,285.9228854,4113719737,0.9949258,1093655.037,60273.82624,46541.60954,14387514.77,1546462.01
2015-07-16,278.5327493,4008327128,0.96964467,933084.7101,71880.6146,66460.22819,14390864.77,1551882.397
2015-07-17,280.0647247,4031402817,0.97483547,1029237.863,48818.36921,50948.78575,14394539.77,1549751.98
2015-07-18,277.3546353,3993425473,0.96571539,1033146.016,45762.28922,45921.44505,14398264.77,1549592.824
2015-07-19,275.2819895,3964629042,0.95860718,1046071.56,37491.98567,32636.34965,14402064.77,1554448.46
2015-07-20,279.114393,4020912112,0.97272012,1088546.133,40462.83326,41950.00553,14405964.77,1552961.288
2015-07-21,276.6524126,3986323280,0.96438518,878371.4101,48213.52317,54485.59838,14409139.77,1546689.213
2015-07-22,277.7643691,4003415009,0.96830559,1069392.821,41969.40387,44626.68553,14412989.77,1544031.931
2015-07-23,276.8116286,3990652011,0.96492102,968840.7,51967.49443,47674.84149,14416489.77,1548324.584
2015-07-24,289.3059763,4171998965,1.00796633,1222317.75,68279.52476,60685.70971,14420714.77,1555918.399
2015-07-25,289.50764,4176021703,1.00828547,1114604.414,40664.1711,38505.20319,14424564.77,1558077.367
2015-07-26,293.3148428,4231994880,1.02127006,1055933.434,28306.16174,30629.24994,14428164.77,1555754.279
2015-07-27,294.4267618,4249134571,1.02492676,1096739.688,50850.02958,41523.44102,14431889.77,1565080.867
2015-07-28,295.4101253,4264330758,1.02815783,1004394.426,71747.12155,66346.80645,14435289.77,1570481.183
2015-07-29,289.8558364,4185254440,1.00910193,1101452.178,49205.02721,55630.17537,14439089.77,1564056.034
2015-07-30,288.2362607,4162834833,1.00375693,965591.4732,53417.35532,49679.75652,14442439.77,1567793.633
2015-07-31,284.5973244,4111354070,0.99098704,1074354.9,53614.38873,54406.71853,14446214.77,1567001.303
2015-08-01,281.6688463,4070140113,0.98089158,1091466.779,44458.42806,38503.94316,14450089.77,1572955.788
2015-08-02,282.4230064,4082103942,0.98353023,1066146.849,31886.96565,35959.23985,14453864.77,1568883.514
2015-08-03,282.1850523,4079772161,0.98277599,1107576.33,48111.95368,49393.69899,14457789.77,1567601.769
2015-08-04,285.2866175,4125583913,0.99397021,969974.4994,65135.29824,70621.57076,14461189.77,1562115.496
2015-08-05,282.3388869,4083894999,0.98382413,938776.799,82888.29945,89224.78147,14464514.77,1555779.014
2015-08-06,278.9957487,4036535536,0.97232925,997409.8015,68627.83746,85185.95305,14468089.77,1539220.899
2015-08-07,279.4887151,4044625067,0.97419688,957248.8491,67992.80301,62939.16507,14471514.77,1544274.537
2015-08-08,261.4502756,3784633861,0.91166096,1052337.359,87960.61379,92563.1133,14475539.77,1539672.037
2015-08-09,266.3420205,3856390023,0.93317694,945514.1726,40596.9072,42135.93818,14479089.77,1538133.006
2015-08-10,264.9288252,3837034320,0.92856137,1106077.845,61480.86062,59374.6629,14483264.77,1540239.204
2015-08-11,271.4217361,3932172125,0.95127646,1099258.031,62875.10658,75002.0624,14487314.77,1528112.248
2015-08-12,268.1438685,3885529279,0.93998135,844653.1858,73141.5218,80179.63482,14490464.77,1521074.135
2015-08-13,264.691628,3836477451,0.92822959,972741.7329,58661.33921,84996.3734,14494139.77,1494739.101
2015-08-14,266.3559416,3861545808,0.93435614,945563.5925,100373.3942,67088.05524,14497689.77,1528024.44
2015-08-15,261.9368366,3798376130,0.91933993,897133.6655,47751.02635,72664.7994,14501114.77,1503110.667
2015-08-16,258.9308174,3755678811,0.90950511,893311.32,78267.68273,75022.70599,14504564.77,1506355.643
2015-08-17,258.0093983,3743262212,0.90668516,948184.5388,147473.6169,147546.2452,14508239.77,1506283.015
2015-08-18,217.8858831,3161908681,0.76798027,768047.738,134941.9063,96281.46345,14511764.77,1544943.458
2015-08-19,227.2182519,3298223973,0.80186184,886151.1824,97974.38553,104272.3032,14515664.77,1538645.54
2015-08-20,235.5238831,3419668946,0.83203851,883214.5617,93436.47576,91900.72233,14519414.76,1540181.294
2015-08-21,232.8006178,3381089030,0.82326318,960302.5486,60425.31185,63878.56361,14523539.76,1536728.042
2015-08-22,230.6391733,3350608229,0.81611734,911024.7345,55958.29325,60862.73855,14527489.76,1531823.597
2015-08-23,228.6730739,3322811796,0.8092317,766054.7977,42558.85236,38355.50248,14530839.76,1536026.947
2015-08-24,211.9559176,3080718805,0.75213176,821329.1807,124231.6401,139528.7364,14534714.76,1520729.85
2015-08-25,222.6550395,3236978950,0.79407506,751460.7581,107357.4247,122323.9056,14538089.76,1505763.369
2015-08-26,226.1167002,3288215004,0.80814493,910119.7182,85298.07963,83043.9721,14542114.76,1508017.477
2015-08-27,224.9398773,3271871929,0.80418084,770419.0796,73992.00297,78237.1148,14545539.76,1503772.365
2015-08-28,232.1708083,3377949386,0.82998858,899661.8822,88842.83482,111986.2033,14549414.76,1480628.997
2015-08-29,229.8262002,3344756015,0.82198826,919304.8007,39838.63974,43523.52845,14553414.76,1476944.108
2015-08-30,229.0195725,3333875650,0.81927215,858823.3968,28232.64811,28149.47977,14557164.76,1477027.276
2015-08-31,230.6894661,3359090021,0.82540167,905456.1544,56506.705,63138.82948,14561089.75,1470395.152
2015-09-01,227.9555704,3320159149,0.81598508,877628.9461,61458.3266,73747.67151,14564939.75,1458105.807
2015-09-02,229.5021807,3343603442,0.82188383,918008.7228,56375.49942,81726.43259,14568939.74,1432754.874
2015-09-03,227.1071216,3309538910,0.81397546,828940.9937,78445.71854,53912.274,14572589.74,1457288.318
2015-09-04,231.1775634,3369757379,0.82872426,901592.4973,65168.97685,64097.47928,14576489.73,1458359.816
2015-09-05,235.9030061,3439504690,0.8456626,866943.5476,51198.32164,45161.73157,14580164.73,1464396.406
2015-09-06,240.8054722,3511850353,0.86322379,866899.7001,55653.26483,47640.50842,14583764.73,1472409.162
2015-09-07,240.6336157,3510258445,0.86259401,914407.7397,47225.28511,53015.05137,14587564.73,1466619.396
2015-09-08,244.1749527,3562748122,0.87516289,830194.839,70178.11197,79009.34947,14590964.73,1457788.159
2015-09-09,238.7224632,3484080202,0.85581756,889241.1753,77201.44467,82070.66742,14594689.4,1452918.936
2015-09-10,238.7504772,3485509618,0.85661875,1020658.29,89646.27711,79604.69187,14598963.99,1462960.521
2015-09-11,240.8450081,3517038528,0.86421443,951337.7821,64096.54154,56420.57515,14602912.29,1470636.487
2015-09-12,236.3518322,3452222525,0.84831164,797687.4336,36764.81636,35408.23384,14606286.29,1471993.07
2015-09-13,230.5488373,3368332625,0.82782905,870321.8609,48006.25601,50877.87985,14610061.21,1469121.446
2015-09-14,230.948794,3375053611,0.82963832,877605.4171,68988.18425,88928.51872,14613861.16,1449181.112
2015-09-15,230.39859,3367934601,0.82794791,921594.36,75653.37144,61180.87468,14617861.16,1463653.608
2015-09-16,229.0432858,3348936056,0.82333716,813103.6646,95749.41826,103389.5213,14621411.16,1456013.505
2015-09-17,233.2026978,3410592059,0.83834106,839529.7122,71819.54316,75417.3251,14625011.16,1452415.723
2015-09-18,233.1751309,3411045811,0.83835706,856918.6061,65411.52901,68578.31511,14628686.16,1449248.937
2015-09-19,232.2415681,3398114768,0.83518355,725754.9003,40130.37004,43797.10249,14631811.16,1445582.205
2015-09-20,231.3623238,3385990191,0.83222368,740359.4361,36955.78556,35883.37447,14635011.16,1446654.616
2015-09-21,226.773448,3319580295,0.81585049,748352.3783,82156.00647,86399.7725,14638311.16,1442410.85
2015-09-22,230.6263048,3376884820,0.82986426,905208.2463,80334.20545,91755.15653,14642236.16,1430989.899
2015-09-23,230.1324378,3370562525,0.82892525,909023.1291,51398.47346,47916.52337,14646186.16,1434471.849
2015-09-24,234.3198685,3432712535,0.84398148,820119.5397,52503.442,52511.07496,14649686.16,1434464.216
2015-09-25,235.5382218,3451526735,0.8484784,965706.7094,68455.08555,74829.76193,14653786.16,1428089.54
2015-09-26,234.5918144,3438520409,0.84518839,862124.9181,47405.06571,46827.21997,14657461.16,1428667.385
2015-09-27,233.2433098,3419623585,0.84044962,868831.3289,29364.1354,27649.80093,14661186.16,1430381.72
2015-09-28,240.0172653,3519795871,0.86502832,858061.7236,79856.17643,65066.4155,14664761.16,1445171.481
2015-09-29,237.3362338,3481511596,0.85547192,1032412.617,86136.31337,84220.9074,14669111.16,1447086.887
2015-09-30,236.739848,3473639085,0.85345406,875937.4378,66334.18576,78441.80881,14672811.16,1434979.264
2015-10-01,238.2298139,3496388478,0.85908051,887406.0566,91437.7143,102190.3655,14676536.16,1424226.612
2015-10-02,237.9370073,3492911975,0.85804128,820882.6752,84179.52463,76418.16874,14679986.16,1431987.968
2015-10-03,239.7358977,3520188704,0.86449878,869042.6292,56461.65389,46270.57975,14683611.16,1442179.043
2015-10-04,239.5169249,3517889544,0.86381713,916152.2377,42450.20877,47844.88663,14687436.16,1436784.365
2015-10-05,240.9612138,3540024122,0.86904243,921676.6429,62465.94023,59749.44621,14691261.16,1439500.859
2015-10-06,246.9404982,3628743990,0.89045639,876638.7688,71948.38532,79657.21841,14694811.16,1431792.026
2015-10-07,243.7344868,3582442675,0.87953074,810417.1688,62648.7127,68943.148,14698136.16,1425497.59
2015-10-08,243.029633,3572933240,0.87738611,850603.7154,94316.83915,97291.00905,14701636.16,1422523.42
2015-10-09,244.4488875,3594568618,0.88249178,770013.9956,57910.7647,61835.83295,14704786.16,1418598.352
2015-10-10,245.9559243,3617713096,0.88802862,983823.6973,46412.70294,48759.89854,14708786.16,1416251.157
2015-10-11,248.5281654,3656454768,0.89733993,907127.8037,42618.07584,45890.09526,14712436.16,1412979.137
2015-10-12,246.0936373,3621510562,0.88965466,873632.4126,75058.58302,75583.50438,14715986.16,1412454.216
2015-10-13,250.4713007,3686790059,0.9052258,857864.2049,92948.64393,88778.57222,14719411.16,1416624.287
2015-10-14,253.1423255,3727067913,0.91550869,961940.8371,98571.16588,83110.5774,14723211.16,1432084.876
2015-10-15,254.693015,3750956017,0.92101163,1056976.012,86414.28677,90006.25576,14727361.16,1428492.907
2015-10-16,262.7373632,3870373893,0.94954679,945854.5077,111888.1969,108105.1375,14730961.16,1432275.966
2015-10-17,271.9309389,4006728659,0.98206419,924565.1923,120335.7589,112409.0751,14734361.14,1440202.65
2015-10-18,263.4816774,3883189309,0.9516082,955121.0805,61543.73698,65108.20142,14737986.14,1436638.186
2015-10-19,264.3627282,3897264720,0.95474467,1090496.254,90613.42338,95073.63252,14742111.14,1432177.977
2015-10-20,270.8322119,3993505229,0.97727168,866663.078,91953.2381,90877.56027,14745311.14,1433253.654
2015-10-21,268.0402177,3953301352,0.96713256,964944.7838,79449.52758,96191.03689,14748911.14,1416512.145
2015-10-22,275.4149565,4063089754,0.99332361,1019035.339,95942.19445,88524.21996,14752611.14,1423930.12
2015-10-23,278.612778,4111303804,1.00428416,1037832.598,83123.49969,77462.76693,14756336.14,1429590.852
2015-10-24,283.6111429,4186089447,1.02166516,1028090.393,74423.70672,64409.27015,14759961.14,1439605.289
2015-10-25,286.0496935,4223190801,1.02981363,1108442.562,96719.67204,83749.6784,14763836.14,1452575.283
2015-10-26,286.7033828,4234017247,1.03170839,1175483.87,95220.91689,81355.30792,14767936.14,1466440.892
2015-10-27,295.5629138,4365940429,1.06222316,1086193.708,108252.5573,91953.58835,14771611.14,1482739.861
2015-10-28,304.442097,4498158207,1.09230955,1057936.287,127563.4157,138596.2409,14775086.14,1471707.035
2015-10-29,314.8794623,4653559848,1.12707436,1188669.97,148569.6943,131657.8946,14778861.14,1488618.835
2015-10-30,328.4923212,4856146703,1.17145113,1404304.673,164859.202,166660.9548,14783136.14,1486817.082
2015-10-31,314.1195082,4644825841,1.11900853,1154389.193,116641.1155,144447.0083,14786811.14,1459011.189
2015-11-01,329.8542276,4878753859,1.17301764,1261692.421,115421.3344,113547.3542,14790636.14,1460885.17
2015-11-02,364.616628,5394306532,1.29040009,1394658.602,174827.6369,158473.5629,14794461.14,1477239.244
2015-11-03,400.9231052,5932994875,1.40849617,1553577.033,204983.3603,192936.2291,14798336.14,1489286.375
2015-11-04,405.4816815,6002025461,1.41400867,1571241.516,207506.6217,173427.6953,14802211.14,1523365.301
2015-11-05,384.341223,5690502776,1.33554498,1402845.464,200967.1061,195611.7626,14805861.14,1528720.645
2015-11-06,372.9754179,5523574280,1.29585462,1352035.89,131006.8568,113523.0657,14809486.14,1546204.436
2015-11-07,386.5045508,5725402504,1.33922357,1468717.293,111514.213,94079.60926,14813286.14,1563639.04
2015-11-08,372.4001297,5517763769,1.29084893,1294090.451,91192.8651,83457.48065,14816761.14,1571374.424
2015-11-09,380.4956444,5639130422,1.31634235,1417346.275,135070.5494,119912.9526,14820486.14,1586532.021
2015-11-10,337.8305023,5008045357,1.1732578,1233081.334,136469.3058,173109.375,14824136.14,1549891.952
2015-11-11,308.9221859,4580802012,1.07637834,1297473.181,170959.0342,202263.8168,14828336.14,1518587.169
2015-11-12,337.5229886,5006262858,1.17484219,1358530.029,148125.5919,130222.0906,14832361.14,1536490.67
2015-11-13,337.2789582,5003992427,1.17320189,1349115.833,121697.3281,101850.313,14836361.14,1556337.685
2015-11-14,333.0471175,4942389627,1.15846495,1182317.267,101307.2715,103083.9813,14839911.14,1554560.976
2015-11-15,319.9280216,4748983123,1.113692,1279712.086,111920.2287,95744.00071,14843911.14,1570737.204
2015-11-16,331.132725,4916736893,1.15257372,1432149.036,115176.1652,145008.7139,14848236.14,1540904.655
2015-11-17,335.8497861,4988027970,1.16708912,1251040.453,108335.4011,141493.4352,14851961.14,1507746.621
2015-11-18,335.744505,4987748562,1.16637111,1284222.732,98981.99559,90604.40852,14855786.14,1516124.208
2015-11-19,326.2321455,4847544174,1.13381269,1109189.295,106251.8712,93767.52635,14859186.14,1528608.553
2015-11-20,321.9404755,4785117551,1.11922908,1344101.485,94314.20927,91208.84596,14863361.14,1531713.916
2015-11-21,325.9052312,4845464834,1.13292142,1417687.756,78936.64874,69608.7559,14867711.14,1541041.809
2015-11-22,323.7169661,4814322325,1.12503742,1391982.954,60203.80943,56685.14219,14872011.14,1544560.476
2015-11-23,323.0125563,4805162611,1.12274649,1316276.167,71749.63789,63150.54038,14876086.14,1553159.574
2015-11-24,319.9613565,4761020549,1.11232756,1247849.29,81980.24743,74714.3937,14879986.14,1560425.427
2015-11-25,328.9604573,4896144198,1.14323112,1217153.692,104043.0061,83302.10725,14883686.14,1581166.326
2015-11-26,356.2552925,5303959481,1.23571942,1567523.287,145113.1918,108247.6106,14888086.14,1618031.907
2015-11-27,359.2688244,5350019772,1.24471977,1194568.841,105643.5847,272794.715,14891411.14,1450880.777
2015-11-28,356.5673226,5311163383,1.23492724,1372784.192,81308.23964,72640.65893,14895261.13,1459548.358
2015-11-29,371.7076125,5538066565,1.28597204,1384610.857,75465.3905,63218.24334,14898986.13,1471795.505
2015-11-30,377.3898399,5624254420,1.30285581,1528428.851,115184.4148,93585.73903,14903036.13,1493394.181
2015-12-01,362.5323758,5404346669,1.25175777,1513572.669,204073.796,113507.3566,14907211.13,1583960.62
2015-12-02,359.2224041,5356450093,1.2400996,1445870.177,114338.2926,135806.8055,14911236.13,1562492.107
2015-12-03,361.2100681,5387370915,1.24663471,1282295.742,83647.156,104965.8049,14914786.13,1541173.458
2015-12-04,363.2416318,5419060653,1.25296246,1389399.242,80137.1213,80389.11618,14918611.13,1540921.463
2015-12-05,389.3629588,5810458036,1.34032565,1703462.945,134077.4041,130457.6738,14922986.13,1544541.194
2015-12-06,393.3191297,5871059363,1.35140208,1563443.541,127990.3344,128155.5988,14926961.13,1544375.929
2015-12-07,395.3465883,5902776056,1.35604281,1452898.712,109217.8745,102729.795,14930636.13,1550864.009
2015-12-08,413.7986604,6180087601,1.41573376,1810369.139,105715.9532,124497.794,14935011.13,1532082.168
2015-12-09,417.6326712,6239102652,1.4230962,1754057.219,127793.6951,121124.8408,14939211.13,1538751.022
2015-12-10,415.7299243,6212922056,1.4147374,2244941.591,106399.0629,94936.37798,14944611.13,1550213.707
2015-12-11,453.8614801,6784598775,1.53766856,1815445.921,125244.9035,124108.9222,14948611.13,1551349.689
2015-12-12,435.8557224,6517202920,1.47529212,1765215.676,102220.3108,97630.87094,14952661.13,1555939.128
2015-12-13,434.4034664,6497029961,1.46917519,1542132.306,93319.19344,90445.33406,14956211.13,1558812.988
2015-12-14,442.9916897,6627636826,1.49347951,2159584.487,113712.9772,100424.2078,14961086.13,1572101.757
2015-12-15,464.6178717,6953313625,1.5607304,2125626.763,126096.4962,148014.8012,14965661.13,1550183.452
2015-12-16,454.1424924,6798393278,1.52430436,1850630.657,118700.4739,136076.7831,14969736.13,1532807.143
2015-12-17,456.2401346,6831562359,1.52913908,1767930.522,95794.32921,114579.3433,14973611.13,1514022.129
2015-12-18,463.1757697,6937370780,1.54887254,1956917.627,112784.3245,107179.4681,14977836.13,1519626.985
2015-12-19,461.3999079,6912583208,1.5407991,1810994.639,99303.85813,111424.1422,14981761.13,1507506.701
2015-12-20,442.1539901,6626069349,1.47646827,1823885.209,98874.45758,92325.08807,14985886.13,1514056.071
2015-12-21,437.6401295,6560055357,1.46115451,1630209.482,128081.5878,132777.4697,14989611.13,1509360.189
2015-12-22,435.268379,6526135997,1.45244997,1632256.421,113554.8987,150062.1386,14993361.13,1472852.949
2015-12-23,442.6657271,6638784570,1.47498552,1737462.979,117693.2882,108438.3354,14997286.13,1482107.902
2015-12-24,455.878713,6838516283,1.51648924,1572781.56,131980.1268,133457.5199,15000736.13,1480630.509
2015-12-25,455.7188258,6837963519,1.51327284,1845661.245,83731.64584,85390.3238,15004786.13,1478971.831
2015-12-26,418.2215316,6277112535,1.39046843,1787897.047,110407.3929,98243.44181,15009061.13,1491135.782
2015-12-27,422.7058945,6346584980,1.40524438,2166367.709,40139.88074,48412.2461,15014186.13,1482863.416
2015-12-28,421.0528796,6323355781,1.39984175,1589474.62,51005.92026,75014.45746,15017961.13,1458854.879
2015-12-29,431.3400213,6479562252,1.43330598,1714576.585,51091.64935,54297.49558,15021936.13,1455649.033
2015-12-30,426.043647,6401757885,1.41549314,1757430.044,50469.93048,50098.10828,15026061.13,1456020.855
2015-12-31,429.6771534,6457880529,1.42597532,1525353.895,56537.11562,40000.53432,15029611.13,1472557.436
2016-01-01,434.6780064,6534508443,1.44202141,1467038.272,32032.8743,33163.54553,15032986.13,1471426.765
2016-01-02,434.4398773,6532503495,1.44085731,1574844.555,25800.5056,25301.26932,15036611.13,1471926.002
2016-01-03,430.13618,6469349717,1.42578556,1559243.653,38369.10697,30094.46638,15040236.13,1480200.642
2016-01-04,433.4489711,6521136233,1.4358758,1961356.594,45717.59856,45803.65629,15044761.13,1480114.584
2016-01-05,432.6695026,6511107545,1.43257229,1698227.798,52200.86985,69560.8852,15048686.13,1462754.569
2016-01-06,430.6778697,6482654225,1.42542709,1518139.491,44046.50546,53540.23647,15052211.13,1453260.838
2016-01-07,459.2089401,6913797514,1.51365061,1687592.855,96018.48917,86308.40004,15055886.13,1462970.927
2016-01-08,454.1344237,6839360304,1.49531085,1964131.383,70249.79334,64716.98956,15060211.13,1468503.731
2016-01-09,449.8452162,6776462100,1.48063286,1698165.691,36793.20324,32847.98508,15063986.13,1472448.949
2016-01-10,448.5802162,6759368696,1.47362064,1962538.446,33470.34935,33089.9631,15068361.13,1472829.335
2016-01-11,449.033059,6768100685,1.4731839,1908390.501,54502.45661,48938.30182,15072611.13,1478393.49
2016-01-12,441.7681572,6660477160,1.44857001,1877514.668,50638.05453,46451.17325,15076861.13,1482580.371
2016-01-13,432.3106452,6519487114,1.41794151,1599549.387,73676.10015,70986.18263,15080561.13,1485270.289
2016-01-14,429.8232247,6483404579,1.4098903,1429162.222,49163.65544,55222.72894,15083886.13,1479211.215
2016-01-15,367.8231999,5549325125,1.21085056,1121860.76,123655.6029,101434.7549,15086936.13,1501432.063
2016-01-16,388.0712046,5856183131,1.2771992,1377652.776,81711.73434,82141.27825,15090486.13,1501002.519
2016-01-17,382.4820865,5773284493,1.25902054,1443869.877,44155.12032,42935.63568,15094261.13,1502222.004
2016-01-18,384.8651666,5810919867,1.26741248,1664541.845,56320.49411,61090.89344,15098586.13,1497451.605
2016-01-19,378.161725,5710964765,1.24584593,1257387.736,60197.48954,54025.05553,15101911.13,1503624.039
2016-01-20,420.6229242,6353808389,1.3822596,1598367.112,113804.3805,95782.0457,15105711.13,1521646.374
2016-01-21,409.2984597,6184146146,1.34524409,1401847.224,85398.58315,78899.46373,15109136.13,1528145.493
2016-01-22,381.0464594,5758959432,1.25973209,1676604.421,98988.02518,97295.64526,15113536.13,1529837.873
2016-01-23,386.3706026,5841155071,1.27705234,1729008.447,62306.7549,61905.20381,15118011.13,1530239.424
2016-01-24,403.4469267,6101039865,1.33208711,1724735.611,68772.20204,60050.80348,15122286.13,1538960.823
2016-01-25,391.9860973,5929313468,1.29373682,1587543.694,105915.5345,88563.50891,15126336.13,1556312.848
2016-01-26,391.1429351,5918124085,1.29079002,1564571.741,85843.443,70819.86547,15130336.13,1571336.426
2016-01-27,394.6275304,5972376364,1.3020216,1529181.68,94304.46478,84214.62481,15134211.13,1581426.266
2016-01-28,378.9009956,5735750655,1.25165178,1382988.634,73408.26956,92804.87771,15137861.13,1562029.658
2016-01-29,378.9999948,5738850566,1.2534027,1601274.978,108295.0194,94026.27811,15142086.13,1576298.399
2016-01-30,377.2627791,5714309199,1.24726247,1763703.492,66224.95807,70559.6519,15146761.13,1571963.705
2016-01-31,366.3416876,5550547732,1.21190019,1657696.136,56626.5147,63855.27462,15151286.13,1564734.945
2016-02-01,371.2234351,5626006659,1.23041296,1494174.326,98634.79398,89888.8761,15155311.13,1573480.863
2016-02-02,372.9276312,5653512456,1.236387,1678174.34,91423.51826,93188.37756,15159811.13,1571716.004
2016-02-03,368.0982066,5581946530,1.22129665,1647239.475,80193.2222,83376.26849,15164286.13,1568532.957
2016-02-04,389.7230812,5911509154,1.29128531,1636836.941,101940.0871,89573.56695,15168486.13,1580899.478
2016-02-05,384.398414,5832548685,1.27387646,1806672.546,101501.2462,107448.4085,15173186.13,1574952.315
2016-02-06,374.6315555,5686227481,1.24218056,1873157.778,69702.5602,104298.7941,15178186.13,1540356.081
2016-02-07,375.1539176,5695806667,1.24380766,1650677.237,50220.244,49002.61868,15182586.13,1541573.707
2016-02-08,370.8143503,5631292826,1.23006764,1372013.096,71407.39449,61082.9272,15186286.13,1551898.174
2016-02-09,373.5116129,5673897678,1.23955252,1643451.097,88799.46347,84556.97444,15190686.13,1556140.663
2016-02-10,379.0826116,5760079211,1.25743769,1554238.708,134073.1909,113935.1767,15194786.13,1576278.677
2016-02-11,377.6391651,5739959017,1.25239109,1812667.993,99137.81575,87052.72273,15199586.13,1588363.77
2016-02-12,382.2944565,5812351828,1.26735993,1634308.801,93842.84014,91361.24708,15203861.13,1590845.363
2016-02-13,389.5984325,5924919899,1.29090383,1519433.887,77158.30174,74194.85456,15207761.13,1593808.811
2016-02-14,406.1506695,6178327891,1.34395157,1685525.278,89020.77227,87193.21387,15211911.13,1595636.369
2016-02-15,399.2676186,6075140750,1.32080872,1517216.951,116361.6863,99986.27586,15215711.13,1612011.779
2016-02-16,407.0353095,6194735962,1.34439265,1404271.818,96901.1056,104916.359,15219161.13,1603996.526
2016-02-17,415.3241134,6322493985,1.36891644,1609380.939,102878.6103,96750.72641,15223036.13,1610124.41
2016-02-18,421.289663,6415087711,1.387065,1779948.826,104708.9431,107994.2611,15227261.13,1606839.092
2016-02-19,419.6265285,6391283875,1.37990407,1521146.166,93462.58828,88749.5503,15230886.13,1611552.13
2016-02-20,440.1957601,6706222232,1.44479793,1650734.1,100339.1659,88019.88515,15234636.13,1623871.411
2016-02-21,438.7186127,6685122329,1.43896168,1403899.561,95244.75181,93411.90945,15237836.13,1625704.253
2016-02-22,437.5352951,6668480304,1.43388713,1389174.562,95005.09126,85615.87408,15241011.13,1635093.47
2016-02-23,420.0325926,6403149531,1.37701655,1428110.815,118368.9504,109898.0264,15244411.13,1643564.394
2016-02-24,423.9951125,6464806599,1.38888584,1250785.582,90941.29143,93521.6714,15247361.13,1640984.014
2016-02-25,424.0908703,6467910004,1.38869889,1643352.122,95896.77673,90736.91574,15251236.13,1646143.875
2016-02-26,431.762242,6586419073,1.4125491,1511167.847,112991.6389,110448.5607,15254736.13,1648686.953
2016-02-27,432.947846,6606096233,1.41577688,1591083.334,75176.29968,69477.06356,15258411.13,1654386.19
2016-02-28,433.1022627,6609903279,1.41489813,1450892.58,134980.9684,125934.8945,15261761.13,1663432.263
2016-02-29,437.7758726,6682686402,1.42718873,1455604.776,216756.2708,197800.3616,15265086.13,1682388.173
2016-03-01,432.8078672,6608375019,1.40836687,1525647.732,210598.3149,188783.2286,15268611.13,1704203.259
2016-03-02,423.0797894,6461501370,1.37665947,1660588.173,188145.5535,193855.5324,15272536.13,1698493.28
2016-03-03,419.2688213,6404713255,1.36370699,1415032.272,152163.3642,133783.6963,15275911.13,1716872.948
2016-03-04,407.9901543,6234002294,1.32762119,1580961.848,113430.8749,132617.5735,15279786.11,1697686.249
2016-03-05,397.3144539,6072369805,1.29300875,1489929.202,164131.6015,146179.5563,15283536.11,1715638.294
2016-03-06,403.7051875,6171536521,1.31351951,1493709.194,93306.33815,102803.4974,15287236.11,1706141.135
2016-03-07,413.2293662,6318508877,1.34309201,1373987.642,111415.6434,114420.1532,15290561.11,1703136.625
2016-03-08,411.4259532,6292517672,1.33712484,1583989.92,90208.52015,85890.28944,15294411.11,1707454.856
2016-03-09,412.5407035,6311299792,1.3411659,1732670.955,96330.37979,94026.53078,15298611.11,1709758.705
2016-03-10,416.3409287,6371051280,1.35270133,1613321.099,87227.50576,106994.6809,15302486.11,1689991.53
2016-03-11,419.5119342,6421253596,1.36229072,1678047.737,91691.94439,125453.874,15306486.11,1656229.6
2016-03-12,410.2641633,6281179670,1.33231582,1476950.988,79862.83528,78587.25807,15310086.11,1657505.177
2016-03-13,411.8058825,6306152777,1.33700014,1369254.559,63545.99983,60204.71452,15313411.11,1660846.463
2016-03-14,415.0269573,6357055523,1.34667706,1577102.438,79775.03112,73699.533,15317211.11,1666921.961
2016-03-15,415.2664003,6362394569,1.34702813,1671447.261,82933.04165,89727.03984,15321236.11,1660127.963
2016-03-16,417.0241185,6390909676,1.3520056,1584691.65,72380.15255,72774.72742,15325036.11,1659733.388
2016-03-17,418.6053638,6416617902,1.35638731,1475583.907,81205.1579,78391.50315,15328561.11,1662547.043
2016-03-18,408.9015874,6269263237,1.32505057,1390265.397,91771.06348,96973.62682,15331961.11,1657344.479
2016-03-19,409.1244299,6274070872,1.32598423,1391023.062,57962.64692,59459.46756,15335361.11,1655847.659
2016-03-20,412.0569538,6320546194,1.33522284,1504007.881,57666.14663,53114.73323,15339011.11,1660399.072
2016-03-21,411.6017741,6314994503,1.33302131,1430316.165,71979.74,72685.63072,15342486.11,1659693.181
2016-03-22,416.5816538,6392939591,1.34807127,1541352.119,81081.72902,85241.6206,15346186.11,1655533.29
2016-03-23,417.3782995,6406719799,1.35020487,1554734.166,69058.01904,70429.67324,15349911.11,1654161.636
2016-03-24,413.5602399,6349632757,1.33729801,1519833.882,75480.84441,75023.3681,15353586.11,1654619.112
2016-03-25,416.3732438,6394342217,1.34555077,1519762.34,55854.92046,53911.20753,15357236.11,1656562.825
2016-03-26,416.8230967,6402845061,1.34628144,1594348.345,41395.329,42372.28708,15361061.11,1655585.867
2016-03-27,425.4549598,6536939368,1.37287033,1499728.733,63458.23352,54006.46502,15364586.11,1665037.635
2016-03-28,422.9174468,6499748929,1.36375683,1797399.149,77382.64126,73393.00569,15368836.11,1669027.271
2016-03-29,415.8638288,6392975294,1.3408893,1632265.528,83423.64583,81471.96454,15372761.11,1670978.952
2016-03-30,412.7776978,6347049898,1.3308193,1516958.039,71303.74481,72038.74757,15376436.11,1670243.949
2016-03-31,415.9568112,6397222799,1.34039332,1289466.115,73377.81437,72228.22392,15379536.11,1671393.54
2016-04-01,417.2006603,6417948412,1.3439179,1595792.525,68956.94455,82152.59595,15383361.11,1658197.888
2016-04-02,419.7630567,6458825359,1.35165651,1458676.622,60443.87264,51617.40336,15386836.11,1667024.358
2016-04-03,420.0735789,6465094574,1.35223224,1491261.205,48205.07631,48498.28362,15390386.11,1666731.15
2016-04-04,419.5407279,6458634885,1.35014818,1741094.021,62676.73244,71288.78457,15394536.11,1658119.098
2016-04-05,422.5013644,6505849704,1.35890201,1637192.787,81400.465,84164.32521,15398411.11,1655355.238
2016-04-06,421.9071912,6498356367,1.35566372,1655985.726,69263.15084,83463.57486,15402336.11,1641154.814
2016-04-07,421.46722,6493044381,1.35117853,1464598.59,84762.86711,86634.69835,15405811.11,1639282.983
2016-04-08,418.6434605,6451049192,1.34214463,1507116.458,70518.33235,67262.44477,15409411.11,1642538.87
2016-04-09,418.7586354,6454519941,1.34233375,1695972.473,57734.33654,60371.67685,15413461.11,1639901.53
2016-04-10,421.9544885,6505604053,1.35084023,1824953.163,62209.83327,63294.10321,15417786.11,1638817.26
2016-04-11,423.273044,6527552278,1.35449753,1619019.393,66006.92265,65248.90467,15421611.11,1639575.278
2016-04-12,427.4276646,6593204703,1.36654458,1581482.359,87337.34209,85597.80247,15425311.11,1641314.818
2016-04-13,424.8725181,6555532752,1.35807492,1741977.324,73657.67007,73258.21898,15429411.11,1641714.269
2016-04-14,425.856595,6572462489,1.36084658,1746012.039,52760.56833,55680.52778,15433511.11,1638794.309
2016-04-15,430.7244188,6649086869,1.37555561,1496767.355,79668.41224,77634.04376,15436986.11,1640828.678
2016-04-16,432.216313,6673608366,1.37971516,1491146.28,49147.93261,68344.664,15440436.11,1621631.946
2016-04-17,429.3399687,6630892249,1.37038391,1695892.876,52721.35876,53083.51638,15444386.11,1621269.789
2016-04-18,429.6569337,6637226928,1.37101446,1439350.728,67443.49176,55020.42055,15447736.11,1633692.86
2016-04-19,437.5687262,6761087094,1.39507656,1640882.723,71492.14611,75498.48486,15451486.11,1629686.521
2016-04-20,442.6616533,6841606366,1.41003606,1825979.32,83208.82378,64372.67766,15455611.11,1648522.667
2016-04-21,452.1647028,6990188725,1.43844551,1706921.753,70088.87247,75028.94298,15459386.11,1643582.597
2016-04-22,448.1344213,6929485128,1.42445756,1602080.556,68816.50899,66015.35093,15462961.11,1646383.755
2016-04-23,453.914723,7020499801,1.44126699,1634093.003,54975.98376,52901.76482,15466561.11,1648457.974
2016-04-24,463.3828714,7168468661,1.46984701,1529163.476,62100.36478,57249.06166,15469861.11,1653309.277
2016-04-25,465.3160067,7199851373,1.47288881,1477378.321,82223.47511,96692.3165,15473036.11,1638840.436
2016-04-26,469.6087645,7268046143,1.48393742,1772773.086,95084.04293,86261.69137,15476811.11,1647662.787
2016-04-27,445.7411131,6900088525,1.40953828,1437515.09,91951.12659,95597.90981,15480036.11,1644016.004
2016-04-28,451.0600618,6983948371,1.4252343,1522327.708,86409.04592,89379.90041,15483411.11,1641045.149
2016-04-29,457.0099652,7077878361,1.44285983,1805189.363,61279.32052,64635.7362,15487361.11,1637688.734
2016-04-30,449.9004845,6969413403,1.42025882,1642136.768,50039.14434,49375.86755,15491011.11,1638352.011
2016-05-01,455.0107312,7050339457,1.43481218,1763166.583,38306.59698,45842.29653,15494886.11,1630816.311
2016-05-02,444.9330612,6895933471,1.40306525,1746362.265,69550.12372,71502.75278,15498811.11,1628863.682
2016-05-03,451.6288504,7001415142,1.42352585,1704898.91,66868.97889,69416.72792,15502586.11,1626315.933
2016-05-04,448.3679676,6952734960,1.41279571,1871936.265,109072.1777,66787.90449,15506761.11,1668600.206
2016-05-05,449.3360725,6969488309,1.41534562,1741177.281,70731.26349,70678.34012,15510636.11,1668653.129
2016-05-06,461.6938624,7163035351,1.45231269,1869860.143,75231.00368,123794.7936,15514686.11,1620089.34
2016-05-07,461.3618425,7159614274,1.45028008,1730106.909,46913.4839,51256.04774,15518436.11,1615746.776
2016-05-08,461.3788723,7161816342,1.44965118,1937791.264,36361.0982,37139.70108,15522636.11,1614968.173
2016-05-09,463.4622317,7196136872,1.45525025,1981301.04,74441.67055,67841.31837,15526911.11,1621568.525
2016-05-10,451.0796683,7005655676,1.41626148,1781764.69,85278.59921,74434.06476,15530861.11,1632413.059
2016-05-11,453.8963053,7050909679,1.42414735,1509205.215,63289.15652,64152.24399,15534186.11,1631549.972
2016-05-12,455.6072559,7079071140,1.42876187,1583235.214,69272.66944,72254.06482,15537661.11,1628568.577
2016-05-13,457.2419027,7106207247,1.43336991,1737519.23,73769.09782,66006.8524,15541461.11,1636330.822
2016-05-14,458.1195248,7121496007,1.43505829,1649230.289,53363.04876,54947.78079,15545061.11,1634746.09
2016-05-15,460.8577206,7165662909,1.44303466,1601480.579,54019.98165,52710.36608,15548536.11,1636055.706
2016-05-16,455.2240773,7079672667,1.42545539,1604664.873,70607.24282,75742.51237,15552061.11,1630920.436
2016-05-17,453.545777,7055170387,1.41546718,1598748.864,87633.59315,93366.2842,15555586.11,1625187.745
2016-05-18,454.4861841,7071537380,1.41776705,1738409.654,88065.44077,86227.96106,15559411.11,1627025.225
2016-05-19,437.7241871,6812043751,1.36583656,1313172.561,102354.4842,94397.23384,15562411.11,1634982.475
2016-05-20,442.3967992,6886408790,1.37946798,1647928.077,90980.99559,100936.0375,15566136.11,1625027.433
2016-05-21,444.0782072,6914147190,1.38433791,1565375.68,49865.66974,49669.53752,15569661.11,1625223.565
2016-05-22,440.5586688,6861375741,1.37324466,2026569.877,46652.2301,44156.65534,15574261.11,1627719.14
2016-05-23,444.2050573,6920164469,1.38378129,1998922.758,83190.3727,81092.87394,15578761.11,1629816.639
2016-05-24,445.6744549,6944693718,1.38792754,1637853.622,88443.90256,87965.74121,15582436.11,1630294.8
2016-05-25,450.5495272,7022213615,1.40185071,1554395.869,102103.5433,102721.6726,15585886.11,1629676.671
2016-05-26,454.4337224,7084285953,1.41287581,1533713.813,99603.83806,106149.2085,15589261.11,1623131.3
2016-05-27,471.8201173,7356966578,1.46115986,1639574.908,180141.7165,151117.0526,15592736.11,1652155.964
2016-05-28,530.9105979,8280114126,1.63473944,1765277.738,147846.2763,116146.5157,15596061.11,1683855.725
2016-05-29,527.5497124,8229636297,1.61944736,1938745.193,119075.1404,116825.8267,15599736.11,1686105.039
2016-05-30,533.493149,8324272914,1.63256643,1920575.337,99085.63256,110595.6732,15603336.11,1674594.998
2016-05-31,530.9436928,8286178638,1.62098355,1685746.225,114869.361,110453.0607,15606511.11,1679011.298
2016-06-01,537.6136788,8392195818,1.63749336,1921968.902,95471.12274,98206.45208,15610086.11,1676275.969
2016-06-02,538.7712432,8412124258,1.63594156,1858760.789,70056.59525,59224.55411,15613536.11,1687108.01
2016-06-03,570.1759883,8904487504,1.72607424,2024124.758,73228.83946,70399.25354,15617086.11,1689937.596
2016-06-04,574.2662016,8970073160,1.73508921,1708441.95,61100.02284,54699.65401,15620061.1,1696337.965
2016-06-05,575.137638,8986129385,1.73449123,2444334.962,51279.61268,40002.2955,15624311.1,1707615.282
2016-06-06,585.857149,9156104252,1.76124697,2489892.883,67893.83757,62821.15078,15628561.1,1712687.969
2016-06-07,578.4692407,9042666518,1.73648602,2024642.342,85556.03782,72142.44182,15632061.1,1726101.565
2016-06-08,583.0975853,9117116235,1.74643017,2099151.307,84105.29958,65905.25276,15635661.1,1744301.612
2016-06-09,577.1016997,9025747144,1.7262705,2380544.511,84421.53402,79775.36155,15639786.1,1748947.784
2016-06-10,579.8149936,9070269814,1.73124783,2087333.977,62357.91266,66375.36528,15643386.1,1744930.331
2016-06-11,605.449557,9473642440,1.80308386,2361253.272,75488.50776,39381.65446,15647286.1,1781037.185
2016-06-12,670.3923743,1.049226822e+10,1.97978904,2446932.166,116189.1268,98007.10891,15650936.1,1799219.203
2016-06-13,704.3217781,1.102613004e+10,2.05438766,2834895.157,169264.5453,170478.7935,15654961.1,1798004.954
2016-06-14,684.9483194,1.072509963e+10,1.99146107,2260329.454,96495.32475,104758.558,15658261.1,1789741.721
2016-06-15,695.0014684,1.088515547e+10,2.00817303,2641005.58,93824.88621,79339.91681,15662061.1,1804226.691
2016-06-16,767.4200313,1.202223806e+10,2.18424554,2858639.616,113590.9531,133719.8209,15665786.1,1784097.823
2016-06-17,750.0146339,1.175236264e+10,2.12593041,2793804.511,106464.8341,94235.08633,15669511.1,1796327.571
2016-06-18,758.2887801,1.18850097e+10,2.14155867,2995240.682,71226.75079,70353.9872,15673461.1,1797200.334
2016-06-19,766.7671327,1.202128777e+10,2.15941186,3392944.562,46320.00227,47972.84835,15677886.1,1795547.488
2016-06-20,722.4974524,1.133019501e+10,2.03279428,2962239.555,75994.25177,77906.28276,15681986.1,1793635.457
2016-06-21,669.6042047,1.050321811e+10,1.88290437,2494275.662,164112.6612,142781.4457,15685711.1,1814966.673
2016-06-22,594.8329746,9332296532,1.68209991,1918336.343,138205.3433,133099.7051,15688936.1,1820072.311
2016-06-23,627.6778556,9849794644,1.77191858,2196872.495,118425.7576,126798.1875,15692436.1,1811699.881
2016-06-24,664.1269857,1.04239121e+10,1.86988311,2141809.529,88564.20969,89965.341,15695661.1,1810298.75
2016-06-25,668.8726841,1.050110791e+10,1.87909186,2708934.371,65287.05991,62229.5793,15699711.1,1813356.23
2016-06-26,630.4342421,9899936557,1.7731205,2301084.984,63744.033,60253.09382,15703361.1,1816847.169
2016-06-27,652.2448077,1.024483274e+10,1.83085813,2396999.668,72720.29384,78554.86248,15707036.1,1811012.601
2016-06-28,647.2187684,1.016828327e+10,1.81560781,2394709.443,88790.47342,64649.93341,15710736.1,1835153.141
2016-06-29,638.5863456,1.00349924e+10,1.79144978,2330840.162,60580.83383,82528.51724,15714386.1,1813205.457
2016-06-30,674.2848147,1.059850049e+10,1.88463722,2528568.055,72548.78188,72202.86308,15718136.1,1813551.376
2016-07-01,677.5123857,1.065185725e+10,1.89054098,2625360.495,68502.42031,61130.2401,15722011.1,1820923.556
2016-07-02,702.7393168,1.105109305e+10,1.95662702,2617703.955,48446.26546,48026.14659,15725736.1,1821343.675
2016-07-03,662.5500859,1.042163863e+10,1.84470645,2550817.831,57040.60518,44880.20772,15729586.1,1833504.073
2016-07-04,679.8424534,1.069620681e+10,1.89000024,2566405.261,67367.63318,56570.71354,15733361.1,1844300.992
2016-07-05,668.1659813,1.051491876e+10,1.85502138,2422101.682,71681.23326,76965.14465,15736986.1,1839017.081
2016-07-06,677.6513331,1.066656139e+10,1.87853142,2371779.666,64826.41273,77832.06818,15740486.1,1826011.426
2016-07-07,640.0532361,1.007694125e+10,1.77579285,2192182.334,70356.06954,79104.74457,15743911.1,1817262.751
2016-07-08,665.0517084,1.047292579e+10,1.8419359,2410812.443,90238.06914,70714.92362,15747536.1,1836785.896
2016-07-09,651.941914,1.02684754e+10,1.80354226,1996572.112,46631.37514,49988.53019,15750598.6,1833428.741
2016-07-10,649.959341,1.023851611e+10,1.79645545,1267420.715,39869.26489,29092.60363,15752548.6,1844205.402
2016-07-11,650.2725947,1.024461302e+10,1.79504742,1162362.263,51425.23832,48224.03852,15754336.1,1847406.602
2016-07-12,670.023128,1.055696722e+10,1.84676287,1197666.341,68771.29546,65180.82824,15756123.6,1850997.069
2016-07-13,658.3336134,1.037384735e+10,1.81377039,1061562.952,73634.00817,65214.07622,15757736.1,1859417.001
2016-07-14,660.9059602,1.041554656e+10,1.81967435,1164846.755,65954.49985,56589.21114,15759498.6,1868782.29
2016-07-15,666.7586711,1.05089075e+10,1.83455167,1125155.258,55067.54774,56496.08709,15761186.1,1867353.751
2016-07-16,665.2756222,1.04868385e+10,1.82935184,1305603.408,34050.29256,38992.87243,15763148.6,1862411.171
2016-07-17,681.089602,1.073738514e+10,1.86895135,1268529.384,53276.80536,42128.76815,15765011.1,1873559.208
2016-07-18,675.1185792,1.064450087e+10,1.8515086,1248969.372,66460.89228,67790.46771,15766861.1,1872229.632
2016-07-19,674.6603603,1.063835565e+10,1.8472273,1079456.577,49198.98757,53961.87575,15768461.1,1867466.744
2016-07-20,667.3053649,1.052362989e+10,1.82663887,1251197.559,57591.34567,54195.65031,15770336.1,1870862.44
2016-07-21,666.8517393,1.05175847e+10,1.82456417,1108641.017,41932.42335,45281.28344,15771998.6,1867513.58
2016-07-22,650.5629116,1.026172637e+10,1.7803472,1049032.695,63425.96814,56739.25899,15773611.1,1874200.289
2016-07-23,657.377943,1.037030048e+10,1.79860084,1076456.382,40094.95768,45111.85992,15775248.6,1869183.386
2016-07-24,661.3939798,1.043467962e+10,1.80565737,1025160.669,40654.87777,43773.59916,15776798.6,1866064.665
2016-07-25,655.1195778,1.03367624e+10,1.78771375,1072758.309,51323.22079,49758.89347,15778436.1,1867628.992
2016-07-26,654.6263392,1.033003545e+10,1.78522608,1055584.972,69448.30822,62783.99773,15780048.6,1874293.303
2016-07-27,656.2751469,1.035710376e+10,1.78796338,1050040.235,62007.15252,58557.96771,15781648.6,1877742.488
2016-07-28,656.1964534,1.035697738e+10,1.78683669,1115533.971,67203.76744,81636.67061,15783348.6,1863309.585
2016-07-29,657.5575675,1.037966858e+10,1.78935642,1208262.03,54242.73892,49974.2989,15785186.1,1867578.025
2016-07-30,655.3617302,1.034598173e+10,1.78228347,974850.5736,29741.37394,27974.74194,15786673.6,1869344.657
2016-07-31,624.8044871,9864787254,1.7008979,1202748.638,64017.28823,47505.57398,15788598.6,1885856.371
2016-08-01,606.5092479,9577091014,1.6531908,1159948.937,76321.58349,56886.69227,15790511.1,1905291.262
2016-08-02,526.9811483,8322316113,1.44664432,1014438.711,112903.4307,207969.5098,15792436.1,1810225.183
2016-08-03,570.3470409,9008352671,1.56457026,1183470.11,83568.64331,100295.3073,15794511.1,1793498.519
2016-08-04,583.542158,9217879120,1.59778327,1116024.377,72486.07211,110536.9698,15796423.6,1755447.621
2016-08-05,581.2798057,9183369997,1.59141223,1227953.589,57351.25396,63440.21546,15798536.1,1749358.66
2016-08-06,590.795403,9334928405,1.61723105,1225900.461,39226.54635,46672.30664,15800611.1,1741912.899
2016-08-07,594.732324,9398234418,1.62732927,1100254.799,46820.51454,36319.33108,15802461.1,1752414.083
2016-08-08,591.6292839,9350293261,1.6187062,1094514.175,47380.46641,51367.76277,15804311.1,1748426.787
2016-08-09,587.9321382,9292773716,1.6089797,911294.8142,51229.51984,64804.49334,15805861.1,1734851.813
2016-08-10,589.9687583,9326077816,1.61532499,1113566.031,50667.76742,87610.49231,15807748.6,1697909.088
2016-08-11,589.5858847,9321130920,1.61439329,1105473.534,68872.16534,84599.19856,15809623.6,1682182.055
2016-08-12,587.1916496,9284372608,1.60770275,1093644.447,53277.36731,54347.53364,15811486.1,1681111.889
2016-08-13,585.3635816,9256660816,1.60245343,1192678.298,31423.67969,38084.15564,15813523.6,1674451.413
2016-08-14,571.3870625,9036807002,1.56450982,1164201.14,38273.68039,45074.83339,15815561.1,1667650.26
2016-08-15,566.5644413,8961568522,1.55189891,1033980.105,49593.03682,52422.45801,15817386.1,1664820.838
2016-08-16,578.4149241,9149988259,1.58343489,976075.1845,62686.27535,84012.05275,15819073.6,1643495.061
2016-08-17,573.6637444,9075711005,1.5706748,882008.007,51457.52662,71389.77651,15820611.1,1623562.811
2016-08-18,573.263192,9070477553,1.56943471,1103531.645,44639.26801,52509.95938,15822536.1,1615692.12
2016-08-19,573.9584579,9082583293,1.57097556,1104870.031,50438.97513,54966.98451,15824461.1,1611164.11
2016-08-20,581.7970701,9207752339,1.58942926,1127231.823,30610.98868,41263.21754,15826398.6,1600511.882
2016-08-21,580.7921926,9193032110,1.5862522,1183364.092,25656.54292,27627.27962,15828436.1,1598541.145
2016-08-22,584.9718977,9260345625,1.5971444,1155319.498,55254.62415,54464.56233,15830411.1,1599331.207
2016-08-23,582.6277474,9224307341,1.5907111,1070578.486,60920.52892,60158.63253,15832248.6,1600093.103
2016-08-24,578.7018317,9163250800,1.58033884,1099533.48,49671.8499,54192.76726,15834148.6,1595572.186
2016-08-25,576.0334366,9121935090,1.5702844,936054.3345,47798.4571,54904.48857,15835773.6,1588466.154
2016-08-26,578.8746534,9167883100,1.57746065,955143.1781,40254.13276,42097.01425,15837423.6,1586623.273
2016-08-27,570.2009937,9031541039,1.55410904,1026361.789,28772.27454,37792.87252,15839223.6,1577602.675
2016-08-28,575.1052326,9110313074,1.56720759,1092699.942,30697.83561,27738.37461,15841123.6,1580562.136
2016-08-29,573.4292676,9084831918,1.56317394,1068012.011,52991.58324,56587.05172,15842986.1,1576966.667
2016-08-30,575.6956984,9121919127,1.56851349,1180176.182,52436.01571,64499.78087,15845036.1,1564902.902
2016-08-31,572.2727583,9068641074,1.55808288,958556.8702,73062.884,52277.29588,15846711.1,1585688.49
2016-09-01,572.221702,9068833388,1.55789624,1001387.979,58787.85906,65871.19747,15848461.1,1578605.152
2016-09-02,576.8467674,9143236776,1.57001279,1103219.443,52084.48527,57624.53604,15850373.6,1573065.101
2016-09-03,600.3744068,9517104240,1.63244029,945589.6907,46219.02641,45610.2014,15851948.6,1573673.926
2016-09-04,610.5389133,9679597556,1.65865731,1366080.819,48941.65513,42826.92202,15854186.1,1579788.659
2016-09-05,607.5269642,9632908726,1.64951295,1063172.187,53205.05849,46589.1193,15855936.1,1586404.598
2016-09-06,612.9954583,9720658911,1.66267259,1042092.279,53254.72105,50821.80761,15857636.1,1588837.512
2016-09-07,615.6598191,9764079129,1.6686166,1169753.656,50235.79083,49587.55831,15859536.1,1589485.744
2016-09-08,630.550172,1.000136821e+10,1.70667998,1134990.31,55957.17091,55098.01372,15861336.1,1590344.902
2016-09-09,622.977884,9882367390,1.68507108,1105785.744,42799.43352,47932.44355,15863111.1,1585211.892
2016-09-10,624.7526404,9911731006,1.68900378,1210458.241,27777.3073,27345.80736,15865048.6,1585643.391
2016-09-11,608.2466759,9651109983,1.64409449,1246905.686,40016.99511,36444.64138,15867098.6,1589215.745
2016-09-12,607.7073727,9643791009,1.64235516,1238203.772,35877.63361,47285.03005,15869136.1,1577808.349
2016-09-13,608.6942963,9660708066,1.64324029,1255431.986,51872.65871,44858.10029,15871198.6,1584822.907
2016-09-14,609.4130877,9673304502,1.64445893,1188355.521,37397.08896,45041.83226,15873148.6,1577178.164
2016-09-15,607.0702626,9637285102,1.63757095,1168610.255,44746.93645,51248.27235,15875073.6,1570676.828
2016-09-16,607.806438,9650028005,1.63843679,1056063.686,39865.23675,48969.42732,15876811.1,1561572.637
2016-09-17,607.3814497,9644518084,1.63684292,1237539.704,27344.28259,26963.13222,15878848.6,1561953.788
2016-09-18,611.5334603,9711555637,1.64735892,1108404.397,31223.29719,28046.55442,15880661.1,1565130.531
2016-09-19,608.8713063,9670291120,1.63980889,1012248.547,55330.43607,41121.0453,15882323.6,1579339.921
2016-09-20,608.3717486,9663505285,1.63608322,1148301.676,48978.12446,55727.32296,15884211.1,1572590.723
2016-09-21,596.9457566,9483251078,1.60558003,1238662.445,56504.13241,54857.37415,15886286.1,1574237.481
2016-09-22,595.5647165,9462361163,1.60186568,1049682.813,41286.80636,33697.04872,15888048.6,1581827.239
2016-09-23,602.3787849,9571647457,1.61963842,1024043.934,46043.1112,55194.84302,15889748.6,1572675.507
2016-09-24,602.6873597,9577801209,1.62065676,1250576.271,24328.07981,27855.16598,15891823.6,1569148.421
2016-09-25,600.6100549,9546177958,1.61373559,1388910.752,24723.83542,21477.52559,15894136.1,1572394.731
2016-09-26,606.7788106,9645385466,1.62933517,1160464.475,43027.29438,47595.69732,15896048.6,1567826.328
2016-09-27,605.1516137,9620782719,1.62414841,1263253.994,37358.92249,51083.35212,15898136.1,1554101.898
2016-09-28,604.6864944,9614506858,1.62251024,1118670.015,54943.40086,49888.14105,15899986.1,1559157.158
2016-09-29,605.202562,9623794125,1.62353046,1081799.579,41557.39073,44049.1401,15901773.6,1556665.408
2016-09-30,608.8658407,9683127491,1.63296882,1080736.867,48597.00483,44251.54934,15903548.6,1561010.864
2016-10-01,615.4084788,9788386394,1.64973693,1207739.14,30283.17256,26010.74376,15905511.1,1565283.293
2016-10-02,611.7485783,9731252012,1.63963562,1078206.869,20981.53362,24577.10738,15907273.6,1561687.719
2016-10-03,612.5903474,9745798527,1.64023485,1156264.281,36952.09686,37675.89679,15909161.1,1560963.919
2016-10-04,610.0078814,9705918425,1.63178451,1204765.566,46853.15943,46107.55561,15911136.1,1561709.523
2016-10-05,612.1477809,9741244517,1.63673816,1277858.493,48380.00948,53917.58996,15913223.6,1556171.942
2016-10-06,611.7608628,9736318570,1.63502177,1231168.736,41455.6587,36411.9352,15915236.1,1561215.666
2016-10-07,617.9057051,9835219694,1.65057413,1104506.448,39072.21,38893.57544,15917023.6,1561394.3
2016-10-08,619.3010018,9858736936,1.65345115,1308273.366,28366.30917,35143.61072,15919136.1,1554616.999
2016-10-09,617.1010413,9824949669,1.6471487,1234202.083,31685.42404,30970.52015,15921136.1,1555331.903
2016-10-10,618.0852,9841576625,1.64905635,958032.06,41616.79211,45639.6072,15922686.1,1551309.088
2016-10-11,642.9813873,1.023910798e+10,1.71172286,1117180.16,73487.22843,63532.12318,15924423.6,1561264.193
2016-10-12,636.5979322,1.013860101e+10,1.69165254,1145876.278,64230.71685,52748.44864,15926223.6,1572746.461
2016-10-13,635.4440953,1.012124146e+10,1.68770306,1016710.553,45442.36354,55101.20146,15927823.6,1563087.623
2016-10-14,639.5860903,1.018830172e+10,1.69764855,1087296.354,47166.39991,48862.52815,15929523.6,1561391.495
2016-10-15,637.2837593,1.015275787e+10,1.6909697,1131178.673,41667.18432,30312.88544,15931298.6,1572745.794
2016-10-16,642.9130425,1.024348439e+10,1.70485941,1044733.694,32317.80887,30192.30732,15932923.6,1574871.295
2016-10-17,639.1375365,1.018432819e+10,1.69213973,998652.4007,40284.38463,38516.20315,15934486.1,1576639.477
2016-10-18,635.5765086,1.012881647e+10,1.6808924,1231429.485,53930.20933,49592.01572,15936423.6,1580977.671
2016-10-19,629.640708,1.003520486e+10,1.66452177,983813.6063,46765.9329,52140.53428,15937986.1,1575603.069
2016-10-20,628.5989011,1.001965345e+10,1.66126571,1052903.159,50982.37318,56637.20983,15939661.1,1569948.232
2016-10-21,630.9062034,1.005772443e+10,1.66533193,1293357.717,45277.95979,56388.09986,15941711.1,1558838.092
2016-10-22,654.508631,1.043520653e+10,1.72581278,1219022.325,37206.14865,33396.69374,15943573.6,1562647.547
2016-10-23,651.9619568,1.039577698e+10,1.71807394,1173531.522,32644.14221,26563.45821,15945373.6,1568728.231
2016-10-24,650.0271672,1.036608796e+10,1.71141678,1161923.561,64986.88405,52888.30616,15947161.1,1580826.809
2016-10-25,655.7925051,1.045916817e+10,1.72432365,1139439.478,57601.61822,66259.19612,15948898.6,1572169.231
2016-10-26,675.1098693,1.076842342e+10,1.77111563,1164564.525,53147.34044,65855.34533,15950623.6,1559461.226
2016-10-27,686.5233271,1.095186539e+10,1.79615707,1390209.737,93393.60204,82687.09835,15952648.6,1570167.73
2016-10-28,690.3906549,1.101487126e+10,1.80415758,1311742.244,45167.39956,57317.77196,15954548.6,1558017.358
2016-10-29,715.4454693,1.141594203e+10,1.8651885,1332517.187,52624.28889,41427.60813,15956411.1,1569214.038
2016-10-30,699.333411,1.116032e+10,1.8226058,1468600.163,35449.91977,38217.87101,15958511.1,1566446.087
2016-10-31,698.897728,1.115465138e+10,1.81838639,1284224.575,57916.60902,56784.9835,15960348.6,1567577.713
2016-11-01,730.57848,1.166160226e+10,1.89570499,1315041.264,73922.04878,61223.96871,15962148.6,1580275.793
2016-11-02,740.3670555,1.181907982e+10,1.91748494,1230860.23,53223.86324,47082.86993,15963811.1,1586416.786
2016-11-03,689.939207,1.101539593e+10,1.78730294,1336757.213,79593.93968,71162.89884,15965748.6,1594847.827
2016-11-04,705.4320167,1.126377311e+10,1.82526343,1022876.424,56546.93015,65601.68349,15967198.6,1585793.074
2016-11-05,706.8193256,1.128722333e+10,1.82779984,1298780.511,36885.31655,46403.84494,15969036.1,1576274.545
2016-11-06,715.8968798,1.143355227e+10,1.84962453,1369152.783,30222.51005,29098.46693,15970948.6,1577398.588
2016-11-07,706.1812168,1.12796727e+10,1.82330887,1288780.721,52587.00116,51082.60228,15972773.6,1578902.987
2016-11-08,711.8358466,1.137149657e+10,1.83441017,1503753.226,62672.56927,55366.21783,15974886.1,1586209.339
2016-11-09,721.5015099,1.15272302e+10,1.85565551,1325759.025,73235.60088,64762.70602,15976723.6,1594682.234
2016-11-10,713.4076156,1.139941445e+10,1.83311387,1498155.993,49607.81564,53238.14936,15978823.6,1591051.9
2016-11-11,715.7033106,1.14375552e+10,1.83712016,1458245.495,38187.29352,49706.03411,15980861.1,1579533.159
2016-11-12,703.8475511,1.124956803e+10,1.80622068,1478079.857,29549.72391,30619.27141,15982961.1,1578463.612
2016-11-13,703.6264353,1.124728288e+10,1.80498214,1248936.923,33422.03807,34408.26513,15984736.1,1577477.385
2016-11-14,705.6435842,1.128104361e+10,1.80858594,1517133.706,50516.91316,47674.2027,15986886.1,1580320.095
2016-11-15,712.3471528,1.138960188e+10,1.82341234,1389076.948,50085.09281,53193.2459,15988836.1,1577211.942
2016-11-16,742.0501176,1.186610384e+10,1.89261677,1586132.126,87987.52455,72240.58797,15990973.6,1592958.879
2016-11-17,735.3180805,1.175991346e+10,1.87204522,1461444.685,79766.94148,67405.33719,15992961.1,1605320.483
2016-11-18,749.5787273,1.198937015e+10,1.90458043,1386720.645,53171.64866,57094.92029,15994811.1,1601397.211
2016-11-19,751.2138194,1.201685654e+10,1.90689799,1333404.529,36119.42418,44818.25316,15996586.1,1592698.382
2016-11-20,730.3508136,1.168428824e+10,1.85356329,1168561.302,36265.21523,47475.92578,15998186.1,1581487.672
2016-11-21,736.5069839,1.178405548e+10,1.86694042,1279680.885,56335.09461,60800.68363,15999923.6,1577022.083
2016-11-22,747.997678,1.19691586e+10,1.89259128,1252896.111,58037.1036,53750.82456,16001598.6,1581308.362
2016-11-23,741.2403179,1.186239206e+10,1.86965336,1362029.084,59075.65571,56011.4694,16003436.1,1584372.548
2016-11-24,737.354976,1.180170639e+10,1.85483303,1493143.826,71314.18117,56310.37425,16005461.1,1599376.355
2016-11-25,739.6852002,1.18404081e+10,1.85929274,1405401.88,47563.78558,59233.69436,16007361.1,1587706.446
2016-11-26,734.6529259,1.176125969e+10,1.84525241,1405023.721,35628.89438,36061.57802,16009273.6,1587273.763
2016-11-27,727.7411158,1.165191657e+10,1.82681448,1309934.009,27927.25899,31935.69639,16011073.6,1583265.325
2016-11-28,730.0824838,1.169090105e+10,1.83082068,1496669.092,44124.05,55844.80753,16013123.6,1571544.568
2016-11-29,731.6464357,1.17173075e+10,1.83343351,1362691.487,47729.23353,47350.12163,16014986.1,1571923.68
2016-11-30,742.2044513,1.188771139e+10,1.85741761,1317412.901,45645.22772,46630.28504,16016761.1,1570938.622
2016-12-01,753.6749101,1.207280644e+10,1.88258493,1375456.711,60862.18502,54475.70974,16018586.1,1577325.098
2016-12-02,772.3023827,1.237257271e+10,1.92399804,1380490.509,79834.46286,77071.96333,16020373.6,1580087.597
2016-12-03,766.1104681,1.227502306e+10,1.89395129,1647137.507,37847.16744,44932.69767,16022523.6,1573002.067
2016-12-04,766.3801391,1.228076167e+10,1.89327742,1417803.257,22623.1983,23898.54885,16024373.6,1571726.716
2016-12-05,752.6707262,1.206250699e+10,1.85781173,1430074.38,66931.43986,66996.11976,16026273.6,1571662.036
2016-12-06,759.1173258,1.21672453e+10,1.87197007,1423344.986,53303.51739,52627.30761,16028148.6,1572338.246
2016-12-07,764.9876501,1.226299958e+10,1.88398255,1663848.139,62194.80743,57097.37061,16030323.6,1577435.683
2016-12-08,767.6592246,1.230733232e+10,1.88724567,1506531.228,49648.66111,55108.22105,16032286.1,1571976.123
2016-12-09,771.9023211,1.237666144e+10,1.89591358,1302585.167,52536.30025,62227.1918,16033973.6,1562285.232
2016-12-10,775.4745613,1.243521818e+10,1.90150182,1279533.026,30437.07843,28604.6484,16035623.6,1564117.662
2016-12-11,770.4961505,1.235718729e+10,1.8880226,1801034.752,24146.57733,23943.4822,16037961.1,1564320.757
2016-12-12,778.5065991,1.248717664e+10,1.90486371,1518087.868,48121.92755,54171.61053,16039911.1,1558271.074
2016-12-13,778.9306946,1.249571222e+10,1.90337593,1733120.795,46801.19913,50825.40429,16042136.1,1554246.869
2016-12-14,776.9639615,1.246551159e+10,1.89626794,1349974.883,45644.84729,46982.26289,16043873.6,1552909.453
2016-12-15,776.176782,1.245411436e+10,1.89136263,1232180.641,52505.05101,57494.25457,16045461.1,1547920.249
2016-12-16,782.2302159,1.255254496e+10,1.90373524,1300457.734,48465.59864,52079.90108,16047123.6,1544305.947
2016-12-17,789.6029322,1.267227713e+10,1.91920336,1421285.278,37919.85046,32809.66198,16048923.6,1549416.135
2016-12-18,790.6329665,1.269020157e+10,1.91892195,1393490.604,26054.76404,30371.21358,16050686.1,1545099.686
2016-12-19,790.2790317,1.268601232e+10,1.91635095,1491651.672,40932.6351,44700.6365,16052573.6,1541331.684
2016-12-20,799.7775207,1.283986713e+10,1.93543766,1379616.223,50913.94131,56944.35914,16054298.6,1535301.267
2016-12-21,828.4836793,1.330237098e+10,1.99546268,1646611.313,60231.44964,71539.77737,16056286.1,1523992.939
2016-12-22,858.501434,1.378605091e+10,2.05790608,1706271.6,74263.88612,84933.86459,16058273.6,1513322.96
2016-12-23,915.5624383,1.47040917e+10,2.17751843,1739568.633,99117.37397,101937.4482,16060173.6,1510502.886
2016-12-24,891.1552721,1.431363448e+10,2.11635351,1526103.403,49726.13755,46522.80941,16061886.1,1513706.214
2016-12-25,896.0032793,1.439335063e+10,2.12388831,1848006.764,43450.35472,44188.749,16063948.6,1512967.82
2016-12-26,903.2012466,1.451058158e+10,2.13574409,1603182.213,43332.52945,47351.59322,16065723.6,1508948.756
2016-12-27,925.9508105,1.487787539e+10,2.18144466,1805604.08,57296.82543,60144.98722,16067673.6,1506100.594
2016-12-28,979.960974,1.574770199e+10,2.2923126,2008919.997,71598.76196,70684.77867,16069723.6,1507014.578
2016-12-29,973.4625594,1.564509951e+10,2.26582772,1825242.299,61227.55374,55140.12059,16071598.6,1513102.011
2016-12-30,961.1826582,1.544962818e+10,2.23030531,1886320.967,66872.66616,65557.211,16073561.1,1514417.466
2016-12-31,968.970597,1.557660069e+10,2.2443903,1792595.604,37208.38636,33180.75795,16075411.1,1518445.094
2017-01-01,997.257358,1.603326665e+10,2.30193946,1944651.848,33184.16756,26495.9701,16077361.1,1525133.292
2017-01-02,1017.077886,1.635394988e+10,2.33524167,2021442.299,51242.12808,43668.65795,16079348.6,1532706.762
2017-01-03,1032.609053,1.660579778e+10,2.35770988,2116848.559,67585.88143,54510.5118,16081398.6,1545782.132
2017-01-04,1134.496445,1.824645927e+10,2.55770131,2169724.452,102834.6278,78307.43432,16083311.1,1570309.325
2017-01-05,1000.498129,1.609307353e+10,2.23704042,1750871.726,120529.9591,120461.9938,16085061.1,1570377.29
2017-01-06,892.4639556,1.435713334e+10,2.00164999,1796083.711,88881.45269,118085.8128,16087073.6,1541172.93
2017-01-07,903.4532836,1.453547793e+10,2.0252978,1558456.914,68168.56805,67081.28546,16088798.6,1542260.213
2017-01-08,912.4849971,1.468269216e+10,2.04304794,1904812.431,45374.43243,45563.89923,16090886.1,1542070.746
2017-01-09,903.5086668,1.453979101e+10,2.02053011,1535964.734,56404.89525,57103.49143,16092586.1,1541372.15
2017-01-10,906.4989474,1.458972536e+10,2.02492109,1812997.895,62262.88426,71062.81251,16094586.1,1532572.222
2017-01-11,788.314656,1.268910576e+10,1.76845775,1507651.78,142228.9748,128525.3193,16096498.6,1546275.877
2017-01-12,807.1098335,1.299337759e+10,1.81077416,1735286.142,82765.49135,91423.68059,16098648.6,1537617.688
2017-01-13,826.7469274,1.331105842e+10,1.85366729,1550150.489,54094.39338,76192.55984,16100523.6,1515519.521
2017-01-14,820.0451573,1.32049195e+10,1.83889611,1763097.088,38558.6561,45902.7307,16102673.6,1508175.447
2017-01-15,824.5470652,1.32791335e+10,1.84823542,1721241.999,33984.17658,32612.0991,16104761.1,1509547.524
2017-01-16,830.8380351,1.338220321e+10,1.86155157,1755145.349,46765.35568,53356.44551,16106873.6,1502956.435
2017-01-17,906.0268281,1.4595049e+10,2.0228738,1789402.986,65695.39578,64718.3055,16108848.6,1503933.525
2017-01-18,881.2598154,1.41977333e+10,1.96641888,1652362.154,55883.79455,64618.38646,16110723.6,1495198.933
2017-01-19,902.26387,1.453808625e+10,2.01003826,1962423.917,50049.15078,57651.70366,16112898.6,1487596.38
2017-01-20,895.1745162,1.442597106e+10,1.99263298,2114849.794,57152.21281,64529.45807,16115261.1,1480219.135
2017-01-21,924.4682595,1.490013899e+10,2.05421871,2091609.437,34863.33073,36460.54003,16117523.6,1478621.925
2017-01-22,922.4670774,1.486989125e+10,2.04635127,2006365.893,33887.16395,40087.79773,16119698.6,1472421.292
2017-01-23,919.1157441,1.481745425e+10,2.03609568,1585474.659,49967.40794,49461.25855,16121423.6,1472927.441
2017-01-24,887.7431938,1.43133375e+10,1.96451725,1653421.698,46221.07371,49095.44566,16123286.1,1470053.069
2017-01-25,895.6900333,1.444313488e+10,1.97868447,1668222.687,44049.18889,60380.05914,16125148.6,1453722.199
2017-01-26,916.6674686,1.478317519e+10,2.02100235,1776043.22,39857.64358,43408.09713,16127086.1,1450171.745
2017-01-27,920.4544635,1.484620435e+10,2.02710253,1955965.735,36949.9731,39017.07235,16129211.1,1448104.646
2017-01-28,922.7749486,1.488538521e+10,2.03067894,1753272.402,22859.33768,20721.0783,16131111.1,1450242.905
2017-01-29,915.6320231,1.477207327e+10,2.00928142,1911381.848,19302.90261,22118.65152,16133198.6,1447427.157
2017-01-30,920.3132608,1.484925317e+10,2.01726706,1656563.869,28411.03309,29282.53251,16134998.6,1446555.657
2017-01-31,968.4991057,1.562848712e+10,2.11732767,1755404.629,40676.50794,37579.82412,16136811.1,1449652.341
2017-02-01,987.5325904,1.593799694e+10,2.1532295,2370078.217,46539.93647,46424.84121,16139211.1,1449767.436
2017-02-02,1007.704366,1.626553111e+10,2.19051199,1977619.818,38151.83955,40032.68705,16141173.6,1447886.589
2017-02-03,1015.302039,1.639005747e+10,2.19895326,1891000.048,51177.08633,50520.21339,16143036.1,1448543.462
2017-02-04,1033.785973,1.66903051e+10,2.23392412,1860814.751,33417.95412,40299.9247,16144836.1,1441661.491
2017-02-05,1014.567876,1.638204852e+10,2.18915215,2016453.653,27013.92218,32233.43812,16146823.6,1436441.975
2017-02-06,1023.317481,1.652492579e+10,2.20253705,1598933.564,39709.33907,39137.51201,16148386.1,1437013.802
2017-02-07,1053.624459,1.701632328e+10,2.25911131,1988716.166,45319.74977,45747.75581,16150273.6,1436585.796
2017-02-08,1052.367645,1.699794597e+10,2.25075614,1920570.953,43716.1376,51832.35178,16152098.6,1428469.582
2017-02-09,982.7519395,1.587558229e+10,2.10032332,2076063.472,88974.37927,69876.43816,16154211.1,1447567.523
2017-02-10,996.6501531,1.610192831e+10,2.12395089,1831344.656,43348.77733,53653.23089,16156048.6,1437263.07
2017-02-11,1011.375322,1.634158612e+10,2.15345527,1757264.622,31420.21152,26837.12703,16157786.1,1441846.154
2017-02-12,1006.296465,1.626128405e+10,2.14002159,1761018.814,14342.51199,20944.49874,16159536.1,1435244.167
2017-02-13,999.953185,1.616081699e+10,2.12270941,2037404.614,36369.34782,36406.94467,16161573.6,1435206.57
2017-02-14,1012.213464,1.636110069e+10,2.14502476,2138300.942,37399.32447,38411.8742,16163686.1,1434194.021
2017-02-15,1013.903841,1.639018507e+10,2.14664641,1761657.923,29453.06474,31891.63861,16165423.6,1431755.447
2017-02-16,1036.806865,1.676237913e+10,2.19057597,1956972.957,41840.21693,36863.52705,16167311.1,1436732.137
2017-02-17,1058.66992,1.711784419e+10,2.22822443,1998239.475,33956.67334,27507.19696,16169198.6,1443181.613
2017-02-18,1060.668805,1.715216657e+10,2.22851853,2002012.369,20100.0728,23082.26975,16171086.1,1440199.416
2017-02-19,1058.7864,1.712349951e+10,2.22135058,1773467.221,17286.79507,38069.01347,16172761.1,1419417.198
2017-02-20,1088.688429,1.760911195e+10,2.27876692,2014073.594,26312.32625,24812.08614,16174611.1,1420917.438
2017-02-21,1128.855293,1.826074263e+10,2.35331243,1947275.381,41114.03835,32846.78518,16176336.1,1429184.691
2017-02-22,1129.701791,1.827638459e+10,2.3431243,1948735.589,32695.5748,29570.45693,16178061.1,1432309.809
2017-02-23,1188.861786,1.923570772e+10,2.45151251,2229115.848,48325.03289,37415.14106,16179936.1,1443219.701
2017-02-24,1185.488892,1.918354995e+10,2.42731203,2415433.617,50896.0433,52658.07771,16181973.6,1441457.666
2017-02-25,1151.604737,1.863764142e+10,2.35507801,2403974.888,27878.8775,26179.61406,16184061.1,1443156.93
2017-02-26,1181.710866,1.912751016e+10,2.41199874,2629306.677,20060.6452,24022.6861,16186286.1,1439194.889
2017-02-27,1194.15245,1.933104268e+10,2.42985611,2149474.41,30629.69037,27925.71054,16188086.1,1441898.869
2017-02-28,1188.399941,1.924019338e+10,2.41245373,2272814.887,39167.83423,33880.86761,16189998.6,1447185.835
2017-03-01,1228.459651,1.989097125e+10,2.48115883,2211227.371,40264.269,37686.14038,16191798.6,1449763.964
2017-03-02,1262.931467,2.045161047e+10,2.53571034,2478503.005,68313.71437,56227.4504,16193761.1,1461850.228
2017-03-03,1289.363191,2.088207316e+10,2.57132568,2433673.023,67039.57322,55376.38319,16195648.6,1473513.418
2017-03-04,1268.940664,2.055341085e+10,2.52422599,2093752.096,50130.49069,24033.69136,16197298.6,1499610.217
2017-03-05,1276.273683,2.067453109e+10,2.53213829,2345152.892,26738.66297,28050.25886,16199136.1,1498298.621
2017-03-06,1282.254657,2.07736937e+10,2.53275359,2276002.016,39791.706,33254.51629,16200911.1,1504835.811
2017-03-07,1234.476462,2.000200435e+10,2.43376828,2360936.234,45460.99623,42830.06049,16202823.6,1507466.747
2017-03-08,1152.139389,1.866995633e+10,2.27006537,2045047.416,52697.68008,44285.74906,16204598.6,1515878.678
2017-03-09,1193.455527,1.934167565e+10,2.34691879,2207892.724,40952.6046,35016.1995,16206448.6,1521815.083
2017-03-10,1098.530149,1.780541453e+10,2.16260738,2142133.791,57916.07702,52222.07728,16208398.6,1527509.083
2017-03-11,1176.822921,1.907660682e+10,2.31121876,2191832.691,42927.98382,51777.77433,16210261.1,1518659.292
2017-03-12,1231.748357,1.996934898e+10,2.41252703,2386512.441,34926.779,30053.55642,16212198.6,1523532.515
2017-03-13,1239.396296,2.00955853e+10,2.41079093,2246405.787,50858.29089,58885.655,16214011.1,1515505.151
2017-03-14,1246.536565,2.021378844e+10,2.41809563,2430746.302,48395.31838,48673.13415,16215961.1,1515227.335
2017-03-15,1258.651381,2.041247594e+10,2.43048179,2234106.202,57653.49468,50692.98264,16217736.1,1522187.847
2017-03-16,1178.02075,1.910708261e+10,2.27079494,2252964.685,112391.4826,96007.95064,16219648.6,1538571.379
2017-03-17,1072.082538,1.73908658e+10,2.07020764,2063758.886,124286.8799,101006.9632,16221573.6,1561851.295
2017-03-18,962.5690562,1.561627383e+10,1.86260387,1889041.773,109469.2447,71849.03899,16223536.1,1599471.501
2017-03-19,1020.220254,1.655368432e+10,1.97134108,2104204.273,60802.92226,54274.23126,16225598.6,1606000.192
2017-03-20,1037.756346,1.68399821e+10,2.00477708,1764185.788,60347.12948,67657.43222,16227298.6,1598689.89
2017-03-21,1111.818264,1.804378043e+10,2.1395375,1973477.418,64004.25282,65618.3437,16229073.6,1597075.799
2017-03-22,1037.30257,1.683652139e+10,1.99485875,2061638.858,75315.81617,80878.30082,16231061.1,1591513.314
2017-03-23,1028.172856,1.669023857e+10,1.97800188,1902119.784,61655.54354,64339.50145,16232911.1,1588829.356
2017-03-24,935.0634962,1.518085974e+10,1.8009221,2057139.692,170357.8576,156069.8175,16235111.1,1603117.396
2017-03-25,968.5433293,1.572601876e+10,1.86294639,1610203.285,73688.91896,79034.22574,16236773.6,1597772.089
2017-03-26,962.9580546,1.563733006e+10,1.85054884,1998137.963,54082.48155,51809.39183,16238848.6,1600045.179
2017-03-27,1042.919198,1.693752777e+10,1.99869446,1720816.676,80120.18233,84016.0719,16240498.6,1596149.289
2017-03-28,1045.162932,1.697599213e+10,1.9993941,2025003.18,59132.86807,57933.6982,16242436.1,1597348.459
2017-03-29,1039.688616,1.688886937e+10,1.98727297,1793462.862,52927.47046,66629.17212,16244161.1,1583646.758
2017-03-30,1037.987661,1.686336667e+10,1.98163667,2127874.706,78847.16587,83262.932,16246211.1,1579230.992
2017-03-31,1081.743531,1.75760592e+10,2.0572416,1825442.209,93005.53646,84465.30287,16247898.6,1587771.225
2017-04-01,1089.524772,1.770428573e+10,2.06862352,1797715.874,49209.3816,60228.67306,16249548.6,1576751.934
2017-04-02,1105.562956,1.796708247e+10,2.09581972,2183486.838,65793.96233,65645.6892,16251523.6,1576900.207
2017-04-03,1144.664771,1.86050648e+10,2.16252803,2518262.496,63186.64253,62206.37862,16253723.6,1577880.471
2017-04-04,1141.921919,1.856226749e+10,2.15325451,1784252.998,57159.77236,76578.10477,16255286.1,1558462.138
2017-04-05,1135.811644,1.846524324e+10,2.13735782,2300018.579,56137.55999,61876.49341,16257311.1,1552723.205
2017-04-06,1194.596459,1.942312135e+10,2.23959041,2195070.994,61187.98963,62897.57588,16259148.6,1551013.619
2017-04-07,1191.731451,1.937895201e+10,2.22647362,2413256.188,67397.30919,58918.27582,16261173.6,1559492.652
2017-04-08,1184.41772,1.926205048e+10,2.21001181,2028315.346,26449.76766,31789.427,16262886.1,1554152.993
2017-04-09,1213.63414,1.973960588e+10,2.2586269,2412097.853,38366.17496,35094.6328,16264873.6,1557424.535
2017-04-10,1211.649876,1.970955849e+10,2.24975256,2226406.648,41988.74741,49791.95153,16266711.1,1549621.331
2017-04-11,1229.784933,2.000712339e+10,2.27711178,2567176.047,51971.0563,45952.96148,16268798.6,1555639.426
2017-04-12,1216.114368,1.978687833e+10,2.24625621,2158603.003,41974.53566,49283.93888,16270573.6,1548330.022
2017-04-13,1172.55834,1.90800582e+10,2.16504122,1861436.364,55334.91759,57446.33724,16272161.1,1546218.603
2017-04-14,1174.333234,1.911097996e+10,2.16522828,2040403.993,72592.87448,64945.37143,16273898.6,1553866.106
2017-04-15,1175.562189,1.913318404e+10,2.1659084,2204179.104,57558.76981,48461.68812,16275773.6,1562963.187
2017-04-16,1173.69138,1.910487716e+10,2.16125164,2141986.768,32130.87195,34475.33702,16277598.6,1560618.722
2017-04-17,1191.901201,1.940334536e+10,2.18766073,2056029.573,37873.09457,46359.09102,16279323.6,1552132.726
2017-04-18,1202.131458,1.95720809e+10,2.20166725,2193889.911,46397.61443,55715.72238,16281148.6,1542814.618
2017-04-19,1209.560909,1.969520299e+10,2.21134437,2162090.125,52274.30678,66079.15239,16282936.1,1529009.772
2017-04-20,1235.803075,2.012463425e+10,2.25276621,2131760.304,51186.61995,63524.16145,16284661.1,1516672.231
2017-04-21,1247.33607,2.031504899e+10,2.26940479,2603814.047,47602.07128,53436.6332,16286748.6,1510837.669
2017-04-22,1243.550393,2.025564655e+10,2.26016436,2253935.087,35422.15811,35025.94161,16288561.1,1511233.885
2017-04-23,1250.001483,2.036311616e+10,2.26874872,2390627.837,33781.02773,32787.15825,16290473.6,1512227.755
2017-04-24,1257.239442,2.048297466e+10,2.27570599,1948721.135,37027.319,46965.27064,16292023.6,1502289.803
2017-04-25,1279.864717,2.085395393e+10,2.3093693,2367749.727,53022.75213,48601.02695,16293873.6,1506711.528
2017-04-26,1296.485457,2.112724969e+10,2.33216845,2479528.437,55850.09834,58728.62297,16295786.1,1503833.004
2017-04-27,1345.889956,2.19348079e+10,2.4099622,2473072.794,60184.68372,53516.80784,16297623.6,1510500.88
2017-04-28,1347.985156,2.197124625e+10,2.40107994,2291574.764,73393.67544,59347.79599,16299323.6,1524546.759
2017-04-29,1357.715253,2.213277633e+10,2.41223986,2936059.236,52738.40277,54151.62281,16301486.1,1523133.539
2017-04-30,1381.956372,2.253055103e+10,2.44637619,2608442.653,47001.48127,37847.27693,16303373.6,1532287.743
2017-05-01,1436.941488,2.342968818e+10,2.52560356,2694265.29,77119.96348,63598.65178,16305248.6,1545809.055
2017-05-02,1463.819068,2.387082485e+10,2.55708418,2891042.66,70949.02759,62785.34207,16307223.6,1553972.741
2017-05-03,1519.408944,2.477984842e+10,2.6373993,2507024.758,63568.03392,71799.44859,16308873.6,1545741.326
2017-05-04,1539.830052,2.511612731e+10,2.64748386,3233643.108,97768.78711,82543.71802,16310973.6,1560966.395
2017-05-05,1529.850443,2.495581706e+10,2.61101197,2466883.839,82264.7992,86208.18204,16312586.1,1557023.012
2017-05-06,1573.28551,2.566765923e+10,2.6710611,3303899.57,68426.15117,68408.55811,16314686.1,1557040.605
2017-05-07,1526.267772,2.490376568e+10,2.58516798,3186083.973,67970.4506,63792.56265,16316773.6,1561218.493
2017-05-08,1685.086496,2.749896629e+10,2.82026827,3791444.617,111650.6077,95014.24048,16319023.6,1577854.861
2017-05-09,1719.228014,2.805945352e+10,2.8500152,3331004.276,95272.56081,96839.04084,16320961.1,1576288.38
2017-05-10,1782.499,2.909539445e+10,2.92992045,3297623.15,91305.68727,105908.7633,16322811.1,1561685.304
2017-05-11,1835.487548,2.99634139e+10,2.98180004,3097385.238,85426.00111,80164.13222,16324498.6,1566947.173
2017-05-12,1704.661641,2.783102804e+10,2.75847679,3281473.659,73138.06382,89644.4257,16326423.6,1550440.811
2017-05-13,1779.840257,2.906194115e+10,2.86505128,3515184.507,52798.67403,53733.48216,16328398.6,1549506.003
2017-05-14,1794.593551,2.930651773e+10,2.87984317,3678916.779,40635.60286,41364.06375,16330448.6,1548777.542
2017-05-15,1736.882846,2.836776691e+10,2.77569902,3690876.048,70308.98215,71649.62904,16332573.6,1547436.895
2017-05-16,1757.026949,2.869967104e+10,2.7951762,2899094.465,99408.20731,107234.9885,16334223.6,1539610.114
2017-05-17,1808.746065,2.954796709e+10,2.85141326,3504445.5,134034.158,138292.6013,16336161.1,1535351.671
2017-05-18,1894.247265,3.094809076e+10,2.96696988,3362288.895,100710.8086,84849.51727,16337936.1,1551212.962
2017-05-19,1967.545548,3.214966689e+10,3.05210147,4033468.373,107334.0511,116276.5167,16339986.1,1542270.497
2017-05-20,2048.117678,3.347043862e+10,3.14988555,4224242.711,84727.7252,79087.77718,16342048.6,1547910.445
2017-05-21,2045.222493,3.342688347e+10,3.12275546,3758096.331,77963.64744,57031.97808,16343886.1,1568842.114
2017-05-22,2078.9435,3.398180984e+10,3.12461059,3794071.888,121097.456,114886.242,16345711.1,1575053.328
2017-05-23,2257.288364,3.690172376e+10,3.32739524,4740305.564,105022.6543,104992.6234,16347811.1,1575083.359
2017-05-24,2415.007227,3.948473082e+10,3.49513899,4648888.911,132328.9482,116745.5682,16349736.09,1590666.739
2017-05-25,2319.601379,3.792959657e+10,3.29706174,4726187.809,156071.7641,118520.6778,16351773.59,1628217.825
2017-05-26,2279.418584,3.727689599e+10,3.20703848,4359388.041,107236.6035,104316.3708,16353686.09,1631138.058
2017-05-27,2044.3005,3.343614169e+10,2.87538901,4293031.05,91162.20857,74723.05848,16355786.09,1647577.208
2017-05-28,2225.700867,3.640767779e+10,3.1100624,4590508.037,56938.6977,59375.69698,16357848.59,1645140.209
2017-05-29,2284.715797,3.73773475e+10,3.1715195,4312401.068,53218.48417,67991.9037,16359736.09,1630366.789
2017-05-30,2167.264478,3.546072416e+10,2.99605054,4849254.269,102704.6965,104879.9169,16361973.59,1628191.569
2017-05-31,2299.43261,3.762796949e+10,3.14282004,4713836.851,84557.58692,105296.3747,16364023.59,1607452.781
2017-06-01,2399.887632,3.927691759e+10,3.24185226,5099761.218,103508.216,116576.0466,16366148.59,1594384.951
2017-06-02,2479.423894,4.058314483e+10,3.32189022,4524948.607,71161.51114,69501.83516,16367973.59,1596044.627
2017-06-03,2549.551952,4.173711794e+10,3.38499502,6118924.684,80328.01571,90668.04099,16370373.59,1585704.601
2017-06-04,2524.993834,4.134017393e+10,3.33016911,5081550.09,59987.94999,57182.4823,16372386.09,1588510.069
2017-06-05,2685.318917,4.397058299e+10,3.49837338,5504903.779,81871.33028,75987.09485,16374436.09,1594394.304
2017-06-06,2871.341677,4.702202046e+10,3.68734337,5419657.416,80552.84855,70362.28653,16376323.59,1604584.867
2017-06-07,2706.760009,4.433236049e+10,3.45563714,5582692.518,73871.95476,82795.7695,16378386.09,1595661.052
2017-06-08,2802.563547,4.590724811e+10,3.54000799,5780287.315,68649.43434,76589.12789,16380448.59,1587721.358
2017-06-09,2804.872267,4.595036018e+10,3.50908106,5294196.404,59485.30211,61801.68861,16382336.09,1585404.972
2017-06-10,2916.32786,4.778140319e+10,3.60375711,5140027.853,66503.7705,50793.53086,16384098.59,1601115.211
2017-06-11,2974.214559,4.873525252e+10,3.64019441,5427941.571,67613.25613,58346.28495,16385923.59,1610382.183
2017-06-12,2665.43327,4.368048364e+10,3.22800548,4897733.634,87485.92955,71845.39694,16387761.09,1626022.715
2017-06-13,2707.137824,4.436869924e+10,3.24114582,4771330.415,83687.51572,85754.85819,16389523.59,1623955.373
2017-06-14,2443.824451,4.00573952e+10,2.919798,4276692.79,87399.27105,75650.876,16391273.59,1635703.768
2017-06-15,2409.886764,3.950572219e+10,2.87371971,4608908.436,88655.03401,101511.8695,16393186.09,1622846.932
2017-06-16,2476.359095,4.059999675e+10,2.93413098,4581264.326,76564.29,70153.55295,16395036.09,1629257.669
2017-06-17,2652.755363,4.349682805e+10,3.1272984,4808119.096,58419.50692,51871.44081,16396848.59,1635805.735
2017-06-18,2508.214207,4.113135474e+10,2.93677553,4546138.251,58121.40625,69428.67393,16398661.09,1624498.468
2017-06-19,2589.642213,4.247155296e+10,3.00723619,4887949.678,62044.70911,59640.44686,16400548.59,1626902.73
2017-06-20,2733.226556,4.483112977e+10,3.14552423,4714815.81,83044.25733,58933.78697,16402273.59,1651013.2
2017-06-21,2639.261314,4.329450487e+10,3.02520974,4618707.3,78152.00104,80396.51053,16404023.59,1648768.691
2017-06-22,2686.647514,4.407649726e+10,3.0574306,4668050.056,54360.02068,63652.31094,16405761.09,1639476.401
2017-06-23,2685.870471,4.406912102e+10,3.04158628,5371740.942,47367.40719,52808.55477,16407761.09,1634035.253
2017-06-24,2562.189149,4.204446342e+10,2.89910643,4675995.196,46989.1859,41981.83455,16409586.09,1639042.604
2017-06-25,2497.728941,4.099050714e+10,2.82389576,3809036.636,57488.54254,49855.23297,16411111.09,1646675.914
2017-06-26,2426.365051,3.982365321e+10,2.74177101,4306797.966,82502.5963,76537.29859,16412886.09,1652641.212
2017-06-27,2530.345536,4.15344165e+10,2.84709982,4143440.815,75962.8376,74368.37694,16414523.59,1654235.672
2017-06-28,2562.792264,4.207204357e+10,2.86973355,5029479.818,64070.0733,81332.1157,16416486.09,1636973.63
2017-06-29,2540.443032,4.170895837e+10,2.83338619,3810664.547,55228.331,51926.64124,16417986.09,1640275.32
2017-06-30,2452.712064,4.027331403e+10,2.7235698,4721470.724,63269.97934,81100.94054,16419911.09,1622444.358
2017-07-01,2412.366213,3.96157841e+10,2.67604439,4945350.737,50452.96387,55717.92256,16421961.09,1617179.4
2017-07-02,2518.872187,4.137074041e+10,2.78455696,5919349.64,44346.48074,43199.95188,16424311.09,1618325.929
2017-07-03,2551.927432,4.191907287e+10,2.8067694,5422845.792,55492.8177,70278.95299,16426436.09,1603539.793
2017-07-04,2599.74475,4.270951301e+10,2.84851858,4972011.834,60241.21995,53407.44526,16428348.59,1610373.568
2017-07-05,2608.104891,4.285171392e+10,2.84213614,4857595.36,56281.22118,58520.02793,16430211.09,1608134.761
2017-07-06,2603.195474,4.277567182e+10,2.82784137,4620671.966,47295.99756,56365.32074,16431986.09,1599065.438
2017-07-07,2495.780922,4.10152546e+10,2.70091753,4617194.706,62780.79674,67292.9792,16433836.09,1594553.256
2017-07-08,2553.494158,4.196897104e+10,2.7563821,5266581.701,48237.7991,57588.37205,16435898.59,1585202.683
2017-07-09,2506.173214,4.119553194e+10,2.70314378,4323148.793,59097.523,44581.73572,16437623.59,1599718.47
2017-07-10,2319.366897,3.813059148e+10,2.50667922,5711440.985,72569.63449,63611.21986,16440086.09,1608676.885
2017-07-11,2319.167441,3.813232759e+10,2.5040635,5015199.59,78974.54338,70883.77177,16442248.59,1616767.656
2017-07-12,2374.886266,3.905372481e+10,2.5607933,5254435.865,57266.53642,63078.95063,16444461.09,1610955.242
2017-07-13,2343.738348,3.854611367e+10,2.52324473,4599586.508,47513.53466,64964.03368,16446423.59,1593504.743
2017-07-14,2214.825237,3.64298023e+10,2.38547763,3848258.85,75284.36573,56600.41893,16448161.09,1612188.69
2017-07-15,1989.63319,3.272896577e+10,2.15162881,3158542.69,65961.88864,51982.26125,16449748.59,1626168.317
2017-07-16,1910.749542,3.143524274e+10,2.0725336,3893152.191,75434.06154,59490.8135,16451786.09,1642111.565
2017-07-17,2215.746296,3.645708323e+10,2.38704005,4099130.648,73899.62213,76272.4239,16453636.09,1639738.763
2017-07-18,2303.761146,3.790999905e+10,2.47286929,4751507.363,80941.07412,76409.91591,16455698.59,1644269.922
2017-07-19,2257.065236,3.714578901e+10,2.41800668,4203784.002,67901.00304,81526.81633,16457561.09,1630644.108
2017-07-20,2823.897926,4.648019104e+10,2.98008325,5718393.301,97844.76367,74905.29186,16459586.09,1653583.58
2017-07-21,2666.139718,4.388868855e+10,2.80324324,5132318.958,66418.42777,72020.69151,16461511.09,1647981.316
2017-07-22,2829.754055,4.658768728e+10,2.956705,5659508.11,50960.50195,51584.55504,16463511.09,1647357.263
2017-07-23,2753.243865,4.533398039e+10,2.86830102,5919474.31,37687.42497,58580.41226,16465661.09,1626464.276
2017-07-24,2755.159524,4.537165321e+10,2.8571688,6130229.941,55796.90188,53452.8959,16467886.09,1628808.282
2017-07-25,2558.692999,4.214099844e+10,2.63175728,4733582.048,79600.44244,91974.33293,16469736.09,1616434.392
2017-07-26,2522.324646,4.154665604e+10,2.58755545,4634771.538,57527.43121,89239.31348,16471573.59,1584722.509
2017-07-27,2665.147546,4.390430436e+10,2.70895213,5130409.027,75546.00277,90917.82384,16473498.59,1569350.688
2017-07-28,2793.833485,4.602945042e+10,2.77596935,5238437.784,132596.1908,125309.2183,16475373.59,1576637.661
2017-07-29,2706.450765,4.459509888e+10,2.65045335,5311409.627,66322.15917,60498.11489,16477336.09,1582461.705
2017-07-30,2749.384528,4.530758491e+10,2.63429117,5051994.07,104343.5539,189177.509,16479173.59,1497627.75
2017-07-31,2862.611291,4.717865688e+10,2.66440296,5188482.965,126444.8404,137745.4831,16480986.09,1486327.107
2017-08-01,2727.389182,4.495514294e+10,2.51234417,5079762.351,90298.46107,96912.323,16482848.59,1479713.245
2017-08-02,2690.145672,4.434637508e+10,2.45667542,5111276.777,121933.1182,105328.037,16484748.59,1496318.326
2017-08-03,2789.746312,4.599307891e+10,2.51633659,4812312.389,124262.2161,117500.3075,16486473.59,1503080.235
2017-08-04,2860.272843,4.716221256e+10,2.52690325,6399860.487,96846.92459,90544.74932,16488711.09,1509382.41
2017-08-05,3237.423363,5.338810132e+10,2.8058202,7162799.191,86530.25437,83355.78348,16490923.59,1512556.881
2017-08-06,3230.116709,5.327326055e+10,2.74360243,5652704.241,62244.53318,71546.1662,16492673.59,1503255.248
2017-08-07,3392.562419,5.595891289e+10,2.8173808,6488275.626,108475.1036,145079.8326,16494586.09,1466650.519
2017-08-08,3425.676617,5.651214052e+10,2.79701154,7022637.064,127065.5699,67855.17594,16496636.09,1525860.913
2017-08-09,3347.215432,5.522356885e+10,2.70304955,5773946.62,87748.94454,76973.48367,16498361.09,1536636.374
2017-08-10,3437.032155,5.671115462e+10,2.74911842,5757028.86,104337.0758,89409.44391,16500036.09,1551564.006
2017-08-11,3660.520537,6.040530992e+10,2.89608699,6588936.967,106773.3288,118235.7425,16501836.09,1540101.592
2017-08-12,3871.082406,6.388649982e+10,3.02040239,6532451.56,102056.9377,94228.02286,16503523.59,1547930.507
2017-08-13,4063.801053,6.707455459e+10,3.12865374,7518031.948,91040.50336,75132.57814,16505373.59,1563838.433
2017-08-14,4304.603931,7.105609104e+10,3.25544228,6994981.388,102158.8835,85752.17914,16506998.59,1580245.137
2017-08-15,4160.030546,6.867752243e+10,3.11536106,7904058.037,105521.2761,105619.8683,16508898.59,1580146.545
2017-08-16,4364.678575,7.206312858e+10,3.22936466,7092602.684,113511.4325,105283.6425,16510523.59,1588374.335
2017-08-17,4308.516861,7.11455096e+10,3.14349195,9640306.477,68895.41973,71990.38571,16512761.09,1585279.369
2017-08-18,4108.507162,6.785044931e+10,2.97541172,7652094.59,119772.6282,101121.1012,16514623.59,1603930.896
2017-08-19,4160.332457,6.871417718e+10,2.97749577,7852627.512,93411.65192,103508.6666,16516511.09,1593833.881
2017-08-20,4085.810394,6.748997215e+10,2.88932289,6639441.891,87131.46846,77229.89823,16518136.09,1603735.451
2017-08-21,3992.626035,6.595647962e+10,2.8086644,5739399.926,104437.7274,103409.8365,16519573.59,1604763.342
2017-08-22,4074.330461,6.731073459e+10,2.84203031,4532692.638,107454.8621,107008.0402,16520686.09,1605210.164
2017-08-23,4146.915345,6.851812867e+10,2.86484514,8241994.249,98508.8923,78650.96205,16522673.59,1625068.094
2017-08-24,4325.816428,7.147951421e+10,2.96780825,5461343.24,62162.62344,89355.36688,16523936.09,1597875.351
2017-08-25,4353.131773,7.193636704e+10,2.96751747,5495828.863,56963.27824,57224.25136,16525198.59,1597614.378
2017-08-26,4341.978717,7.175775943e+10,2.94348577,5698847.066,51689.75138,40494.97273,16526511.09,1608809.156
2017-08-27,4344.903445,7.181451323e+10,2.93116239,8418250.424,56456.44314,63333.83975,16528448.59,1601931.76
2017-08-28,4379.763921,7.239776518e+10,2.93365297,7062369.322,83381.59968,103692.4425,16530061.09,1581620.917
2017-08-29,4600.456831,7.605440082e+10,3.03875355,8568350.848,94886.08961,74558.57577,16531923.59,1601948.431
2017-08-30,4586.632737,7.583549388e+10,3.00669499,9631928.747,72283.79661,67611.05356,16534023.59,1606621.174
2017-08-31,4740.356218,7.838682002e+10,3.06677185,9658475.794,55602.74212,62967.75378,16536061.09,1599256.162
2017-09-01,4918.166245,8.13377945e+10,3.14249768,10697011.58,64700.52487,56865.84581,16538236.09,1607090.841
2017-09-02,4595.020018,7.60029457e+10,2.91990917,9419791.037,45134.61394,43943.63427,16540286.09,1608281.821
2017-09-03,4625.296314,7.6512628e+10,2.92473488,8903695.405,43209.43882,49086.73252,16542211.09,1602404.527
2017-09-04,4374.753496,7.237766559e+10,2.75162247,9569773.274,96448.17551,90776.89538,16544398.59,1608075.807
2017-09-05,4454.052538,7.370058864e+10,2.78742564,10968104.37,81827.26246,91546.09825,16546861.09,1598356.971
2017-09-06,4607.51653,7.624926622e+10,2.86204183,9330220.973,77718.77547,78012.39704,16548886.09,1598063.35
2017-09-07,4635.111876,7.671613571e+10,2.84583752,10197246.13,58547.78933,63287.13323,16551086.09,1593324.006
2017-09-08,4345.457656,7.193154947e+10,2.66619471,9505688.623,92378.08514,79585.32917,16553273.59,1606116.762
2017-09-09,4335.59345,7.17774235e+10,2.65540041,9158941.163,47414.17965,51404.70209,16555386.09,1602126.24
2017-09-10,4261.843521,7.056381664e+10,2.59879339,7351680.074,81607.05481,65576.48958,16557111.09,1618156.805
2017-09-11,4212.547573,6.975678045e+10,2.56454296,9162290.972,61555.79768,62432.52622,16559286.09,1617280.076
2017-09-12,4164.319434,6.896794304e+10,2.53102364,9786150.67,65484.11614,66867.43291,16561636.09,1615896.759
2017-09-13,3887.118587,6.438627539e+10,2.36797159,9231906.644,74715.70829,76186.42299,16564011.09,1614426.045
2017-09-14,3247.468739,5.379817146e+10,1.99521056,7063244.507,101639.6104,85937.88126,16566186.09,1630127.774
2017-09-15,3699.222944,6.129033894e+10,2.26320938,8323251.624,134022.1425,122705.4749,16568436.09,1641444.442
2017-09-16,3711.234351,6.149718915e+10,2.26588756,7839982.566,47949.10817,63124.64423,16570548.59,1626268.906
2017-09-17,3711.856204,6.151565968e+10,2.26478555,8166083.649,36867.02224,47950.97392,16572748.59,1615184.954
2017-09-18,4080.428443,6.763039242e+10,2.47915064,6477680.153,70742.97881,75044.38268,16574336.09,1610883.55
2017-09-19,3925.73619,6.507412621e+10,2.38109715,7655185.571,55548.55018,63970.93555,16576286.09,1602461.165
2017-09-20,3895.777079,6.458321298e+10,2.3596557,5697573.977,42177.53603,42568.76702,16577748.59,1602069.934
2017-09-21,3617.243466,5.997371071e+10,2.19309389,7957935.625,40318.86807,44595.14058,16579948.59,1597793.661
2017-09-22,3619.213718,6.001266578e+10,2.19168978,6288383.836,40579.41714,39769.65141,16581686.09,1598603.427
2017-09-23,3775.600594,6.261365823e+10,2.28253357,7834371.233,32968.80834,37596.70375,16583761.09,1593975.531
2017-09-24,3676.896944,6.098344486e+10,2.22242941,6664375.711,30556.05449,25094.6097,16585573.59,1599436.976
2017-09-25,3918.738071,6.50006417e+10,2.34287282,6123028.236,45371.96656,43591.20038,16587136.09,1601217.742
2017-09-26,3890.090937,6.453217819e+10,2.32052467,6710406.866,37386.2936,50762.71756,16588861.09,1587841.318
2017-09-27,4207.787485,6.981013391e+10,2.4968666,7731809.504,47515.70814,55756.51285,16590698.59,1579600.514
2017-09-28,4187.769796,6.948729191e+10,2.47501585,9265440.674,63665.21146,55268.81456,16592911.09,1587996.911
2017-09-29,4155.01012,6.895249097e+10,2.44954557,8777458.878,48594.3978,44773.75512,16595023.59,1591817.553
2017-09-30,4334.544613,7.19393472e+10,2.54204123,7477089.457,30334.90148,34198.21584,16596748.59,1587954.239
2017-10-01,4382.086898,7.273551545e+10,2.56194858,7120891.209,27185.98841,25775.23568,16598373.59,1589364.992
2017-10-02,4386.875715,7.282322742e+10,2.55136556,8225391.966,42086.10019,45185.37961,16600248.59,1586265.712
2017-10-03,4306.564642,7.14998949e+10,2.49742904,9851266.619,50832.59558,40847.07844,16602536.09,1596251.229
2017-10-04,4216.684821,7.001472489e+10,2.44055834,7062947.076,41518.73845,46574.99834,16604211.09,1591194.97
2017-10-05,4319.420916,7.172732578e+10,2.48286744,6749095.181,40328.18839,39871.29841,16605773.59,1591651.859
2017-10-06,4365.91571,7.250808507e+10,2.50112549,8677257.474,39646.6792,35544.51786,16607761.09,1595754.021
2017-10-07,4438.855933,7.37282256e+10,2.535902,8766740.468,28028.68289,31345.39416,16609736.09,1592437.31
2017-10-08,4600.739797,7.642754054e+10,2.61523452,10466683.04,34102.68336,30620.23593,16612011.09,1595919.757
2017-10-09,4777.534657,7.93740735e+10,2.68982061,9614788.497,67893.59907,47642.38448,16614023.59,1616170.972
2017-10-10,4741.077915,7.877786249e+10,2.65170924,9482155.83,48467.7717,44288.83811,16616023.59,1620349.905
2017-10-11,4814.967118,8.001397324e+10,2.68235621,8366005.368,43514.2764,37025.975,16617761.09,1626838.207
2017-10-12,5393.668983,8.964101796e+10,2.9735157,10315391.93,55906.44469,40509.90167,16619673.59,1642234.75
2017-10-13,5614.077515,9.331367974e+10,3.05039678,9543931.775,65291.22374,53301.57551,16621373.59,1654224.398
2017-10-14,5785.738315,9.61771154e+10,3.12159957,10197363.78,36432.51593,34305.79998,16623136.09,1656351.114
2017-10-15,5689.86506,9.459727027e+10,3.05072713,13869046.08,29757.05158,29039.45481,16625573.59,1657068.711
2017-10-16,5756.148812,9.57117953e+10,3.05813234,12519623.67,32376.96382,31724.1289,16627748.59,1657721.545
2017-10-17,5590.416324,9.296749752e+10,2.95026635,11460353.46,33782.67268,40007.75212,16629798.59,1651496.466
2017-10-18,5583.870426,9.28691801e+10,2.93164856,10539555.43,38800.2402,43003.89449,16631686.09,1647292.812
2017-10-19,5708.312991,9.495157077e+10,2.96891932,12700996.4,34924.57125,33439.7498,16633911.09,1648777.633
2017-10-20,6000.88313,9.983158343e+10,3.09805688,13426976,48650.91899,41323.28969,16636148.59,1656105.262
2017-10-21,6030.207893,1.003309673e+11,3.09579617,11532772.59,38503.15627,35899.79155,16638061.09,1658708.627
2017-10-22,5996.598139,9.978540842e+10,3.04834116,13642260.77,40880.2122,40279.11531,16640336.09,1659309.724
2017-10-23,5888.250017,9.799504539e+10,2.93951363,12586134.41,114104.6424,132516.2162,16642473.59,1640898.15
2017-10-24,5517.775353,9.184094894e+10,2.73999189,11518356.05,94687.78091,107270.184,16644561.09,1628315.747
2017-10-25,5736.017802,9.548676325e+10,2.83167233,13264541.17,41471.3573,51155.23612,16646873.59,1618631.868
2017-10-26,5900.317729,9.823511908e+10,2.89701261,13275714.89,36229.76727,33674.85916,16649123.59,1621186.776
2017-10-27,5771.945046,9.610532995e+10,2.82258819,7503528.56,26719.4362,42138.38105,16650423.59,1605767.832
2017-10-28,5762.388577,9.595233322e+10,2.81072114,6122537.863,25523.9435,27703.37852,16651486.09,1603588.397
2017-10-29,6174.728845,1.028302978e+11,2.99284618,11886353.03,49997.7055,38492.26943,16653411.09,1615093.833
2017-10-30,6119.256384,1.019177362e+11,2.94639905,11244133.61,45749.95868,43037.69199,16655248.59,1617806.099
2017-10-31,6428.514637,1.070795985e+11,3.07051562,11089187.75,47799.02493,43758.33854,16656973.59,1621846.786
2017-11-01,6726.411835,1.120547808e+11,3.17194342,13116503.08,53090.89144,51424.92632,16658923.59,1623512.751
2017-11-02,7043.777939,1.173549655e+11,3.26783421,13207083.64,76773.24754,73117.59222,16660798.59,1627168.406
2017-11-03,7198.632111,1.199456677e+11,3.2996631,10707965.26,47433.63184,47893.28103,16662286.09,1626708.757
2017-11-04,7420.498079,1.236545202e+11,3.37458714,12058309.38,38661.26781,28364.8512,16663911.09,1637005.174
2017-11-05,7371.13903,1.22844997e+11,3.31955857,12991632.54,34729.12512,27540.09621,16665673.59,1644194.203
2017-11-06,6985.263844,1.164257401e+11,3.12842422,11613001.14,48112.91026,50070.92807,16667336.09,1642236.185
2017-11-07,7118.202544,1.186553546e+11,3.16064437,13880494.96,59771.82825,68308.98884,16669286.09,1633699.024
2017-11-08,7451.212787,1.242198098e+11,3.2777098,13412183.02,82300.61893,60915.41544,16671086.09,1655084.228
2017-11-09,7117.73805,1.186740364e+11,3.10220792,13612674.02,73795.87752,77871.55242,16672998.59,1651008.553
2017-11-10,6620.567336,1.103946407e+11,2.86889448,9930851.005,79022.95844,69850.76821,16674498.59,1660180.743
2017-11-11,6346.721449,1.058347446e+11,2.7353594,6346721.449,70105.97152,58391.62387,16675498.59,1671895.091
2017-11-12,5829.097828,9.720894168e+10,2.4696982,5829097.828,157383.6094,79162.88563,16676498.59,1750115.814
2017-11-13,6519.445172,1.087329272e+11,2.72664306,11409029.05,213404.1024,213017.0114,16678248.59,1750502.905
2017-11-14,6592.374397,1.099598068e+11,2.74071229,10547799.04,138474.5509,140546.4198,16679848.59,1748431.036
2017-11-15,7257.373212,1.210656753e+11,2.97614814,13789009.1,146470.0496,151260.322,16681748.59,1743640.764
2017-11-16,7833.704433,1.306947719e+11,3.15562228,14884038.42,154239.3347,142150.5773,16683648.59,1755729.521
2017-11-17,7729.03327,1.289646093e+11,3.06551771,16134356.95,162634.86,166931.8675,16685736.09,1751432.514
2017-11-18,7796.154241,1.300978256e+11,3.06748215,13253462.21,89349.05416,87541.69532,16687436.09,1753239.873
2017-11-19,8018.320688,1.338212506e+11,3.12664738,16036641.38,92867.15295,95089.47455,16689436.09,1751017.551
2017-11-20,8269.874257,1.380376282e+11,3.18401839,18090349.94,91556.47145,92770.43613,16691623.59,1749803.587
2017-11-21,8091.998084,1.35086085e+11,3.07693153,17498945.86,96629.33317,112723.5594,16693786.09,1733709.36
2017-11-22,8249.59733,1.377322749e+11,3.11368282,15261755.06,108025.067,114116.6297,16695636.09,1727617.798
2017-11-23,8071.669821,1.347775026e+11,3.0255203,15840652.02,101026.7205,101108.0161,16697598.59,1727536.502
2017-11-24,8232.422333,1.374770164e+11,3.04932356,15332886.6,88054.87742,85219.14089,16699461.09,1730372.239
2017-11-25,8760.165442,1.463071242e+11,3.19796528,17082322.61,58994.86253,58300.11043,16701411.09,1731066.991
2017-11-26,9319.903315,1.556733609e+11,3.34857257,17824315.09,57489.38895,61781.03352,16703323.59,1726775.346
2017-11-27,9730.728579,1.62556186e+11,3.43189779,20677798.23,83899.99572,78823.41672,16705448.59,1731851.925
2017-11-28,9932.19418,1.65941127e+11,3.42405668,19367778.65,86395.57035,81077.45133,16707398.59,1737170.044
2017-11-29,9800.027552,1.63754159e+11,3.31618599,21192559.58,98354.78474,91002.30007,16709561.09,1744522.529
2017-11-30,9996.714972,1.670615876e+11,3.33958212,20868142.5,87085.04908,89523.70198,16711648.59,1742083.876
2017-12-01,10808.95833,1.806602387e+11,3.55287307,24725492.19,68148.78415,62783.12667,16713936.09,1747449.533
2017-12-02,10934.85999,1.827865573e+11,3.54526509,22006405.72,43740.05905,36010.37795,16715948.59,1755179.215
2017-12-03,11213.94266,1.874763596e+11,3.59996863,24670673.84,47035.29367,44199.7259,16718148.59,1758014.782
2017-12-04,11562.12857,1.933235427e+11,3.65371219,26159315.88,66359.27784,53938.16653,16720411.09,1770435.894
2017-12-05,11736.75407,1.962694671e+11,3.65310274,26114277.8,65244.74953,66122.09213,16722636.09,1769558.551
2017-12-06,13992.13234,2.340182187e+11,4.21096815,32881510.99,80598.21748,85394.5665,16724986.09,1764762.202
2017-12-07,17032.29338,2.848972311e+11,4.7166582,32361357.42,120859.3798,113722.496,16726886.09,1771899.086
2017-12-08,16298.48734,2.726547231e+11,4.34686442,31782050.31,99854.82756,75202.95301,16728836.09,1796550.96
2017-12-09,15050.02195,2.518020842e+11,3.96460494,32733797.75,66374.39916,59222.27532,16731011.09,1803703.084
2017-12-10,15474.99954,2.589441127e+11,4.00840979,31723749.06,57818.60498,46938.05687,16733061.09,1814583.632
2017-12-11,16873.49778,2.823813363e+11,4.25607302,36067101.52,71849.89856,65259.63695,16735198.59,1821173.894
2017-12-12,17433.93074,2.917942892e+11,4.23927385,33996164.94,75826.25964,61985.54325,16737148.59,1835014.61
2017-12-13,16515.15257,2.764549603e+11,3.93575963,38397729.73,64306.61459,53899.00875,16739473.59,1845422.216
2017-12-14,16602.8928,2.779620797e+11,3.8994793,38394189.61,65633.0781,70475.74386,16741786.09,1840579.55
2017-12-15,17702.00217,2.964005291e+11,4.07868942,37395479.59,69220.94533,66303.77013,16743898.59,1843496.726
2017-12-16,19640.51388,3.289007542e+11,4.43076633,41981598.43,51028.43537,34774.65139,16746036.09,1859750.51
2017-12-17,19250.46765,3.224135427e+11,4.25193445,44516706.44,44646.30462,35429.20783,16748348.59,1868967.606
2017-12-18,18982.02502,3.179607561e+11,4.12995773,43184106.93,59256.49113,59456.82892,16750623.59,1868767.269
2017-12-19,17653.32609,2.957351137e+11,3.80550806,30893320.66,66842.39611,66539.83765,16752373.59,1869069.827
2017-12-20,16453.62726,2.756652819e+11,3.49226172,27971166.34,89230.5115,83497.47842,16754073.59,1874802.86
2017-12-21,15633.83365,2.619561952e+11,3.30154348,25795825.52,67485.78498,65032.10236,16755723.59,1877256.543
2017-12-22,14305.71834,2.397303796e+11,3.01016272,27717329.29,104643.6972,73733.13062,16757661.09,1908167.109
2017-12-23,14910.8581,2.498970142e+11,3.11960008,25907615.96,54319.85908,49502.47082,16759398.59,1912984.497
2017-12-24,14026.34687,2.350997879e+11,2.92511724,26650059.05,46076.93809,34456.58541,16761298.59,1924604.85
2017-12-25,14080.94226,2.360386392e+11,2.92950297,23761590.06,41582.57513,37521.00024,16762986.09,1928666.425
2017-12-26,15727.14548,2.636618365e+11,3.23788307,27915683.23,53018.53874,43446.20869,16764761.09,1938238.755
2017-12-27,15389.00057,2.580229265e+11,3.13118795,30008551.12,66382.51669,66109.70084,16766711.09,1938511.571
2017-12-28,14289.45221,2.396137309e+11,2.90015736,26614104.74,60994.65533,63739.58831,16768573.59,1935766.638
2017-12-29,14571.74608,2.443774507e+11,2.94080172,30054226.29,82621.72704,69409.00265,16770636.09,1948979.362
2017-12-30,12948.71588,2.171818333e+11,2.60242905,23793265.43,67926.64933,63895.23348,16772461.09,1953010.778
2017-12-31,13921.48064,2.335258573e+11,2.78726716,28365016.81,48782.18348,42324.74996,16774498.59,1959468.212
2018-01-01,13464.65361,2.25889069e+11,2.69423548,26256074.54,38221.35156,48353.92253,16776448.59,1949335.641
2018-01-02,14754.3222,2.475566653e+11,2.92544313,31537363.71,73692.78469,57832.89698,16778586.09,1965195.528
2018-01-03,15010.28616,2.518808362e+11,2.96026687,29457686.59,57085.58314,52268.35399,16780548.59,1970012.758
2018-01-04,15070.3008,2.529195624e+11,2.94402195,31647631.68,77578.45256,80432.98343,16782648.59,1967158.227
2018-01-05,16997.22741,2.852888771e+11,3.26196426,30382543.99,79098.85137,77793.4566,16784436.09,1968463.621
2018-01-06,17103.58928,2.871100186e+11,3.24692954,35917537.49,60866.93777,60394.51688,16786536.09,1968936.042
2018-01-07,16231.695,2.72506803e+11,3.04278121,32869182.37,59701.33273,49748.29144,16788561.09,1978889.084
2018-01-08,14937.41509,2.508087008e+11,2.80152545,30995136.31,70567.08573,69636.66621,16790636.09,1979819.503
2018-01-09,14378.58622,2.414550847e+11,2.69017079,29476101.75,61539.13541,62269.89818,16792686.09,1979088.74
2018-01-10,14669.08827,2.463638328e+11,2.73334467,30438358.15,75231.47701,68323.58243,16794761.09,1985996.635
2018-01-11,13186.75494,2.215002118e+11,2.45400706,31813046.3,59236.13801,61721.08598,16797173.59,1983511.687
2018-01-12,13789.44366,2.316543604e+11,2.55762013,30681512.15,60931.09082,57460.18064,16799398.59,1986982.597
2018-01-13,14231.22506,2.391025279e+11,2.63127775,26505656.68,47526.42036,39243.6265,16801261.09,1995265.391
2018-01-14,13681.06546,2.298856598e+11,2.52606465,26507064.33,37317.86775,43536.9711,16803198.59,1989046.288
2018-01-15,13591.6962,2.284094547e+11,2.50804935,25484430.37,59348.03044,51533.38641,16805073.59,1996860.932
2018-01-16,11431.04011,1.921221893e+11,2.12079726,22719192.21,93812.48853,79493.15967,16807061.09,2011180.261
2018-01-17,11159.60859,1.87583519e+11,2.07376393,23295682.93,94966.76056,81360.12934,16809148.59,2024786.892
2018-01-18,11246.03973,1.890606724e+11,2.09352287,24319560.92,77126.991,66362.26979,16811311.09,2035551.613
2018-01-19,11440.25556,1.923492907e+11,2.129939,23595527.1,66366.56695,73735.7018,16813373.59,2028182.478
2018-01-20,12768.40459,2.147083661e+11,2.37080852,28409700.2,54932.7544,37893.01278,16815598.59,2045222.22
2018-01-21,11422.39426,1.921010966e+11,2.12617327,26699846.58,33347.8145,38271.21077,16817936.09,2040298.824
2018-01-22,10737.35058,1.8060249e+11,2.00268788,22414219.33,49329.04356,47526.78461,16820023.59,2042101.082
2018-01-23,10849.39188,1.825110316e+11,2.02766184,24004279.53,47182.52829,47855.10587,16822236.09,2041428.505
2018-01-24,11225.89617,1.888693727e+11,2.09753554,24696971.58,47195.12694,50994.83317,16824436.09,2037628.799
2018-01-25,11130.46495,1.872857788e+11,2.08000559,21982668.27,46606.01027,38624.07833,16826411.09,2045610.731
2018-01-26,11035.55461,1.857101598e+11,2.05791562,21381387.06,61964.63333,63740.36815,16828348.59,2043834.996
2018-01-27,11320.97019,1.9053545e+11,2.10883443,22217403.99,25642.81205,26992.1598,16830311.09,2042485.648
2018-01-28,11615.95871,1.955231402e+11,2.15410037,22941518.45,36988.05775,34765.56796,16832286.09,2044708.138
2018-01-29,11132.55431,1.874069343e+11,2.06552658,20595225.48,39102.43644,40281.09944,16834136.09,2043529.475
2018-01-30,9959.546715,1.676811553e+11,1.85916763,20790553.77,48624.22049,48203.87534,16836223.59,2043949.82
2018-01-31,10050.0958,1.692203582e+11,1.87794381,14698265.1,43013.0587,47911.78069,16837686.09,2039051.098
2018-02-01,9039.865075,1.522284901e+11,1.69691999,18079730.15,90108.50553,60980.45426,16839686.09,2068179.149
2018-02-02,8786.07738,1.479732358e+11,1.66151934,18450762.5,102324.6416,74298.53571,16841786.09,2096205.255
2018-02-03,9132.100322,1.53818916e+11,1.72878243,18035898.14,36681.91589,39261.86383,16843761.09,2093625.307
2018-02-04,8250.526896,1.389882613e+11,1.56184746,18357422.34,55223.26003,31328.19555,16845986.09,2117520.372
2018-02-05,6849.542559,1.154031382e+11,1.30831891,15839567.17,87348.42978,75733.60462,16848298.59,2129135.197
2018-02-06,7738.64396,1.303994287e+11,1.48101152,16444618.41,99366.23625,74702.31462,16850423.59,2153799.118
2018-02-07,7624.59539,1.284911003e+11,1.46484643,13438349.37,40949.25851,50143.46988,16852186.09,2144604.907
2018-02-08,8218.580852,1.385145118e+11,1.58085047,13457926.14,48693.47826,35584.32063,16853823.59,2157714.065
2018-02-09,8660.453468,1.459763694e+11,1.6660923,14614515.23,45785.92195,65049.12771,16855511.09,2138450.859
2018-02-10,8530.292805,1.437976928e+11,1.64139497,15247898.39,45755.92558,44365.06618,16857298.59,2139841.718
2018-02-11,8096.728481,1.365042522e+11,1.55971533,15282575.01,30156.80683,58615.15396,16859186.09,2111383.371
2018-02-12,8907.670179,1.501945526e+11,1.71364615,18483415.62,30137.35032,34723.79478,16861261.09,2106796.927
2018-02-13,8523.966932,1.437423061e+11,1.64241903,17474132.21,35870.86496,33075.12934,16863311.09,2109592.662
2018-02-14,9467.301033,1.596712255e+11,1.81957973,21183086.06,34681.19776,42117.99274,16865548.59,2102155.867
2018-02-15,10106.73308,1.704721476e+11,1.93482187,16549775.42,37055.61425,37790.64623,16867186.09,2101420.835
2018-02-16,10189.31648,1.718850937e+11,1.9474862,19996533.6,38041.7568,41521.11785,16869148.59,2097941.474
2018-02-17,11085.59841,1.870252537e+11,2.11360732,20646927.05,23581.88686,21347.76689,16871011.09,2100175.594
2018-02-18,10452.09198,1.763585251e+11,1.99108492,21165486.25,45881.64233,44512.62747,16873036.09,2101544.609
2018-02-19,11139.35573,1.879773084e+11,2.11485368,22557195.35,29215.55397,35978.6803,16875061.09,2094781.483
2018-02-20,11245.93232,1.897956158e+11,2.12780635,19820955.71,39413.54453,33480.45093,16876823.59,2100714.577
2018-02-21,10458.86509,1.765345154e+11,1.97827013,22094352.5,44178.58763,34688.56762,16878936.09,2110204.597
2018-02-22,9878.158943,1.667512115e+11,1.84607258,18398071.03,36627.66605,28304.38694,16880798.59,2118527.876
2018-02-23,10159.06561,1.715119347e+11,1.89577059,18794271.38,44257.44294,38869.62381,16882648.59,2123915.695
2018-02-24,9686.60178,1.635530508e+11,1.8093287,17556965.73,24644.05334,20155.97186,16884461.09,2128403.776
2018-02-25,9603.227477,1.621658475e+11,1.7940982,20526898.73,21748.54932,17266.77716,16886598.59,2132885.548
2018-02-26,10312.36571,1.741589558e+11,1.92409125,18175544.57,35422.99569,30189.12855,16888361.09,2138119.416
2018-02-27,10654.10729,1.799517193e+11,1.98459986,21308214.59,36067.7605,37441.67533,16890361.09,2136745.501
2018-02-28,10307.02497,1.741093433e+11,1.91774992,19969860.87,40334.74072,40541.45693,16892298.59,2136538.784
2018-03-01,10923.63086,1.845477641e+11,2.0275908,22529988.65,42909.34462,29774.0158,16894361.09,2149674.113
2018-03-02,11014.05847,1.860969582e+11,2.0411051,21477414.01,32097.61647,27149.84156,16896311.09,2154621.888
2018-03-03,11425.68057,1.93077561e+11,2.11464502,25707781.27,20778.23236,24014.40512,16898561.09,2151385.715
2018-03-04,11462.5832,1.937223681e+11,2.11715719,21205778.92,19417.25958,18502.44619,16900411.09,2152300.529
2018-03-05,11540.66232,1.950634319e+11,2.124487,21494483.57,32857.58549,31473.08332,16902273.59,2153685.031
2018-03-06,10677.03523,1.804869908e+11,1.96727059,20820218.7,31053.77904,28767.00822,16904223.59,2155971.802
2018-03-07,9903.085049,1.674233987e+11,1.82720774,19434804.41,40102.99479,37637.46779,16906186.09,2158437.329
2018-03-08,9330.475453,1.577616485e+11,1.72480924,18894212.79,31946.36753,46364.56338,16908211.09,2144019.133
2018-03-09,9278.139184,1.568936684e+11,1.72471755,16932604.01,48782.77206,48595.1021,16910036.09,2144206.803
2018-03-10,8786.560423,1.485964303e+11,1.6363096,15376480.74,17995.88281,21869.07045,16911786.09,2140333.615
2018-03-11,9513.5354,1.609090702e+11,1.76958222,18194636.45,24777.05804,21407.32195,16913698.59,2143703.351
2018-03-12,9147.890181,1.547430673e+11,1.70331347,18410128.99,26711.58779,28856.22831,16915711.09,2141558.711
2018-03-13,9160.542933,1.549751897e+11,1.70702426,18092072.29,34222.43941,33646.26744,16917686.09,2142134.883
2018-03-14,8222.127239,1.391141674e+11,1.53691592,14799829.03,37711.07145,32627.97745,16919486.09,2147217.977
2018-03-15,8268.589122,1.399151621e+11,1.54749227,14883460.42,44097.9457,37784.80859,16921286.09,2153531.114
2018-03-16,8376.904498,1.417643325e+11,1.56958433,16334963.77,27991.10612,29606.6918,16923236.09,2151915.528
2018-03-17,7881.661921,1.33397905e+11,1.47896206,14679595.33,18951.8247,19891.85375,16925098.59,2150975.499
2018-03-18,8189.016719,1.386153721e+11,1.5372127,15456769.06,41150.45622,21684.12762,16926986.09,2170441.828
2018-03-19,8537.015623,1.445224851e+11,1.60262445,16540467.77,41959.06388,30746.71484,16928923.59,2181654.177
2018-03-20,8895.547179,1.506061601e+11,1.66984764,14121681.15,32443.18328,32170.3559,16930511.09,2181927.004
2018-03-21,8879.594257,1.503529402e+11,1.66685407,16871229.09,32425.8004,29699.14662,16932411.09,2184653.658
2018-03-22,8710.664935,1.475081298e+11,1.6366036,15570313.57,27219.46506,30896.54178,16934198.59,2180976.581
2018-03-23,8771.746323,1.485570772e+11,1.64830412,14583028.26,28091.74262,28521.455,16935861.09,2180546.869
2018-03-24,8610.988516,1.458512968e+11,1.61787156,16791427.61,21574.74403,20939.2637,16937811.09,2181182.349
2018-03-25,8440.610923,1.429797168e+11,1.58785272,14243530.93,15124.25433,16792.97184,16939498.59,2179513.632
2018-03-26,8171.184354,1.384310868e+11,1.54056226,15320970.66,36559.9869,36322.50008,16941373.59,2179751.119
2018-03-27,7837.265319,1.327889305e+11,1.47972397,14890804.11,25134.34201,25254.78298,16943273.59,2179630.678
2018-03-28,7933.64273,1.344352673e+11,1.49995286,13388022.11,26064.37457,25086.41064,16944961.09,2180608.642
2018-03-29,7108.570813,1.204679621e+11,1.34902071,13506284.55,45794.56212,32761.03407,16946861.09,2193642.17
2018-03-30,6832.149066,1.157973162e+11,1.30076662,13835101.86,52612.84109,43373.01003,16948886.09,2202882.001
2018-03-31,6922.281297,1.173360328e+11,1.31875342,11075650.08,29823.43203,33926.46399,16950486.09,2198778.969
2018-04-01,6804.524879,1.153537835e+11,1.29804435,13779162.88,25016.9761,23063.72119,16952511.09,2200732.224
2018-04-02,7033.25961,1.192451264e+11,1.34269917,13714856.24,32155.17491,28795.52523,16954461.09,2204091.873
2018-04-03,7420.800515,1.258307934e+11,1.41752889,15119881.05,66182.56572,57352.43127,16956498.59,2212922.008
2018-04-04,6780.543601,1.149867372e+11,1.29795987,12459248.87,39448.86591,37496.75817,16958336.09,2214874.115
2018-04-05,6798.422617,1.153031925e+11,1.30312944,13256924.1,51092.41505,48548.78784,16960286.09,2217417.743
2018-04-06,6610.49235,1.121272445e+11,1.26963243,11403099.3,24609.65866,40481.34446,16962011.09,2201546.057
2018-04-07,6886.469472,1.168238661e+11,1.32349168,15494556.31,22484.77871,23772.28413,16964261.09,2200258.551
2018-04-08,7009.996104,1.189335117e+11,1.34758367,14107617.16,16356.15442,13993.44346,16966273.59,2202621.262
2018-04-09,6736.892824,1.143123458e+11,1.29733763,12379040.56,27100.56279,34316.54417,16968111.09,2195405.281
2018-04-10,6816.718615,1.15680813e+11,1.3143587,13974273.16,28669.43757,30684.1973,16970161.09,2193390.521
2018-04-11,6944.785857,1.178681111e+11,1.33919481,13976381.54,39711.92813,33508.6162,16972173.59,2199593.833
2018-04-12,7904.330275,1.341688813e+11,1.52215846,15215835.78,58546.31946,42680.99544,16974098.59,2215459.157
2018-04-13,7919.064695,1.344353179e+11,1.52369622,16333070.93,44027.57007,52269.71705,16976161.09,2207217.01
2018-04-14,8006.417943,1.359319517e+11,1.54037773,13710990.73,26388.69796,18794.77378,16977873.59,2214810.934
2018-04-15,8342.271101,1.416510216e+11,1.60406337,16997377.37,21055.50656,18713.01538,16979911.09,2217153.426
2018-04-16,8046.982134,1.366512239e+11,1.54777167,14182806.01,26651.23167,30776.78921,16981673.59,2213027.868
2018-04-17,7887.737958,1.33962964e+11,1.51791712,15972669.36,70941.83923,81871.96803,16983698.59,2202097.739
2018-04-18,8162.834862,1.386514526e+11,1.57002305,16325669.72,36432.10619,32182.43172,16985698.59,2206347.414
2018-04-19,8272.967316,1.405405366e+11,1.58612722,18407352.28,43294.89996,46619.39434,16987923.59,2203022.919
2018-04-20,8839.501132,1.501799074e+11,1.69131108,15137645.69,64330.35258,65206.92216,16989636.09,2202146.35
2018-04-21,8863.540829,1.506059494e+11,1.69378446,17616287.4,43192.36433,52916.42067,16991623.59,2192422.293
2018-04-22,8800.959087,1.495601859e+11,1.68092587,17601918.17,30300.41214,31953.72924,16993623.59,2190768.976
2018-04-23,8930.784634,1.517834725e+11,1.70339486,17080125.61,39249.15833,38736.65168,16995536.09,2191281.483
2018-04-24,9652.213789,1.640637315e+11,1.83531084,19183774.91,92780.28991,92233.59855,16997523.59,2191828.174
2018-04-25,8855.508937,1.505353374e+11,1.68455575,13615344.99,50583.38608,65138.96933,16999061.09,2177272.591
2018-04-26,9264.727427,1.575079966e+11,1.75708104,16329082.09,41776.73955,39222.08106,17000823.59,2179827.25
2018-04-27,8981.33079,1.527059622e+11,1.70402847,15941862.15,44785.461,39330.46765,17002598.59,2185282.243
2018-04-28,9341.824685,1.588502421e+11,1.77091583,14946919.5,60734.02877,62141.2913,17004198.59,2183874.98
2018-04-29,9396.99763,1.598069729e+11,1.78054751,18559070.32,31340.21411,27406.30237,17006173.59,2187808.892
2018-04-30,9228.726484,1.569632052e+11,1.74740041,17880657.56,35854.41049,37816.25107,17008111.09,2185847.052
2018-05-01,9072.168757,1.543183715e+11,1.71724649,17917533.3,29858.36132,32651.51533,17010086.09,2183053.898
2018-05-02,9204.127641,1.565791107e+11,1.7386519,16107223.37,30415.11109,31471.97859,17011836.09,2181997.03
2018-05-03,9750.700146,1.658957171e+11,1.83904816,18404446.53,47492.67862,35711.97104,17013723.59,2193777.738
2018-05-04,9696.64291,1.649927289e+11,1.82662477,16726709.02,44981.25798,40574.37085,17015448.59,2198184.625
2018-05-05,9795.925772,1.667017856e+11,1.84393794,19714300.62,27026.03555,21217.25607,17017461.09,2203993.404
2018-05-06,9595.086819,1.633004482e+11,1.80577797,16431586.18,29787.9414,32484.52786,17019173.59,2201296.818
2018-05-07,9339.510847,1.589682679e+11,1.75762436,17511582.84,44020.96393,41293.47915,17021048.59,2204024.303
2018-05-08,9212.369635,1.568201976e+11,1.73387152,16006492.24,39167.46127,38907.70797,17022786.09,2204284.056
2018-05-09,9293.042274,1.582120568e+11,1.74723256,18586084.55,32243.02737,33802.38897,17024786.09,2202724.694
2018-05-10,9037.530509,1.538794209e+11,1.69887071,17397246.23,40924.02099,47711.32265,17026711.09,2195937.393
2018-05-11,8419.758587,1.433741632e+11,1.58493865,13366366.76,50916.2159,46348.85272,17028298.59,2200504.756
2018-05-12,8485.775267,1.445158169e+11,1.5974431,17501911.49,29411.71308,21935.61498,17030361.09,2207980.854
2018-05-13,8695.833094,1.481092648e+11,1.63680889,16087291.22,22153.56923,23804.3523,17032211.09,2206330.071
2018-05-14,8671.074175,1.47701873e+11,1.62361239,14307272.39,40056.41647,43500.62501,17033861.09,2202885.862
2018-05-15,8488.463421,1.446067982e+11,1.58958164,15491445.74,31346.65631,35222.58542,17035686.09,2199009.933
2018-05-16,8327.756201,1.418876738e+11,1.56132079,18633354.5,32243.13189,39844.5713,17037923.59,2191408.494
2018-05-17,8050.516239,1.371773639e+11,1.50426871,13283351.79,32309.20026,34047.71485,17039573.59,2189669.979
2018-05-18,8233.086455,1.403035137e+11,1.5392871,15231209.94,37656.53219,36883.67048,17041423.59,2190442.841
2018-05-19,8229.482936,1.402579464e+11,1.53821787,15841754.65,15265.66709,16820.44366,17043348.59,2188888.064
2018-05-20,8511.44883,1.4507891e+11,1.59036292,15320607.89,18094.73149,18138.1339,17045148.59,2188844.662
2018-05-21,8398.623127,1.431722614e+11,1.56883389,16482297.89,30795.91072,27657.90773,17047111.09,2191982.665
2018-05-22,8007.526532,1.365203085e+11,1.49717102,15114206.33,27812.48206,28406.55001,17048998.59,2191388.597
2018-05-23,7520.867679,1.282384922e+11,1.40810171,15229757.05,49459.03306,37151.24875,17051023.59,2203696.381
2018-05-24,7575.624486,1.291856932e+11,1.41826534,13541428.77,45836.81143,43415.77275,17052811.09,2206117.42
2018-05-25,7425.375674,1.266398644e+11,1.39150485,16335826.48,28237.19935,35121.18868,17055011.09,2199233.431
2018-05-26,7326.303186,1.249650178e+11,1.37360478,14835763.95,15878.42686,17619.56669,17057036.09,2197492.291
2018-05-27,7338.193044,1.251828669e+11,1.37644815,15043295.74,14560.95668,20030.54267,17059086.09,2192022.705
2018-05-28,7110.823882,1.213180228e+11,1.33597351,13866106.57,32295.76417,33792.23916,17061036.09,2190526.23
2018-05-29,7453.633725,1.271796646e+11,1.40088628,12950688.6,42140.53814,44347.27055,17062773.59,2188319.497
2018-05-30,7374.669049,1.258483482e+11,1.38664652,16039905.18,30590.61039,31047.99789,17064948.59,2187862.11
2018-05-31,7478.741867,1.276402378e+11,1.40689168,15892326.47,32088.3616,38681.16785,17067073.59,2181269.304
2018-06-01,7519.835737,1.283571935e+11,1.41524122,15603659.15,31418.71855,32434.06975,17069148.59,2180253.952
2018-06-02,7637.448253,1.303792502e+11,1.43730299,14511151.68,21602.14769,15420.50002,17071048.59,2186435.6
2018-06-03,7702.157933,1.314996054e+11,1.44919617,15693146.79,20373.73236,19909.86076,17073086.09,2186899.472
2018-06-04,7486.6532,1.278374003e+11,1.40952829,17125719.19,30390.47023,25016.13275,17075373.59,2192273.809
2018-06-05,7611.149853,1.299798765e+11,1.43371987,16649390.3,26848.43172,27610.73026,17077561.09,2191511.511
2018-06-06,7650.775807,1.306706495e+11,1.44133056,14058300.55,29806.11034,29335.24656,17079398.59,2191982.374
2018-06-07,7665.947896,1.309434825e+11,1.44450247,13702881.86,25425.38663,29120.06334,17081186.09,2188287.698
2018-06-08,7622.60233,1.302168572e+11,1.43712165,13815966.72,23973.35473,26406.22435,17082992.34,2185854.828
2018-06-09,7556.171698,1.290955299e+11,1.42518183,13506656.91,18715.74514,15191.02445,17084779.84,2189379.549
2018-06-10,6744.735801,1.152430335e+11,1.27551954,10707268.08,34035.89711,25841.85184,17086367.34,2197573.594
2018-06-11,6849.452687,1.170442512e+11,1.29750932,11986542.2,39883.32921,45435.44784,17088117.34,2192021.475
2018-06-12,6526.69968,1.115408396e+11,1.23858038,11829643.17,36503.81388,36119.97469,17089929.84,2192405.315
2018-06-13,6306.513168,1.077891404e+11,1.20092906,11272892.29,41282.15943,36152.48854,17091717.34,2197534.986
2018-06-14,6629.770124,1.133268364e+11,1.2632478,12679435.36,41037.67096,41198.03168,17093629.84,2197374.625
2018-06-15,6399.674046,1.094058986e+11,1.22097074,12239376.61,30233.62302,30333.57598,17095542.34,2197274.672
2018-06-16,6495.315309,1.110544156e+11,1.23955794,13477779.27,15171.88371,17384.74834,17097617.34,2195061.807
2018-06-17,6450.693973,1.103041566e+11,1.23172728,12659486.92,21552.81189,18848.98498,17099579.84,2197765.634
2018-06-18,6703.81259,1.146461214e+11,1.28056779,13742815.81,26886.71059,25884.65674,17101629.84,2198767.688
2018-06-19,6732.508809,1.151499178e+11,1.28664559,13044235.82,23862.0195,27047.10078,17103567.34,2195582.607
2018-06-20,6753.206826,1.15517012e+11,1.29123078,13084338.23,24464.42101,26974.95149,17105504.84,2193072.076
2018-06-21,6720.373234,1.149696576e+11,1.28466547,14280793.12,29606.84043,30837.05907,17107629.83,2191841.858
2018-06-22,6059.575859,1.036764182e+11,1.16113556,11437449.43,44616.75163,42567.68179,17109517.33,2193890.927
2018-06-23,6174.225779,1.056503714e+11,1.18384639,12348451.56,17079.65008,18633.13391,17111517.33,2192337.444
2018-06-24,6146.487195,1.051888603e+11,1.17963703,13138116.38,27095.94252,23364.77049,17113654.83,2196068.616
2018-06-25,6243.535441,1.068619634e+11,1.19907224,12252938.3,37498.52959,36263.88999,17115617.33,2197303.255
2018-06-26,6096.128766,1.043501326e+11,1.17183193,11125435,26239.56263,25586.0259,17117442.33,2197956.792
2018-06-27,6139.189683,1.050965109e+11,1.19000509,9285524.396,37051.7339,33218.19614,17118954.83,2201790.33
2018-06-28,5858.635778,1.003052188e+11,1.13776355,11497572.71,32732.16185,25043.71222,17120917.33,2209478.779
2018-06-29,6220.913715,1.065194914e+11,1.20834141,11741974.64,31593.36627,26943.25421,17122804.83,2214128.891
2018-06-30,6375.541231,1.091783851e+11,1.23851505,11236891.42,23359.90629,21667.08148,17124567.33,2215821.716
2018-07-01,6361.402539,1.089479552e+11,1.23860628,11689077.17,14382.58082,15000.26298,17126404.83,2215204.034
2018-07-02,6608.367157,1.131892185e+11,1.28633397,11647247.11,31078.33092,31456.18967,17128167.33,2214826.175
2018-07-03,6498.307859,1.113135269e+11,1.26579418,9422546.396,27619.96178,44688.83755,17129617.33,2197757.3
2018-07-04,6579.333376,1.127124834e+11,1.28137705,11020383.41,21889.5242,23263.41579,17131292.33,2196383.408
2018-07-05,6535.298403,1.119692991e+11,1.27324533,11191698.51,35031.4743,32521.69307,17133004.83,2198893.189
2018-07-06,6598.459096,1.130646285e+11,1.28661278,13196918.19,32575.17772,37675.41834,17135004.83,2193792.949
2018-07-07,6737.85608,1.154663353e+11,1.31378163,13138819.36,14480.63679,13888.7688,17136954.83,2194384.817
2018-07-08,6704.91998,1.149151531e+11,1.30865599,13242216.96,13835.99606,19066.99226,17138929.83,2189153.82
2018-07-09,6664.024094,1.142255702e+11,1.30098801,11328840.96,21420.56946,26528.17101,17140629.83,2184046.219
2018-07-10,6309.084004,1.081534242e+11,1.2330456,11750668.96,31355.41006,27726.57823,17142492.33,2187675.051
2018-07-11,6377.976511,1.093451763e+11,1.24746562,10762835.36,23604.93935,28588.02939,17144179.83,2182691.961
2018-07-12,6159.466676,1.056098604e+11,1.20621817,10856060.02,23238.42354,24680.15246,17145942.33,2181250.232
2018-07-13,6208.985572,1.064700071e+11,1.21722522,11098561.71,27512.69419,33986.4972,17147729.83,2174776.429
2018-07-14,6255.112479,1.07271378e+11,1.22667095,10399124.5,10628.86117,14351.40861,17149392.33,2171053.881
2018-07-15,6347.604274,1.08868109e+11,1.24480827,10552892.11,13493.99771,13671.19329,17151054.83,2170876.686
2018-07-16,6710.807437,1.151074925e+11,1.31568081,10066211.16,33056.32053,23368.07541,17152554.83,2180564.931
2018-07-17,7320.594828,1.255814539e+11,1.43309368,14549682.22,34713.88478,26225.22472,17154542.33,2189053.591
2018-07-18,7376.038339,1.265486048e+11,1.44339934,16042883.39,35993.26632,32359.60924,17156717.33,2192687.248
2018-07-19,7467.034298,1.281257576e+11,1.46018625,15960785.81,27719.94334,28826.11389,17158854.83,2191581.077
2018-07-20,7327.256683,1.257414387e+11,1.43265396,14104969.11,34423.63937,26744.11839,17160779.83,2199260.598
2018-07-21,7410.56562,1.271837756e+11,1.44833778,12690593.62,17676.8457,16210.21334,17162492.33,2200727.231
2018-07-22,7399.483747,1.270104169e+11,1.44583406,16833825.52,11952.67487,12387.05232,17164767.33,2200292.853
2018-07-23,7716.158627,1.324620786e+11,1.50619599,16011029.15,35482.96385,26331.75621,17166842.33,2209444.061
2018-07-24,8397.616522,1.441772491e+11,1.63581402,16690262.84,41470.63647,33760.83701,17168829.83,2217153.86
2018-07-25,8202.720395,1.408492592e+11,1.59635249,18148518.87,33291.69317,32261.01085,17171042.33,2218184.543
2018-07-26,7913.930778,1.359067629e+11,1.5404035,16322482.23,24098.76818,24849.60451,17173104.83,2217433.706
2018-07-27,8173.774611,1.40386151e+11,1.58953743,17062754.5,27066.77585,29492.47916,17175192.33,2215008.003
2018-07-28,8190.360057,1.406858543e+11,1.59195773,14845027.6,12199.21068,11460.59893,17177004.83,2215746.615
2018-07-29,8229.605839,1.413774672e+11,1.59809411,17487912.41,11648.14862,11833.23894,17179129.83,2215561.524
2018-07-30,8171.839519,1.403987799e+11,1.5863148,13687831.19,29576.46547,26708.95183,17180804.83,2218429.038
2018-07-31,7725.133036,1.327381979e+11,1.50002457,14194931.95,33831.93974,27558.18316,17182642.33,2224702.795
2018-08-01,7596.698012,1.305455887e+11,1.47548838,14243808.77,26523.3314,32488.03949,17184517.33,2218738.087
2018-08-02,7542.694662,1.296319926e+11,1.46550321,14425403.54,23959.56575,20408.40458,17186429.83,2222289.248
2018-08-03,7411.34425,1.273899265e+11,1.44098379,15378539.32,34731.00601,26033.55326,17188504.83,2230986.7
2018-08-04,7002.208653,1.203729021e+11,1.36290424,15404859.04,17290.60437,18618.62816,17190704.83,2229658.677
2018-08-05,7031.587751,1.208920127e+11,1.36894032,14063175.5,14425.9106,11815.35211,17192704.83,2232269.235
2018-08-06,6929.990894,1.191566358e+11,1.35040999,11347860.09,20789.77892,25975.14377,17194342.33,2227083.87
2018-08-07,6722.578433,1.156030038e+11,1.31126727,12688866.79,29143.65197,24690.04726,17196229.83,2231537.475
2018-08-08,6267.388674,1.077877558e+11,1.22457474,12299750.27,39291.92489,33409.57256,17198192.33,2237419.827
2018-08-09,6558.096908,1.127996264e+11,1.28263103,12214455.49,36778.66998,32451.65289,17200054.83,2241746.844
2018-08-10,6135.751859,1.055487671e+11,1.20148237,13498654.09,26877.99196,32223.74373,17202254.83,2236401.093
2018-08-11,6313.749312,1.086241413e+11,1.23709272,13416717.29,20409.22953,19801.24508,17204379.83,2237009.077
2018-08-12,6314.691656,1.086525885e+11,1.237715,12234715.08,14778.43951,14634.31879,17206317.33,2237153.198
2018-08-13,6265.848044,1.078239183e+11,1.22859486,11748465.08,31483.44532,30243.62331,17208192.33,2238393.02
2018-08-14,6184.829086,1.064402427e+11,1.21462636,10514209.45,43637.75865,40692.91652,17209892.33,2241337.862
2018-08-15,6270.214799,1.079223404e+11,1.23272558,12618807.28,32030.45762,41927.13687,17211904.83,2231441.183
2018-08-16,6290.750455,1.082882224e+11,1.23701888,12424232.15,22981.38212,22507.7823,17213879.83,2231914.783
2018-08-17,6563.078289,1.129885108e+11,1.28997856,12469848.75,29174.11599,19805.51543,17215779.83,2241283.383
2018-08-18,6399.287447,1.101815223e+11,1.25820087,12798574.89,14730.11916,13082.7516,17217779.83,2242930.751
2018-08-19,6490.716127,1.117674856e+11,1.27574994,11764422.98,9387.927643,10261.88452,17219592.33,2242056.794
2018-08-20,6272.952729,1.080294505e+11,1.23354388,11761786.37,23028.7371,23317.81329,17221467.33,2241767.718
2018-08-21,6473.076039,1.114878427e+11,1.27272294,11975190.67,28597.52041,22349.45492,17223317.33,2248015.783
2018-08-22,6365.009832,1.096393142e+11,1.25162869,12730019.66,35311.32888,31102.89318,17225317.33,2252224.219
2018-08-23,6516.409025,1.122593501e+11,1.28108729,12136811.81,27625.72448,32529.31879,17227179.83,2247320.624
2018-08-24,6697.731879,1.153952549e+11,1.31632801,12223360.68,30691.33492,27538.21185,17229004.83,2250473.748
2018-08-25,6745.438939,1.16228583e+11,1.32478942,11382928.21,17100.81951,13706.24192,17230692.33,2253868.325
2018-08-26,6689.869333,1.152855471e+11,1.31333891,14466842.43,16834.8767,13135.99546,17232854.83,2257567.206
2018-08-27,6839.158952,1.178740489e+11,1.34163355,15815555.08,29206.03911,27011.40884,17235167.33,2259761.837
2018-08-28,7092.973808,1.222621558e+11,1.38993223,13565312.41,36266.08819,25022.76581,17237079.83,2271005.159
2018-08-29,7033.428068,1.212479817e+11,1.37670606,12220581.27,31258.50888,25243.66252,17238817.33,2277020.005
2018-08-30,6966.963744,1.201156267e+11,1.36359134,13411405.21,29657.07352,23164.1786,17240742.33,2283512.9
2018-08-31,7025.14078,1.211322532e+11,1.37493819,13611210.26,31919.13866,29941.90377,17242679.83,2285490.135
2018-09-01,7192.352547,1.240290078e+11,1.40711254,13575565.43,21823.80388,15992.63434,17244567.33,2291321.305
2018-09-02,7286.667791,1.256685493e+11,1.42507788,13116002.02,16888.35012,15146.69782,17246367.33,2293062.957
2018-09-03,7257.470214,1.251780606e+11,1.41924297,13063446.39,24943.49616,20823.39103,17248167.33,2297183.062
2018-09-04,7358.811479,1.269376019e+11,1.43842941,11590128.08,33887.39992,26074.80561,17249742.33,2304995.656
2018-09-05,6790.897328,1.171524341e+11,1.32907873,11204980.59,39157.83515,30079.30349,17251392.33,2314074.188
2018-09-06,6488.075937,1.119405086e+11,1.27139307,12165142.38,48853.51249,34150.10717,17253267.33,2328777.593
2018-09-07,6408.653622,1.105823906e+11,1.25683206,12176441.88,26849.20088,31277.55268,17255167.33,2324349.242
2018-09-08,6187.790502,1.067829626e+11,1.21428401,11602107.19,15427.4171,13694.82214,17257042.33,2326081.837
2018-09-09,6249.24631,1.078562409e+11,1.22689803,12732839.36,18028.36273,18049.00285,17259079.83,2326061.197
2018-09-10,6295.388603,1.086632379e+11,1.23657997,10623468.27,23806.74423,24482.55972,17260767.33,2325385.381
2018-09-11,6278.42464,1.083814926e+11,1.23448848,11065723.43,24865.73586,25751.60968,17262529.83,2324499.507
2018-09-12,6327.536363,1.09242573e+11,1.24485106,13287826.36,29097.25713,28166.37112,17264629.83,2325430.393
2018-09-13,6490.912316,1.120752066e+11,1.27856168,12008187.79,65268.74918,64383.87794,17266479.83,2326315.264
2018-09-14,6494.695479,1.121512447e+11,1.27941999,10716247.54,23295.12389,19872.81655,17268129.83,2329737.572
2018-09-15,6524.165667,1.126715571e+11,1.28532707,11417289.92,15388.38078,12190.79286,17269879.83,2332935.16
2018-09-16,6497.404701,1.122206876e+11,1.28016559,11289240.67,8555.983546,10197.69178,17271617.33,2331293.451
2018-09-17,6258.594875,1.081066171e+11,1.23381568,10561378.85,20308.08491,17762.58945,17273304.83,2333838.947
2018-09-18,6340.34779,1.095300142e+11,1.25024052,11254117.33,23799.93806,21106.1315,17275079.83,2336532.754
2018-09-19,6383.951876,1.10295727e+11,1.25910583,12448706.16,23541.04647,21249.11191,17277029.83,2338824.688
2018-09-20,6498.607111,1.122891387e+11,1.28206545,12509818.69,25501.66744,23719.47645,17278954.83,2340606.879
2018-09-21,6741.142899,1.164920377e+11,1.3314931,12134057.22,39707.23648,35000.83518,17280754.83,2345313.28
2018-09-22,6705.476051,1.158886795e+11,1.32462421,12991859.85,15768.62359,22270.93397,17282692.33,2338810.97
2018-09-23,6703.13685,1.158608202e+11,1.32411544,12568381.59,11979.26538,11050.15762,17284567.33,2339740.078
2018-09-24,6576.545003,1.136849015e+11,1.29944603,12166608.26,19403.28234,16392.91277,17286417.33,2342750.447
2018-09-25,6416.444022,1.109308839e+11,1.26947306,13554738,24208.83557,29261.87183,17288529.83,2337697.411
2018-09-26,6463.250404,1.117513273e+11,1.27892467,11229897.58,28060.02191,25080.19913,17290267.33,2340677.234
2018-09-27,6677.900489,1.154746214e+11,1.3210537,11936747.12,26991.09478,26651.03865,17292054.83,2341017.29
2018-09-28,6623.12616,1.145402102e+11,1.31014502,12749517.86,30120.54147,31832.80656,17293979.83,2339305.025
2018-09-29,6584.499148,1.13884706e+11,1.30289231,12510548.38,13380.78123,17028.5694,17295879.83,2335657.237
2018-09-30,6604.485028,1.14243836e+11,1.3069717,13456638.25,13596.09889,11436.71297,17297917.33,2337816.623
2018-10-01,6561.813832,1.135186728e+11,1.29942083,12959582.32,24651.52609,25759.2174,17299892.33,2336708.931
2018-10-02,6508.720939,1.126113176e+11,1.28953035,11146184.61,20875.97612,22232.69339,17301604.83,2335352.214
2018-10-03,6464.456844,1.118571946e+11,1.2814305,11716828.03,26979.65102,24999.34905,17303417.33,2337332.516
2018-10-04,6545.285668,1.132680819e+11,1.29764795,12272410.63,24081.37087,27696.62103,17305292.33,2333717.266
2018-10-05,6585.14958,1.139686394e+11,1.30556584,10700868.07,17381.16332,20193.84981,17306917.33,2330904.579
2018-10-06,6550.478316,1.133788218e+11,1.298913,10235122.37,11032.75508,13162.94633,17308479.83,2328774.388
2018-10-07,6564.56826,1.136343494e+11,1.30175802,11652108.66,10381.94095,13250.56169,17310254.83,2325905.767
2018-10-08,6604.685274,1.143399306e+11,1.30960738,11145406.4,20964.15161,19628.71317,17311942.33,2327241.206
2018-10-09,6590.428622,1.141038297e+11,1.30696334,10709446.51,21788.26696,20649.56158,17313567.33,2328379.911
2018-10-10,6529.102436,1.13053807e+11,1.29493068,11752384.38,28839.39627,24295.49332,17315367.33,2332923.814
2018-10-11,6159.251643,1.066619462e+11,1.22741162,12241512.64,42121.39708,45139.94817,17317354.83,2329905.263
2018-10-12,6191.677223,1.072336877e+11,1.23438108,10216267.42,36004.70328,36189.55485,17319004.83,2329720.411
2018-10-13,6197.685696,1.073486719e+11,1.23595286,10923421.04,12044.47205,15409.46366,17320767.33,2326355.42
2018-10-14,6182.879344,1.071010252e+11,1.23348719,8810603.066,15071.4631,14844.68893,17322192.33,2326582.194
2018-10-15,6442.715414,1.11615002e+11,1.28526524,13046498.71,57371.17473,81701.74591,17324217.33,2302251.623
2018-10-16,6461.937159,1.119589082e+11,1.28989252,10904518.96,28536.87287,31953.36443,17325904.83,2298835.131
2018-10-17,6442.7307,1.116372527e+11,1.28666145,11113710.46,25841.69818,28215.03439,17327629.83,2296461.795
2018-10-18,6396.479812,1.108468683e+11,1.27802221,11033927.68,31350.89685,29401.69712,17329354.83,2298410.995
2018-10-19,6383.07784,1.106259508e+11,1.2749913,11329963.17,39357.47498,26448.07041,17331129.83,2311320.399
2018-10-20,6408.252746,1.110737151e+11,1.28642152,11454751.78,17895.77735,16341.98383,17332917.33,2312874.193
2018-10-21,6415.340503,1.11207633e+11,1.28793139,11066462.37,10725.99375,11168.1329,17334642.33,2312432.054
2018-10-22,6408.033636,1.110933867e+11,1.28689576,12415565.17,25002.1317,35921.46804,17336579.83,2301512.717
2018-10-23,6395.987667,1.108968631e+11,1.28492912,12312276.26,28052.7112,26401.41548,17338504.83,2303164.013
2018-10-24,6413.803641,1.112148249e+11,1.2887609,9059497.643,24085.01359,23088.7223,17339917.33,2304160.304
2018-10-25,6402.324859,1.110267478e+11,1.28694965,10963981.32,35209.73425,34923.54976,17341629.83,2304446.489
2018-10-26,6404.108552,1.110691272e+11,1.28863398,11447344.04,23356.11963,23073.08261,17343417.33,2304729.526
2018-10-27,6409.405328,1.111718874e+11,1.28980748,10895989.06,14090.37252,12793.14296,17345117.33,2306026.755
2018-10-28,6406.633253,1.111350171e+11,1.28937475,11211608.19,9632.377198,8598.26311,17346867.33,2307060.87
2018-10-29,6263.041735,1.086555841e+11,1.26107732,11430051.17,34104.957,27138.03304,17348692.33,2314027.794
2018-10-30,6272.167728,1.088259821e+11,1.26329155,12073922.88,24387.2849,22089.98297,17350617.33,2316325.095
2018-10-31,6306.316931,1.09431341e+11,1.27073654,12849120.75,29328.41752,25119.08753,17352654.83,2320534.425
2018-11-01,6342.977501,1.100797094e+11,1.27883905,12210231.69,25524.041,27807.8623,17354579.83,2318250.604
2018-11-02,6348.168583,1.101811458e+11,1.27995054,11347351.34,51352.8171,28494.26044,17356367.33,2341109.161
2018-11-03,6332.434133,1.099207969e+11,1.276901,12744023.69,10345.02816,18259.94352,17358379.83,2333194.245
2018-11-04,6420.422,1.114579951e+11,1.29459494,9871398.825,13913.84611,12717.33264,17359917.33,2334390.759
2018-11-05,6402.946839,1.111661531e+11,1.29123581,11525304.31,29674.22459,30602.83582,17361717.33,2333462.148
2018-11-06,6441.145219,1.118396484e+11,1.2989943,10305832.35,36208.19585,27991.89258,17363317.33,2341678.451
2018-11-07,6500.869805,1.128872293e+11,1.31084446,10563913.43,32065.36463,28306.10821,17364942.33,2345437.707
2018-11-08,6406.752937,1.112625855e+11,1.29195817,9690213.818,30725.75168,26138.21471,17366454.83,2350025.244
2018-11-09,6331.378767,1.099636544e+11,1.2768824,10051063.79,29330.63096,28031.16413,17368042.33,2351324.711
2018-11-10,6353.112734,1.103515341e+11,1.28133653,10403222.1,11586.2859,10729.94184,17369679.83,2352181.055
2018-11-11,6335.414204,1.100556784e+11,1.27781403,11562130.92,12217.46317,10226.61113,17371504.83,2354171.907
2018-11-12,6320.656054,1.098103683e+11,1.27501457,11061148.09,26922.36477,21567.18456,17373254.83,2359527.087
2018-11-13,6267.937991,1.089038859e+11,1.26499475,9401906.987,31523.53037,23595.96797,17374754.83,2367454.65
2018-11-14,5574.258349,9.686077873e+10,1.12750028,9406560.964,55235.0212,40232.91806,17376442.33,2382456.753
2018-11-15,5538.560608,9.624927145e+10,1.12835655,8792464.965,68039.72903,65639.19622,17378029.83,2384857.286
2018-11-16,5496.016231,9.551859023e+10,1.12138354,8656225.564,42487.0267,43740.22475,17379604.83,2383604.088
2018-11-17,5501.09234,9.561678174e+10,1.12295891,9970729.867,16694.44821,19567.49408,17381417.33,2380731.042
2018-11-18,5555.376338,9.656885595e+10,1.13432294,8541391.12,16009.56529,18590.80696,17382954.83,2378149.8
2018-11-19,4792.200024,8.331014426e+10,0.98256686,7547715.037,78107.68705,44497.4682,17384529.83,2411760.019
2018-11-20,4317.53067,7.506536465e+10,0.89259762,7123925.606,103368.0538,84591.1667,17386179.83,2430536.906
2018-11-21,4549.32201,7.910130155e+10,0.94205218,5970985.138,48233.35264,50753.23221,17387492.33,2428017.027
2018-11-22,4303.615549,7.483564535e+10,0.89310508,6563013.711,34861.57345,39053.18585,17389017.33,2423825.414
2018-11-23,4289.892853,7.460372412e+10,0.89181194,6702957.583,40265.46525,33458.18203,17390579.83,2430632.697
2018-11-24,3806.316925,6.620086213e+10,0.79317203,6803791.503,40139.85697,26460.56245,17392367.33,2444311.992
2018-11-25,3946.850874,6.865134583e+10,0.82453777,6265625.763,64704.87489,38055.86298,17393954.83,2470961.004
2018-11-26,3700.285993,6.436774156e+10,0.77562836,5134146.815,61299.05636,48342.38297,17395342.33,2483917.677
2018-11-27,3776.555905,6.570066691e+10,0.7940544,6184110.295,58436.54859,53950.05414,17396979.83,2488404.172
2018-11-28,4208.475269,7.322096686e+10,0.88549955,6207501.022,70246.80203,71444.81555,17398454.83,2487206.158
2018-11-29,4239.039488,7.375830079e+10,0.89130855,5563739.328,46869.27055,47262.2522,17399767.33,2486813.177
2018-11-30,3973.334052,6.914010436e+10,0.8373706,5016334.241,136785.5727,118410.8901,17401029.83,2505187.859
2018-12-01,4148.073726,7.218718414e+10,0.8734641,6429514.275,49309.91681,43882.25877,17402579.83,2510615.517
2018-12-02,4098.746764,7.133460847e+10,0.86368527,5840714.139,20994.76845,23883.69092,17404004.83,2507726.595
2018-12-03,3843.976666,6.690606612e+10,0.80763958,5477666.749,60855.29665,53468.9049,17405429.83,2515112.986
2018-12-04,3892.951647,6.776521206e+10,0.81335924,6715341.591,59574.34175,63345.15702,17407154.83,2511342.171
2018-12-05,3709.520858,6.457823189e+10,0.78473772,6027971.395,62626.97098,53843.4496,17408779.83,2520125.693
2018-12-06,3511.968982,6.114502121e+10,0.74841821,5926447.656,66390.13816,63389.3484,17410467.33,2523126.482
2018-12-07,3372.995693,5.873023782e+10,0.72100902,4806518.862,66476.8187,50396.62602,17411892.33,2539206.675
2018-12-08,3407.951195,5.934428938e+10,0.72908961,5410122.521,30375.38581,27420.54478,17413479.83,2542161.516
2018-12-09,3540.439576,6.165703784e+10,0.75773343,5664703.322,24715.82456,26027.47847,17415079.83,2540849.862
2018-12-10,3413.592584,5.945327842e+10,0.73200608,5291068.505,45258.43753,46547.70158,17416629.83,2539560.598
2018-12-11,3352.5642,5.839560803e+10,0.7222971,5238381.563,49045.603,43177.81182,17418192.33,2545428.389
2018-12-12,3423.012918,5.962783186e+10,0.73845418,5134519.377,49265.26903,44993.31026,17419692.33,2549700.348
2018-12-13,3260.341582,5.679948606e+10,0.7044642,5338809.341,39845.92902,33810.49651,17421329.83,2555735.781
2018-12-14,3198.947474,5.573575712e+10,0.69277432,5838079.14,40199.14623,44505.25332,17423154.83,2551429.673
2018-12-15,3185.074044,5.54999704e+10,0.69048064,5932200.407,21555.16792,21032.86217,17425017.33,2551951.979
2018-12-16,3195.414555,5.56847474e+10,0.69338644,4593408.423,20132.28203,17320.72861,17426454.83,2554763.533
2018-12-17,3499.156482,6.098489068e+10,0.75972613,6998312.964,51251.65971,44104.82588,17428454.83,2561910.366
2018-12-18,3659.527379,6.378576286e+10,0.79650093,5855243.807,48972.85619,44720.50887,17430054.83,2566162.714
2018-12-19,3697.725303,6.445844179e+10,0.80573894,6887013.377,60897.68212,61099.38729,17431917.33,2565961.009
2018-12-20,4067.737708,7.091533174e+10,0.88611656,6864307.382,60653.06994,54104.864,17433604.83,2572509.215
2018-12-21,3839.085108,6.693581108e+10,0.8376707,6718398.94,52743.73843,44112.33724,17435354.83,2581140.616
2018-12-22,3964.946116,6.913891573e+10,0.86519497,8673319.629,22714.83944,22857.51425,17437542.33,2580997.941
2018-12-23,3942.666996,6.875909649e+10,0.86090691,8673867.391,28436.06737,23740.12539,17439742.33,2585693.883
2018-12-24,4040.04579,7.046503365e+10,0.88260111,7676087,44254.0989,38863.3131,17441642.33,2591084.669
2018-12-25,3761.584011,6.561567905e+10,0.82260882,7476148.221,28224.17278,26216.24047,17443629.83,2593092.601
2018-12-26,3807.657454,6.642683966e+10,0.83308567,7472527.753,31932.54769,27138.45326,17445592.33,2597886.695
2018-12-27,3585.460536,6.255828119e+10,0.78552581,7798376.666,38467.96968,36148.69985,17447767.33,2600205.965
2018-12-28,3881.054885,6.772384432e+10,0.85252346,8101702.072,44982.07988,46518.88608,17449854.83,2598669.159
2018-12-29,3823.138326,6.671980369e+10,0.84031284,6594913.613,29615.56475,35579.4499,17451579.83,2592705.274
2018-12-30,3825.407463,6.676781961e+10,0.8415034,8415896.418,14908.95153,16333.2469,17453779.83,2591280.979
2018-12-31,3687.19994,6.436271988e+10,0.81213582,7143949.884,24108.57178,32832.19289,17455717.33,2582557.357
2019-01-01,3808.117832,6.648052104e+10,0.8391035,7092619.461,13077.49756,14814.47808,17457579.83,2580820.377
2019-01-02,3898.197488,6.806045168e+10,0.85907301,7357847.759,29067.28603,30912.41938,17459467.33,2578975.244
2019-01-03,3784.388635,6.608074197e+10,0.83487141,7332252.98,34228.8486,41097.63097,17461404.83,2572106.461
2019-01-04,3827.524594,6.684108519e+10,0.8447265,7128764.557,32180.7387,35139.12771,17463267.33,2569148.072
2019-01-05,3798.613955,6.634395065e+10,0.83856669,7739675.933,21272.52409,16238.97005,17465304.83,2574181.626
2019-01-06,4045.993775,7.067164567e+10,0.89346662,7131064.028,17795.65564,14072.62009,17467067.33,2577904.662
2019-01-07,4001.018278,6.989310744e+10,0.8841578,7051794.715,34477.4505,28471.6079,17468829.83,2583910.504
2019-01-08,3992.622789,6.975488249e+10,0.88278743,8434415.642,32599.43886,28533.78989,17470942.33,2587976.153
2019-01-09,4004.259036,6.996638741e+10,0.88542141,8208731.023,30291.14584,32566.66979,17472992.33,2585700.629
2019-01-10,3627.90345,6.339740356e+10,0.80976747,7074411.728,42597.60536,40808.48428,17474942.33,2587489.75
2019-01-11,3624.161421,6.333871652e+10,0.80976244,6704698.629,37860.51728,42688.12714,17476792.33,2582662.141
2019-01-12,3617.022078,6.322018307e+10,0.80855945,6239363.085,15134.28798,16285.41854,17478517.33,2581511.01
2019-01-13,3508.670108,6.133235988e+10,0.784834,6008597.56,14436.10893,13790.98723,17480229.83,2582156.132
2019-01-14,3666.945194,6.410587444e+10,0.82050798,6829685.423,36942.11166,32251.72588,17482092.33,2586846.518
2019-01-15,3581.293015,6.261440428e+10,0.80090242,5909133.476,40764.35471,40737.24396,17483742.33,2586873.628
2019-01-16,3606.986576,6.306962048e+10,0.80691139,5996615.182,34903.34136,29913.59041,17485404.83,2591863.379
2019-01-17,3640.129131,6.365491018e+10,0.81482992,5778704.995,30967.62687,31562.69642,17486992.33,2591268.31
2019-01-18,3609.426736,6.31242439e+10,0.80838072,6226261.12,25521.64603,26727.87849,17488717.33,2590062.077
2019-01-19,3687.301961,6.449231184e+10,0.82616434,6130139.51,16810.7241,16329.42534,17490379.83,2590543.376
2019-01-20,3538.313723,6.18933949e+10,0.79319975,6943940.681,15995.42104,14733.02629,17492342.33,2591805.771
2019-01-21,3535.623393,6.185296402e+10,0.79297133,6629293.862,28204.78386,32830.72693,17494217.33,2587179.828
2019-01-22,3577.30835,6.258802284e+10,0.80398567,5813126.068,33581.47593,34650.73692,17495842.33,2586110.567
2019-01-23,3551.893821,6.214985646e+10,0.79874618,6482206.224,31034.96534,29551.93002,17497667.33,2587593.602
2019-01-24,3567.588934,6.243170869e+10,0.80256605,7224367.591,27952.66366,30163.81096,17499692.33,2585382.455
2019-01-25,3561.350498,6.232868131e+10,0.80172488,6143329.609,26540.71535,28142.55631,17501417.33,2583780.614
2019-01-26,3557.039915,6.225990946e+10,0.8011809,6669449.841,13817.98196,14995.21413,17503292.33,2582603.382
2019-01-27,3537.614131,6.192595243e+10,0.79718191,6058164.199,15185.08469,13950.44499,17505004.83,2583838.021
2019-01-28,3435.052514,6.013683687e+10,0.77522856,6226032.682,45007.55439,48199.94091,17506817.33,2580645.635
2019-01-29,3395.823763,5.945626368e+10,0.76708054,6197378.368,32845.28485,34729.26731,17508642.33,2578761.652
2019-01-30,3437.895866,6.01987335e+10,0.77747695,5844422.972,43648.51446,40635.36818,17510342.33,2581774.799
2019-01-31,3410.131616,5.971917911e+10,0.77173662,6607130.006,37253.91203,40028.66948,17512279.83,2579000.041
2019-02-01,3445.049891,6.033748169e+10,0.78014383,6803973.535,47881.99059,57262.89661,17514254.83,2569619.135
2019-02-02,3461.935117,6.063944533e+10,0.78422167,6231483.211,15149.76417,20277.79124,17516054.83,2564491.108
2019-02-03,3413.021616,5.978856122e+10,0.77343528,5887462.288,14669.0548,13120.15536,17517779.83,2566040.008
2019-02-04,3411.387962,5.976621164e+10,0.77384742,6268425.38,23454.28042,23381.35038,17519617.33,2566112.938
2019-02-05,3426.465011,6.003665191e+10,0.77765737,6296129.458,23178.911,22418.65593,17521454.83,2566873.193
2019-02-06,3367.506365,5.901051404e+10,0.76510945,6903388.048,30261.32354,29737.01679,17523504.83,2567397.499
2019-02-07,3358.873599,5.886654328e+10,0.76378864,7305550.078,33652.88285,25511.34099,17525679.83,2575539.041
2019-02-08,3612.479619,6.331852162e+10,0.8216013,7360427.224,41957.17806,35743.86086,17527717.33,2581752.358
2019-02-09,3621.268121,6.347935387e+10,0.82367897,6789877.727,19325.69782,17123.83345,17529592.33,2583954.223
2019-02-10,3642.022359,6.384954074e+10,0.8284814,6373539.129,16257.16683,15330.69981,17531342.33,2584880.69
2019-02-11,3590.618484,6.29548698e+10,0.81717159,6507996.002,28266.82561,33533.85165,17533154.83,2579613.664
2019-02-12,3587.902466,6.291299008e+10,0.81707553,5740643.945,31631.30614,27989.37453,17534754.83,2583255.595
2019-02-13,3576.085373,6.271261951e+10,0.81622357,6839263.275,35154.6499,31792.78509,17536667.33,2586617.46
2019-02-14,3561.916383,6.247042054e+10,0.81324408,6277877.626,26444.80962,25176.04627,17538429.83,2587886.224
2019-02-15,3565.006924,6.253028321e+10,0.81432592,5659448.491,26306.24806,33908.42852,17540017.33,2580284.043
2019-02-16,3584.736003,6.288305298e+10,0.81951471,6721380.005,17622.44089,14020.80736,17541892.33,2583885.677
2019-02-17,3622.757429,6.355722098e+10,0.82849268,7200230.39,12806.43683,14741.86358,17543879.83,2581950.25
2019-02-18,3866.129217,6.783439701e+10,0.88420768,7490625.358,37876.01052,34997.70989,17545817.33,2584828.55
2019-02-19,3895.435211,6.835619072e+10,0.89133025,7596098.661,44778.79193,39832.25632,17547767.33,2589775.086
2019-02-20,3931.613829,6.899743356e+10,0.89885411,6388872.472,33171.50494,38453.72757,17549392.33,2584492.863
2019-02-21,3892.261794,6.831261901e+10,0.89047082,5789739.419,34881.68818,34509.84079,17550879.83,2584864.711
2019-02-22,3948.300511,6.930414309e+10,0.90331002,7995308.534,33331.67688,32153.31837,17552904.83,2586043.069
2019-02-23,4110.151121,7.215243835e+10,0.94072884,7346895.129,18690.82172,18889.69475,17554692.33,2585844.196
2019-02-24,3754.18379,6.590997041e+10,0.8599356,6429039.74,29456.36995,26898.77569,17556404.83,2588401.791
2019-02-25,3822.018697,6.710773935e+10,0.87606044,6831858.42,41804.69977,41511.47934,17558192.33,2588695.011
2019-02-26,3796.175068,6.666161176e+10,0.87035678,7639802.325,31875.17702,36514.5755,17560204.83,2584055.613
2019-02-27,3799.381992,6.672462241e+10,0.8713884,6696410.762,32036.19366,30409.00335,17561967.33,2585682.803
2019-02-28,3792.947723,6.661873576e+10,0.87032071,7111776.981,101724.5032,97276.14289,17563842.33,2590131.163
2019-03-01,3810.632693,6.693706831e+10,0.87459349,7716531.202,27771.60871,35364.61337,17565867.33,2582538.158
2019-03-02,3809.643391,6.692597628e+10,0.87461492,6285911.595,16331.85364,13716.60583,17567517.33,2585153.406
2019-03-03,3782.38187,6.645396189e+10,0.86848471,6902846.913,21581.39273,18371.33002,17569342.33,2588363.469
2019-03-04,3698.161855,6.498060471e+10,0.85007558,6333102.177,39661.18689,35618.86413,17571054.83,2592405.792
2019-03-05,3840.128049,6.748225273e+10,0.88264283,7152238.491,33555.65023,37249.69992,17572917.33,2588711.742
2019-03-06,3851.998425,6.769701307e+10,0.88556451,6163197.481,37687.29737,45262.8911,17574517.33,2581136.148
2019-03-07,3855.923168,6.77728328e+10,0.88659022,6844263.624,32796.40452,29191.37653,17576292.33,2584741.176
2019-03-08,3839.233553,6.748649784e+10,0.88315552,7006601.234,29703.92022,38031.3076,17578117.33,2576413.789
2019-03-09,3910.361167,6.874353275e+10,0.89955742,6745373.012,22082.65645,24005.81867,17579842.33,2574490.627
2019-03-10,3903.911951,6.863679321e+10,0.89825462,6636650.317,16787.89563,16955.16344,17581542.33,2574323.359
2019-03-11,3851.568922,6.772335856e+10,0.88665284,6836534.836,35854.49114,34975.59651,17583317.33,2575202.254
2019-03-12,3858.914824,6.785942169e+10,0.88880804,6897810.248,34760.82208,31250.66788,17585104.83,2578712.408
2019-03-13,3851.957466,6.774357601e+10,0.88736975,6500178.225,38664.43902,32850.64025,17586792.33,2584526.207
2019-03-14,3853.783265,6.778315266e+10,0.88808394,7466705.076,39700.51929,51330.33338,17588729.83,2572896.392
2019-03-15,3901.914207,6.86371772e+10,0.89930632,7462410.921,30463.01589,31939.4607,17590642.33,2571419.948
2019-03-16,3989.796077,7.019120495e+10,0.92006352,8129209.507,20169.35315,18207.13946,17592679.83,2573382.161
2019-03-17,3967.143494,6.979992536e+10,0.91484274,7240036.877,12828.86813,14465.28634,17594504.83,2571745.743
2019-03-18,3969.440146,6.98483223e+10,0.91560369,7988498.293,33300.60376,30704.66021,17596517.33,2574341.687
2019-03-19,3996.167904,7.032732942e+10,0.92168535,8691665.19,35966.88625,30545.3015,17598692.33,2579763.271
2019-03-20,4030.655276,7.094237377e+10,0.92967286,8111693.743,38952.35071,39777.73053,17600704.83,2578937.892
2019-03-21,3976.27385,6.999232994e+10,0.91748018,7107589.507,34300.40779,35330.19894,17602492.33,2577908.1
2019-03-22,3983.887646,7.013436929e+10,0.9194745,8017573.887,31888.3168,32875.67081,17604504.83,2576920.746
2019-03-23,3981.776033,7.010441236e+10,0.91913227,7216969.06,17671.44023,17567.70292,17606317.33,2577024.484
2019-03-24,3970.666988,6.991626799e+10,0.91670464,7445000.603,13122.73855,13996.55827,17608192.33,2576150.664
2019-03-25,3908.238839,6.882425137e+10,0.90273487,7230241.852,32771.59837,36915.92475,17610042.33,2572006.338
2019-03-26,3917.763402,6.899854159e+10,0.90526912,6562253.699,36838.88478,31140.60481,17611717.33,2577704.618
2019-03-27,4027.007918,7.093002542e+10,0.93039612,7500302.247,42351.11605,44848.46712,17613579.83,2575207.267
2019-03-28,4010.937462,7.065428713e+10,0.92674903,7319960.868,36641.93019,36436.32655,17615404.83,2575412.87
2019-03-29,4089.46104,7.204502613e+10,0.94438915,7514384.661,42532.66073,44253.86201,17617242.33,2573691.669
2019-03-30,4091.891038,7.209494566e+10,0.944965,7109660.679,24637.81344,26840.90726,17618979.83,2571488.575
2019-03-31,4094.317815,7.214481686e+10,0.94641855,7113877.203,22834.75851,19831.66378,17620717.33,2574491.67
2019-04-01,4138.417808,7.292892568e+10,0.95655086,7035310.273,42794.75428,47366.22294,17622417.33,2569920.201
2019-04-02,4903.719462,8.642501436e+10,1.12892016,9623549.444,100182.7727,74943.93827,17624379.83,2595159.036
2019-04-03,4960.227603,8.74297397e+10,1.14051964,8804403.995,62519.86318,59920.45942,17626154.83,2597758.439
2019-04-04,4911.269702,8.657539489e+10,1.12838804,8594721.979,57872.19615,59925.07504,17627904.83,2595705.56
2019-04-05,5033.225484,8.873516042e+10,1.15614507,9940620.33,38597.87169,36223.92653,17629879.83,2598079.506
2019-04-06,5044.356846,8.894016957e+10,1.15841744,8764570.02,21035.93515,20656.31598,17631617.33,2598459.125
2019-04-07,5189.111956,9.150158208e+10,1.19121228,9145809.822,25164.04543,25569.04912,17633379.83,2598054.121
2019-04-08,5283.423025,9.317437931e+10,1.21179209,9774332.596,53930.68343,51045.42964,17635229.83,2600939.375
2019-04-09,5195.577909,9.163378321e+10,1.19099798,8572703.55,33319.59181,36859.40307,17636879.83,2597399.564
2019-04-10,5311.741603,9.369237504e+10,1.21651316,9826721.966,42462.39012,54119.26701,17638729.82,2585742.687
2019-04-11,5050.666009,8.909724509e+10,1.15695368,9911932.042,62221.09291,52506.06734,17640692.32,2595457.712
2019-04-12,5082.861432,8.967478855e+10,1.16368455,9593900.953,34754.22728,39250.64511,17642579.82,2590961.294
2019-04-13,5074.790693,8.95409636e+10,1.16156591,8563709.294,22383.09602,27148.31309,17644267.32,2586196.077
2019-04-14,5156.804041,9.099589316e+10,1.18135304,7864126.162,27019.4371,28055.36681,17645792.32,2585160.148
2019-04-15,5042.897738,8.899506646e+10,1.15555322,9140252.151,45370.57494,36419.67347,17647604.82,2594111.049
2019-04-16,5205.962957,9.188221281e+10,1.19224124,9435807.86,35140.55844,44420.16423,17649417.32,2584831.443
2019-04-17,5226.352215,9.225108679e+10,1.1961381,9015457.571,50602.11307,39310.10325,17651142.32,2596123.453
2019-04-18,5278.50234,9.318142727e+10,1.20765693,9831210.607,46059.09054,45216.47645,17653004.82,2596966.067
2019-04-19,5289.951219,9.33935853e+10,1.20719787,10050907.32,27326.34983,26108.96651,17654904.82,2598183.451
2019-04-20,5313.973262,9.382639381e+10,1.21246475,8701631.217,18524.26098,19355.44026,17656542.32,2597352.271
2019-04-21,5295.733828,9.351507234e+10,1.20835451,10723861,21263.88829,20601.88605,17658567.32,2598014.274
2019-04-22,5383.799975,9.507921219e+10,1.22794551,9017864.959,29264.16447,26237.34944,17660242.32,2601041.089
2019-04-23,5544.862712,9.79316592e+10,1.2632969,8040050.932,35079.33687,36141.77504,17661692.32,2599978.65
2019-04-24,5431.94792,9.594846047e+10,1.238908,11067593.89,49185.62661,47546.82587,17663729.82,2601617.451
2019-04-25,5127.673167,9.058299917e+10,1.17030753,9165715.787,44258.96927,45102.41091,17665517.32,2600774.009
2019-04-26,5150.164661,9.099004397e+10,1.17673094,9720935.797,53150.14147,63596.59835,17667404.82,2590327.553
2019-04-27,5181.807764,9.155796933e+10,1.18413668,8873845.795,21156.79633,26047.42668,17669117.32,2585436.922
2019-04-28,5148.669615,9.098293791e+10,1.17650667,10490414.34,23258.72215,28336.82107,17671154.82,2580358.823
2019-04-29,5148.800493,9.099574136e+10,1.17708337,10490681.01,48504.05864,57606.33923,17673192.32,2571256.543
2019-04-30,5266.618203,9.308717297e+10,1.20333737,9216581.854,44938.97844,40872.06804,17674942.32,2575323.453
2019-05-01,5315.175329,9.395677857e+10,1.21799733,11361187.27,27191.20782,27312.38212,17677079.82,2575202.279
2019-05-02,5393.129376,9.534718269e+10,1.23567987,12404197.57,33271.49855,34304.26068,17679379.82,2574169.517
2019-05-03,5658.430388,1.000482911e+11,1.2951638,10751017.74,48041.6632,41692.63428,17681279.82,2580518.546
2019-05-04,5774.712429,1.021138346e+11,1.32099457,9528275.507,26699.76139,25040.70999,17682929.82,2582177.597
2019-05-05,5728.351702,1.013032781e+11,1.30956777,9236967.12,25448.52506,29704.97089,17684542.32,2577921.151
2019-05-06,5691.688374,1.00665647e+11,1.29939268,10743061.81,30193.40615,35794.43718,17686429.82,2572320.12
2019-05-07,5825.744893,1.030458766e+11,1.32870246,9248370.018,34465.98683,45232.35442,17688017.32,2561553.753
2019-05-08,5931.800595,1.049330621e+11,1.35126305,11270421.13,34369.93146,40793.22965,17689917.32,2555130.454
2019-05-09,6150.140445,1.088070075e+11,1.39928506,11531513.33,42853.3806,39004.42469,17691792.32,2558979.41
2019-05-10,6357.463494,1.124848574e+11,1.44472955,9933536.709,37728.86003,35128.92686,17693354.82,2561579.343
2019-05-11,7325.08286,1.296171934e+11,1.6543368,11903259.65,47877.9056,49217.90676,17694979.82,2560239.342
2019-05-12,6942.623175,1.228632887e+11,1.56569495,13711680.77,34475.9268,28715.2382,17696954.82,2566000.031
2019-05-13,7798.905736,1.380331627e+11,1.74753483,16280215.72,56252.99763,43750.89067,17699042.32,2578502.138
2019-05-14,7955.557682,1.408208677e+11,1.77133721,15115559.6,53349.24737,48177.96621,17700942.32,2583673.419
2019-05-15,8215.206838,1.454322033e+11,1.81667469,15300822.74,60537.42097,44678.27012,17702804.82,2599532.57
2019-05-16,7862.071602,1.391950674e+11,1.72799889,14348280.67,49003.63071,47524.48222,17704629.82,2601011.718
2019-05-17,7326.920682,1.29734248e+11,1.61073752,13829562.79,50385.11091,52885.88763,17706517.32,2598510.942
2019-05-18,7277.987563,1.28881732e+11,1.59950822,13919151.22,18756.23491,21852.501,17708429.82,2595414.676
2019-05-19,8219.742787,1.45575486e+11,1.80201739,16747725.93,27720.94849,19349.41108,17710467.32,2603786.213
2019-05-20,7981.139379,1.413657702e+11,1.74723194,16062043,36112.95722,34098.70004,17712479.82,2605800.47
2019-05-21,7983.808477,1.414283156e+11,1.74497388,15269033.71,31009.52354,27101.13662,17714392.32,2609708.857
2019-05-22,7667.902115,1.358482331e+11,1.67542929,16006745.66,29071.0709,38747.13649,17716479.82,2600032.791
2019-05-23,7897.471294,1.399309883e+11,1.72268374,15597505.81,36061.11559,31895.85924,17718454.82,2604198.048
2019-05-24,7987.100368,1.415343524e+11,1.73899884,15275329.45,38877.93449,39946.2039,17720367.32,2603129.778
2019-05-25,8061.591761,1.42868475e+11,1.75307893,14107785.58,14194.53126,14025.8591,17722117.32,2603298.451
2019-05-26,8731.524956,1.547591185e+11,1.89396436,18008770.22,22581.51294,15612.8292,17724179.82,2610267.134
2019-05-27,8816.786708,1.562887181e+11,1.90714924,18405042.25,39843.93819,30717.16883,17726267.32,2619393.904
2019-05-28,8719.125848,1.545754298e+11,1.88105961,17874207.99,35630.95556,28440.0111,17728317.32,2626584.848
2019-05-29,8655.488506,1.534660725e+11,1.84071984,18825687.5,35355.26985,32182.77637,17730492.32,2629757.342
2019-05-30,8271.621963,1.46676473e+11,1.75787076,16543243.93,40328.78093,34390.72024,17732492.32,2635695.402
2019-05-31,8556.222186,1.517356577e+11,1.81476063,12513474.95,46869.32696,54053.66773,17733954.82,2628511.062
2019-06-01,8554.80733,1.517267139e+11,1.81246057,16147198.83,21613.21619,17630.21801,17735842.32,2632494.06
2019-06-02,8744.353745,1.551027981e+11,1.8504971,14318879.26,16431.48086,13949.45517,17737479.82,2634976.085
2019-06-03,8173.401271,1.449876981e+11,1.72701182,12157934.39,37437.61218,35037.62488,17738967.32,2637376.073
2019-06-04,7649.939332,1.3571675e+11,1.62636908,14726133.21,42610.33836,44946.68105,17740892.32,2635039.73
2019-06-05,7798.544466,1.383687348e+11,1.65612566,15597088.93,35449.52413,37111.29643,17742892.32,2633377.958
2019-06-06,7776.713326,1.37996649e+11,1.651342,15261799.9,28617.21305,30709.42702,17744854.82,2631285.744
2019-06-07,8023.950093,1.423996768e+11,1.70183629,15847301.43,28161.78992,31679.06198,17746829.82,2627768.472
2019-06-08,7939.805155,1.409186776e+11,1.6835165,12306697.99,14807.46374,13916.63438,17748379.82,2628659.301
2019-06-09,7634.065751,1.355063261e+11,1.61842434,14027595.82,12385.94468,14025.0068,17750217.32,2627020.239
2019-06-10,7993.302539,1.418985441e+11,1.69111483,15686856.23,32110.89413,29730.83491,17752179.82,2629400.298
2019-06-11,7922.483627,1.406555154e+11,1.67511723,14161439.48,31161.37528,31662.74558,17753967.32,2628898.928
2019-06-12,8146.756125,1.446505824e+11,1.72008481,13340313.15,30375.95183,26686.94599,17755604.82,2632587.934
2019-06-13,8232.777341,1.461934804e+11,1.73649236,15539367.23,31708.00818,27245.09607,17757492.32,2637050.846
2019-06-14,8698.004815,1.544731283e+11,1.82901577,18374535.17,29982.80766,36259.5517,17759604.82,2630774.102
2019-06-15,8850.584816,1.571990411e+11,1.85878621,16152317.29,21379.46543,17781.00313,17761429.82,2634372.564
2019-06-16,9019.517007,1.602141751e+11,1.88896018,14656715.14,32102.61415,21767.7839,17763054.82,2644707.394
2019-06-17,9340.572189,1.659326246e+11,1.9511578,15528701.26,41061.68104,32282.31579,17764717.32,2653486.76
2019-06-18,9047.132744,1.607381893e+11,1.88755922,18433532.97,36773.1989,28094.61907,17766754.82,2662165.339
2019-06-19,9285.055677,1.649858509e+11,1.93150882,20543185.68,49585.27118,27284.34901,17768967.32,2684466.262
2019-06-20,9546.719778,1.696525359e+11,1.98086596,17184095.6,31330.12052,27585.27358,17770767.32,2688211.109
2019-06-21,10083.48631,1.792080529e+11,2.08422475,16763796,38274.1608,39702.97953,17772429.82,2686782.29
2019-06-22,10685.29523,1.899224925e+11,2.19688103,18832832.85,42885.03562,28296.51537,17774192.32,2701370.81
2019-06-23,10794.4277,1.918866563e+11,2.2136737,24422392.66,23845.5821,18916.3825,17776454.82,2706300.01
2019-06-24,11004.20691,1.956401338e+11,2.24706654,24346807.79,36559.23494,34312.42291,17778667.32,2708546.822
2019-06-25,11726.26383,2.08498744e+11,2.37982686,21400431.49,34478.58595,36472.8008,17780492.32,2706552.607
2019-06-26,12863.46068,2.287451949e+11,2.57176389,26530887.66,77449.44507,49656.06274,17782554.82,2734345.989
2019-06-27,11109.79784,1.975803091e+11,2.21524309,19719891.17,61065.07399,50937.69662,17784329.82,2744473.367
2019-06-28,12358.20796,2.198076262e+11,2.44168454,25179848.71,42415.37755,46597.58879,17786367.32,2740291.155
2019-06-29,11944.35155,2.12472603e+11,2.35329242,25978964.62,23037.51528,18034.21319,17788542.32,2745294.457
2019-06-30,10842.61671,1.928949472e+11,2.13021037,20600971.75,38534.64168,18878.28103,17790442.32,2764950.818
2019-07-01,10569.55173,1.880558935e+11,2.07558255,18893073.71,42650.84574,35971.45649,17792229.82,2771630.207
2019-07-02,10766.08332,1.915738917e+11,2.11000412,21263014.55,37212.24795,32409.0859,17794204.82,2776433.369
2019-07-03,11952.02489,2.127024759e+11,2.33157806,25696853.52,30364.25965,35876.04562,17796354.82,2770921.583
2019-07-04,11177.01038,1.989333746e+11,2.17425127,23332009.17,41120.47579,28779.93007,17798442.32,2783262.129
2019-07-05,10998.3991,1.957803558e+11,2.13840364,25983717.87,24402.76795,36340.11751,17800804.82,2771324.78
2019-07-06,11208.2256,1.995403746e+11,2.17712562,24938301.96,13410.74389,13037.38934,17803029.82,2771698.134
2019-07-07,11456.1836,2.039766883e+11,2.22256119,21909951.14,13273.90135,12405.0127,17804942.32,2772567.023
2019-07-08,12319.62288,2.193775859e+11,2.37905472,27411160.9,38185.252,22687.43011,17807167.32,2788064.845
2019-07-09,12579.10762,2.240224889e+11,2.41917807,24214782.16,33916.47143,26482.6425,17809092.32,2795498.674
2019-07-10,12106.78293,2.156303372e+11,2.31328701,19522187.48,41825.66263,29589.71036,17810704.82,2807734.626
2019-07-11,11294.67803,2.011843891e+11,2.15704038,18212668.32,45757.79511,38283.41469,17812317.32,2815209.006
2019-07-12,11813.32372,2.10446888e+11,2.24857787,24217313.62,26531.53616,38429.60515,17814367.32,2803310.937
2019-07-13,11346.83715,2.021567237e+11,2.15890911,19998800.47,15044.90974,18211.61703,17816129.82,2800144.23
2019-07-14,10283.07579,1.832232513e+11,1.95875859,18638074.87,20418.4867,16613.91117,17817942.32,2803948.805
2019-07-15,10926.38027,1.947055542e+11,2.07837284,19940644,28074.15722,34048.22425,17819767.32,2797974.738
2019-07-16,9471.140865,1.687927056e+11,1.80452153,19179060.25,40127.02636,37848.12583,17821792.32,2800253.639
2019-07-17,9674.882461,1.724398305e+11,1.84011447,16084492.09,42511.12911,40346.26544,17823454.82,2802418.503
2019-07-18,10679.89069,1.903687026e+11,2.02312657,16153334.67,44971.65444,33681.22724,17824967.32,2813708.93
2019-07-19,10532.20273,1.877517045e+11,1.9920017,15534999.03,31615.10251,34189.49695,17826442.32,2811134.535
2019-07-20,10862.64855,1.936664114e+11,2.0519756,24033609.91,15838.30054,14486.58104,17828654.82,2812486.255
2019-07-21,10589.70649,1.88819945e+11,1.99813946,19723328.34,10857.79795,12516.73059,17830517.32,2810827.322
2019-07-22,10318.56093,1.840056585e+11,1.94697902,20379157.83,25770.47709,23290.76313,17832492.32,2813307.036
2019-07-23,9866.64894,1.759645781e+11,1.86302934,17636634.98,27183.75547,33586.80005,17834279.82,2806903.992
2019-07-24,9792.787537,1.746643281e+11,1.84274782,17014968.34,23403.25132,25278.43971,17836017.32,2805028.803
2019-07-25,9897.186786,1.765449522e+11,1.86177246,18557225.22,19335.14096,24405.1227,17837892.32,2799958.822
2019-07-26,9836.696788,1.754863493e+11,1.84937883,20411145.84,17891.06524,28406.34493,17839967.32,2789443.542
2019-07-27,9446.672052,1.685462694e+11,1.7764295,17948676.9,15012.91244,15973.83166,17841867.32,2788482.623
2019-07-28,9529.788792,1.700500737e+11,1.79184692,20846412.98,10704.354,11033.9363,17844054.82,2788153.04
2019-07-29,9504.158916,1.696126915e+11,1.75506806,19958733.72,23796.49512,20366.07494,17846154.82,2791583.46
2019-07-30,9589.109206,1.711457482e+11,1.76975529,17020668.84,24769.41139,28444.45384,17847929.82,2787908.418
2019-07-31,10059.00402,1.795538989e+11,1.85482085,21501121.09,25107.63956,22964.99775,17850067.32,2790051.06
2019-08-01,10400.30701,1.856646409e+11,1.91516898,18460544.95,24791.19111,23178.54623,17851842.32,2791663.705
2019-08-02,10529.69445,1.879966891e+11,1.93668955,22243979.53,31521.01292,27825.98065,17853954.82,2795358.737
2019-08-03,10810.42167,1.930321576e+11,1.98633631,23377536.86,14596.57808,11247.43165,17856117.32,2798707.883
2019-08-04,10986.50893,1.961993267e+11,2.0166431,22934337.39,12773.25033,9684.875912,17858204.82,2801796.258
2019-08-05,11790.02394,2.10569737e+11,2.15209305,21074667.79,40558.46618,32805.61037,17859992.32,2809549.114
2019-08-06,11423.497,2.040465585e+11,2.07763358,22989787.72,42509.60983,65560.18348,17862004.82,2786498.54
2019-08-07,11967.27355,2.137823852e+11,2.16935722,22887410.66,30270.8154,46639.74361,17863917.32,2770129.612
2019-08-08,11938.23461,2.132848264e+11,2.15713659,21190366.43,26317.47395,23541.69579,17865692.32,2772905.39
2019-08-09,11858.3411,2.118792632e+11,2.13982687,21789701.77,27290.26478,23893.10057,17867529.82,2776302.554
2019-08-10,11303.73056,2.019910787e+11,2.03923311,21335791.44,14930.94322,15609.84318,17869417.32,2775623.654
2019-08-11,11530.19524,2.060599221e+11,2.07768124,22051498.4,9530.199983,8949.487427,17871329.82,2776204.367
2019-08-12,11384.69625,2.034785886e+11,2.04944243,18927057.51,16630.44532,14129.23136,17872992.32,2778705.581
2019-08-13,10867.05476,1.942481129e+11,1.95417056,21326594.96,19430.05373,20574.00323,17874954.82,2777561.631
2019-08-14,10024.37959,1.792043786e+11,1.8019476,19046321.22,26856.54819,29944.8038,17876854.82,2774473.376
2019-08-15,10310.08587,1.843321418e+11,1.85280853,20233543.52,29275.38203,34164.57112,17878817.32,2769584.187
2019-08-16,10373.3219,1.854817883e+11,1.86332594,19060979,37660.28101,27822.09142,17880654.82,2779422.376
2019-08-17,10207.15556,1.825269568e+11,1.83353888,16331448.9,12508.55902,10413.14358,17882254.82,2781517.792
2019-08-18,10331.30998,1.847633895e+11,1.85527013,16271813.21,11779.24952,8026.926164,17883829.82,2785270.115
2019-08-19,10884.62977,1.94681044e+11,1.95283046,22177433.17,22274.40902,26203.33063,17885867.32,2781341.193
2019-08-20,10771.39238,1.926762953e+11,1.92992501,20600287.93,17730.13265,21443.19653,17887779.82,2777628.129
2019-08-21,10096.83022,1.806270406e+11,1.80967076,17164611.38,23671.89798,27589.73108,17889479.82,2773710.296
2019-08-22,10119.71452,1.810542648e+11,1.81392145,17835996.85,20590.17838,18461.06322,17891242.32,2775839.411
2019-08-23,10414.14417,1.86341894e+11,1.85888092,19917050.73,19623.09583,19708.58819,17893154.82,2775753.919
2019-08-24,10147.08715,1.815836956e+11,1.81099778,20294174.31,9819.886024,12755.20477,17895154.82,2772818.6
2019-08-25,10100.35678,1.807670178e+11,1.8021966,19569441.26,10349.19,8497.921994,17897092.32,2774669.868
2019-08-26,10362.64347,1.85478933e+11,1.8474094,17746026.95,27108.77417,19374.92548,17898804.82,2782403.717
2019-08-27,10168.22157,1.820161722e+11,1.81156248,17158873.9,21491.48659,20772.92682,17900492.32,2783122.277
2019-08-28,9724.799978,1.740970629e+11,1.73309226,18355559.96,22497.31164,25374.66636,17902379.82,2780244.922
2019-08-29,9482.311735,1.697755035e+11,1.69107373,19557267.95,24614.35374,32012.90086,17904442.32,2772846.375
2019-08-30,9577.678823,1.715021534e+11,1.70811556,19155357.65,21682.23703,31712.3027,17906442.32,2762816.309
2019-08-31,9605.024461,1.720117469e+11,1.71310224,19930425.76,11065.04033,10055.95167,17908517.32,2763825.398
2019-09-01,9762.936557,1.748571697e+11,1.7403943,17451249.1,9113.663673,9191.410243,17910304.82,2763747.651
2019-09-02,10377.33838,1.858806215e+11,1.84745992,19327792.74,26216.14574,20039.71083,17912167.32,2769924.086
2019-09-03,10618.78151,1.902271596e+11,1.88765943,21768502.09,31746.28638,21644.31856,17914217.32,2780026.054
2019-09-04,10577.24108,1.895009768e+11,1.87870879,17981309.84,23030.98332,20976.40082,17915917.32,2782080.637
2019-09-05,10580.1847,1.89575536e+11,1.8773914,21821630.94,27850.23755,17712.5232,17917979.82,2792218.351
2019-09-06,10330.84973,1.851283605e+11,1.81873604,20403428.22,26805.12531,25661.32604,17919954.82,2793362.15
2019-09-07,10494.50696,1.880807679e+11,1.84632204,19677200.56,13055.08625,11195.27111,17921829.82,2795221.965
2019-09-08,10407.26566,1.865402701e+11,1.83013043,23026075.27,11083.31695,9692.82942,17924042.32,2796612.453
2019-09-09,10332.46444,1.852183867e+11,1.81652807,18856747.61,38211.14329,22832.79166,17925867.32,2811990.805
2019-09-10,10085.95192,1.808223816e+11,1.77328813,22945540.63,21953.65591,25402.12491,17928142.32,2808542.336
2019-09-11,10142.14806,1.818532008e+11,1.77786135,23326940.54,21518.11035,21619.09856,17930442.32,2808441.347
2019-09-12,10403.35997,1.865573925e+11,1.82231036,20546635.94,24078.2432,18268.05701,17932417.32,2814251.534
2019-09-13,10345.33875,1.855363293e+11,1.81108514,19397510.15,21033.55454,22508.31735,17934292.32,2812776.771
2019-09-14,10363.4529,1.858812729e+11,1.813611,20079189.99,10306.17349,9407.275293,17936229.82,2813675.669
2019-09-15,10306.16967,1.848727653e+11,1.80307986,18937586.76,9640.902157,8529.370292,17938067.32,2814787.201
2019-09-16,10257.82276,1.840264156e+11,1.79436332,20900313.88,24831.46008,21879.63792,17940104.82,2817739.023
2019-09-17,10195.61118,1.829291952e+11,1.78283665,18861880.69,26462.94975,21398.70964,17941954.82,2822803.263
2019-09-18,10161.31887,1.823360249e+11,1.77473473,22100868.53,23934.88766,23745.31953,17944129.82,2822992.831
2019-09-19,10268.39263,1.842763669e+11,1.79282081,18996526.36,28296.15092,33373.56398,17945979.82,2817915.418
2019-09-20,10170.12512,1.825320562e+11,1.77523927,19196111.16,28178.93388,26728.42767,17947867.32,2819365.924
2019-09-21,9986.406108,1.792554136e+11,1.74318445,20721792.67,12373.72049,8771.819516,17949942.32,2822967.825
2019-09-22,10047.01347,1.803641599e+11,1.7535283,20847552.96,11771.37655,12042.04284,17952017.32,2822697.159
2019-09-23,9692.741048,1.740180673e+11,1.69241697,13812155.99,21659.05924,22217.77325,17953442.32,2822138.445
2019-09-24,8613.671249,1.546619543e+11,1.5076985,16904329.83,83240.74144,51642.56404,17955404.82,2853736.622
2019-09-25,8424.157646,1.512755879e+11,1.47778949,16427107.41,59013.2782,48954.89567,17957354.82,2863795.005
2019-09-26,8091.695299,1.453227396e+11,1.42454001,17295998.7,35112.76274,31498.29344,17959492.32,2867409.474
2019-09-27,8186.779639,1.470439143e+11,1.44132571,13508186.4,32051.84883,35996.76049,17961142.32,2863464.563
2019-09-28,8201.979013,1.473332138e+11,1.44491153,16301433.29,15214.27807,16560.61973,17963129.82,2862118.221
2019-09-29,8064.508062,1.448775149e+11,1.42120643,13709663.71,11704.12025,14390.2728,17964829.82,2859432.068
2019-09-30,8282.365454,1.488047448e+11,1.45994759,13458843.86,35775.59159,33072.82116,17966454.82,2862134.839
2019-10-01,8314.55139,1.493978742e+11,1.46687818,14862260.61,24221.50557,30277.96188,17968242.32,2856078.383
2019-10-02,8362.530732,1.502754493e+11,1.47560342,15470681.85,21073.44311,24071.07208,17970092.32,2853080.754
2019-10-03,8254.33991,1.483464176e+11,1.45721375,15167349.59,22593.34242,24012.45383,17971929.82,2851661.642
2019-10-04,8165.686151,1.467681429e+11,1.44209083,15004448.3,22064.15437,23897.2111,17973767.32,2849828.585
2019-10-05,8141.633714,1.463519097e+11,1.43793767,16079726.58,10371.75158,9877.945644,17975742.32,2850322.391
2019-10-06,7854.609813,1.412070712e+11,1.38789488,14629210.78,13793.58094,11815.11158,17977604.82,2852300.861
2019-10-07,8226.023429,1.479001364e+11,1.45350223,15937920.39,25740.04271,25768.68614,17979542.32,2852272.217
2019-10-08,8190.115121,1.472711064e+11,1.44711351,16584983.12,26429.61015,21763.42041,17981567.32,2856938.407
2019-10-09,8598.331921,1.546263164e+11,1.5187746,14832122.56,31711.82527,27017.78588,17983292.32,2861632.446
2019-10-10,8578.090379,1.542796775e+11,1.51523934,17370633.02,29387.16688,27682.91518,17985317.32,2863336.698
2019-10-11,8289.854029,1.491118205e+11,1.4650268,16165215.36,28375.82987,34931.54516,17987267.32,2856780.983
2019-10-12,8323.750144,1.497353572e+11,1.47085893,13838234.61,10502.08313,10860.51627,17988929.82,2856422.55
2019-10-13,8291.250651,1.491654431e+11,1.46532541,14716969.91,13512.8698,10472.84518,17990704.82,2859462.574
2019-10-14,8346.368437,1.501711354e+11,1.46837588,14084496.74,135548.0278,134130.9766,17992392.32,2860879.625
2019-10-15,8160.712628,1.468463506e+11,1.43701211,15607362.9,25467.24883,20063.94568,17994304.82,2866282.929
2019-10-16,8003.855923,1.440381301e+11,1.41022441,14306892.46,30849.513,30389.68592,17996092.32,2866742.756
2019-10-17,8072.489382,1.452884001e+11,1.42275851,15135917.59,49564.83767,35025.60385,17997967.32,2881281.989
2019-10-18,7959.331994,1.432677158e+11,1.40337963,15918663.99,23491.74534,30319.36437,17999967.32,2874454.37
2019-10-19,7948.477337,1.430864409e+11,1.40147566,14108547.27,9548.425268,9254.226686,18001742.32,2874748.569
2019-10-20,8213.709039,1.478760637e+11,1.4480022,14990019,9858.856031,9443.941131,18003567.32,2875163.484
2019-10-21,8211.654559,1.478553963e+11,1.44819078,16320663.44,47948.65048,24575.06892,18005554.82,2898537.065
2019-10-22,8029.205373,1.445872592e+11,1.41660892,16961696.35,25832.55542,31516.84335,18007667.32,2892852.778
2019-10-23,7458.035857,1.343174905e+11,1.31849373,15661875.3,35610.53942,36152.76003,18009767.32,2892310.557
2019-10-24,7454.371138,1.342638826e+11,1.32043974,12392892.02,29531.80877,29456.51285,18011429.82,2892385.853
2019-10-25,8656.655178,1.5593367e+11,1.53033296,14932730.18,42087.63215,33207.09557,18013154.82,2901266.389
2019-10-26,9249.646761,1.66631506e+11,1.63052996,16186881.83,44738.62841,27879.91739,18014904.82,2918125.1
2019-10-27,9558.156044,1.722030113e+11,1.68313273,13739849.31,18634.59518,13781.14896,18016342.32,2922978.547
2019-10-28,9319.178142,1.679131132e+11,1.63844571,15609623.39,31374.42616,29940.9297,18018017.32,2924412.043
2019-10-29,9431.207124,1.699473327e+11,1.65571824,15679381.84,27464.25648,26211.43328,18019679.82,2925664.866
2019-10-30,9182.855065,1.654874894e+11,1.61181743,15381282.23,23854.41338,25550.25277,18021354.82,2923969.027
2019-10-31,9155.277299,1.650056069e+11,1.60646394,15106207.54,23464.74431,21266.04302,18023004.82,2926167.728
2019-11-01,9251.381293,1.667527232e+11,1.62077063,15033494.6,25154.75296,27907.17193,18024629.82,2923415.309
2019-11-02,9300.190838,1.676480749e+11,1.62876338,15577819.65,9930.076472,9568.195529,18026304.82,2923777.19
2019-11-03,9209.638696,1.660316411e+11,1.61294847,15886626.75,10158.25653,10079.92871,18028029.82,2923855.518
2019-11-04,9418.360131,1.698100176e+11,1.64848919,15540294.22,26413.4831,25138.3004,18029679.82,2925130.701
2019-11-05,9330.787223,1.682479015e+11,1.63757092,16795417,31998.84143,26437.87536,18031479.82,2930691.667
2019-11-06,9354.933382,1.686987282e+11,1.64148312,15435640.08,25212.85401,20098.4737,18033129.82,2935806.047
2019-11-07,9210.748222,1.661141616e+11,1.61571232,15543137.63,25536.98178,22270.04286,18034817.32,2939072.986
2019-11-08,8791.333935,1.585641677e+11,1.54350145,14066134.3,24269.87708,37403.97608,18036417.32,2925938.887
2019-11-09,8810.784562,1.589308467e+11,1.54712396,15859412.21,10195.17842,12272.30596,18038217.32,2923861.759
2019-11-10,9042.890723,1.631363921e+11,1.58742033,18763998.25,9563.754332,9822.33418,18040292.32,2923603.18
2019-11-11,8713.20793,1.572052643e+11,1.52978275,16446179.97,20275.42434,19529.5551,18042179.82,2924349.049
2019-11-12,8788.958143,1.585867946e+11,1.5426696,14831366.87,41612.03271,35369.84028,18043867.32,2930591.241
2019-11-13,8766.729431,1.582004965e+11,1.5361222,14793855.91,25632.85826,20196.60341,18045554.82,2936027.496
2019-11-14,8645.435804,1.560299492e+11,1.51523438,18263483.14,23672.41395,24063.72149,18047667.32,2935636.189
2019-11-15,8465.877889,1.528060678e+11,1.48420069,16720108.83,26805.76502,28333.40732,18049642.32,2934108.546
2019-11-16,8477.690243,1.530349603e+11,1.48640991,15683726.95,10386.50855,10292.11054,18051492.32,2934202.944
2019-11-17,8505.161223,1.53547225e+11,1.4912036,16372435.35,9879.76774,9431.01932,18053417.32,2934651.693
2019-11-18,8183.533414,1.477550651e+11,1.43585132,14321183.47,33833.20411,26961.5285,18055167.32,2941523.368
2019-11-19,8116.820673,1.4656547e+11,1.42462588,14914657.99,31342.38826,31426.49649,18057004.82,2941439.26
2019-11-20,8076.55466,1.458527223e+11,1.41836156,14335884.52,21952.09826,23898.06101,18058779.82,2939493.297
2019-11-21,7612.277488,1.374814791e+11,1.33896278,13036025.2,34637.29971,33916.3617,18060492.32,2940214.235
2019-11-22,7277.524273,1.314476792e+11,1.28344958,12007915.05,48553.46506,53946.07167,18062142.32,2934821.629
2019-11-23,7324.836179,1.323180735e+11,1.29339001,15839958.24,19040.32407,19303.08299,18064304.82,2934558.87
2019-11-24,6943.380656,1.254387144e+11,1.22636138,11369785.82,19122.27532,18144.58896,18065942.32,2935536.556
2019-11-25,7139.044686,1.289847243e+11,1.26222308,11154757.32,53157.00821,46308.37338,18067504.82,2942385.191
2019-11-26,7165.43773,1.29472508e+11,1.26841696,10927292.54,39475.15511,36889.2894,18069029.82,2944971.057
2019-11-27,7526.863817,1.360162047e+11,1.33297166,13077925.88,32101.78877,33757.66244,18070767.32,2943315.183
2019-11-28,7436.336382,1.34395456e+11,1.31736129,15151535.38,22687.99631,24256.93431,18072804.82,2941746.245
2019-11-29,7747.738042,1.400365286e+11,1.37249236,13171154.67,24995.94614,31651.3062,18074504.82,2935090.885
2019-11-30,7556.193721,1.365863609e+11,1.33947241,11901005.11,15437.88616,19631.24799,18076079.82,2930897.523
2019-12-01,7417.727206,1.340963174e+11,1.31531292,12888301.02,10277.88513,14752.11861,18077817.32,2926423.29
2019-12-02,7318.312522,1.323123813e+11,1.29871273,13264441.45,45899.55504,24656.66316,18079629.82,2947666.182
2019-12-03,7306.446233,1.321122734e+11,1.29767248,14430231.31,26875.4202,30284.12709,18081604.82,2944257.475
2019-12-04,7215.020345,1.30474208e+11,1.28246605,15061354.97,29769.39497,34273.39923,18083692.32,2939753.47
2019-12-05,7404.086795,1.339066474e+11,1.31656246,13419907.32,26328.83897,27488.13725,18085504.82,2938594.172
2019-12-06,7534.208356,1.362736173e+11,1.34019312,13655752.65,26818.07053,28901.91545,18087317.32,2936510.327
2019-12-07,7512.061403,1.358875929e+11,1.33632666,14554618.97,12452.89126,10360.45174,18089254.82,2938602.767
2019-12-08,7528.940269,1.362068476e+11,1.33937263,13928539.5,9999.018772,10284.49552,18091104.82,2938317.29
2019-12-09,7340.227459,1.328064038e+11,1.30638835,13579420.8,35398.41581,32520.85496,18092954.82,2941194.851
2019-12-10,7232.091784,1.308632893e+11,1.28784015,13379369.8,40651.56694,34756.57687,18094804.82,2947089.841
2019-12-11,7200.464446,1.303028795e+11,1.28292787,11880766.34,25601.00149,29278.24983,18096454.82,2943412.593
2019-12-12,7192.849024,1.301770255e+11,1.28218893,11958111.5,25469.57395,25714.03322,18098117.32,2943168.133
2019-12-13,7244.90372,1.311328828e+11,1.29164777,13765317.07,27878.70069,27773.33252,18100017.32,2943273.501
2019-12-14,7071.10709,1.280005075e+11,1.26106197,13346714.63,12107.4504,12677.07303,18101904.82,2942703.879
2019-12-15,7111.28667,1.28738857e+11,1.26826677,11022494.34,8443.93178,9851.24851,18103454.82,2941296.562
2019-12-16,6882.395795,1.24608648e+11,1.22841184,13506701.75,31212.65424,27284.04006,18105417.32,2945225.176
2019-12-17,6608.96198,1.19669663e+11,1.18120445,11648295.49,35878.02125,31394.77517,18107179.82,2949708.422
2019-12-18,7284.625484,1.319162253e+11,1.30300236,12201747.69,43347.31262,36271.73626,18108854.82,2956783.999
2019-12-19,7146.167638,1.294229366e+11,1.27839546,14024353.99,40212.95129,36775.73402,18110817.32,2960221.216
2019-12-20,7184.219172,1.301260902e+11,1.28507153,14009227.39,30490.82613,29773.82613,18112767.32,2960938.216
2019-12-21,7140.298011,1.293462651e+11,1.27731542,15708655.62,11756.5214,11230.37311,18114967.32,2961464.364
2019-12-22,7479.402408,1.355049304e+11,1.33772206,15800237.59,11474.59154,9634.807135,18117079.82,2963304.149
2019-12-23,7321.748724,1.326617937e+11,1.30974111,13087625.84,34397.42714,27993.26922,18118867.32,2969708.307
2019-12-24,7235.629084,1.31112709e+11,1.29430833,11305670.44,18638.47355,27267.68149,18120429.82,2961079.099
2019-12-25,7191.174166,1.303186727e+11,1.28852354,11505878.67,13433.10311,11731.02778,18122029.82,2962781.174
2019-12-26,7194.639758,1.303964951e+11,1.28945009,15018810.5,21123.35737,18735.65098,18124117.32,2965168.88
2019-12-27,7237.150447,1.311800811e+11,1.29743017,13117335.19,31139.97132,31427.00999,18125929.82,2964881.842
2019-12-28,7306.643308,1.324533125e+11,1.30991222,13608623.16,13632.23553,10388.76982,18127792.32,2968125.307
2019-12-29,7391.578521,1.340073215e+11,1.32663778,14321183.39,11603.91008,9791.92843,18129729.82,2969937.289
2019-12-30,7229.397101,1.310820172e+11,1.29751611,15000998.98,29127.15153,29782.20002,18131804.82,2969282.241
2019-12-31,7167.395055,1.299707991e+11,1.28681852,12990903.54,19784.09035,26200.12185,18133617.32,2962866.209
2020-01-01,7170.631869,1.300450904e+11,1.28743526,15596124.31,11253.3352,8431.831566,18135792.32,2965687.713
2020-01-02,6946.825269,1.259984242e+11,1.24755453,12243779.54,40183.30546,23507.28381,18137554.82,2982363.734
2020-01-03,7315.30936,1.326972781e+11,1.31328518,15453591.02,29618.1651,28117.66239,18139667.32,2983864.237
2020-01-04,7343.164194,1.332179762e+11,1.31850725,15420644.81,17784.51071,11461.55456,18141767.32,2990187.193
2020-01-05,7345.530692,1.332758752e+11,1.31891454,14966518.78,10007.1808,9980.348429,18143804.82,2990214.026
2020-01-06,7765.797735,1.409142232e+11,1.39343235,13104783.68,28979.79273,27430.93702,18145492.32,2991762.881
2020-01-07,8136.086842,1.476512007e+11,1.45871525,17899391.05,32696.67004,26719.21028,18147692.32,2997740.341
2020-01-08,8059.699529,1.462792532e+11,1.44434936,14305966.66,33740.46813,29487.87913,18149467.32,3001992.93
2020-01-09,7817.136093,1.418921972e+11,1.40023893,15341129.58,29092.38392,25942.83782,18151429.82,3005142.476
2020-01-10,8129.81792,1.475829612e+11,1.45520178,15141785.88,34374.81352,37710.7064,18153292.32,3001806.583
2020-01-11,8032.005495,1.458237089e+11,1.43755242,16365211.2,13358.94241,15230.63856,18155329.82,2999934.887
2020-01-12,8164.549993,1.482455086e+11,1.46084233,15410588.11,8844.328504,10591.14475,18157217.32,2998188.071
2020-01-13,8121.925668,1.474860874e+11,1.45276596,14517942.13,29422.25561,27093.84275,18159004.82,3000516.484
2020-01-14,8830.167873,1.603630657e+11,1.57463765,16004679.27,59035.20198,42170.74121,18160817.32,3017380.945
2020-01-15,8811.448203,1.600397328e+11,1.56868373,16631608.48,50396.8418,44469.11933,18162704.82,3023308.667
2020-01-16,8718.686998,1.583722668e+11,1.55078627,17328390.41,28694.71834,32291.04565,18164692.32,3019712.34
2020-01-17,8912.541904,1.619112952e+11,1.58368313,17713677.03,29540.3531,31405.90928,18166679.82,3017846.784
2020-01-18,8928.180757,1.622101327e+11,1.58583813,14731498.25,14604.27996,12663.00123,18168329.82,3019788.062
2020-01-19,8687.354837,1.578510167e+11,1.54314165,16288790.32,15432.86303,15879.60068,18170204.82,3019341.325
2020-01-20,8636.258786,1.569389999e+11,1.53413892,16408891.69,24111.23339,25946.0576,18172104.82,3017506.5
2020-01-21,8730.86756,1.586749383e+11,1.5503965,16697784.21,28118.16388,28578.09001,18174017.32,3017046.574
2020-01-22,8647.900474,1.571839564e+11,1.53544323,16863405.92,29562.83063,35280.74141,18175967.32,3011328.663
2020-01-23,8366.384614,1.520837615e+11,1.48547764,16628189.42,26458.93307,26733.27417,18177954.82,3011054.322
2020-01-24,8423.390958,1.531360247e+11,1.49494018,16004442.82,26982.84355,28391.54157,18179854.82,3009645.624
2020-01-25,8344.774569,1.51723897e+11,1.4807681,17106787.87,8443.74618,9223.907324,18181904.82,3008865.463
2020-01-26,8573.87481,1.559047015e+11,1.52095733,15325801.22,13874.262,9009.074342,18183692.32,3013730.651
2020-01-27,8901.959285,1.618848431e+11,1.5779271,14354409.35,26180.50751,24029.76039,18185304.82,3015881.398
2020-01-28,9297.388318,1.690923435e+11,1.64585254,16502864.26,40831.73829,22140.25677,18187079.82,3034572.88
2020-01-29,9311.947544,1.693757572e+11,1.64528656,18623895.09,31850.54327,22465.34828,18189079.82,3043958.075
2020-01-30,9508.920965,1.729770648e+11,1.67702648,18542395.88,29199.36811,30954.95282,18191029.82,3042202.49
2020-01-31,9357.284782,1.702354896e+11,1.64732688,16843112.61,25421.35874,33216.13213,18192829.82,3034407.716
2020-02-01,9381.886029,1.707007642e+11,1.650978,17708309.88,12504.76837,10947.04992,18194717.32,3035965.435
2020-02-02,9339.387063,1.699442017e+11,1.64356756,16694154.38,13765.48607,13636.52279,18196504.82,3036094.398
2020-02-03,9279.812521,1.688773209e+11,1.6319591,17167653.16,29763.78404,25421.24339,18198354.82,3040436.939
2020-02-04,9161.627198,1.667416592e+11,1.61069803,15116684.88,25891.744,21810.65626,18200004.82,3044518.027
2020-02-05,9628.136776,1.752512717e+11,1.69086813,19135921.84,34594.22827,26792.01342,18201992.32,3052320.241
2020-02-06,9739.280436,1.772907428e+11,1.70571675,16435035.74,35193.73867,30843.6563,18203679.82,3056670.324
2020-02-07,9800.2794,1.784181763e+11,1.7097118,17027985.46,28697.74712,28457.5951,18205417.32,3056910.476
2020-02-08,9911.293408,1.804564536e+11,1.72664271,17220872.3,17497.21757,24515.58086,18207154.82,3049892.112
2020-02-09,10151.0832,1.848417574e+11,1.76640757,19413946.63,21880.5838,16827.46492,18209067.32,3054945.231
2020-02-10,9872.361873,1.797815573e+11,1.71346985,15055351.86,42377.94317,37598.9025,18210592.32,3059724.272
2020-02-11,10272.22256,1.870822608e+11,1.7792319,19003611.73,37468.76659,27077.76619,18212442.32,3070115.272
2020-02-12,10360.13522,1.887017544e+11,1.79208365,18389240.02,43223.57391,35218.01105,18214217.32,3078120.835
2020-02-13,10235.49732,1.864496127e+11,1.76851563,18040064.03,37405.59003,32863.2821,18215979.82,3082663.143
2020-02-14,10361.61569,1.887644676e+11,1.7883096,17485226.48,32976.85877,32124.70696,18217667.32,3083515.295
2020-02-15,9911.724327,1.805860897e+11,1.71075719,17593310.68,22291.57466,23049.06163,18219442.32,3082757.808
2020-02-16,9952.046612,1.813384041e+11,1.71695434,17664882.74,17650.88019,16489.25408,18221217.32,3083919.434
2020-02-17,9683.079628,1.764565013e+11,1.67061779,19003043.77,32732.57804,26818.06155,18223179.82,3089833.951
2020-02-18,10195.30379,1.858099705e+11,1.75425426,19116194.61,34737.55956,37266.06826,18225054.82,3087305.442
2020-02-19,9636.002299,1.756336536e+11,1.65794069,16983454.05,32302.90646,35531.59858,18226817.32,3084076.75
2020-02-20,9614.030122,1.752483129e+11,1.65435215,15142097.44,35335.6521,41648.21997,18228392.32,3077764.182
2020-02-21,9701.797503,1.768668471e+11,1.66881312,18675960.19,25784.31446,36212.73934,18230317.32,3067335.757
2020-02-22,9675.249058,1.764007597e+11,1.66379813,17899210.76,13789.5656,13457.15993,18232167.32,3067668.163
2020-02-23,9972.842423,1.818442335e+11,1.71384131,17701795.3,19831.62911,19080.10679,18233942.32,3068419.685
2020-02-24,9648.007883,1.759382239e+11,1.65765413,17004613.89,32013.94381,32571.9499,18235704.82,3067861.679
2020-02-25,9344.28714,1.704164818e+11,1.60369037,16819716.85,28078.56981,31763.82091,18237504.82,3064176.428
2020-02-26,8798.888949,1.604847377e+11,1.51151916,14958111.21,44185.21962,40748.41105,18239204.82,3067613.236
2020-02-27,8779.029482,1.601386483e+11,1.50901158,16131466.67,35783.5095,40588.31224,18241042.32,3062808.434
2020-02-28,8750.593446,1.596372278e+11,1.50435395,17282422.06,34964.20932,39967.71553,18243017.32,3057804.927
2020-02-29,8582.0903,1.565781334e+11,1.47581569,14911381.9,13279.06439,15545.93761,18244754.82,3055538.054
2020-03-01,8541.773894,1.558614691e+11,1.46928146,18898674.74,13145.37097,13033.61864,18246967.32,3055649.807
2020-03-02,8906.214756,1.625279974e+11,1.53109223,16587824.98,34628.74407,33124.17156,18248829.82,3057154.379
2020-03-03,8768.810614,1.60037303e+11,1.50704354,16770350.3,29669.16808,31066.79736,18250742.32,3055756.75
2020-03-04,8756.369572,1.598285237e+11,1.50859699,18278921.48,25055.02874,34352.14002,18252829.82,3046459.639
2020-03-05,9062.615803,1.654368491e+11,1.56090164,18465079.7,31530.18499,34757.37351,18254867.32,3043232.45
2020-03-06,9147.085059,1.669965466e+11,1.57478419,17722477.3,26448.70399,41915.75924,18256804.82,3027765.395
2020-03-07,8898.306957,1.624721163e+11,1.53210003,17462927.4,13194.15009,11482.9496,18258767.32,3029476.595
2020-03-08,8109.614541,1.480875815e+11,1.39731984,16016488.72,24978.33354,24483.04462,18260742.32,3029971.884
2020-03-09,7896.38532,1.442086633e+11,1.36296685,14805722.47,75673.13054,63847.99249,18262617.32,3041797.022
2020-03-10,7909.927875,1.444690372e+11,1.3667676,13051380.99,46170.53087,41405.62822,18264267.32,3046561.925
2020-03-11,7939.341335,1.450180623e+11,1.37532279,11809770.24,36341.84801,31879.54726,18265754.82,3051024.226
2020-03-12,4959.313414,9.059496361e+10,0.87746909,9360704.07,164266.856,120730.11,18267642.32,3094560.972
2020-03-13,5627.692388,1.028134649e+11,1.00230839,8793269.357,191723.2641,165154.5928,18269204.82,3121129.643
2020-03-14,5145.172506,9.400644264e+10,0.91943052,8232276.01,69175.6224,56897.54334,18270804.82,3133407.722
2020-03-15,5358.610663,9.791410048e+10,0.9586443,7970933.362,37900.21781,33783.29036,18272292.32,3137524.649
2020-03-16,5012.927388,9.160513134e+10,0.9005596,7456729.489,95531.60203,107127.5259,18273779.82,3125928.726
2020-03-17,5416.754711,9.899291119e+10,0.97465625,8328260.368,73798.06245,74434.6565,18275317.32,3125292.131
2020-03-18,5392.487836,9.855616696e+10,0.97098752,6740609.795,45613.45407,65880.89058,18276567.32,3105024.695
2020-03-19,6203.551632,1.133879263e+11,1.11612479,8297250.308,58137.63324,70666.57837,18277904.82,3092495.75
2020-03-20,6174.149476,1.128589288e+11,1.11275432,8412278.661,73302.91037,64183.94836,18279267.32,3101614.712
2020-03-21,6175.831022,1.128992387e+11,1.11317824,9572538.084,23398.4662,31928.72764,18280817.32,3093084.45
2020-03-22,5830.56098,1.065966762e+11,1.05120625,9256015.555,23343.27495,20841.6632,18282404.82,3095586.062
2020-03-23,6486.408657,1.185962299e+11,1.16908967,9080972.12,44978.31325,49524.79957,18283804.82,3091039.576
2020-03-24,6775.057619,1.2388501e+11,1.21902362,11178845.07,40226.89078,52900.72074,18285454.82,3078365.746
2020-03-25,6689.969013,1.223368196e+11,1.20405859,7693464.365,35073.87984,45694.40756,18286604.82,3067745.218
2020-03-26,6754.460336,1.235296559e+11,1.21539093,13508920.67,36213.64131,31870.26003,18288604.82,3072088.599
2020-03-27,6490.795415,1.187201682e+11,1.168733,12575916.12,42202.1017,46540.70615,18290542.32,3067749.995
2020-03-28,6231.81989,1.139938816e+11,1.12273873,10516196.06,27227.96625,32991.64814,18292229.82,3061986.313
2020-03-29,5904.857587,1.080241575e+11,1.06488351,11145418.7,32252.41288,26326.98982,18294117.32,3067911.736
2020-03-30,6436.9057,1.177693359e+11,1.16111925,11827814.22,43887.8564,42833.79248,18295954.82,3068965.8
2020-03-31,6432.383242,1.176993776e+11,1.16086021,12784361.69,29135.14894,36474.20196,18297942.32,3061626.747
2020-04-01,6643.110009,1.215679487e+11,1.20232747,12704947.89,36104.59624,40325.92755,18299854.82,3057405.416
2020-04-02,6792.742222,1.243191876e+11,1.2293196,12991119.5,43483.00955,40167.75213,18301767.32,3060720.673
2020-04-03,6751.902552,1.235828901e+11,1.22207588,11140639.21,40529.31128,44330.40168,18303417.32,3056919.583
2020-04-04,6859.989169,1.255747073e+11,1.24154011,13462728.74,17009.9705,19966.75184,18305379.82,3053962.801
2020-04-05,6790.812473,1.243232565e+11,1.22896481,14854902.28,14266.50008,17820.1624,18307567.32,3050409.139
2020-04-06,7298.173745,1.336234842e+11,1.31870276,11677077.99,54872.79139,53656.15806,18309167.32,3051625.772
2020-04-07,7187.593337,1.31613943e+11,1.29919781,15093946.01,42503.78082,41849.52199,18311267.32,3052280.031
2020-04-08,7372.194764,1.35007499e+11,1.33180003,13269950.58,34509.53352,37077.39038,18313067.32,3049712.174
2020-04-09,7299.579188,1.336917368e+11,1.3184332,14051689.94,42462.05451,59384.8898,18314992.32,3032789.339
2020-04-10,6859.822675,1.256515765e+11,1.24393645,13976888.7,38958.69347,44659.27705,18317029.82,3027088.756
2020-04-11,6883.182229,1.260931345e+11,1.24828502,13680324.68,17680.16719,23334.84751,18319017.32,3021434.075
2020-04-12,6978.666287,1.278556553e+11,1.26554137,13346699.27,18018.36274,17004.35336,18320929.82,3022448.085
2020-04-13,6863.575533,1.257617566e+11,1.24500204,14670892.7,31428.1385,41046.01314,18323067.32,3012830.21
2020-04-14,6875.538503,1.259953935e+11,1.24727346,14438630.86,29076.58322,30553.95878,18325167.32,3011352.834
2020-04-15,6625.475775,1.214269485e+11,1.20252464,13996317.57,53495.55408,49712.97411,18327279.82,3015135.414
2020-04-16,7127.792282,1.306467647e+11,1.29329091,13721000.14,61806.63927,50924.19564,18329204.82,3026017.858
2020-04-17,7081.395198,1.298075847e+11,1.28483033,11241714.88,34887.27221,51564.01943,18330792.32,3009341.111
2020-04-18,7262.792344,1.331470821e+11,1.31739282,14344014.88,19873.70614,18347.89327,18332767.32,3010866.924
2020-04-19,7150.244215,1.31097349e+11,1.29699559,13585464.01,17040.75253,15232.09115,18334667.32,3012675.585
2020-04-20,6853.273415,1.256662803e+11,1.24397211,13792212.75,36455.27443,41977.12734,18336679.82,3007153.732
2020-04-21,6870.423699,1.259935558e+11,1.2473842,12796164.14,39284.56951,40794.94974,18338542.32,3005643.352
2020-04-22,7123.65692,1.306491489e+11,1.29301523,11664988.21,32592.84315,38851.03833,18340179.82,2999385.157
2020-04-23,7488.605165,1.373556576e+11,1.35798226,13292274.17,44940.76235,32269.49262,18341954.82,3012056.426
2020-04-24,7506.443316,1.376963558e+11,1.3603772,13511597.97,47214.83444,56374.89488,18343754.82,3002896.366
2020-04-25,7537.738209,1.382832358e+11,1.36573263,12814154.96,19149.54523,17728.48508,18345454.82,3004317.426
2020-04-26,7684.068522,1.409808909e+11,1.39182404,13158967.34,21333.56999,21149.39761,18347167.32,3004501.599
2020-04-27,7777.491519,1.427086461e+11,1.40592618,13707828.8,40810.08078,38999.65718,18348929.82,3006312.022
2020-04-28,7769.899698,1.425843013e+11,1.40416612,14957056.92,38828.24511,42517.83324,18350854.82,3002622.434
2020-04-29,8761.83717,1.608030827e+11,1.57124906,15880829.87,65760.58052,64358.13906,18352667.32,3004024.875
2020-04-30,8652.410991,1.588094214e+11,1.54783671,14600943.55,64139.6928,63715.26566,18354354.82,3004449.303
2020-05-01,8855.535258,1.625532441e+11,1.58149669,15607880.89,48607.02577,44224.03274,18356117.32,3008832.296
2020-05-02,8977.281705,1.648046442e+11,1.60183196,16607971.15,18563.29473,16133.72027,18357967.32,3011261.87
2020-05-03,8896.795638,1.633457669e+11,1.58639791,18683270.84,25334.10754,20478.90564,18360067.32,3016117.072
2020-05-04,8881.954305,1.630908208e+11,1.58241067,17541859.75,35559.22714,42521.29862,18362042.32,3009155.001
2020-05-05,8985.879599,1.650168486e+11,1.59959352,17747112.21,34535.36876,29457.59823,18364017.32,3014232.771
2020-05-06,9266.813073,1.701937544e+11,1.64574813,17838615.17,37398.1647,36885.36062,18365942.32,3014745.575
2020-05-07,9993.753177,1.835630579e+11,1.76246608,18363521.46,64642.24836,52119.13544,18367779.82,3027268.688
2020-05-08,9859.323605,1.811107692e+11,1.73504927,16884091.67,54708.31013,51194.35232,18369492.32,3030782.646
2020-05-09,9577.338922,1.759471353e+11,1.68527866,16281476.17,34694.06092,33491.11682,18371192.32,3031985.59
2020-05-10,8715.033293,1.601240722e+11,1.53444392,18519445.75,34879.42462,37697.281,18373317.32,3029167.734
2020-05-11,8591.652884,1.578724686e+11,1.51427708,15303881.7,52663.39527,61730.64935,18375098.57,3020100.48
2020-05-12,8817.250681,1.620258961e+11,1.55398556,8045741.247,36553.2494,50911.93458,18376011.07,3005741.794
2020-05-13,9322.997202,1.713264338e+11,1.64026769,6933979.169,46649.59156,51004.36721,18376754.82,3001387.019
2020-05-14,9801.269488,1.801225097e+11,1.72149026,6983404.51,45000.99864,38771.1218,18377467.32,3007616.896
2020-05-15,9326.875859,1.714116429e+11,1.63770129,7286621.765,47192.90655,65513.20678,18378248.57,2989296.595
2020-05-16,9395.475389,1.726797811e+11,1.64923495,7398936.869,19591.94091,14146.18571,18379036.07,2994742.35
2020-05-17,9682.532481,1.779617863e+11,1.69855053,6172614.457,18535.34102,16016.42217,18379673.57,2997261.269
2020-05-18,9726.850022,1.787841098e+11,1.7030904,7781480.018,46570.39111,45003.56191,18380473.57,2998828.099
2020-05-19,9754.201462,1.79293853e+11,1.70545218,7010832.301,36934.7128,41241.73152,18381192.32,2994521.08
2020-05-20,9515.70255,1.749167981e+11,1.66337697,6839411.208,30809.58518,36092.14802,18381911.07,2989238.517
2020-05-21,9068.801229,1.667093228e+11,1.58611169,7425081.007,49112.85813,43525.17381,18382729.82,2994826.201
2020-05-22,9161.815034,1.684255264e+11,1.60231403,6356009.18,32917.1074,35234.0418,18383423.57,2992509.267
2020-05-23,9183.662125,1.688339811e+11,1.60568496,6830348.706,14998.99319,13171.695,18384167.32,2994336.565
2020-05-24,8806.230657,1.619016024e+11,1.54008682,6384517.226,15488.91026,16652.88986,18384892.32,2993172.586
2020-05-25,8909.192582,1.638015066e+11,1.55903037,6960306.704,30086.47774,43054.42205,18385673.57,2980204.641
2020-05-26,8835.137253,1.624467967e+11,1.54624899,6847231.371,30278.33798,31638.34794,18386448.57,2978844.631
2020-05-27,9169.057439,1.685943114e+11,1.60359036,7908312.041,33974.28263,33339.68707,18387311.07,2979479.227
2020-05-28,9568.261853,1.759424411e+11,1.67222784,7834014.392,36565.75188,31261.89812,18388129.82,2984783.081
2020-05-29,9432.413333,1.734519279e+11,1.64770853,7486978.083,38132.991,34361.38564,18388923.57,2988554.686
2020-05-30,9691.680491,1.782290212e+11,1.69215433,9449388.479,21743.61567,17086.23932,18389898.57,2993212.062
2020-05-31,9433.943847,1.734981148e+11,1.64704955,8844322.356,20896.78356,15932.08177,18390836.07,2998176.764
2020-06-01,10199.13505,1.875791626e+11,1.77456298,8541775.608,37705.45504,49643.93501,18391673.57,2986238.284
2020-06-02,9512.346533,1.749556417e+11,1.65555855,7669329.392,74673.0504,64992.85326,18392479.82,2995918.481
2020-06-03,9642.2734,1.773536957e+11,1.67699652,8376725.017,40943.87009,43031.17146,18393348.57,2993831.18
2020-06-04,9813.360679,1.80509825e+11,1.70498933,9261359.141,35690.27581,31166.30284,18394292.32,2998355.153
2020-06-05,9641.891623,1.773665599e+11,1.67491159,10786866.25,42643.4139,56158.81185,18395411.07,2984839.755
2020-06-06,9668.670539,1.778710132e+11,1.67895972,11844121.41,13738.68533,15825.68823,18396636.07,2982752.752
2020-06-07,9747.580111,1.793323705e+11,1.69210512,9686657.735,13999.78834,13468.99289,18397629.82,2983283.547
2020-06-08,9769.342361,1.797426358e+11,1.6929366,9891459.141,61414.01603,64241.08307,18398642.32,2980456.48
2020-06-09,9779.422166,1.7993787e+11,1.69357425,9779422.166,27500.63829,31686.29687,18399642.32,2976270.822
2020-06-10,9888.444175,1.819539716e+11,1.71128591,10135655.28,31716.67695,28309.40065,18400667.32,2979678.098
2020-06-11,9277.451169,1.707220196e+11,1.60651966,10727052.91,43872.77686,49025.94536,18401823.57,2974524.93
2020-06-12,9456.161533,1.740202497e+11,1.63695561,9633464.562,33242.7788,32922.89465,18402842.32,2974844.814
2020-06-13,9461.333799,1.741247771e+11,1.63756141,9343067.126,15693.79599,17146.47138,18403829.82,2973392.138
2020-06-14,9342.955635,1.719560924e+11,1.61687359,9926890.363,12499.38,13421.79505,18404892.32,2972469.723
2020-06-15,9441.383211,1.737757846e+11,1.63326898,8143193.02,34234.49662,34320.2805,18405754.82,2972383.939
2020-06-16,9520.091948,1.752334034e+11,1.64602728,8925086.202,34653.1179,35946.51019,18406692.32,2971090.547
2020-06-17,9448.693561,1.739273447e+11,1.63347313,8149498.196,29749.72521,30148.50307,18407554.82,2970691.769
2020-06-18,9389.990766,1.728539884e+11,1.61930293,7218555.402,25555.76065,40705.93008,18408323.57,2955541.6
2020-06-19,9285.991583,1.709478371e+11,1.601515,8299354.977,40686.99412,38189.16048,18409217.32,2958039.433
2020-06-20,9357.292464,1.722684427e+11,1.61343538,8012181.673,15159.74633,14607.43436,18410073.57,2958591.745
2020-06-21,9284.769372,1.709417596e+11,1.6005863,8472352.052,14100.21246,12984.63184,18410986.07,2959707.326
2020-06-22,9684.620185,1.783120629e+11,1.66795041,8655629.29,35140.96132,33373.52488,18411879.82,2961474.763
2020-06-23,9611.725998,1.769794355e+11,1.65453862,9491579.423,55227.90454,64443.51482,18412867.32,2952259.152
2020-06-24,9292.943544,1.711178097e+11,1.60043802,8073244.703,36088.34966,36129.42517,18413736.07,2952218.077
2020-06-25,9247.121432,1.702822025e+11,1.59283584,8149025.762,43061.39474,40316.46838,18414617.32,2954963.003
2020-06-26,9159.437772,1.686769299e+11,1.57369557,9388423.716,31948.51242,33958.31238,18415642.32,2952953.203
2020-06-27,9002.165617,1.657884265e+11,1.5467905,7764367.845,16428.45341,15591.81057,18416504.82,2953789.846
2020-06-28,9108.065675,1.677472742e+11,1.56486434,8538811.57,15484.13138,13626.80888,18417442.32,2955647.168
2020-06-29,9184.247366,1.691586694e+11,1.57752462,8323224.176,34096.65939,33805.47176,18418348.57,2955938.356
2020-06-30,9143.967585,1.684251833e+11,1.56990039,8401020.219,27227.02537,30414.55767,18419267.32,2952750.824
2020-07-01,9241.339612,1.702280616e+11,1.5861884,9356856.358,37679.36653,30674.63051,18420279.82,2959755.56
2020-07-02,9094.387287,1.675304804e+11,1.56106575,9321746.969,34044.18105,32764.35873,18421304.82,2961035.382
2020-07-03,9066.690697,1.670295097e+11,1.5561961,9236691.147,24658.61135,34601.3113,18422323.57,2951092.682
2020-07-04,9126.219555,1.681351247e+11,1.56620843,8955102.938,17725.53363,15954.34725,18423304.82,2952863.869
2020-07-05,9079.614018,1.672857466e+11,1.55815127,9249856.781,12320.27341,10731.34278,18424323.57,2954452.799
2020-07-06,9338.942591,1.720726888e+11,1.60183713,8988732.244,35539.65366,29567.71168,18425286.07,2960424.741
2020-07-07,9252.158733,1.704829814e+11,1.58667765,9309984.725,33507.1183,36928.10875,18426292.32,2957003.751
2020-07-08,9434.567956,1.73853011e+11,1.61561301,8903873.509,60723.87273,52658.24275,18427236.07,2965069.381
2020-07-09,9231.502348,1.701205353e+11,1.58050888,9462289.906,37651.43656,32804.0565,18428261.07,2969916.761
2020-07-10,9285.221015,1.711198202e+11,1.58940706,9343253.647,35386.28402,35489.99466,18429267.32,2969813.05
2020-07-11,9237.171008,1.702433e+11,1.58104284,9006241.733,16813.60641,13970.21497,18430242.32,2972656.442
2020-07-12,9289.097977,1.712091513e+11,1.58969582,8824643.078,11796.08801,12293.59077,18431192.32,2972158.939
2020-07-13,9236.622501,1.702504519e+11,1.58057885,8486146.923,34108.36718,41438.41662,18432111.07,2964828.889
2020-07-14,9260.356987,1.706962629e+11,1.58381858,8334321.288,31610.91629,29687.77927,18433011.07,2966752.026
2020-07-15,9196.725559,1.695312762e+11,1.57234112,7932175.795,37012.7628,38491.33274,18433873.57,2965273.456
2020-07-16,9132.592312,1.683568148e+11,1.56130786,7762703.465,34543.80982,34314.87113,18434723.57,2965502.395
2020-07-17,9156.46871,1.688037224e+11,1.56536628,6752895.673,35053.80036,37116.00676,18435461.07,2963440.189
2020-07-18,9175.905309,1.691695005e+11,1.56854068,7455423.063,16360.3626,14282.66133,18436273.57,2965517.89
2020-07-19,9218.842311,1.699686468e+11,1.57544863,7547927.142,17156.04186,19936.20661,18437092.32,2962737.725
2020-07-20,9167.190568,1.690244174e+11,1.56656719,8078586.688,33079.34716,27835.48193,18437973.57,2967981.59
2020-07-21,9388.57435,1.731136205e+11,1.6036542,7334823.711,32192.99396,31598.42262,18438754.82,2968576.162
2020-07-22,9531.25743,1.75753097e+11,1.62670582,8578131.687,45241.98526,35275.44144,18439654.82,2978542.706
2020-07-23,9609.166715,1.771978851e+11,1.6387837,8167791.708,46436.24897,48067.82448,18440504.82,2976911.13
2020-07-24,9548.100727,1.76081405e+11,1.62771038,9607776.357,44548.69801,44699.57993,18441511.04,2976760.248
2020-07-25,9702.45279,1.789365004e+11,1.6530963,8610926.852,26791.05025,24707.4845,18442398.46,2978843.814
2020-07-26,9933.906554,1.832148722e+11,1.69125357,9809732.722,31237.6585,24063.81132,18443385.91,2986017.661
2020-07-27,11046.50833,2.037453028e+11,1.87222939,10287060.88,74157.27506,54559.44817,18444317.13,3005615.488
2020-07-28,10944.61298,2.018758312e+11,1.84950049,9918555.512,62102.23719,51644.8544,18445223.38,3016072.871
2020-07-29,11115.77128,2.050431664e+11,1.87484925,10282088.44,46313.392,44671.17321,18446148.38,3017715.09
2020-07-30,11135.39073,2.054144651e+11,1.87475515,9395485.925,48444.2712,50910.15103,18446992.13,3015249.21
2020-07-31,11338.19734,2.091664793e+11,1.90517626,10842151.21,47308.72797,53593.21691,18447948.38,3008964.721
2020-08-01,11797.58213,2.176512877e+11,1.97908671,10101679.7,36433.62451,30439.13797,18448804.63,3014959.207
2020-08-02,11094.02068,2.046811968e+11,1.8599879,9776605.728,31118.38471,26394.5529,18449685.88,3019683.039
2020-08-03,11236.09568,2.073138124e+11,1.87772343,11376546.88,42092.88475,45275.87954,18450698.38,3016500.044
2020-08-04,11202.65191,2.067069038e+11,1.87038652,10152403.29,31733.15271,41048.71537,18451604.63,3007184.482
2020-08-05,11721.43847,2.162887988e+11,1.95126913,9450409.768,34967.30674,35826.24091,18452410.88,3006325.548
2020-08-06,11769.30911,2.171836025e+11,1.95155359,11475076.38,44665.18504,41081.85083,18453385.88,3009908.882
2020-08-07,11598.96906,2.140512709e+11,1.91764781,11019020.61,38535.60912,49289.72282,18454335.88,2999154.768
2020-08-08,11743.00864,2.167198475e+11,1.93742923,10421920.16,23543.77592,18234.30592,18455223.38,3004464.238
2020-08-09,11680.51737,2.155779457e+11,1.92470744,11388504.43,19498.64756,23724.32416,18456198.38,3000238.561
2020-08-10,11870.36954,2.190920591e+11,1.95320633,10164003.92,44614.24385,49860.79796,18457054.63,2994992.007
2020-08-11,11392.64409,2.102856197e+11,1.87194792,10965419.94,39129.66083,40628.08769,18458017.13,2993493.58
2020-08-12,11575.51247,2.13672366e+11,1.89982911,11358471.61,34418.62261,37999.2841,18458998.38,2989912.919
2020-08-13,11773.44812,2.173368765e+11,1.92924287,10816855.46,32931.48806,45317.33813,18459917.13,2977527.069
2020-08-14,11774.40825,2.173668901e+11,1.9265623,12289538.61,50305.55346,54699.74333,18460960.88,2973132.879
2020-08-15,11866.91036,2.190861382e+11,1.93989709,11570237.6,17688.03235,27049.44311,18461935.88,2963771.468
2020-08-16,11899.64275,2.197017462e+11,1.94366153,11304660.62,19084.16629,24289.01523,18462885.88,2958566.619
2020-08-17,12315.76242,2.273941377e+11,2.00437877,9621689.388,59308.11564,61519.36312,18463667.13,2956355.372
2020-08-18,11992.696,2.214396405e+11,1.95013602,10493609,45562.42611,45718.7441,18464542.13,2956199.054
2020-08-19,11736.84906,2.16725667e+11,1.90751141,10123032.32,49530.05507,60167.44138,18465404.63,2945561.668
2020-08-20,11867.52034,2.191493942e+11,1.92666487,10829112.31,38945.82487,35938.23712,18466317.13,2948569.255
2020-08-21,11524.69895,2.128299102e+11,1.86965642,11164552.11,31164.5021,37753.26602,18467285.88,2941980.491
2020-08-22,11682.28915,2.157501034e+11,1.89433444,9929945.778,18015.82642,17969.44859,18468135.88,2942026.869
2020-08-23,11665.60927,2.15453504e+11,1.89095764,11446879.1,12358.54554,13527.16287,18469117.13,2940858.252
2020-08-24,11771.40805,2.174184762e+11,1.90603293,10962123.75,29154.69294,31624.27148,18470048.38,2938388.673
2020-08-25,11358.45432,2.098002876e+11,1.83853818,9086763.456,31760.82502,41444.01859,18470848.38,2928705.48
2020-08-26,11472.04912,2.119086613e+11,1.8556766,10181443.59,37178.45513,38838.78802,18471735.88,2927045.147
2020-08-27,11314.67374,2.090107874e+11,1.82960462,9122455.704,36313.09508,32506.3148,18472542.13,2930851.927
2020-08-28,11527.88303,2.12961049e+11,1.86186629,11744030.84,40047.7256,55649.28782,18473560.88,2915250.365
2020-08-29,11490.76235,2.122857831e+11,1.85563351,10485320.64,19184.45384,21603.27801,18474473.38,2912831.541
2020-08-30,11698.97583,2.161417036e+11,1.88762446,9286062.067,21571.88311,16579.13984,18475267.13,2917824.284
2020-08-31,11678.34823,2.157715516e+11,1.88187726,10948451.46,40145.02711,74724.62733,18476204.63,2883244.684
2020-09-01,11970.36486,2.21178432e+11,1.92471346,11521476.17,46298.7127,40920.66758,18477167.13,2888622.729
2020-09-02,11414.52093,2.109182841e+11,1.83478767,10273068.84,53089.61083,61116.43471,18478067.13,2880595.905
2020-09-03,10261.49441,1.896208559e+11,1.65212902,8273329.868,60312.44653,56892.14385,18478873.38,2884016.208
2020-09-04,10471.96641,1.935189771e+11,1.68560929,8835721.661,61956.12364,61814.60157,18479717.13,2884157.73
2020-09-05,10128.64359,1.871833942e+11,1.63131545,8925867.16,38036.81623,31419.64367,18480598.38,2890774.902
2020-09-06,10253.2999,1.894967299e+11,1.65140122,9612468.654,22010.30178,21952.93492,18481535.88,2890832.269
2020-09-07,10367.87835,1.916256557e+11,1.67005527,11339866.95,37084.94936,36827.75654,18482629.63,2891089.462
2020-09-08,10108.63545,1.868439578e+11,1.62894233,9792740.592,37372.37718,43120.45414,18483598.38,2885341.385
2020-09-09,10223.11141,1.889694057e+11,1.64757745,9520272.5,37422.52542,40554.51265,18484529.63,2882209.398
2020-09-10,10334.63073,1.910409934e+11,1.66531058,10205447.85,36044.90022,46706.41525,18485517.13,2871547.883
2020-09-11,10387.02074,1.920184086e+11,1.67381361,8958805.39,36913.29559,36322.33609,18486379.63,2872138.842
2020-09-12,10436.97783,1.929530237e+11,1.68190081,11089288.95,19648.93909,21027.43862,18487442.13,2870760.343
2020-09-13,10322.52361,1.908475095e+11,1.66341746,10451555.16,16393.34669,17032.92491,18488454.63,2870120.765
2020-09-14,10662.71991,1.971489423e+11,1.71735678,11728991.9,38752.82738,39269.71832,18489554.63,2869603.874
2020-09-15,10779.38102,1.993164642e+11,1.7348274,10509896.5,36824.09408,40998.94882,18490529.63,2865429.019
2020-09-16,10968.32055,2.028206816e+11,1.76292263,10625560.53,43607.8616,45514.75466,18491498.38,2863522.126
2020-09-17,10936.29275,2.022406063e+11,1.75667708,12166625.68,38453.50024,44912.08622,18492610.88,2857063.54
2020-09-18,10920.11284,2.019526589e+11,1.75269523,11261366.37,41096.40628,47809.486,18493642.13,2850350.46
2020-09-19,11073.77955,2.048048284e+11,1.77573693,10312457.2,19795.73423,38968.48527,18494573.38,2831177.709
2020-09-20,10921.2181,2.019929621e+11,1.75066035,9692581.064,20320.87137,18189.20057,18495460.88,2833309.38
2020-09-21,10455.37996,1.933865462e+11,1.67690819,9475188.091,40006.19476,39747.34769,18496367.13,2833568.227
2020-09-22,10519.83916,1.945872889e+11,1.68568673,8481620.326,42791.54173,42374.89576,18497173.38,2833984.873
2020-09-23,10233.29957,1.892961984e+11,1.64062817,9082053.367,65213.78045,73857.9441,18498060.88,2825340.709
2020-09-24,10739.04271,1.986606611e+11,1.72053475,9195305.32,37712.97891,35146.96574,18498917.13,2827906.722
2020-09-25,10683.63058,1.976468813e+11,1.71066582,11284584.8,40413.79735,49951.53434,18499973.38,2818368.985
2020-09-26,10742.03042,1.987373474e+11,1.71935636,10070653.52,14827.68106,18305.77358,18500910.88,2814890.893
2020-09-27,10758.82429,1.990582702e+11,1.72167524,10220883.08,19464.83843,23089.43404,18501860.88,2811266.297
2020-09-28,10727.37505,1.984850498e+11,1.71621999,8648946.137,49026.35226,42877.8783,18502667.13,2817414.771
2020-09-29,10841.14274,2.005996092e+11,1.73140353,9553757.044,47918.30566,50428.72612,18503548.38,2814904.351
2020-09-30,10772.35177,1.993372351e+11,1.71995233,10503042.97,37471.18129,33928.26963,18504523.38,2818447.262
2020-10-01,10606.61733,1.962786185e+11,1.69356781,8220128.433,41915.79303,49021.24925,18505298.38,2811341.806
2020-10-02,10570.10568,1.95611944e+11,1.68748627,8984589.826,35882.90438,55783.18872,18506148.38,2791441.522
2020-10-03,10555.70543,1.953554129e+11,1.68506329,9961947.003,20319.62078,17595.24307,18507092.13,2794165.9
2020-10-04,10665.61862,1.974001187e+11,1.70216949,10532298.39,15412.50808,15399.67402,18508079.63,2794178.734
2020-10-05,10772.6356,1.993902235e+11,1.71835152,9426056.15,32240.72479,36846.15324,18508954.63,2789573.305
2020-10-06,10596.37355,1.961364068e+11,1.69012311,8609553.509,33030.3395,29438.6656,18509767.13,2793164.979
2020-10-07,10667.19439,1.974573513e+11,1.70039927,10067164.71,37684.43878,57962.52583,18510710.88,2772886.892
2020-10-08,10902.52936,2.018246077e+11,1.73638098,11038810.98,41926.37739,33529.82172,18511723.38,2781283.448
2020-10-09,11074.10368,2.050105613e+11,1.76179817,9828267.016,45440.76109,46263.55818,18512609.89,2780460.651
2020-10-10,11302.85429,2.092554281e+11,1.79700041,10101926.02,27575.47617,23658.17819,18513503.12,2784377.949
2020-10-11,11378.26253,2.106614273e+11,1.80770338,9955979.712,14844.51561,13663.68835,18514375.7,2785558.776
2020-10-12,11548.40156,2.138221802e+11,1.83284911,10754448.95,35768.54393,31382.00137,18515305.27,2789945.318
2020-10-13,11434.96878,2.117337956e+11,1.81348383,11863780.11,31180.06094,33086.98707,18516342.24,2788038.392
2020-10-14,11417.10811,2.114137133e+11,1.80880169,10632181.93,35862.90535,40150.92021,18517273.48,2783750.377
2020-10-15,11502.58124,2.130072981e+11,1.82050458,10855561.04,27535.3062,42396.43669,18518217.23,2768889.247
2020-10-16,11338.98718,2.099888123e+11,1.7940757,10984643.83,39428.84166,57919.94786,18519185.98,2750398.141
2020-10-17,11362.80222,2.104409972e+11,1.79732641,11149749.68,12602.4846,23285.40077,18520167.23,2739715.225
2020-10-18,11489.62257,2.127983485e+11,1.81665683,8617216.924,10453.39166,11761.10139,18520917.23,2738407.515
2020-10-19,11745.81197,2.175523876e+11,1.85166488,9176415.6,32940.72962,36580.77256,18521698.48,2734767.472
2020-10-20,11929.45725,2.209645467e+11,1.87699868,10736511.53,32487.40689,32642.85955,18522598.48,2734612.019
2020-10-21,12848.49062,2.379978722e+11,2.013415,10439398.63,55923.91676,49202.77547,18523410.98,2741333.161
2020-10-22,12997.49934,2.407691511e+11,2.02018679,11129108.81,53506.95943,55926.84712,18524267.23,2738913.273
2020-10-23,12953.4297,2.399633731e+11,2.00849858,10605620.56,32149.25512,38957.68119,18525083.99,2732104.847
2020-10-24,13113.86692,2.429479444e+11,2.02902772,12458173.58,18542.40223,17258.86692,18526033.99,2733388.382
2020-10-25,13041.64104,2.416194218e+11,2.01568826,9536700.009,13485.66905,14539.53862,18526765.24,2732334.513
2020-10-26,13080.65617,2.42351239e+11,2.01954164,8992951.117,32715.08582,36752.0853,18527452.74,2728297.513
2020-10-27,13675.52393,2.53381085e+11,2.10370037,8461730.43,31283.8241,40465.96296,18528071.49,2719115.374
2020-10-28,13290.32885,2.462524695e+11,2.04049323,8306455.531,45754.17662,41637.26733,18528696.49,2723232.284
2020-10-29,13475.2173,2.496873073e+11,2.06357066,9095771.678,41817.78659,39092.02513,18529371.49,2725958.045
2020-10-30,13603.29609,2.52069964e+11,2.0801745,9437286.663,39739.02833,49177.63177,18530065.24,2716519.442
2020-10-31,13807.23361,2.558586908e+11,2.10747626,9751358.738,25467.47126,22692.08597,18530771.48,2719294.827
2020-11-01,13736.89941,2.545660753e+11,2.09316771,10731952.67,17077.70004,15449.50194,18531552.69,2720923.025
2020-11-02,13595.56476,2.519549971e+11,2.06586073,8072366.576,29998.21843,53232.88921,18532146.44,2697688.354
2020-11-03,13996.9154,2.594051332e+11,2.09497527,12247300.97,41174.23799,52869.81372,18533021.44,2685992.778
2020-11-04,14129.1482,2.618698473e+11,2.10823433,14040841.02,36062.42608,41613.97842,18534015.19,2680441.226
2020-11-05,15606.46683,2.892648319e+11,2.30749272,14338441.4,70514.5861,65670.92549,18534933.94,2685284.887
2020-11-06,15618.97247,2.895115587e+11,2.29919169,14935642.43,56291.9283,55575.67698,18535890.19,2686001.138
2020-11-07,14866.3563,2.755747136e+11,2.18711473,13565550.13,25975.27848,19946.42395,18536802.69,2692029.993
2020-11-08,15500.00071,2.873338236e+11,2.26976446,13368750.61,15536.2463,18134.50752,18537665.19,2689431.731
2020-11-09,15319.81997,2.84011407e+11,2.23751677,17713541.84,46589.09651,57975.54799,18538821.44,2678045.28
2020-11-10,15319.27568,2.84015391e+11,2.23228692,14074584.53,48329.2101,51523.20197,18539740.19,2674851.288
2020-11-11,15731.24111,2.916675761e+11,2.28563276,14453077.77,42837.65781,44299.37243,18540658.94,2673389.573
2020-11-12,16289.8149,3.020401921e+11,2.35643005,16289814.9,44640.02031,52987.08132,18541658.94,2665042.512
2020-11-13,16330.06277,3.028006411e+11,2.35455292,14186742.03,45419.94649,41484.62857,18542527.69,2668977.83
2020-11-14,16102.01002,2.985862572e+11,2.317866766,14290533.89,22946.82069,15658.00555,18543415.19,2676266.645
2020-11-15,15986.75499,2.96464023e+11,2.29883051,14987582.8,11548.11752,19128.98007,18544352.69,2668685.783
2020-11-16,16743.05394,3.105058405e+11,2.39979607,16743053.94,39999.80304,47322.70329,18545352.69,2661362.883
2020-11-17,17682.16919,3.279394146e+11,2.51738625,17350628.51,52843.59802,40891.17565,18546333.94,2673315.305
2020-11-18,17804.69002,3.302305332e+11,2.51023261,18806203.84,61354.19207,62987.80745,18547390.19,2671681.69
2020-11-19,17818.66866,3.305050577e+11,2.504430386,15257235.04,33883.10594,32822.33842,18548246.44,2672742.457
2020-11-20,18663.78185,3.462000224e+11,2.596127397,19596970.95,61605.2939,52683.08674,18549296.44,2681664.664
2020-11-21,18706.58934,3.470138299e+11,2.589987418,19758834.99,26585.77301,18537.00151,18550352.69,2689713.436
2020-11-22,18482.69263,3.42880567e+11,2.55377715,20099928.24,22202.52359,23406.56155,18551440.19,2688509.398
2020-11-23,18373.25776,3.408672729e+11,2.52775968,16880430.57,46073.91573,38888.27589,18552358.94,2695695.038
2020-11-24,19150.25105,3.55298609e+11,2.61774563,16277713.39,53350.87914,52056.38213,18553208.94,2696989.535
2020-11-25,18748.39371,3.478610284e+11,2.555478064,18162506.41,52718.88585,45908.52183,18554177.69,2703799.899
2020-11-26,17113.71687,3.175469879e+11,2.326869285,16044109.57,78755.02532,59973.15693,18555115.19,2722581.767
2020-11-27,17101.60302,3.173386743e+11,2.31953985,16460292.9,61023.378,53734.2214,18556077.69,2729870.924
2020-11-28,17745.37731,3.2930168e+11,2.40313103,17079925.66,18872.74599,23612.577,18557040.19,2725131.093
2020-11-29,18190.86688,3.375857018e+11,2.45853128,17053937.7,20267.26636,23956.71603,18557977.69,2721441.643
2020-11-30,19664.40761,3.649455257e+11,2.63721867,13887987.87,56874.33774,47535.12017,18558683.94,2730780.861
2020-12-01,18820.60779,3.493035912e+11,2.51290662,17879577.4,59785.52349,53488.59479,18559633.94,2737077.789
2020-12-02,19214.87223,3.56636727e+11,2.55197705,15732176.64,37418.69251,34484.88347,18560452.69,2740011.598
2020-12-03,19470.31121,3.613968953e+11,2.57495934,19105242.87,36111.5539,37037.5082,18561433.94,2739085.644
2020-12-04,18732.96709,3.477275909e+11,2.47230116,16859670.38,39245.67536,51370.84564,18562333.94,2726960.474
2020-12-05,19114.63313,3.548294065e+11,2.51909742,17203169.82,17637.90643,16350.09917,18563233.94,2728248.281
2020-12-06,19356.31368,3.593322319e+11,2.54722977,16452866.63,12138.09044,15100.03925,18564083.94,2725286.332
2020-12-07,19182.17683,3.561175242e+11,2.51748691,17983290.78,29686.33285,28029.05104,18565021.44,2726943.614
2020-12-08,18340.97814,3.405171593e+11,2.40341294,16506880.32,32214.5061,38467.01041,18565921.44,2720691.11
2020-12-09,18574.69674,3.448724972e+11,2.422360713,16136767.79,46196.53481,50259.08782,18566790.19,2716628.557
2020-12-10,18294.84695,3.396914495e+11,2.38235433,14864563.15,48545.20154,54209.19719,18567602.69,2710964.561
2020-12-11,18061.76003,3.353791624e+11,2.34803699,15578268.02,43224.05544,36332.974,18568465.19,2717855.642
2020-12-12,18813.28377,3.493493258e+11,2.43833504,15520959.11,36664.28591,28376.45601,18569290.19,2726143.472
2020-12-13,19156.08251,3.557335322e+11,2.46411643,18677180.44,21437.7526,18232.76275,18570265.19,2729348.462
2020-12-14,19286.7513,3.581775649e+11,2.474236614,17478618.36,38900.27219,32342.08923,18571171.44,2735906.645
2020-12-15,19432.58846,3.609029355e+11,2.48407194,17003514.91,45597.28313,41079.20692,18572046.44,2740424.721
2020-12-16,21370.72032,3.969171104e+11,2.70395115,19100081.28,56988.58331,49759.98163,18572940.19,2747653.323
2020-12-17,22789.26742,4.232820746e+11,2.838980097,18373846.85,74023.52746,53184.62699,18573746.44,2768492.224
2020-12-18,23048.76456,4.281245254e+11,2.82221791,22616600.23,68076.54345,51947.18585,18574727.69,2784621.581
2020-12-19,23856.77352,4.431566303e+11,2.906877175,23558563.85,31184.35496,19692.45308,18575715.19,2796113.483
2020-12-20,23528.55061,4.370818602e+11,2.850832495,22205069.64,16804.03203,21628.09781,18576658.94,2791289.417
2020-12-21,22937.41834,4.261200944e+11,2.76690892,19496805.59,51993.77004,43642.87472,18577508.94,2799640.313
2020-12-22,23756.88877,4.413650463e+11,2.831513765,21232719.34,51934.98728,70368.09781,18578402.69,2781207.202
2020-12-23,23307.2709,4.330342977e+11,2.75180066,22433248.24,54356.8033,83109.71815,18579365.19,2752454.287
2020-12-24,23707.63304,4.404914419e+11,2.77320466,18669761.02,51330.29603,36734.21161,18580152.69,2767050.372
2020-12-25,24669.16432,4.583790421e+11,2.87742129,22202247.89,26252.564,19689.86173,18581052.69,2773613.074
2020-12-26,26478.06811,4.920130505e+11,3.06732801,22671845.82,28579.26095,24081.5727,18581908.94,2778110.762
2020-12-27,26430.8566,4.911602191e+11,3.033869719,24448542.35,54412.76844,33152.70942,18582833.94,2799370.821
2020-12-28,27039.34902,5.024947721e+11,3.03336124,27039349.02,43609.24387,43932.21331,18583833.94,2799047.852
2020-12-29,27231.20346,5.060860327e+11,3.00690895,25869643.28,40180.40244,52433.9844,18584783.94,2786794.27
2020-12-30,28844.61368,5.361019211e+11,3.14848763,31007959.7,50931.66371,61594.76863,18585858.94,2776131.165
2020-12-31,29022.67141,5.39441388e+11,3.140996404,30111021.59,48579.78809,57792.67807,18586896.44,2766918.275
2021-01-01,29380.69373,5.461232726e+11,3.145922774,27360771.04,37815.71973,49481.8967,18587827.69,2755252.098
2021-01-02,32022.68106,5.952622992e+11,3.36183826,30221405.25,68415.56232,92642.37432,18588771.44,2731025.286
2021-01-03,33277.83531,6.186269364e+11,3.43360474,32861862.36,53567.55611,29840.24539,18589758.94,2754752.597
2021-01-04,31802.14671,5.912286273e+11,3.2392637,34386071.13,70084.19947,67369.23016,18590840.19,2757467.566
2021-01-05,34013.17417,6.323668609e+11,3.40781574,33375427.16,49368.93202,47466.9327,18591821.44,2759369.565
2021-01-06,36643.27772,6.813058131e+11,3.60095708,40536625.98,50384.37968,58854.54957,18592927.69,2750899.395
2021-01-07,39215.65115,7.291749427e+11,3.742047073,41176433.71,72784.17081,68189.75188,18593977.69,2755493.814
2021-01-08,40775.40456,7.582146801e+11,3.78863874,37717249.22,67584.25312,60907.06705,18594902.69,2762171
2021-01-09,40370.68235,7.507239819e+11,3.6883279,35072030.29,32668.06475,31118.09605,18595771.44,2763720.969
2021-01-10,38329.34017,7.128017391e+11,3.47615243,38089781.79,39827.0492,28313.27248,18596765.19,2775234.746
2021-01-11,35269.51372,6.55932812e+11,3.17723254,33946906.95,77546.25306,65955.40666,18597727.69,2786825.592
2021-01-12,33712.46855,6.270064939e+11,3.024579235,31184033.4,54596.79192,59317.44078,18598652.69,2782104.943
2021-01-13,37296.54753,6.937009658e+11,3.318932716,35431720.15,40871.82892,41101.87126,18599602.69,2781874.901
2021-01-14,39045.51834,7.262670011e+11,3.43968572,35873069.98,47283.73959,54584.09413,18600521.44,2774574.546
2021-01-15,36710.31742,6.828666095e+11,3.21691863,35563120.01,83440.49108,55997.50476,18601490.19,2802017.533
2021-01-16,36177.2611,6.729842053e+11,3.16002808,33237858.63,21748.46481,20693.96514,18602408.94,2803072.032
2021-01-17,36069.93947,6.710177476e+11,3.14208979,29983137.18,20440.20145,21951.05329,18603240.19,2801561.181
2021-01-18,36594.2964,6.808056492e+11,3.16789734,33163581.11,31150.9043,26348.24393,18604146.44,2806363.841
2021-01-19,36250.14619,6.744367862e+11,3.12779915,33757948.64,68778.12352,47964.51451,18605077.69,2827177.45
2021-01-20,35515.48001,6.607995629e+11,3.05640832,31298016.76,50916.03461,41004.86345,18605958.94,2837088.621
2021-01-21,31022.95103,5.772367653e+11,2.671999724,25012254.27,51852.10497,56794.38833,18606765.19,2832146.338
2021-01-22,32986.43576,6.137999339e+11,2.83570647,29069296.51,51595.61881,48348.61327,18607646.44,2835393.343
2021-01-23,32036.28227,5.961510492e+11,2.75080418,31235375.22,20058.45195,15987.36757,18608621.44,2839464.428
2021-01-24,32216.10429,5.995252768e+11,2.763770318,27987740.6,14463.98718,16189.20266,18609490.19,2837739.212
2021-01-25,32419.70595,6.033425671e+11,2.777191692,28367242.7,41305.98504,36089.89647,18610365.19,2842955.301
2021-01-26,32640.63914,6.074870592e+11,2.79160837,32844643.14,37525.13978,37505.87219,18611371.44,2842974.568
2021-01-27,30358.93472,5.650483543e+11,2.58416695,26943554.57,56280.57459,59337.23191,18612258.94,2839917.911
2021-01-28,33511.2876,6.237511318e+11,2.83537151,30369604.38,61424.94776,55312.74507,18613165.19,2846030.114
2021-01-29,34166.14943,6.359726411e+11,2.87127647,32457841.95,87853.71085,71681.52585,18614115.19,2862202.299
2021-01-30,34349.9171,6.394225111e+11,2.878188037,29197429.53,29326.22858,36431.7819,18614965.19,2855096.745
2021-01-31,33157.83257,6.172617413e+11,2.77012967,29842049.32,25470.11614,36503.58116,18615865.19,2844063.28
2021-02-01,33570.27185,6.24964623e+11,2.798474061,24967889.69,38654.07711,43821.77539,18616608.94,2838895.582
2021-02-02,35596.14891,6.627136229e+11,2.95247741,34038817.39,37594.83947,31792.27576,18617565.19,2844698.146
2021-02-03,37578.37321,6.996530427e+11,3.10161426,35229724.88,39632.62594,39787.80953,18618502.69,2844542.962
2021-02-04,37129.20294,6.91327294e+11,3.04623204,37129202.94,47491.85168,61956.72584,18619502.69,2830078.088
2021-02-05,38045.41361,7.084268648e+11,3.09428668,40185468.12,51033.1522,49580.79236,18620558.9,2831530.448
2021-02-06,39341.72708,7.326040371e+11,3.18428793,39095841.29,32742.60202,21806.9013,18621552.52,2842466.149
2021-02-07,39003.01218,7.263346677e+11,3.141200248,38027936.88,22123.8726,31658.40351,18622527.52,2832931.618
2021-02-08,46121.93407,8.58953685e+11,3.65741696,46698458.25,68506.29063,53309.30372,18623540.02,2848128.605
2021-02-09,46548.16199,8.669331601e+11,3.61855022,41602419.78,54950.4557,55903.56418,18624433.77,2847175.496
2021-02-10,45078.12835,8.395949045e+11,3.46683384,40288577.21,48221.74951,39044.50032,18625327.52,2856352.745
2021-02-11,47892.84092,8.920584616e+11,3.64585169,38613602.99,36653.77776,37572.59082,18626133.77,2855433.932
2021-02-12,47525.20914,8.85253081e+11,3.57975153,42178623.11,38303.23123,38462.0904,18627021.26,2855275.073
2021-02-13,47208.62503,8.794022631e+11,3.54773666,46323463.31,17586.61872,20477.05828,18627999.92,2852384.634
2021-02-14,48829.82751,9.096470171e+11,3.65475277,45167590.45,22553.97616,20006.3981,18628921.37,2854932.212
2021-02-15,48110.24173,8.962875249e+11,3.56148121,45704729.65,28187.68343,31798.65805,18629869.49,2851321.237
2021-02-16,49140.38266,9.155160344e+11,3.6125173,37162414.38,40593.48079,32352.37829,18630624.85,2859562.339
2021-02-17,52224.93911,9.730282202e+11,3.79432537,45044009.99,51980.70751,44612.69425,18631485.97,2866930.353
2021-02-18,51650.06995,9.623616577e+11,3.70969063,44225372.39,33062.43732,42738.90657,18632339.87,2857253.883
2021-02-19,55820.5044,1.040119986e+12,3.90986635,53378357.34,51096.22466,42275.71674,18633296.08,2866074.391
2021-02-20,55861.82057,1.040940815e+12,3.87796973,50973911.27,36818.67194,39661.49802,18634208.56,2863231.565
2021-02-21,57500.71611,1.071530978e+12,3.95810037,50672506.07,55630.99462,19984.23009,18635089.28,2898878.33
2021-02-22,53952.15334,1.005448042e+12,3.68695731,44847727.46,59708.89205,49056.28815,18635920.53,2909530.934
2021-02-23,48560.48904,9.050079592e+11,3.28933195,38544888.17,77943.61711,63770.74111,18636714.28,2923703.81
2021-02-24,49567.34569,9.238216856e+11,3.32994398,49257549.78,47751.59827,61384.00752,18637707.4,2910071.4
2021-02-25,47568.13117,8.866072892e+11,3.17682646,46378927.89,74258.33853,65815.2023,18638682.4,2918514.537
2021-02-26,46231.76758,8.617393956e+11,3.06572143,40163848.08,44023.6095,42863.3642,18639551.13,2919674.782
2021-02-27,45834.51336,8.543797304e+11,3.04478896,44975116.24,21253.27194,17983.83085,18640532.38,2922944.223
2021-02-28,45359.46416,8.455616986e+11,3.00886446,37138061.28,26363.33807,20471.81181,18641351.13,2928835.749
2021-03-01,49634.44711,9.252934847e+11,3.269931,40327988.28,32426.03758,41138.99377,18642163.63,2920122.793
2021-03-02,48304.70549,9.005473961e+11,3.17061495,43172330.53,38240.9134,44414.5618,18643057.38,2913949.145
2021-03-03,50690.46718,9.450734443e+11,3.3135168,48155943.82,31777.68378,36524.7228,18644007.38,2909202.106
2021-03-04,48472.79548,9.037659348e+11,3.161905494,38778236.38,32154.87522,27369.13996,18644807.38,2913987.841
2021-03-05,48800.81736,9.099272854e+11,3.17106851,45445761.17,57180.62871,43067.24726,18645738.63,2928101.222
2021-03-06,48970.52449,9.131381222e+11,3.17592981,46521998.26,23602.90848,17883.08389,18646688.63,2933821.047
2021-03-07,51086.46818,9.526400818e+11,3.30549961,46616402.21,21275.2316,21329.86084,18647601.13,2933766.418
2021-03-08,52088.47513,9.713755684e+11,3.35002291,50460710.28,41500.55952,44352.3759,18648569.88,2930914.601
2021-03-09,54739.13525,1.020854486e+12,3.498555632,47896743.35,35582.31678,34658.86035,18649444.88,2931838.058
2021-03-10,56116.04091,1.04658527e+12,3.56293331,52258063.1,32776.86412,32821.46285,18650376.13,2931793.459
2021-03-11,57847.25494,1.078920787e+12,3.63177042,47723985.32,30681.23988,31267.858,18651201.13,2931206.841
2021-03-12,57334.64153,1.069413682e+12,3.570586382,53751226.44,29989.59449,33118.94656,18652138.63,2928077.489
2021-03-13,61288.79413,1.143221861e+12,3.78957634,54776859.75,27053.29478,23048.67173,18653032.38,2932082.112
2021-03-14,59905.61847,1.117480223e+12,3.68484058,58782388.12,48862.08039,19813.40079,18654013.63,2961130.792
2021-03-15,56121.12192,1.046936085e+12,3.43735753,51912037.78,35119.67398,39633.52249,18654938.63,2956616.943
2021-03-16,56500.44603,1.054064969e+12,3.44231318,52616040.36,35350.82725,35927.5746,18655869.88,2956040.196
2021-03-17,58683.06598,1.094833524e+12,3.55383882,49880606.09,35815.0321,39337.48996,18656719.88,2952517.738
2021-03-18,57731.47984,1.077134893e+12,3.48651656,54844905.85,38365.64636,32863.84492,18657669.88,2958019.539
2021-03-19,58168.12192,1.085335422e+12,3.50341884,53805512.78,28374.99149,27212.14921,18658594.88,2959182.382
2021-03-20,58247.88471,1.086879747e+12,3.49731896,56063589.03,20046.27636,17910.04229,18659557.38,2961318.616
2021-03-21,57447.93302,1.072009014e+12,3.440164039,56011734.69,11172.93959,37318.44406,18660532.38,2935173.111
2021-03-22,54453.13735,1.016175923e+12,3.25092326,51390148.37,30717.33123,43136.75599,18661476.13,2922753.686
2021-03-23,54563.61195,1.018292447e+12,3.23614304,54904634.52,57443.21898,57183.70343,18662482.38,2923013.202
2021-03-24,52595.41132,9.816109027e+11,3.11041886,49965640.76,35329.95064,36092.89408,18663432.38,2922250.259
2021-03-25,51547.1249,9.62095894e+11,3.03612207,49614107.71,51682.61911,51187.66791,18664394.88,2922745.21
2021-03-26,54817.85711,1.023188727e+12,3.20883079,46595178.55,42135.7091,45459.46513,18665244.88,2919421.454
2021-03-27,56019.83731,1.045679651e+12,3.26897077,55669713.32,19252.66331,19061.89226,18666238.63,2919612.225
2021-03-28,55713.03814,1.04000823e+12,3.24472988,55364831.65,11879.65116,12042.29598,18667232.38,2919449.58
2021-03-29,57571.23335,1.074749924e+12,3.33795673,54332851.47,37817.46462,37764.77001,18668176.13,2919502.275
2021-03-30,58684.54839,1.095587035e+12,3.38330063,53549650.41,33687.51607,27317.15807,18669088.63,2925872.633
2021-03-31,58792.19483,1.097654386e+12,3.375535019,57689841.17,34181.00217,35903.50378,18670069.88,2924150.131
2021-04-01,58818.9771,1.098207717e+12,3.35598363,53304698,41122.94997,41479.5235,18670976.13,2923793.557
2021-04-02,59031.53402,1.102228015e+12,3.35413045,51652592.27,35219.2239,34332.91364,18671851.13,2924679.868
2021-04-03,57282.38962,1.069615151e+12,3.25187507,46899956.51,19308.95496,18493.32575,18672669.88,2925495.497
2021-04-04,58202.19939,1.086843565e+12,3.298301283,53109506.95,18129.55287,22746.1789,18673582.38,2920878.871
2021-04-05,58755.85253,1.097239539e+12,3.32023402,57286956.22,29733.91334,31735.71978,18674557.38,2918877.064
2021-04-06,58084.06642,1.084746507e+12,3.22914317,52275659.78,45030.14736,53497.2514,18675457.38,2910409.96
2021-04-07,56266.83468,1.050864085e+12,3.12214094,55211831.53,38494.70995,42521.0791,18676438.63,2906383.591
2021-04-08,57963.3446,1.082597392e+12,3.2057806,48544301.1,28864.05818,34694.32795,18677276.13,2900553.321
2021-04-09,58051.76256,1.084303948e+12,3.203576141,55149174.43,27133.72656,23979.59622,18678226.13,2903707.452
2021-04-10,59651.55899,1.114243841e+12,3.27565104,58533092.26,33234.69654,33694.61657,18679207.38,2903247.532
2021-04-11,59932.93065,1.119553955e+12,3.28353702,54314218.4,25776.53521,16521.17143,18680113.63,2912502.896
2021-04-12,59905.93637,1.11910361e+12,3.26759859,53915342.74,37391.71367,35586.80569,18681013.56,2914307.804
2021-04-13,63445.63831,1.185285134e+12,3.43453079,56308004,45806.59788,37877.71545,18681901,2922236.686
2021-04-14,62869.49559,1.174574737e+12,3.37622405,53046136.9,42836.36514,34147.51583,18682744.72,2930925.535
2021-04-15,63231.16299,1.181399636e+12,3.37419883,67973500.21,32002.76311,36005.79349,18683819.51,2926922.505
2021-04-16,61571.11009,1.150423144e+12,3.27664917,39636402.12,39936.84904,41373.4501,18684463.26,2925485.904
2021-04-17,60280.87618,1.126350101e+12,3.19962738,34284748.32,18830.52377,40858.78343,18685032.01,2903457.644
2021-04-18,56389.55798,1.053684398e+12,2.95984188,43701907.44,47177.18612,61054.17892,18685807.01,2889580.651
2021-04-19,55798.13708,1.042667048e+12,2.92575459,33827620.6,34551.52173,34950.5344,18686413.26,2889181.639
2021-04-20,56474.37376,1.055348666e+12,2.95532944,45179499.01,57947.17042,57984.71397,18687213.26,2889144.095
2021-04-21,54025.79957,1.009625742e+12,2.82653587,34103785.98,50365.4134,43865.00997,18687844.51,2895644.499
2021-04-22,51882.05981,9.69610236e+11,2.70960708,46369590.96,70214.3854,52079.3163,18688738.26,2913779.568
2021-04-23,50954.91006,9.523259702e+11,2.65915763,42993205.36,69973.97788,59524.83467,18689582.01,2924228.711
2021-04-24,50279.94845,9.397567721e+11,2.61911452,45566203.28,21363.15426,20875.6639,18690487.98,2924716.201
2021-04-25,48946.94074,9.148853422e+11,2.54988868,43134491.53,27969.38649,22153.14682,18691369.23,2930532.441
2021-04-26,53943.34998,1.008313501e+12,2.79947785,38434636.86,38300.67556,41590.45744,18692081.63,2927242.659
2021-04-27,55027.03098,1.028618592e+12,2.84255929,48836490,37909.37802,28970.29349,18692969.13,2936181.744
2021-04-28,54787.37871,1.024187403e+12,2.82520447,48623798.6,31255.67381,25731.09074,18693856.63,2941706.327
2021-04-29,53567.08119,1.001416181e+12,2.75289848,40844899.41,34296.67527,33613.03264,18694619.13,2942389.969
2021-04-30,57741.44442,1.07950664e+12,2.9509244,52328184,47825.93247,41060.38522,18695525.38,2949155.517
2021-05-01,57863.59039,1.081840492e+12,2.95232813,50268994.15,14740.00986,12915.74171,18696394.13,2950979.785
2021-05-02,56572.59684,1.05776898e+12,2.88247785,65412065.1,12264.03444,11296.63614,18697550.38,2951947.183
2021-05-03,57243.04161,1.070367975e+12,2.90918692,63325114.78,37174.75693,43149.4827,18698656.55,2945972.457
2021-05-04,53724.10893,1.004629437e+12,2.72676307,60775398.22,39736.39993,29211.79551,18699787.8,2956497.062
2021-05-05,57342.02566,1.072339979e+12,2.90068009,56266862.68,42681.17761,38790.86283,18700769.05,2960387.376
2021-05-06,56527.35298,1.057165033e+12,2.845644398,60060312.54,38312.82641,51079.01256,18701831.55,2947621.19
2021-05-07,57341.06845,1.072444645e+12,2.86911512,61641648.59,53686.97592,43856.8613,18702906.55,2957451.305
2021-05-08,58736.1259,1.098599048e+12,2.93389162,62774234.55,25886.66353,20211.08443,18703975.3,2963126.884
2021-05-09,58288.42563,1.090293033e+12,2.90472472,67760294.8,26962.13688,23872.36949,18705137.8,2966216.651
2021-05-10,55902.92774,1.045734857e+12,2.78208874,62890793.71,48110.00985,47448.5794,18706262.8,2966878.082
2021-05-11,56612.10265,1.059061728e+12,2.81280636,60858010.35,36150.28476,41880.1703,18707337.8,2961148.196
2021-05-12,50972.35508,9.536118601e+11,2.528710163,54795281.71,73373.52358,44648.555,18708412.8,2989873.165
2021-05-13,49368.61447,9.23658096e+11,2.4489477,49677168.31,83886.97725,65603.26501,18709419.05,3008156.877
2021-05-14,49997.3959,9.35464104e+11,2.47934018,41872819.07,44053.11957,47401.21257,18710256.55,3004808.784
2021-05-15,47047.96333,8.803156321e+11,2.33381396,36168121.81,33611.86707,24022.80885,18711025.3,3014397.842
2021-05-16,46022.50371,8.611661997e+11,2.2838578,37968565.56,48192.03735,40451.01809,18711850.3,3022138.862
2021-05-17,43492.39548,8.138560845e+11,2.16428882,32891124.08,93470.99217,57181.83771,18712606.55,3058428.016
2021-05-18,42789.80939,8.00735611e+11,2.13179763,26743630.87,39560.01919,49651.65048,18713231.55,3048336.385
2021-05-19,37642.52,7.044426011e+11,1.88892076,29408218.75,144181.9652,113275.0906,18714012.8,3079243.326
2021-05-20,40799.40215,7.635490935e+11,2.05205637,28559581.5,70968.63242,69149.40463,18714712.8,3081062.554
2021-05-21,37174.3311,6.957324874e+11,1.87448768,25557352.63,55957.88041,67618.04014,18715400.3,3069402.394
2021-05-22,37643.4198,7.045389616e+11,1.90162942,27291479.35,47902.54891,34571.35651,18716125.3,3082733.587
2021-05-23,34774.20722,6.508642828e+11,1.75890282,25863316.62,49698.98614,50139.21032,18716869.05,3082293.363
2021-05-24,38630.40912,7.230707203e+11,1.94867935,30421447.18,59639.64327,61782.63225,18717656.29,3080150.374
2021-05-25,38269.77107,7.163498413e+11,1.93329011,29419886.51,54594.31823,47440.63845,18718425.04,3087304.053
2021-05-26,39194.8589,7.336959144e+11,1.97886373,29886079.91,43981.12368,43400.48401,18719187.54,3087884.693
2021-05-27,38510.85704,7.209201165e+11,1.94636165,28161064.21,36927.04981,34744.88559,18719918.79,3090066.857
2021-05-28,35596.71795,6.663941444e+11,1.80279078,26475058.98,65987.4036,57917.70663,18720662.54,3098136.554
2021-05-29,34681.81837,6.492917623e+11,1.75819515,25144318.32,28836.23069,20882.53136,18721387.54,3106090.254
2021-05-30,35652.16877,6.674901552e+11,1.80573948,32086951.89,21693.62589,25061.41178,18722287.54,3102722.468
2021-05-31,37312.9749,6.986171272e+11,1.88939041,32882059.13,31817.04211,27620.02576,18723168.79,3106919.484
2021-06-01,36661.37812,6.864497077e+11,1.85490761,32536973.08,25394.62146,25925.14422,18724056.29,3106388.961
2021-06-02,37639.45567,7.048023378e+11,1.905098964,39050935.26,26199.44648,26918.53532,18725093.79,3105669.873
2021-06-03,39160.15041,7.333134678e+11,1.9791401,35978388.19,28162.10461,29030.7286,18726012.54,3104801.249
2021-06-04,36884.37356,6.907274409e+11,1.866853639,30199080.85,28621.35039,29801.57376,18726831.29,3103621.025
2021-06-05,35409.56724,6.631379834e+11,1.79378368,28991583.18,21953.35486,17756.34169,18727650.04,3107818.038
2021-06-06,35720.60435,6.689964657e+11,1.81038933,33488066.58,15261.2201,18857.87156,18728587.54,3104221.387
2021-06-07,33724.90775,6.31647921e+11,1.71255578,28033829.57,42534.82166,77273.0322,18729418.79,3069483.176
2021-06-08,33475.04892,6.26999384e+11,1.7042113,31173639.31,74685.3968,61440.79873,18730350.04,3082727.774
2021-06-09,37372.9889,7.000385954e+11,1.89766024,29431228.76,54077.64501,52530.6048,18731137.54,3084274.815
2021-06-10,36826.00222,6.898200719e+11,1.87120729,27159176.64,39868.28795,31238.42038,18731875.04,3092904.682
2021-06-11,37185.39313,6.965765404e+11,1.88860664,24402914.24,46081.07238,33288.25661,18732531.29,3105697.498
2021-06-12,35669.17128,6.682032943e+11,1.81254069,29427066.31,19163.65487,15931.76159,18733356.29,3108929.391
2021-06-13,38925.41943,7.292358645e+11,1.976225,32113471.03,27224.38078,20708.89768,18734181.29,3115444.874
2021-06-14,40455.59598,7.579366039e+11,2.04984505,34134409.11,55103.46665,44492.57226,18735025.04,3126055.769
2021-06-15,40254.65147,7.542048618e+11,2.03798688,32958495.89,53791.34972,83869.88206,18735843.79,3095977.236
2021-06-16,38265.54377,7.169666674e+11,1.937890111,29416636.78,66853.34385,53978.98114,18736612.54,3108851.599
2021-06-17,38018.64323,7.123714778e+11,1.927486815,30890147.63,45218.6707,46893.38888,18737425.04,3107176.881
2021-06-18,35714.31208,6.692219241e+11,1.812458657,27678591.86,65592.65542,48764.07375,18738200.04,3124005.463
2021-06-19,35555.9764,6.662778876e+11,1.805038478,22889159.81,26203.72236,27671.79975,18738843.79,3122537.385
2021-06-20,35599.94188,6.671251124e+11,1.807459745,23362461.86,27658.50417,25529.58279,18739500.04,3124666.307
2021-06-21,31715.15986,5.943470527e+11,1.6154985,20813073.66,61089.31834,59789.0224,18740156.29,3125966.603
2021-06-22,32394.55559,6.070974593e+11,1.651499802,18424403.49,62039.83733,54733.45748,18740725.04,3133272.982
2021-06-23,33610.49681,6.29906296e+11,1.713698227,21216626.11,48695.94523,50870.12534,18741356.29,3131098.802
2021-06-24,34658.97288,6.495789044e+11,1.766672167,22744950.95,32821.66252,29620.71968,18742012.54,3134299.745
2021-06-25,31683.5032,5.938343968e+11,1.630917169,21782408.45,42106.80892,46749.0923,18742700.04,3129657.462
2021-06-26,31890.67645,5.97735122e+11,1.643033945,17739188.77,30431.18614,25934.48635,18743256.29,3134154.162
2021-06-27,34506.4912,6.467765169e+11,1.776255857,12508603.06,22489.88066,20669.89662,18743618.79,3135974.146
2021-06-28,34376.18854,6.443530804e+11,1.769776037,18906903.7,31258.35741,30151.79502,18744168.79,3137080.708
2021-06-29,35933.77822,6.73569017e+11,1.849675863,20212750.25,28425.53339,31368.07399,18744731.29,3134138.167
2021-06-30,35065.46615,6.573120267e+11,1.805586335,19286006.38,27178.63988,34394.73014,18745281.29,3126922.077
2021-07-01,33505.08049,6.280822616e+11,1.727368167,20103048.3,18964.1523,29525.84019,18745881.29,3116360.389
2021-07-02,33782.94595,6.333100973e+11,1.746141242,19002907.09,23156.69021,22598.78806,18746443.79,3116918.291
2021-07-03,34588.22429,6.48433657e+11,1.787452031,27454403.03,15725.98445,9723.077046,18747237.54,3122921.199
2021-07-04,35355.60789,6.628453914e+11,1.826544706,25411843.17,10486.7508,13856.06687,18747956.29,3119551.883
2021-07-05,33911.75384,6.35804056e+11,1.752492211,27977196.92,24201.19127,18888.78621,18748781.29,3124864.288
2021-07-06,34123.98157,6.398133523e+11,1.76378573,30285033.64,21127.06853,22140.32695,18749668.79,3123851.029
2021-07-07,33931.61864,6.36232696e+11,1.753796589,26084931.83,19934.7821,27909.42043,18750437.54,3115876.391
2021-07-08,32819.65953,6.154114883e+11,1.697989573,28512079.22,26634.23924,38728.09312,18751306.29,3103782.537
2021-07-09,33914.88107,6.359760907e+11,1.754049013,27767808.88,27079.91872,23876.5868,18752125.04,3106985.869
2021-07-10,33610.94584,6.303104802e+11,1.738516988,33821014.25,11277.16651,10968.89115,18753131.29,3107294.144
2021-07-11,34258.44139,6.424798137e+11,1.771750243,26764407.34,14203.64245,15252.70192,18753912.54,3106245.085
2021-07-12,33135.23591,6.214414104e+11,1.713116506,26093998.28,30574.83736,28760.26801,18754700.04,3108059.654
2021-07-13,32641.97596,6.122182136e+11,1.68881147,27745679.57,29957.12268,30790.09503,18755550.04,3107226.682
2021-07-14,32798.28452,6.151847148e+11,1.697934967,34848177.3,31123.09643,28194.60994,18756612.54,3110155.168
2021-07-15,31707.69004,5.947542228e+11,1.643649164,25366152.03,31329.81998,33044.39094,18757412.54,3108440.597
2021-07-16,31455.71758,5.900573613e+11,1.632214526,29489735.23,24589.511,26293.9164,18758350.04,3106736.192
2021-07-17,31547.9512,5.918157077e+11,1.630400403,28195981.38,91983.62091,62656.93198,18759243.79,3136062.881
2021-07-18,31707.70385,5.948410836e+11,1.63925822,28536933.47,29326.34469,11879.78039,18760143.79,3153509.445
2021-07-19,30883.46975,5.79411147e+11,1.59772575,32813686.61,33116.27346,24955.27384,18761206.29,3161670.445
2021-07-20,29766.65772,5.584811032e+11,1.540648216,22697076.51,34438.51735,37693.49723,18761968.79,3158415.465
2021-07-21,32119.65723,6.02657115e+11,1.661721371,29108439.36,28995.11144,31747.97638,18762875.04,3155662.6
2021-07-22,32306.96143,6.062023738e+11,1.670492594,30893531.87,27815.58479,23534.29509,18763831.29,3159943.89
2021-07-23,33439.5957,6.274831469e+11,1.732406654,28214658.87,21996.31001,21375.921,18764675.04,3160564.279
2021-07-24,34166.91465,6.411639364e+11,1.769606297,32885655.36,16433.81807,12820.93924,18765637.54,3164177.158
2021-07-25,35119.93744,6.590815999e+11,1.818484877,33583440.17,11055.48594,15963.22644,18766593.79,3159269.417
2021-07-26,37444.78251,7.027461275e+11,1.930109454,35104483.6,50923.34811,39952.27982,18767531.29,3170240.485
2021-07-27,39126.54029,7.343501412e+11,2.001791162,41571949.06,43029.21212,37727.44198,18768593.79,3175542.256
2021-07-28,39939.19404,7.496416997e+11,2.033833059,39190334.15,73667.00065,105487.0267,18769575.04,3143722.229
2021-07-29,40086.1644,7.52440357e+11,2.017407304,40086164.4,28512.3437,54506.5609,18770575.04,3117728.012
2021-07-30,41789.6671,7.844594391e+11,2.099162197,43356779.61,26942.45275,27890.84987,18771612.54,3116779.615
2021-07-31,41793.31375,7.845691635e+11,2.098153113,41270897.33,13808.55847,14251.57942,18772600.04,3116336.594
2021-08-01,39968.96895,7.503599384e+11,2.00683847,38470132.62,18182.39767,12852.52931,18773562.54,3121666.463
2021-08-02,39304.18628,7.379147275e+11,1.972933571,35128116.49,27723.68195,23573.68476,18774456.29,3125816.46
2021-08-03,38288.8254,7.188923215e+11,1.922865035,40442571.83,34408.67142,31385.32083,18775512.54,3128839.81
2021-08-04,39773.91135,7.468093792e+11,1.995697933,33807824.65,23768.07054,38947.94966,18776362.54,3113659.931
2021-08-05,40941.65043,7.687762133e+11,2.052274774,40941650.43,30220.6768,23337.17956,18777362.54,3120543.428
2021-08-06,42790.35733,8.035325758e+11,2.140827817,42522917.6,55404.27186,46353.04969,18778356.29,3129594.651
2021-08-07,44484.90059,8.35399744e+11,2.222890074,46431114.99,16754.20105,14761.01182,18779400.04,3131587.84
2021-08-08,43972.30102,8.258168543e+11,2.195821363,43422647.26,26839.74148,21944.7594,18780387.54,3136482.822
2021-08-09,46265.64246,8.689306476e+11,2.30368441,43952360.33,39024.26417,45283.17928,18781337.54,3130223.907
2021-08-10,45488.79126,8.543872534e+11,2.261488525,46910315.99,27808.62534,20456.6866,18782368.79,3137575.846
2021-08-11,45676.32636,8.579515719e+11,2.268172978,41965124.84,27036.93439,37954.877,18783287.54,3126657.903
2021-08-12,44405.74835,8.341278477e+11,2.203436995,41907925,27002.78598,19398.94665,18784231.29,3134261.742
2021-08-13,47717.48536,8.963786309e+11,2.362590119,42349268.25,25731.34798,22908.44754,18785118.79,3137084.643
2021-08-14,47124.20507,8.852820926e+11,2.327809478,48302310.2,17713.03913,13855.82223,18786143.79,3140941.86
2021-08-15,47074.37071,8.843994442e+11,2.323985756,53547096.68,17795.63565,16040.09363,18787281.29,3142697.402
2021-08-16,45984.71991,8.639741402e+11,2.268193062,46272124.41,22855.4089,20743.13185,18788287.54,3144809.679
2021-08-17,44714.0968,8.401493755e+11,2.204708913,48067654.06,19110.41411,19267.95697,18789362.54,3144652.136
2021-08-18,44954.36375,8.447017686e+11,2.213680688,37930244.41,30732.95159,26250.81869,18790206.29,3149134.269
2021-08-19,46646.8615,8.765490482e+11,2.293129662,44897604.2,20978.93287,22419.51215,18791168.79,3147693.689
2021-08-20,49240.8356,9.253420942e+11,2.4144993,49240835.6,34871.95015,42486.7671,18792168.79,3140078.873
2021-08-21,49070.24097,9.221883881e+11,2.40326137,52137131.03,30427.31964,23122.39003,18793231.29,3147383.802
2021-08-22,49363.3161,9.277468142e+11,2.414996576,50597399,12210.83061,12744.70315,18794256.29,3146849.93
2021-08-23,49590.87637,9.32084699e+11,2.420040085,61058766.53,43235.99786,27064.05204,18795487.54,3163021.875
2021-08-24,47925.86221,9.008360748e+11,2.337946351,46128642.38,22217.40005,22258.71963,18796450.04,3162980.556
2021-08-25,49002.3166,9.211185984e+11,2.379019546,49002316.6,30434.18724,57051.9385,18797450.04,3136362.805
2021-08-26,47190.34499,8.871012137e+11,2.287786762,43061189.81,46536.4014,20448.01114,18798362.54,3162451.195
2021-08-27,49048.47559,9.22075783e+11,2.375147501,44756733.98,21470.60419,22428.37206,18799275.04,3161493.427
2021-08-28,48852.4688,9.184340487e+11,2.363961726,43051238.13,12503.49525,11359.04131,18800156.29,3162637.881
2021-08-29,48948.34796,9.202843165e+11,2.367277866,47724639.26,12448.8716,11504.57692,18801131.29,3163582.176
2021-08-30,47125.76852,8.860575236e+11,2.277961082,39762367.19,24718.66908,20799.36118,18801975.04,3167501.483
2021-08-31,47219.24434,8.87857551e+11,2.280110865,42497319.91,30002.39745,32442.87519,18802875.04,3165061.006
2021-09-01,48688.53756,9.155261773e+11,2.346384602,41689560.28,33629.86236,33162.37784,18803731.29,3165528.49
2021-09-02,49369.58627,9.283784098e+11,2.375035052,45975427.22,35231.26231,47227.60935,18804662.54,3153532.143
2021-09-03,49860.53416,9.376566401e+11,2.395390356,46120994.1,22238.54292,37341.14931,18805587.54,3138429.537
2021-09-04,49919.57756,9.388153456e+11,2.395772282,48359590.76,12986.35516,19540.29228,18806556.29,3131875.6
2021-09-05,51747.64386,9.732480185e+11,2.480946696,53041334.95,14240.92142,12255.50163,18807581.29,3133861.019
2021-09-06,52640.58837,9.900987338e+11,2.519313779,56588632.5,21977.80414,29559.90088,18808656.29,3126278.923
2021-09-07,46854.4006,8.813131213e+11,2.245742481,44804520.58,40599.68077,44482.13377,18809612.54,3122396.47
2021-09-08,46187.97573,8.688189194e+11,2.213572688,40991828.46,29901.14703,34577.69388,18810500.04,3117719.923
2021-09-09,46448.77483,8.737644527e+11,2.22209426,39771763.45,25959.4513,26141.92281,18811356.29,3117537.451
2021-09-10,44765.27558,8.421335989e+11,2.142454311,38050484.24,29211.02951,76630.46488,18812206.29,3070118.016
2021-09-11,45098.59164,8.484457257e+11,2.157808263,41716197.27,11441.52324,13005.67856,18813131.29,3068553.861
2021-09-12,46180.61246,8.688443537e+11,2.208217016,42428437.69,9597.006475,10325.02583,18814050.04,3067825.841
2021-09-13,44991.52213,8.465174591e+11,2.151863481,44710325.11,29787.18536,32004.76627,18815043.79,3065608.26
2021-09-14,47022.61776,8.847819861e+11,2.245175277,49373748.65,22331.40869,23203.52538,18816093.79,3064736.144
2021-09-15,48167.18937,9.063611012e+11,2.293761213,42748380.56,19300.35804,33834.19753,18816981.29,3050202.304
2021-09-16,47797.32832,8.994420606e+11,2.273981867,40627729.08,21374.58638,26259.71217,18817831.29,3045317.178
2021-09-17,47213.79413,8.885045903e+11,2.244949538,43377673.36,19455.46411,21877.66174,18818750.04,3042894.981
2021-09-18,48204.01365,9.071859816e+11,2.290426706,46697638.23,11495.60221,11553.74359,18819718.79,3042836.839
2021-09-19,47218.474,8.886856209e+11,2.242941684,47218474,10116.21138,10987.90965,18820718.79,3041965.141
2021-09-20,42855.51034,8.066154358e+11,2.040586288,43926898.1,36259.46063,30202.86378,18821743.79,3048021.738
2021-09-21,40526.48938,7.628103546e+11,1.933233184,31154738.71,26618.36873,20936.65194,18822512.54,3053703.455
2021-09-22,43577.57248,8.202759008e+11,2.075944472,36496216.95,19793.27831,19710.46172,18823350.04,3053786.271
2021-09-23,44861.29803,8.444861794e+11,2.135308888,46263213.6,19073.95753,20276.40155,18824381.29,3052583.827
2021-09-24,42803.3077,8.057853778e+11,2.038939778,39593059.62,31189.47504,31457.30477,18825306.29,3052315.998
2021-09-25,42735.26582,8.045429304e+11,2.03566654,38461739.24,10340.41327,12186.22161,18826206.29,3050470.189
2021-09-26,43131.29418,8.120361122e+11,2.040529522,37470311.82,24760.56625,17605.66745,18827075.04,3057625.088
2021-09-27,42496.78523,8.001313333e+11,2.010425565,41168760.69,20190.84497,24180.74228,18828043.79,3053635.191
2021-09-28,41223.78627,7.762024159e+11,1.951689041,39162596.96,19173.57008,22463.27424,18828993.79,3050345.487
2021-09-29,41453.94701,7.805697923e+11,1.962665364,33681331.95,19013.82611,17045.02336,18829806.29,3052314.289
2021-09-30,43781.54602,8.244448222e+11,2.069864321,46791527.3,25246.85222,23027.81586,18830875.04,3054533.326
2021-10-01,48078.13155,9.053953559e+11,2.265656267,42068365.11,25049.53738,26113.07414,18831750.04,3053469.789
2021-10-02,47792.43919,9.000714249e+11,2.248711046,56156116.05,14220.16016,13656.19252,18832925.04,3054033.757
2021-10-03,48202.62292,9.078415742e+11,2.266397741,45189958.99,13465.64382,14013.96586,18833862.54,3053485.435
2021-10-04,49288.50131,9.283409149e+11,2.312842621,48056288.78,22860.6095,22811.49894,18834837.54,3053534.545
2021-10-05,51558.04933,9.711403302e+11,2.411845064,52847000.57,29565.36882,30492.47787,18835862.54,3052607.436
2021-10-06,55419.80041,1.043925118e+12,2.572944325,45374961.59,37354.21332,34311.59945,18836681.29,3055650.05
2021-10-07,53805.15691,1.013558008e+12,2.49002671,47415794.53,27940.5902,26941.58436,18837562.54,3056649.056
2021-10-08,53933.52759,1.016016649e+12,2.492000788,40450145.69,24034.41767,20434.54283,18838312.54,3060248.931
2021-10-09,55010.92248,1.036364524e+12,2.538238579,51572739.82,12392.92832,12365.69321,18839250.04,3060276.166
2021-10-10,54701.2797,1.030585445e+12,2.520123659,54359396.7,11138.24086,11866.91346,18840243.79,3059547.493
2021-10-11,57289.18646,1.079394516e+12,2.631558647,52276382.64,21964.38405,21274.97958,18841156.29,3060236.898
2021-10-12,56196.18126,1.058848098e+12,2.574418653,47064301.81,31808.1389,23385.86951,18841993.79,3068659.167
2021-10-13,57348.89288,1.080628058e+12,2.620098281,60574768.1,24637.17778,27172.18303,18843050.04,3066124.162
2021-10-14,57384.03691,1.081339414e+12,2.613922367,49135081.61,23695.39702,25054.57104,18843906.29,3064764.988
2021-10-15,61446.08401,1.157938398e+12,2.783786506,54149361.53,35644.71874,37661.07906,18844787.54,3062748.627
2021-10-16,60932.06321,1.148302436e+12,2.755061819,50649777.54,22572.77846,14916.16998,18845618.79,3070405.236
2021-10-17,61462.22237,1.158355075e+12,2.775039218,61462222.37,13052.9354,15268.95084,18846618.79,3068189.22
2021-10-18,61977.05755,1.168115306e+12,2.778276504,57328778.24,30899.42975,28466.69041,18847543.79,3070621.96
2021-10-19,64290.89776,1.211787793e+12,2.868438511,62281807.2,39286.3258,42647.9541,18848512.54,3067260.332
2021-10-20,66061.79656,1.245228121e+12,2.928317327,61520048.05,28123.72724,28117.17277,18849443.79,3067266.886
2021-10-21,62373.88562,1.175770747e+12,2.75659226,57695844.2,52574.79447,52355.09523,18850368.79,3067486.585
2021-10-22,60750.96737,1.145238131e+12,2.683021944,59991580.28,24200.40087,27777.07578,18851356.29,3063909.91
2021-10-23,61250.08263,1.154702638e+12,2.702488997,55507887.38,17821.02772,16201.49328,18852262.54,3065529.445
2021-10-24,60865.44705,1.14750959e+12,2.679080717,58202583.74,11913.32618,21918.19922,18853218.79,3055524.504
2021-10-25,63031.6729,1.188421619e+12,2.761945353,71698527.93,18801.82001,33245.71014,18854356.29,3041080.614
2021-10-26,60393.98027,1.138746241e+12,2.643400964,56619356.51,22701.1748,24830.33013,18855293.79,3038951.459
2021-10-27,58563.33599,1.104286371e+12,2.563731148,57465273.44,28198.10651,28019.72385,18856275.04,3039129.841
2021-10-28,60564.57211,1.142080144e+12,2.644475567,57914872.08,39602.05996,31850.20536,18857231.29,3046881.696
2021-10-29,62230.80557,1.173567203e+12,2.709231627,66509173.45,33461.13596,32955.46409,18858300.04,3047387.368
2021-10-30,61742.91653,1.164426259e+12,2.685448439,59813450.39,13532.54004,14761.04379,18859268.79,3046158.864
2021-10-31,61432.97006,1.158634265e+12,2.660031269,53369892.74,13870.50449,35012.39179,18860137.54,3025016.977
2021-11-01,61092.09506,1.152261826e+12,2.639313473,56510187.93,23875.58361,19453.23879,18861062.54,3029439.322
2021-11-02,63024.74723,1.188775936e+12,2.705646798,62236937.89,33291.67531,35021.7048,18862050.04,3027709.292
2021-11-03,62955.98176,1.187542228e+12,2.69266775,63349456.65,35664.22258,36211.07055,18863056.29,3027162.444
2021-11-04,61393.88998,1.158131273e+12,2.624435939,54870789.17,21003.47423,24401.30464,18863950.04,3023764.614
2021-11-05,61005.84083,1.150870233e+12,2.601770641,59099408.31,21792.07011,22693.82117,18864918.79,3022862.863
2021-11-06,61455.05363,1.159403747e+12,2.617491648,59150489.12,12059.12888,17700.79872,18865881.29,3017221.193
2021-11-07,63043.82906,1.189437681e+12,2.682304639,60285661.54,10566.00842,9851.983886,18866837.54,3017935.217
2021-11-08,67541.75551,1.274356317e+12,2.854649565,56988356.21,38913.37419,32437.92136,18867681.29,3024410.67
2021-11-09,67095.58567,1.266001867e+12,2.825348775,63740806.39,23881.80706,28281.72714,18868631.29,3020010.75
2021-11-10,64756.07797,1.221918863e+12,2.721054646,60304097.61,31396.49767,30929.96468,18869562.54,3020477.283
2021-11-11,64962.93129,1.225886246e+12,2.723236415,64150894.65,20479.87417,24809.92405,18870550.04,3016147.233
2021-11-12,64078.96804,1.209262243e+12,2.650242501,56870084.13,23723.2169,22682.78791,18871437.54,3017187.662
2021-11-13,64397.79121,1.215340475e+12,2.661045966,61580387.84,10481.37616,10438.9825,18872393.79,3017230.056
2021-11-14,65032.22565,1.227377585e+12,2.684880108,63812871.42,14887.57738,12270.06161,18873375.04,3019847.572
2021-11-15,63753.50316,1.203303943e+12,2.626068388,60167368.61,20540.51821,16415.28201,18874318.79,3023972.808
2021-11-16,60322.49785,1.138602607e+12,2.481173721,56552341.74,31932.46886,37408.88476,18875256.29,3018496.392
2021-11-17,60154.30837,1.135484006e+12,2.470657927,56018699.67,32772.81164,37260.40174,18876187.54,3014008.802
2021-11-18,56794.15563,1.072108248e+12,2.337640429,51114740.06,63512.35978,49771.54859,18877087.54,3027749.613
2021-11-19,58014.07299,1.095186409e+12,2.386217,49674550,35976.72418,33761.50193,18877943.79,3029964.835
2021-11-20,59749.47382,1.128001356e+12,2.455017801,54147960.65,14095.91804,12163.30583,18878850.04,3031897.447
2021-11-21,59032.6241,1.11451676e+12,2.42487988,48701914.88,14647.25847,15010.85167,18879675.04,3031533.854
2021-11-22,56383.56588,1.064553089e+12,2.319018826,49688017.43,42621.89132,37012.71305,18880556.29,3037143.032
2021-11-23,57642.2658,1.088365599e+12,2.368765838,47554869.28,32120.51229,31002.04582,18881381.29,3038261.499
2021-11-24,57141.83038,1.078972758e+12,2.346842971,56070421.06,28832.63148,24736.16833,18882362.54,3042357.962
2021-11-25,59008.65548,1.11427077e+12,2.40492321,47944532.58,30387.13085,37964.61286,18883175.04,3034780.48
2021-11-26,53800.61784,1.01597087e+12,2.198435955,44385509.72,62737.3515,42255.25399,18884000.04,3055262.578
2021-11-27,54635.88246,1.031792838e+12,2.232729652,48830819.95,12291.41597,13388.22911,18884893.79,3054165.764
2021-11-28,57248.5697,1.081182893e+12,2.336711996,49734694.92,12337.7951,11087.2794,18885762.54,3055416.28
2021-11-29,57920.71073,1.093928556e+12,2.359439083,51766635.21,27076.20763,29574.60535,18886656.29,3052917.882
2021-11-30,57097.01279,1.078419475e+12,2.324578694,47818748.22,31813.92748,26068.1883,18887493.79,3058663.622
2021-12-01,57180.60984,1.080047374e+12,2.324286206,48960897.18,29227.6753,28349.4661,18888350.04,3059541.831
2021-12-02,56582.89377,1.068812319e+12,2.300196624,54814678.34,28010.17884,29180.27554,18889318.79,3058371.734
2021-12-03,53671.61607,1.013876621e+12,2.184991514,56355196.87,30694.85448,29734.94653,18890368.79,3059331.642
2021-12-04,49159.7358,9.286931625e+11,2.00916696,47623494.05,49571.97452,52402.64236,18891337.54,3056500.974
2021-12-05,49327.0936,9.31905952e+11,2.016818311,51176859.61,26334.39886,30151.98311,18892375.04,3052683.39
2021-12-06,50535.42522,9.547885318e+11,2.067537538,54325582.12,49893.3652,41951.57648,18893450.04,3060625.179
2021-12-07,50574.47283,9.555749538e+11,2.064377234,48677930.1,24980.86977,42032.2141,18894412.54,3043573.834
2021-12-08,50500.65435,9.542332226e+11,2.061718658,53025687.07,27102.75115,25475.96023,18895462.54,3045200.625
2021-12-09,47937.82285,9.058561726e+11,1.960546628,48836657.02,25184.60477,23987.31525,18896481.29,3046397.915
2021-12-10,47437.22897,8.964429611e+11,1.941373723,46251298.25,35363.69912,25801.65387,18897456.29,3055959.96
2021-12-11,49321.76933,9.321025275e+11,2.016910635,46547419.8,12110.69076,14048.48857,18898400.04,3054022.162
2021-12-12,50136.57226,9.475448687e+11,2.049751176,43869500.72,9472.471135,11735.45471,18899275.04,3051759.179
2021-12-13,46785.32784,8.842500083e+11,1.915299898,41229570.16,28650.99803,28797.72314,18900156.29,3051612.454
2021-12-14,48292.68225,9.12783913e+11,1.974877505,44670731.08,26514.8808,26666.391,18901081.29,3051460.943
2021-12-15,48830.62239,9.229945952e+11,1.995926978,43031985.98,26746.02972,28959.85525,18901962.54,3049247.118
2021-12-16,47663.46911,9.009673658e+11,1.948719732,34258118.42,24677.73012,25716.82663,18902681.29,3048208.021
2021-12-17,46334.48375,8.758891281e+11,1.896526938,43148987.99,27363.15843,32830.27309,18903612.54,3042740.907
2021-12-18,46904.87368,8.867090822e+11,1.919525856,37523898.94,17191.31833,11988.81693,18904412.54,3047943.408
2021-12-19,46876.42692,8.862149667e+11,1.91824919,43653672.57,10342.28611,12662.86291,18905343.79,3045622.831
2021-12-20,46954.76348,8.877382055e+11,1.922187344,42259287.13,31821.76523,27532.86841,18906243.79,3049911.728
2021-12-21,49082.06247,9.280068276e+11,2.007205378,49388825.36,29337.04856,28115.34685,18907250.04,3051133.43
2021-12-22,48692.09874,9.206787261e+11,1.990870318,45040191.33,25556.86253,26993.88869,18908175.04,3049696.404
2021-12-23,50712.97077,9.589379055e+11,2.070150566,48177322.23,33864.67401,26044.37149,18909125.04,3057516.706
2021-12-24,50783.83442,9.603258024e+11,2.071634649,47927243.73,26126.99549,20952.18502,18910068.79,3062691.517
2021-12-25,50590.4509,9.567153866e+11,2.064057745,46479976.76,28822.15612,14502.38227,18910987.54,3077011.29
2021-12-26,50798.30659,9.606886866e+11,2.071542317,42543581.77,12420.24872,11682.93744,18911825.04,3077748.602
2021-12-27,50796.37767,9.60699194e+11,2.07071836,46986649.35,31227.10955,20480.80624,18912750.04,3088494.905
2021-12-28,47673.04405,9.016682919e+11,1.945824587,39926174.39,26182.34312,23833.33662,18913587.54,3090843.912
2021-12-29,46470.32158,8.789626089e+11,1.898459996,42113728.93,28627.64041,34278.40652,18914493.79,3085193.145
2021-12-30,47102.463,8.909542765e+11,1.923609297,35032456.86,27772.63548,38180.49138,18915237.54,3074785.29
2021-12-31,46355.11733,8.768612238e+11,1.893385603,43168203.01,23687.27613,32636.95865,18916168.79,3065835.607
2022-01-01,47560.00938,8.997042922e+11,1.941966039,51127010.09,15262.18634,17038.35706,18917243.79,3064059.436
2022-01-02,47352.55776,8.958266399e+11,1.933497097,46760650.78,10951.30257,9472.138571,18918231.29,3065538.6
2022-01-03,46453.43235,8.788574243e+11,1.897502355,40646753.31,23410.19087,16811.8116,18919106.29,3072136.98
2022-01-04,45905.96112,8.68541934e+11,1.876886229,42176101.78,27537.83883,28242.35665,18920025.04,3071432.462
2022-01-05,43530.94404,8.236473615e+11,1.782277171,40810260.04,26123.91808,27766.00136,18920962.54,3069790.378
2022-01-06,43144.96529,8.163836419e+11,1.768057799,39369780.83,31196.02336,27991.92399,18921875.04,3072994.478
2022-01-07,41512.78458,7.855360461e+11,1.704571291,36323686.51,33985.79444,28246.67386,18922750.04,3078733.598
2022-01-08,41799.81288,7.910050308e+11,1.716992994,37619831.6,16385.7911,15388.41209,18923650.04,3079730.977
2022-01-09,41886.49856,7.926823526e+11,1.720820661,36912476.85,13689.69288,11610.22591,18924531.29,3081810.444
2022-01-10,41816.95106,7.914033113e+11,1.718638591,37112544.06,26663.61062,26972.94663,18925418.79,3081501.108
2022-01-11,42768.17861,8.094479247e+11,1.758039861,42233576.38,24452.99252,36959.58542,18926406.29,3068994.516
2022-01-12,43961.02654,8.320624405e+11,1.80559705,38191141.81,24765.05355,21593.77328,18927275.04,3072165.796
2022-01-13,42626.86539,8.068580942e+11,1.752041588,47688805.66,31033.03702,26996.88509,18928393.79,3076201.948
2022-01-14,43102.64762,8.159067208e+11,1.771675205,42833256.07,25254.96344,20887.46171,18929387.54,3080569.449
2022-01-15,43206.67448,8.179207125e+11,1.775752275,44826924.77,11394.45645,10623.73998,18930425.04,3081340.166
2022-01-16,43168.85967,8.17252078e+11,1.774015356,47215940.26,8431.530576,10962.12789,18931518.79,3078809.569
2022-01-17,42211.2704,7.991659339e+11,1.73630676,42475090.84,21879.51991,29537.71773,18932525.04,3071151.371
2022-01-18,42431.23197,8.033664283e+11,1.745911521,36066547.17,19987.31325,23868.81296,18933375.04,3067269.871
2022-01-19,41787.72201,7.91227796e+11,1.721981469,45182974.43,24234.04869,29943.12654,18934456.29,3061560.793
2022-01-20,40756.12616,7.717381381e+11,1.68157464,43048658.26,33934.31061,26870.66102,18935512.54,3068624.443
2022-01-21,36492.28722,6.910307247e+11,1.514790775,30562290.55,57541.20424,43760.21109,18936350.04,3082405.436
2022-01-22,34996.39097,6.62733219e+11,1.455165903,29309477.43,38182.29497,38519.96298,18937187.54,3082067.768
2022-01-23,36271.05027,6.86903645e+11,1.508378976,31963863.05,25204.49928,22016.71724,18938068.79,3085255.55
2022-01-24,36659.72522,6.942987666e+11,1.526343092,34368492.39,57850.31762,51837.11967,18939006.29,3091268.748
2022-01-25,36952.58677,6.998803783e+11,1.538880545,35104957.43,27861.61707,27539.14495,18939956.29,3091591.22
2022-01-26,36825.8246,6.975094293e+11,1.53466,29920982.49,29294.43354,35515.90321,18940768.79,3085369.75
2022-01-27,37021.93713,7.012542631e+11,1.543763851,30311711.03,27527.59096,39301.99077,18941587.54,3073595.351
2022-01-28,37768.84748,7.154382834e+11,1.576577931,36352515.7,33418.2125,30989.36143,18942550.04,3076024.202
2022-01-29,38088.29123,7.215248323e+11,1.592485103,35469721.21,24889.37318,38680.56579,18943481.29,3062233.009
2022-01-30,37983.50638,7.195745025e+11,1.589486377,34659949.58,38212.81704,31243.60202,18944393.79,3069202.224
2022-01-31,38462.6724,7.286863883e+11,1.609690053,34376013.46,24010.73904,25918.18718,18945287.54,3067294.776
2022-02-01,38787.96408,7.348864661e+11,1.614527745,37333415.43,26950.57627,23788.62672,18946250.04,3070456.725
2022-02-02,36942.33075,6.999539616e+11,1.539179072,35326103.78,18229.08428,19520.59719,18947206.29,3069165.213
2022-02-03,37057.65219,7.021730274e+11,1.54477126,34046717.95,25725.9959,23264.20834,18948125.04,3071627
2022-02-04,41079.90609,7.784205746e+11,1.709053358,33377423.7,25031.15125,24219.50955,18948937.54,3072438.642
2022-02-05,41508.58169,7.865743939e+11,1.726159972,30872007.63,13264.00891,15240.13149,18949681.29,3070462.519
2022-02-06,42358.22517,8.027161663e+11,1.760874145,41299269.54,17488.61241,12405.84394,18950656.29,3075545.288
2022-02-07,43888.98012,8.317622828e+11,1.821609827,37305633.1,26721.61882,31787.92394,18951506.29,3070478.983
2022-02-08,44167.44479,8.37082119e+11,1.831529737,42511165.61,32531.73119,34364.93122,18952468.79,3068645.783
2022-02-09,44405.0732,8.416246185e+11,1.840095004,38854439.05,19296.11425,22195.88461,18953343.79,3065746.012
2022-02-10,43614.3427,8.26677702e+11,1.806667831,40070677.35,21236.19609,31128.87243,18954262.54,3055853.336
2022-02-11,42357.32174,8.028893889e+11,1.754236924,37592123.05,20654.08901,19980.71083,18955150.04,3056526.714
2022-02-12,42173.4594,7.994533852e+11,1.74595059,49290230.67,13134.7099,10933.71436,18956315.1,3058727.71
2022-02-13,42195.59475,7.99914658e+11,1.746704565,41668149.81,8811.261114,7857.702565,18957302.6,3059681.268
2022-02-14,42646.16186,8.084969755e+11,1.76513169,40780392.28,17033.28397,19963.89756,18958258.85,3056750.654
2022-02-15,44511.90849,8.439169679e+11,1.839746953,48684899.91,36424.57675,37179.43265,18959352.6,3055995.799
2022-02-16,44065.70927,8.355002836e+11,1.820760197,42964066.54,22561.66162,23380.26128,18960327.6,3055177.199
2022-02-17,40610.02426,7.700192124e+11,1.680750156,39848586.31,20756.98348,24405.56311,18961308.85,3051528.619
2022-02-18,40044.22049,7.593242024e+11,1.658393383,33537034.66,27193.11499,30195.16699,18962142.18,3048526.567
2022-02-19,40095.88733,7.603412557e+11,1.66063285,37339295.08,12374.6169,11328.53021,18963073.43,3049572.654
2022-02-20,38551.6225,7.310919448e+11,1.597672366,34696460.25,12792.87889,12570.38332,18963973.43,3049795.15
2022-02-21,37098.03601,7.035546883e+11,1.539359594,28519115.18,25959.97581,24114.74639,18964742.18,3051640.379
2022-02-22,38202.59408,7.245386399e+11,1.585255942,36292464.38,23398.90392,23376.67134,18965692.18,3051662.612
2022-02-23,37308.26873,7.076121172e+11,1.548559725,34976501.94,20537.3048,22551.86247,18966629.68,3049648.054
2022-02-24,38283.7904,7.261460595e+11,1.58900585,31584127.08,45903.30134,39506.36989,18967454.68,3056044.985
2022-02-25,39323.77022,7.459047631e+11,1.632120547,32933657.56,30156.10161,30095.2231,18968292.18,3056105.864
2022-02-26,39056.57815,7.40867099e+11,1.621580052,30512951.68,13174.97004,11651.3866,18969073.43,3057629.447
2022-02-27,37664.77928,7.144979791e+11,1.564733721,32015062.39,13555.22257,15692.58132,18969923.43,3055492.089
2022-02-28,43179.25451,8.19148712e+11,1.785886675,41560032.47,31388.81379,32664.18049,18970885.93,3054216.722
2022-03-01,44334.45758,8.411088263e+11,1.831088159,44888638.3,35483.56666,34148.63667,18971898.43,3055551.652
2022-03-02,43984.58493,8.345084647e+11,1.815856076,37386897.19,29420.92368,32233.42251,18972748.43,3052739.153
2022-03-03,42492.77446,8.062440257e+11,1.753487693,39305816.37,30215.84083,26499.66074,18973673.43,3056455.333
2022-03-04,39106.40522,7.420261353e+11,1.617160596,33973689.53,26869.24666,28497.73883,18974542.18,3054826.841
2022-03-05,39383.88484,7.473214606e+11,1.628628591,30276361.47,11428.50453,11330.609,18975310.93,3054924.736
2022-03-06,38399.34263,7.286709054e+11,1.588284556,31439461.78,9628.226485,10509.56871,18976129.68,3054043.394
2022-03-07,38146.73427,7.239126622e+11,1.578754464,35285729.2,21692.14416,19354.431,18977054.68,3056381.107
2022-03-08,38725.47726,7.349313206e+11,1.603838312,35821066.47,24020.37739,25680.43015,18977979.68,3054721.055
2022-03-09,41989.40282,7.969102494e+11,1.735654059,36215859.93,23189.75006,26959.78347,18978842.18,3050951.022
2022-03-10,39482.25847,7.493633332e+11,1.630630593,35780796.74,31056.79798,60698.22368,18979748.43,3021309.596
2022-03-11,38825.36442,7.369291364e+11,1.605299074,33486876.81,22283.64733,20157.69444,18980610.93,3023435.549
2022-03-12,38951.13002,7.393542215e+11,1.610487026,37977351.77,8481.711363,9619.815335,18981585.93,3022297.445
2022-03-13,37808.3174,7.176975073e+11,1.563583025,35681599.55,8951.468291,8993.484477,18982529.68,3022255.429
2022-03-14,39649.04532,7.526770941e+11,1.63892358,37914399.59,23019.64926,17989.91007,18983485.93,3027285.168
2022-03-15,39356.8139,7.471637142e+11,1.62739185,34191232.08,18920.44118,27980.65421,18984354.68,3018224.955
2022-03-16,41101.76858,7.803303701e+11,1.697348146,39817338.31,23925.78824,30904.86699,18985323.43,3011245.876
2022-03-17,40966.41693,7.778013857e+11,1.693080407,40710376.83,29248.77586,24066.08181,18986317.18,3016428.57
2022-03-18,41826.11607,7.941612883e+11,1.727490581,37382091.24,42927.13244,40630.87154,18987210.93,3018724.831
2022-03-19,42193.16154,8.011713326e+11,1.742021306,40874625.24,21157.18506,16848.00947,18988179.68,3023034.007
2022-03-20,41294.72351,7.841513761e+11,1.705071792,39746171.38,11207.47482,11824.75422,18989142.18,3022416.727
2022-03-21,41064.42965,7.79817561e+11,1.695351372,39267860.85,32618.24606,43574.96748,18990098.43,3011460.006
2022-03-22,42383.16952,8.049000303e+11,1.748109506,39469326.61,38867.39946,41756.96612,18991029.68,3008570.439
2022-03-23,42734.20004,8.116051891e+11,1.761428761,38727868.78,23335.50252,25597.99552,18991935.93,3006307.946
2022-03-24,43974.59359,8.352019663e+11,1.810651634,39302293.02,40792.10733,42359.00154,18992829.68,3004741.052
2022-03-25,44347.03428,8.423189073e+11,1.816863848,43238358.42,44740.99273,38883.48435,18993804.68,3010598.56
2022-03-26,44519.92686,8.456475934e+11,1.823441621,44798176.41,18814.42989,20428.9517,18994810.93,3008984.038
2022-03-27,46777.20563,8.885624756e+11,1.912928868,38298837.11,18785.40868,20920.55718,18995629.68,3006848.89
2022-03-28,47223.65289,8.970899509e+11,1.926069686,46928505.06,43670.72924,40726.76977,18996623.43,3009792.849
2022-03-29,47463.70968,9.016950133e+11,1.93185727,44793876.01,38543.73167,51012.26079,18997567.18,2997324.32
2022-03-30,47123.29715,8.952677636e+11,1.916462998,39760281.97,35564.50207,32017.84283,18998410.93,3000870.98
2022-03-31,45562.21067,8.656488986e+11,1.854211355,39297406.7,25887.47053,25499.43826,18999273.43,3001259.012
2022-04-01,46250.33629,8.787635435e+11,1.880179566,40758108.85,32525.63172,33960.66936,19000154.68,2999823.974
2022-04-02,45939.89735,8.729039174e+11,1.867666383,38761788.39,11560.54715,10496.03269,19000998.43,3000888.489
2022-04-03,46440.54385,8.824570461e+11,1.886983002,40345222.47,8659.088927,10801.33193,19001867.18,2998746.246
2022-04-04,46663.00418,8.867302874e+11,1.894586552,46079716.62,27810.07598,24723.33901,19002854.68,3001832.983
2022-04-05,45693.03506,8.683395145e+11,1.855218925,41409313.02,22814.21497,17540.57757,19003760.93,3007106.62
2022-04-06,43304.9372,8.22997272e+11,1.760916831,40598378.62,30008.6922,36691.17188,19004698.43,3000424.14
2022-04-07,43569.04717,8.280541807e+11,1.771822949,37578303.18,28490.34811,24523.49629,19005560.93,3004390.992
2022-04-08,42222.06898,8.024894656e+11,1.718699749,35360982.77,19610.24437,19873.16003,19006398.43,3004128.077
2022-04-09,42680.99474,8.112528051e+11,1.737109235,40813701.22,9476.615886,10015.17103,19007354.68,3003589.521
2022-04-10,42264.46339,8.033726275e+11,1.720498052,36981405.47,16871.81698,20767.40246,19008229.68,2999693.936
2022-04-11,39544.02518,7.516957728e+11,1.612532718,33859571.56,30114.41637,28611.3419,19009085.93,3001197.01
2022-04-12,40096.36697,7.622336275e+11,1.633029962,38342150.92,19603.40351,20672.56336,19010042.18,3000127.851
2022-04-13,41152.75545,7.823516257e+11,1.675448173,36008661.02,17534.88678,17608.19461,19010917.18,3000054.543
2022-04-14,39916.49638,7.588836349e+11,1.624100215,34427978.13,40638.91339,53395.2819,19011779.68,2987298.174
2022-04-15,40527.33196,7.705367269e+11,1.648615454,40020740.31,18793.19272,28545.06154,19012767.18,2977546.305
2022-04-16,40439.58812,7.68902342e+11,1.645198704,33868155.05,12244.69118,11558.21993,19013604.68,2978232.777
2022-04-17,39704.78398,7.549720121e+11,1.615563194,40945558.48,12156.06336,11225.91484,19014635.93,2979162.925
2022-04-18,40818.8786,7.761903015e+11,1.660587323,34185810.83,19809.98264,20640.90434,19015473.43,2978332.003
2022-04-19,41489.6638,7.889777541e+11,1.687159002,32154489.45,25630.63019,24417.43487,19016248.43,2979545.199
2022-04-20,41395.64458,7.87231257e+11,1.683056619,41395644.58,25051.05083,23785.19372,19017248.43,2980811.056
2022-04-21,40457.49594,7.694329844e+11,1.64219238,42733230.09,72371.39905,73267.6426,19018304.68,2979914.812
2022-04-22,39737.9735,7.557824164e+11,1.614479409,33528915.14,21011.15084,14668.89252,19019148.43,2986257.071
2022-04-23,39582.45487,7.528649091e+11,1.608260126,40324625.9,10050.10094,8900.616057,19020167.18,2987406.556
2022-04-24,39511.64569,7.515603347e+11,1.60550883,42228071.33,8974.292382,11052.81407,19021235.93,2985328.034
2022-04-25,40473.74832,7.699016954e+11,1.644601592,40979670.17,30641.79812,18504.01984,19022248.43,2997465.812
2022-04-26,38072.80087,7.242635903e+11,1.549627067,33313700.76,29678.15239,29357.71167,19023123.43,2997786.253
2022-04-27,39218.53762,7.461007515e+11,1.59609558,41669696.22,25589.57354,25829.07002,19024185.93,2997546.756
2022-04-28,39747.98943,7.562059333e+11,1.617507845,32792091.28,22570.61722,25755.87442,19025010.93,2994361.499
2022-04-29,38609.50591,7.345824683e+11,1.572635096,36196411.79,28866.22876,24878.85829,19025948.43,2998348.87
2022-04-30,37714.09498,7.175817831e+11,1.537292899,35356964.04,12044.99875,9847.994457,19026885.93,3000545.874
2022-05-01,38459.22698,7.317994665e+11,1.567381909,40141818.16,12956.20528,10026.349,19027929.68,3003475.73
2022-05-02,38566.06289,7.338708987e+11,1.57398313,38566062.89,29849.74969,33766.70785,19028929.68,2999558.772
2022-05-03,37704.40532,7.175098252e+11,1.540983434,35347879.98,30102.05224,33802.70275,19029867.18,2995858.122
2022-05-04,39641.85218,7.544153549e+11,1.618770612,36173190.11,45106.94444,32295.94648,19030779.68,3008669.119
2022-05-05,36502.02456,6.946978049e+11,1.493350507,35817611.6,50955.44861,43742.77577,19031760.93,3015881.792
2022-05-06,36042.99956,6.859937389e+11,1.476077963,31988162.11,67837.4849,51755.06646,19032648.43,3031964.211
2022-05-07,35508.71102,6.75856549e+11,1.454866736,31735910.48,17352.52344,16022.23703,19033542.18,3033294.497
2022-05-08,34058.90669,6.482946316e+11,1.397053308,32994565.85,35730.97012,28072.22873,19034510.93,3040953.239
2022-05-09,30457.92182,5.797811519e+11,1.257463701,29506111.76,149767.8257,65464.57138,19035479.68,3125256.493
2022-05-10,30990.73517,5.899531444e+11,1.282199872,29634890.5,50072.95478,47407.80156,19036435.93,3127921.646
2022-05-11,28796.55682,5.482099058e+11,1.198898869,26096879.62,93319.23257,102623.5203,19037342.18,3118617.358
2022-05-12,29030.70704,5.526919983e+11,1.211574518,24494659.07,92503.71601,102032.4528,19038185.93,3109088.622
2022-05-13,29285.93467,5.57578891e+11,1.22458087,27821637.94,54785.83598,47809.34887,19039135.93,3116065.109
2022-05-14,30051.93576,5.721893731e+11,1.254528111,26483268.38,45769.41652,64841.84144,19040017.18,3096992.684
2022-05-15,31182.62125,5.93741421e+11,1.301371235,23776748.7,17437.22291,16746.47244,19040779.68,3097683.434
2022-05-16,29889.61248,5.691521627e+11,1.248816594,30636852.79,45144.13235,51181.10639,19041804.68,3091646.46
2022-05-17,30438.19445,5.796261186e+11,1.272635339,27965091.15,53524.64263,51467.56919,19042723.43,3093703.534
2022-05-18,28771.22048,5.479064902e+11,1.204897921,24095897.15,42133.1545,39952.64034,19043560.93,3095884.048
2022-05-19,30257.88525,5.76240953e+11,1.26826564,23071637.5,63169.33016,47699.15458,19044323.43,3111354.223
2022-05-20,29224.246,5.565793722e+11,1.226785299,23379396.8,38632.84064,37647.03523,19045123.43,3112340.029
2022-05-21,29420.07829,5.603338454e+11,1.235285942,24823191.05,13042.66843,10792.30503,19045967.18,3114590.392
2022-05-22,30331.87514,5.777230265e+11,1.273331089,23128054.8,15937.31201,15580.9046,19046729.68,3114946.8
2022-05-23,29088.25154,5.540651522e+11,1.222938672,29088251.54,38305.40153,38505.29284,19047729.68,3114746.908
2022-05-24,29643.68376,5.646671076e+11,1.246431579,22232762.82,38774.05566,34940.44399,19048479.68,3118580.52
2022-05-25,29577.25988,5.634284533e+11,1.244237311,26619533.89,29438.99262,28358.56571,19049379.68,3119660.947
2022-05-26,29332.48605,5.587915129e+11,1.235100855,25849253.33,41481.05449,48458.69614,19050260.93,3112683.305
2022-05-27,28612.04131,5.450915306e+11,1.206888172,24677885.63,47156.52214,40073.2222,19051123.43,3119766.605
2022-05-28,29045.52063,5.533766658e+11,1.225163408,26867106.59,11443.23444,18395.89018,19052048.43,3112813.954
2022-05-29,29430.06898,5.607305062e+11,1.241234458,27406751.74,15027.60768,14366.85227,19052979.68,3113474.709
2022-05-30,31735.95497,6.04695051e+11,1.337557349,30545856.66,32519.73625,34946.72411,19053942.18,3111047.721
2022-05-31,31831.40953,6.065428827e+11,1.340327319,29046161.19,32994.65622,28546.48731,19054854.68,3115495.89
2022-06-01,29825.9222,5.683539652e+11,1.258203817,25352033.87,51743.76413,35326.06635,19055704.68,3131913.588
2022-06-02,30504.268,5.813041539e+11,1.289506255,23831459.37,24728.43927,30180.00926,19056485.93,3126462.018
2022-06-03,29662.67097,5.65292783e+11,1.255277674,26511012.18,18911.66435,30799.04767,19057379.68,3114574.635
2022-06-04,29792.40768,5.677911068e+11,1.261962571,25882154.17,19442.1311,27092.84422,19058248.43,3106923.921
2022-06-05,29915.4093,5.701626001e+11,1.267469294,27297810.99,8190.093648,10727.93244,19059160.93,3104386.083
2022-06-06,31333.67702,5.972229681e+11,1.327946941,29375322.21,30205.24427,36376.71827,19060098.43,3098214.609
2022-06-07,31175.03243,5.942307513e+11,1.32274086,31564720.33,30417.32065,27489.02859,19061110.93,3101142.901
2022-06-08,30228.4647,5.76221748e+11,1.283418736,33629166.98,23521.40871,20935.86884,19062223.43,3103728.441
2022-06-09,30064.48553,5.731233743e+11,1.278193264,27433843.05,28607.20274,28283.44257,19063135.93,3104052.201
2022-06-10,29070.40003,5.541996957e+11,1.237117043,26708430.03,27827.29183,26162.10139,19064054.68,3105717.391
2022-06-11,28360.78992,5.406989471e+11,1.208249128,27297260.3,26090.04964,22727.30074,19065017.18,3109080.14
2022-06-12,26830.28395,5.115411209e+11,1.144614147,21296537.88,33384.51198,41318.34292,19065810.93,3101146.309
2022-06-13,22316.25704,4.254960878e+11,0.9623869556,18550388.66,130003.0039,105362.7077,19066642.18,3125786.605
2022-06-14,22072.86631,4.208755853e+11,0.9587494194,20141490.51,107118.7579,80933.39823,19067554.68,3151971.965
2022-06-15,22520.79101,4.294396385e+11,0.9825716373,23224565.73,92956.92378,105933.3426,19068585.93,3138995.546
2022-06-16,20310.17698,3.873014608e+11,0.8901038405,15105694.13,80038.63555,75782.9161,19069329.68,3143251.266
2022-06-17,20464.92909,3.902662934e+11,0.9004495272,13813827.13,85452.46929,123232.7546,19070004.68,3105470.98
2022-06-18,19013.86725,3.62613076e+11,0.8397610696,18538520.57,89759.84649,83421.98555,19070979.68,3111808.841
2022-06-19,20492.29517,3.908251789e+11,0.9051229082,17034220.36,37110.59013,37298.78495,19071810.93,3111620.647
2022-06-20,20571.62922,3.923551947e+11,0.909413902,16971594.11,39775.70932,52452.71519,19072635.93,3098943.641
2022-06-21,20688.46513,3.946029588e+11,0.916201262,19395436.06,58506.3348,54139.69909,19073573.43,3103310.276
2022-06-22,20003.16834,3.815480276e+11,0.887627936,16127554.47,38633.26959,56694.10399,19074379.68,3085249.442
2022-06-23,21097.10283,4.024341918e+11,0.9363923814,20042247.69,37042.10158,38390.77219,19075329.68,3083900.771
2022-06-24,21299.07699,4.063040877e+11,0.9462606745,17172380.82,43281.5138,37967.78275,19076135.93,3089214.502
2022-06-25,21468.34316,4.09553293e+11,0.9535417997,20260748.85,14074.84948,16958.28946,19077079.68,3086331.062
2022-06-26,21066.62094,4.019077762e+11,0.935953636,18169960.56,11553.37883,13322.83665,19077942.18,3084561.605
2022-06-27,20751.0517,3.959050028e+11,0.9231758465,17638393.94,47467.64967,30652.47436,19078792.18,3101376.78
2022-06-28,20263.21964,3.866162466e+11,0.9024270575,18490187.92,33676.45525,35245.66011,19079704.68,3099807.575
2022-06-29,20080.94809,3.831575105e+11,0.895265184,18951394.76,49333.43942,65981.43181,19080648.43,3083159.583
2022-06-30,19332.91213,3.689051615e+11,0.865015985,20662049.84,54132.54426,60921.4819,19081717.18,3076370.645
2022-07-01,19341.86312,3.690921606e+11,0.8668100067,16198810.37,53402.94819,56067.42453,19082554.68,3073706.169
2022-07-02,19231.83171,3.670090676e+11,0.862322031,16587454.85,15900.70933,17983.78558,19083417.18,3071623.092
2022-07-03,19276.51466,3.678804452e+11,0.8649083194,18674123.58,17587.54913,17611.51983,19084385.93,3071599.122
2022-07-04,20226.29847,3.860245632e+11,0.9074459507,18077254.26,27035.75729,27787.33224,19085279.68,3070847.547
2022-07-05,20193.34279,3.854104874e+11,0.9063881034,14892590.31,28210.20236,29795.19827,19086017.18,3069262.551
2022-07-06,20560.84381,3.924409384e+11,0.9245923072,16320169.78,32307.80716,44248.88314,19086810.93,3057321.475
2022-07-07,21651.41914,4.13277789e+11,0.9736465163,21245455.03,42067.9923,43090.4381,19087792.18,3056299.029
2022-07-08,21813.78712,4.16397213e+11,0.9813749536,20177753.09,37185.09807,39801.85688,19088717.18,3053682.27
2022-07-09,21585.13219,4.120505612e+11,0.9725658566,18077548.21,14447.30427,13372.34547,19089554.68,3054757.229
2022-07-10,20831.27339,3.976796523e+11,0.9389378268,19919905.18,17110.78396,17046.07858,19090510.93,3054821.934
2022-07-11,19971.32947,3.812782365e+11,0.9032571544,15352959.53,33050.5092,31658.65562,19091279.68,3056213.788
2022-07-12,19339.15347,3.69227439e+11,0.8754640775,18251326.09,32226.21286,35802.53769,19092223.43,3052637.463
2022-07-13,20155.52784,3.848276977e+11,0.9124816682,13856925.39,28831.09752,23514.72644,19092910.93,3057953.834
2022-07-14,20552.89903,3.92430599e+11,0.9312674821,15928496.75,25706.59362,30790.37185,19093685.93,3052870.056
2022-07-15,20831.7227,3.977728587e+11,0.9474047271,18488153.9,41026.46574,29564.50729,19094573.43,3064332.015
2022-07-16,21196.50914,4.04757907e+11,0.9639429519,19606770.96,15085.21053,12774.28949,19095498.43,3066642.936
2022-07-17,20827.88861,3.977350558e+11,0.9473883159,16141613.67,26761.57082,10805.60335,19096273.43,3082598.903
2022-07-18,22305.70664,4.259741359e+11,1.014380417,18262797.31,44289.31201,43478.76536,19097092.18,3083409.45
2022-07-19,23371.20266,4.463421692e+11,1.064015966,20157662.29,60848.86245,64492.89032,19097954.68,3079765.422
2022-07-20,23280.93567,4.44636588e+11,1.059545792,18333736.84,31807.22454,36506.82843,19098742.18,3075065.818
2022-07-21,23152.40931,4.422020099e+11,1.055572043,20113655.59,101176.2338,104417.3109,19099610.93,3071824.741
2022-07-22,22706.08356,4.336960941e+11,1.03720236,18732518.93,37517.12062,29110.55598,19100435.93,3080231.305
2022-07-23,22484.45923,4.294846142e+11,1.027767986,21641292.01,14639.64677,14317.7432,19101398.43,3080553.209
2022-07-24,22653.35703,4.327330269e+11,1.035693113,22228606.58,12020.13881,17812.79965,19102379.68,3074760.548
2022-07-25,21510.12559,4.109136761e+11,0.9847441065,19090236.46,23428.5517,28533.84377,19103267.18,3069655.256
2022-07-26,21181.6592,4.046600766e+11,0.9704939397,21181659.2,30818.61932,30605.73348,19104267.18,3069868.142
2022-07-27,22898.41507,4.374810534e+11,1.048530887,23613990.54,25609.39204,27109.1761,19105298.43,3068368.358
2022-07-28,23838.55688,4.554637511e+11,1.090974652,21007728.25,43604.87753,36965.96364,19106179.68,3075007.272
2022-07-29,23950.74038,4.576290042e+11,1.096121571,21855050.6,29970.40742,33290.14504,19107092.18,3071687.534
2022-07-30,23623.43496,4.513941957e+11,1.08119685,19046394.44,13833.97349,12765.89867,19107898.43,3072755.609
2022-07-31,23356.17222,4.463095548e+11,1.069307926,22188363.61,10628.64917,12610.95721,19108848.43,3070773.301
2022-08-01,23331.4427,4.458568338e+11,1.068081819,19831726.29,30464.12155,30061.29659,19109698.43,3071176.126
2022-08-02,23031.42688,4.401459338e+11,1.054827228,22311694.79,30327.5443,33978.5012,19110667.18,3067525.169
2022-08-03,22809.74744,4.359301631e+11,1.044976588,20671333.62,23839.66239,27721.64869,19111573.43,3063643.183
2022-08-04,22628.33208,4.324816985e+11,1.037537603,18668373.97,21807.1771,17973.45811,19112398.43,3067476.902
2022-08-05,23248.9715,4.443654023e+11,1.065899476,21795910.78,26050.51215,46515.20346,19113335.93,3047012.21
2022-08-06,22996.27505,4.3955867e+11,1.054367721,23140001.76,14058.85291,12454.23085,19114342.18,3048616.832
2022-08-07,23153.65847,4.425899596e+11,1.061585802,23008948.11,14191.79496,13395.03674,19115335.93,3049413.591
2022-08-08,23803.65052,4.550361992e+11,1.091208904,21423285.46,31333.09359,27740.51839,19116235.93,3053006.166
2022-08-09,23186.29175,4.43255346e+11,1.064322659,20722748.25,27305.40004,26608.42008,19117129.68,3053703.146
2022-08-10,23923.05848,4.573623401e+11,1.097349862,22128829.1,33730.346,28213.6628,19118054.68,3059219.829
2022-08-11,23934.43906,4.576008572e+11,1.098103096,20942634.17,29638.71687,30516.05978,19118929.68,3058342.486
2022-08-12,24396.30885,4.664547947e+11,1.118913448,23481447.26,24065.40704,26543.73471,19119892.18,3055864.158
2022-08-13,24426.22257,4.670479622e+11,1.120303001,21220280.86,14746.55779,15359.63031,19120760.93,3055251.086
2022-08-14,24314.20213,4.649262572e+11,1.11528661,20211180.52,12068.49558,17664.3666,19121592.18,3049655.215
2022-08-15,24083.95397,4.60545372e+11,1.105125221,21826083.29,28625.95952,30440.45028,19122498.43,3047840.724
2022-08-16,23868.81935,4.564535392e+11,1.09533635,22078657.9,21095.32095,20842.40709,19123423.43,3048093.638
2022-08-17,23336.34893,4.462896968e+11,1.071575715,18814931.33,30724.64978,33244.29499,19124229.68,3045573.993
2022-08-18,23221.1706,4.441078989e+11,1.066480347,20899053.54,24179.66348,27367.55,19125129.67,3042386.106
2022-08-19,20906.76631,3.998678756e+11,0.9622235165,23258777.52,51810.85825,47739.2962,19126242.17,3046457.668
2022-08-20,21146.6548,4.044757337e+11,0.9734863339,19692822.28,13316.44727,13342.46128,19127173.42,3046431.656
2022-08-21,21553.99617,4.122866907e+11,0.9922637898,19668021.51,10163.40989,12496.89523,19128085.92,3044098.17
2022-08-22,21301.08406,4.074682702e+11,0.9812253851,19304107.43,23407.01055,23090.84568,19128992.17,3044414.335
2022-08-23,21534.51435,4.119567061e+11,0.9922935051,23149602.93,21748.76559,20245.69974,19130067.17,3045917.401
2022-08-24,21424.97282,4.098807196e+11,0.9876373102,19550287.7,21435.26301,27105.73876,19130979.67,3040246.925
2022-08-25,21587.83958,4.130179732e+11,0.9955432864,21452915.59,21608.4037,28120.8538,19131973.42,3033734.475
2022-08-26,20246.16557,3.873713724e+11,0.9345240325,22270782.13,27949.88029,24087.59883,19133073.42,3037596.757
2022-08-27,20043.99095,3.835213154e+11,0.9257566574,18164866.8,16253.7581,17670.43131,19133979.67,3036180.084
2022-08-28,19673.54122,3.764529343e+11,0.9087519799,19796500.85,20088.50197,12100.96889,19134985.92,3044167.617
2022-08-29,20270.96038,3.879044325e+11,0.936300029,19890879.88,30446.37936,36248.79539,19135967.17,3038365.201
2022-08-30,19825.46321,3.793994864e+11,0.9169154022,20073281.5,47942.81977,49894.51335,19136979.67,3036413.507
2022-08-31,20024.67161,3.83230006e+11,0.9265402016,18272512.84,45019.6979,30274.23275,19137892.17,3051158.972
2022-09-01,20105.46261,3.847935164e+11,0.9308191036,17340961.5,33911.32663,33433.17586,19138754.67,3051637.123
2022-09-02,19948.85675,3.81812359e+11,0.9243465247,16083765.75,42548.98379,28655.89463,19139560.92,3065530.212
2022-09-03,19803.83327,3.790548681e+11,0.9177813215,18194771.82,13135.09755,11797.94739,19140479.67,3066867.362
2022-09-04,19961.91189,3.821015288e+11,0.924996509,20960007.49,22627.18474,22376.39546,19141529.67,3067118.152
2022-09-05,19797.79679,3.789790463e+11,0.9176821788,18931643.18,46700.10347,43149.34032,19142485.92,3070668.915
2022-09-06,18846.15054,3.607788973e+11,0.8748585446,16725958.6,55183.70057,55832.43641,19143373.42,3070020.179
2022-09-07,19292.90707,3.693489293e+11,0.8959704468,17604777.71,30450.73538,33282.40425,19144285.92,3067188.51
2022-09-08,19319.12485,3.698661845e+11,0.8976864342,15334555.35,35893.09979,34245.94674,19145079.67,3068835.663
2022-09-09,21363.31362,4.090219687e+11,0.9919901134,19627430.31,41701.89151,36123.38763,19145998.42,3074414.167
2022-09-10,21715.2108,4.157806997e+11,1.008276774,21308429.8,18353.19296,15224.41882,19146979.67,3077542.941
2022-09-11,21732.77057,4.161417731e+11,1.009262141,24856963.61,14575.59746,14979.87233,19148123.42,3077138.666
2022-09-12,22365.21456,4.282732755e+11,1.038445934,21386266.92,27848.26761,22483.76457,19149079.67,3082503.169
2022-09-13,20165.04216,3.861592652e+11,0.9393703524,17266317.35,84787.64973,53736.42337,19149935.92,3113554.396
2022-09-14,20246.36604,3.877326829e+11,0.9441342753,16070553.05,290227.0436,299238.9276,19150729.67,3104542.512
2022-09-15,19696.86987,3.772275267e+11,0.9197942651,18096499.19,116890.4571,86246.30209,19151648.42,3135186.667
2022-09-16,19741.57762,3.78099547e+11,0.9221723054,15793262.09,23140.12594,26654.98264,19152448.42,3131671.81
2022-09-17,20120.70235,3.853820921e+11,0.9399990351,21378246.24,16027.30144,12396.7179,19153510.92,3135302.394
2022-09-18,19427.10026,3.721158756e+11,0.9079534969,18698584,13907.31466,12011.58082,19154473.42,3137198.127
2022-09-19,19557.97696,3.746386407e+11,0.9146841119,15890856.28,33311.66435,32498.9201,19155285.92,3138010.872
2022-09-20,18872.94987,3.615346802e+11,0.8833824683,17929302.37,24720.82053,24265.23465,19156235.92,3138466.457
2022-09-21,18506.76075,3.545361841e+11,0.8669915368,16309082.91,29735.85853,26855.30802,19157117.17,3141347.008
2022-09-22,19414.53964,3.719421424e+11,0.909510592,15531631.72,31052.26927,24107.96147,19157917.17,3148291.316
2022-09-23,19326.86482,3.702787824e+11,0.9056354404,16307042.19,29306.67125,25951.49266,19158760.92,3151646.494
2022-09-24,18924.76779,3.625923704e+11,0.8869750138,17268850.61,10658.48336,9191.651372,19159673.42,3153113.326
2022-09-25,18793.15615,3.600880006e+11,0.8810570042,17266212.22,16444.57769,10056.25903,19160592.17,3159501.645
2022-09-26,19201.13172,3.679230552e+11,0.9003225368,18001060.99,21523.80972,26952.33473,19161529.67,3154073.12
2022-09-27,19106.73891,3.661297494e+11,0.8965617198,15404808.25,36156.52497,35196.73312,19162335.92,3155032.912
2022-09-28,19454.93721,3.728202811e+11,0.9134875521,18239003.63,39854.28278,34847.6307,19163273.42,3160039.564
2022-09-29,19540.86641,3.744844305e+11,0.9178706073,17464649.35,30198.02173,50247.16753,19164167.17,3139990.418
2022-09-30,19435.19469,3.724798485e+11,0.913561537,20528424.39,31635.87526,63358.54611,19165223.42,3108267.747
2022-10-01,19311.86163,3.701379893e+11,0.9079126726,21846543.47,11952.61912,17304.66082,19166354.67,3102915.706
2022-10-02,19015.29281,3.644725048e+11,0.8941900836,18658756.06,16836.03761,11194.07984,19167335.92,3108557.663
2022-10-03,19633.43259,3.763394948e+11,0.9233081116,18897178.86,23240.03523,23212.68209,19168298.42,3108585.016
2022-10-04,20339.97128,3.899033607e+11,0.9565685012,20721345.74,30259.05174,33849.50254,19169317.17,3104994.566
2022-10-05,20155.0997,3.863815433e+11,0.948163366,22044640.3,23859.11926,39285.51222,19170410.92,3089568.173
2022-10-06,19950.5478,3.824800252e+11,0.9388666096,19825856.87,20191.89653,40162.54823,19171404.67,3069597.521
2022-10-07,19539.14392,3.746137175e+11,0.9199832461,20882460.07,29029.70311,44982.2329,19172473.42,3053644.991
2022-10-08,19416.17723,3.722773783e+11,0.9145958702,21236443.84,12836.90211,11502.39426,19173567.17,3054979.499
2022-10-09,19428.36713,3.725302877e+11,0.9152627382,19185512.54,10217.66131,10969.85343,19174554.67,3054227.307
2022-10-10,19154.40423,3.672972833e+11,0.9027735652,20112124.45,17522.69812,16203.11755,19175604.67,3055546.888
2022-10-11,19039.28207,3.651084284e+11,0.8976977587,18682295.53,47231.40739,24587.71009,19176585.92,3078190.585
2022-10-12,19156.91156,3.673805637e+11,0.904197086,16403105.53,33813.12419,23126.28499,19177442.17,3088877.424
2022-10-13,19387.83368,3.718263871e+11,0.9152995909,17327876.35,34194.00907,39571.9599,19178335.92,3083499.473
2022-10-14,19177.6941,3.678149579e+11,0.9056978779,18698251.75,31364.49892,36142.89819,19179310.92,3078721.074
2022-10-15,19069.87493,3.657651768e+11,0.9007287245,18116381.18,10900.1664,9127.799102,19180260.92,3080493.441
2022-10-16,19261.74979,3.694627223e+11,0.9099109103,17335574.81,9332.321815,13582.18514,19181160.92,3076243.578
2022-10-17,19557.02181,3.751447171e+11,0.9246781353,18334707.95,22743.14809,21770.42824,19182098.42,3077216.298
2022-10-18,19341.40755,3.710259488e+11,0.9139857391,17165499.2,36654.59103,73749.72716,19182985.92,3040121.162
2022-10-19,19132.15443,3.670299049e+11,0.9046107059,18055970.74,19446.58609,19323.8196,19183929.67,3040243.928
2022-10-20,19033.37602,3.65152196e+11,0.9002425423,17248997.02,23671.12152,19400.42484,19184835.92,3044514.625
2022-10-21,19174.87635,3.67885552e+11,0.9071433634,18695504.44,21881.68556,25778.04851,19185810.92,3040618.262
2022-10-22,19207.62851,3.685302552e+11,0.9093180694,16326484.23,13238.79772,11050.79123,19186660.92,3042806.268
2022-10-23,19565.41232,3.75413886e+11,0.9262616332,18953993.19,11078.08088,13964.79519,19187629.67,3039919.554
2022-10-24,19341.46021,3.71133216e+11,0.9157847982,16440241.18,25376.98279,21360.15433,19188479.67,3043936.382
2022-10-25,20094.96112,3.856070753e+11,0.9511953133,15322407.86,31198.9222,33548.37753,19189242.17,3041586.927
2022-10-26,20797.03083,3.99099408e+11,0.9839394776,20147123.61,51306.13677,68928.47371,19190210.92,3023964.59
2022-10-27,20280.17513,3.891979496e+11,0.9596245123,17111397.76,30712.71606,28384.05348,19191054.67,3026293.253
2022-10-28,20604.61385,3.954447467e+11,0.9750040319,20475835.02,22166.73138,22694.11051,19192048.42,3025765.874
2022-10-29,20803.89992,3.99288048e+11,0.984434549,18593485.55,19841.97143,18759.81258,19192942.17,3026848.033
2022-10-30,20616.70338,3.957125909e+11,0.9758321007,17395343.47,12904.2637,13012.05841,19193785.92,3026740.238
2022-10-31,20490.85818,3.933193009e+11,0.9700967475,22155740.41,32316.84201,23595.05192,19194867.17,3035462.028
2022-11-01,20483.96653,3.932054522e+11,0.9700496898,18435569.88,32799.06241,31452.57415,19195767.17,3036808.516
2022-11-02,20148.28455,3.867771422e+11,0.9544909764,15363066.97,31936.43653,78359.86272,19196529.67,2990385.158
2022-11-03,20198.11119,3.877543437e+11,0.9569860211,20703063.97,28680.46008,24660.23588,19197554.67,2994405.382
2022-11-04,21157.24493,4.061844241e+11,1.000981822,17058028.72,123401.354,48133.04498,19198360.92,3069673.691
2022-11-05,21283.4716,4.086278556e+11,1.007111288,20086276.32,17479.82886,16166.47346,19199304.67,3070987.046
2022-11-06,20946.80304,4.02181989e+11,0.9914092794,17935700.1,22787.86984,22798.21998,19200160.92,3070976.696
2022-11-07,20568.56512,3.949382718e+11,0.9760887275,18511708.61,68185.98709,76523.2202,19201060.92,3062639.463
2022-11-08,18520.97116,3.556411638e+11,0.8807448711,18868239.37,74800.43281,87676.89451,19202079.67,3049763.001
2022-11-09,15758.29128,3.026066395e+11,0.7539586962,14674908.76,90860.06919,112161.311,19203010.92,3028461.759
2022-11-10,17541.56029,3.3686689e+11,0.8399037128,16116308.51,65944.73701,100770.4442,19203929.67,2993636.052
2022-11-11,16916.85063,3.248841776e+11,0.8113401366,14167862.4,56300.20567,103971.2657,19204767.17,2945964.992
2022-11-12,16771.24267,3.221053156e+11,0.8063783537,17504984.54,26272.87972,55910.17571,19205810.92,2916327.696
2022-11-13,16320.49834,3.134615635e+11,0.7852736631,13158401.78,39736.53218,48458.50482,19206617.17,2907605.724
2022-11-14,16629.47841,3.194088095e+11,0.8013617407,12783911.53,72769.42841,75364.73623,19207385.92,2905010.416
2022-11-15,16855.59379,3.237682236e+11,0.813685429,16328856.48,59423.69057,64278.14609,19208354.67,2900155.96
2022-11-16,16659.60633,3.200192455e+11,0.8060898206,15618380.94,44528.57497,73647.55623,19209292.17,2871036.979
2022-11-17,16675.17902,3.203327681e+11,0.8102403329,14382341.91,35801.2679,88119.47952,19210154.67,2818718.767
2022-11-18,16661.52296,3.200849077e+11,0.8185096422,14474698.07,124591.1624,36554.97109,19211023.42,2906754.959
2022-11-19,16696.00406,3.207626644e+11,0.8206103691,15339453.73,21436.04069,19388.49769,19211942.17,2908802.502
2022-11-20,16246.8447,3.121485706e+11,0.7991844255,15129874.13,16765.11994,20744.32833,19212873.42,2904823.293
2022-11-21,15778.0174,3.031537722e+11,0.7775926966,12721026.53,39102.91736,46470.24184,19213679.67,2897455.969
2022-11-22,16172.88934,3.107534513e+11,0.7980521118,12736150.36,32665.92666,29233.37624,19214467.17,2900888.519
2022-11-23,16574.06173,3.184763708e+11,0.817451445,14605891.9,38674.2579,82459.302,19215348.42,2857103.475
2022-11-24,16583.52434,3.186715687e+11,0.8183714248,13370466.5,24761.33581,24390.21386,19216154.67,2857474.597
2022-11-25,16522.38878,3.175094798e+11,0.8160112765,12701586.37,32163.72661,26363.97191,19216923.42,2863274.352
2022-11-26,16448.64131,3.16103486e+11,0.8127404357,11205636.89,18396.04264,16751.44668,19217604.67,2864918.948
2022-11-27,16436.07077,3.15875881e+11,0.8123327527,13970660.15,14040.03586,13345.23395,19218454.67,2865613.75
2022-11-28,16212.58142,3.115948456e+11,0.8023498767,14084680.11,22066.14093,26748.78446,19219323.42,2860931.106
2022-11-29,16443.03682,3.160375053e+11,0.81414781,13462736.4,30376.16658,24959.25234,19220142.17,2866348.02
2022-11-30,17176.89869,3.301572499e+11,0.8508014643,14815075.12,37901.64403,38074.27277,19221004.67,2866175.392
2022-12-01,16961.2918,3.260292881e+11,0.8405292891,16219235.29,34775.33234,33176.59627,19221960.92,2867774.128
2022-12-02,17075.10914,3.282304204e+11,0.8467001558,13339929.01,26899.27005,26585.43677,19222742.17,2868087.961
2022-12-03,16899.50738,3.248687096e+11,0.8382323889,13836471.67,12061.08628,15834.43844,19223560.92,2864314.609
2022-12-04,17121.71498,3.291553125e+11,0.8496836173,14981500.61,10232.29352,11682.51996,19224435.92,2862864.382
2022-12-05,16961.35179,3.260878977e+11,0.8446860045,15477233.51,24790.71928,24222.10147,19225348.42,2863433
2022-12-06,17070.51583,3.282010177e+11,0.850384197,14403247.73,28184.96608,26054.7757,19226192.17,2865563.191
2022-12-07,16848.25182,3.239458391e+11,0.8395039335,18111870.71,24449.68576,26613.46765,19227267.17,2863399.409
2022-12-08,17231.45632,3.313317997e+11,0.8589458822,17985332.54,25783.86163,25409.41224,19228310.92,2863773.858
2022-12-09,17136.149,3.295154802e+11,0.8549785914,16279341.55,20637.47703,30956.29312,19229260.92,2853455.042
2022-12-10,17124.21468,3.293024741e+11,0.8544154491,16482056.63,13599.13927,17588.2881,19230223.42,2849465.893
2022-12-11,17094.36066,3.287440793e+11,0.8532115076,15705443.86,13613.7847,14226.37252,19231142.12,2848853.305
2022-12-12,17195.525,3.30704953e+11,0.8585393919,15368500.47,25943.55719,31450.84154,19232035.84,2843346.021
2022-12-13,17774.91663,3.418661634e+11,0.8877293034,18330382.78,34758.02162,66399.66393,19233067.05,2811704.379
2022-12-14,17809.72408,3.42552091e+11,0.8902543547,16473994.78,30734.68228,40373.09694,19233992.02,2802065.964
2022-12-15,17344.05446,3.336104722e+11,0.8672827814,15067647.31,27168.65792,25803.57458,19234860.74,2803431.047
2022-12-16,16606.11018,3.194297085e+11,0.830992952,13492464.52,27450.82036,40930.17047,19235673.2,2789951.697
2022-12-17,16774.38537,3.226810624e+11,0.8396577725,14467907.38,17292.48821,23629.39136,19236535.66,2783614.794
2022-12-18,16776.11593,3.227295549e+11,0.8398757749,15203355.06,12027.80565,12341.00085,19237441.87,2783301.599
2022-12-19,16424.13139,3.159722326e+11,0.8235360569,13960511.68,23587.0724,23788.84852,19238291.83,2783099.823
2022-12-20,16901.81694,3.251768751e+11,0.8476330815,14789089.82,24430.74343,23295.94636,19239166.79,2784234.62
2022-12-21,16800.53297,3.232432707e+11,0.8431956188,15015476.34,29876.59426,28139.6404,19240060.5,2785971.574
2022-12-22,16814.22258,3.23520846e+11,0.8441943251,14187000.3,26717.34542,21094.27265,19240904.21,2791594.647
2022-12-23,16780.51698,3.22886163e+11,0.842886604,13843926.51,24327.03716,19743.11527,19241729.17,2796178.568
2022-12-24,16837.61217,3.239941387e+11,0.8459010113,9365921.77,11501.63349,13516.71447,19242285.39,2794163.487
2022-12-25,16824.83897,3.237631798e+11,0.8457065556,14826889.35,9617.1415,8038.458334,19243166.62,2795742.171
2022-12-26,16879.93823,3.248370729e+11,0.8485910139,13609450.2,12800.83435,14184.69572,19243972.85,2794358.309
2022-12-27,16698.91127,3.21365397e+11,0.8399359586,12002342.48,19688.54559,17204.70996,19244691.57,2796842.145
2022-12-28,16536.2942,3.182532439e+11,0.8329927784,17363108.91,26294.81356,21683.78886,19245741.52,2801453.17
2022-12-29,16630.59316,3.200827522e+11,0.8385268835,14655710.22,22713.18363,26375.95394,19246622.73,2797790.399
2022-12-30,16593.68883,3.193888541e+11,0.8369652566,16386267.72,25027.53489,27520.62826,19247610.18,2795297.306
2022-12-31,16524.2178,3.180678133e+11,0.8352460019,16111112.36,20926.10637,15906.73909,19248585.15,2800316.673
2023-01-01,16606.75204,3.196725678e+11,0.8395428311,16087791.04,15925.11673,9358.63633,19249553.86,2806883.154
2023-01-02,16688.71927,3.212666711e+11,0.8437800854,16271501.29,16351.94318,15138.98198,19250528.81,2808096.115
2023-01-03,16670.07738,3.209238491e+11,0.8432112458,16044949.48,16662.22096,18871.77564,19251491.26,2805886.56
2023-01-04,16848.36604,3.243712291e+11,0.8526953475,15058227.15,26328.18973,21518.08364,19252384.97,2810696.666
2023-01-05,16824.80018,3.239340389e+11,0.8518181245,16509335.18,18271.4106,21104.2103,19253366.18,2807863.867
2023-01-06,16957.86227,3.265150089e+11,0.8589985303,19077595.06,18853.3354,21878.58487,19254491.14,2804838.617
2023-01-07,16942.62859,3.262379986e+11,0.8584465012,16307280.02,12043.20003,10544.14376,19255453.6,2806337.673
2023-01-08,17059.23994,3.284997158e+11,0.8644431933,16312898.2,11100.00671,9510.175716,19256409.83,2807927.504
2023-01-09,17182.31985,3.308861155e+11,0.8707776651,16323203.86,24262.56479,26812.42131,19257359.79,2805377.648
2023-01-10,17433.91463,3.357495806e+11,0.8839516409,18414572.33,23802.63452,25818.76143,19258416,2803361.521
2023-01-11,17833.71077,3.434654049e+11,0.9048861501,16384721.77,20626.73341,24111.74339,19259334.72,2799876.511
2023-01-12,18869.70448,3.634357624e+11,0.9569153959,17808283.61,32822.31182,31226.08186,19260278.44,2801472.741
2023-01-13,19868.72475,3.826969146e+11,1.006737286,19744545.22,41060.05861,41653.31834,19261272.15,2800879.481
2023-01-14,21010.92272,4.047195554e+11,1.06392323,22455423.66,39595.73266,34871.47418,19262340.87,2805603.74
2023-01-15,20876.00856,4.021420595e+11,1.056945344,21267433.72,16096.51604,15230.06817,19263359.59,2806470.187
2023-01-16,21180.41195,4.080253505e+11,1.071886747,19459503.48,18628.79623,22415.0596,19264278.31,2802683.924
2023-01-17,21178.2994,4.080053019e+11,1.071274656,20648841.91,19866.22521,24218.70649,19265253.28,2798331.443
2023-01-18,20709.6686,3.989951314e+11,1.047738862,18120960.03,27435.34867,29007.43693,19266128.25,2796759.355
2023-01-19,21071.83342,4.059917407e+11,1.066296173,19096349.03,32703.13737,21667.11195,19267034.47,2807795.38
2023-01-20,22660.71694,4.366235088e+11,1.145445918,18695091.48,26851.24365,43976.08705,19267859.44,2790670.537
2023-01-21,22803.17276,4.393879945e+11,1.152147572,19667736.51,22864.61273,18156.13912,19268721.91,2795379.01
2023-01-22,22716.2772,4.377350663e+11,1.14741586,21438486.6,15225.59076,12645.17644,19269665.64,2797959.425
2023-01-23,22929.02489,4.418572848e+11,1.157946338,22642412.08,21186.24158,17312.00398,19270653.11,2801833.662
2023-01-24,22611.12688,4.35749412e+11,1.141685834,18230221.05,17814.0487,22151.60514,19271459.33,2797496.106
2023-01-25,23109.08452,4.453710572e+11,1.166238508,25275561.19,24146.40924,23499.91394,19272553.05,2798142.601
2023-01-26,23008.68948,4.434584774e+11,1.161820741,22289667.93,18407.32809,22040.85936,19273521.77,2794509.07
2023-01-27,23070.49646,4.446719204e+11,1.1656359,22205352.84,33120.87951,30887.02539,19274484.24,2796742.924
2023-01-28,23008.80946,4.435070938e+11,1.162375118,24159249.94,11464.42608,12601.56032,19275534.2,2795605.79
2023-01-29,23774.99637,4.582996783e+11,1.200618353,23923590.1,13943.48689,13002.44343,19276540.41,2796546.833
2023-01-30,22799.42726,4.395137445e+11,1.151377682,19664506.01,26609.206,23934.19259,19277402.87,2799221.846
2023-01-31,23130.05191,4.459039532e+11,1.167609671,16624724.81,21265.23355,18983.86571,19278121.59,2801503.214
2023-02-01,23727.20261,4.574362125e+11,1.19624193,20316417.23,20159.24076,18900.07508,19278977.81,2802762.38
2023-02-02,23505.60484,4.531853353e+11,1.184795889,21301954.39,23373.42448,25790.51256,19279884.02,2800345.292
2023-02-03,23445.81318,4.520520476e+11,1.181415746,19489332.2,20410.88396,23334.19719,19280715.25,2797421.979
2023-02-04,23355.52439,4.503310665e+11,1.176437733,19852195.73,12896.8098,14444.65205,19281565.21,2795874.136
2023-02-05,22957.22519,4.426730435e+11,1.156408399,21809363.93,12844.7143,10520.15717,19282515.19,2798198.694
2023-02-06,22745.16504,4.386050289e+11,1.145679319,21039277.66,16407.25045,16697.59849,19283440.16,2797908.346
2023-02-07,23266.2692,4.486743579e+11,1.171652534,20648813.92,20627.04067,19853.25819,19284327.63,2798682.128
2023-02-08,22937.57995,4.423555895e+11,1.154986689,19783662.7,14911.80309,12878.77901,19285190.09,2800715.152
2023-02-09,21818.19895,4.20790204e+11,1.099040577,22090926.43,25401.57517,23895.54757,19286202.54,2802221.18
2023-02-10,21620.56678,4.169984931e+11,1.089446116,19863895.73,28894.5447,22460.49481,19287121.25,2808655.23
2023-02-11,21864.86264,4.217304811e+11,1.101770369,20224997.94,13771.77182,11462.81848,19288046.21,2810964.183
2023-02-12,21772.13733,4.199640343e+11,1.097210552,22044289.04,9957.063868,10310.50805,19289058.67,2810610.739
2023-02-13,21798.71572,4.204979594e+11,1.09866675,21253747.82,24502.68714,26715.15297,19290033.64,2808398.273
2023-02-14,22222.41504,4.286925218e+11,1.119923158,21389074.48,19207.92191,19846.2033,19290996.09,2807759.992
2023-02-15,24304.61298,4.688849532e+11,1.22364317,24760324.48,29643.01639,22397.25658,19292014.79,2815005.751
2023-02-16,23742.44884,4.580662348e+11,1.195012047,26561864.63,31340.98435,26170.59496,19293133.49,2820176.141
2023-02-17,24607.33561,4.747779859e+11,1.237767812,25376314.84,26046.47023,24629.15082,19294164.7,2821593.46
2023-02-18,24636.52661,4.753670662e+11,1.239058646,25868352.94,11464.37693,14325.69371,19295214.53,2818732.143
2023-02-19,24366.99076,4.701909853e+11,1.22534776,24671578.15,11169.7746,12658.79964,19296227.01,2817243.118
2023-02-20,24797.84304,4.785275904e+11,1.246658143,22783018.29,21207.47736,13570.26456,19297145.71,2824880.331
2023-02-21,24400.38939,4.708833357e+11,1.226544842,25467906.43,23351.63674,24763.17801,19298189.39,2823468.79
2023-02-22,24163.73898,4.663375527e+11,1.214898364,21143271.61,18778.06119,20774.57712,19299064.32,2821472.274
2023-02-23,23910.03421,4.614668392e+11,1.201967883,25553849.06,21966.79736,22415.42891,19300132.96,2821023.642
2023-02-24,23175.8242,4.473160409e+11,1.165447449,19554601.67,27967.61504,25775.35543,19300976.61,2823215.902
2023-02-25,23159.81544,4.470225426e+11,1.164771417,15488126.58,12908.07081,11633.97945,19301645.29,2824489.993
2023-02-26,23542.09643,4.544259117e+11,1.183865293,24719201.25,10228.59551,8747.355645,19302695.2,2825971.233
2023-02-27,23504.18942,4.537147685e+11,1.181751158,20566165.74,20252.59979,18477.21628,19303570.12,2827746.617
2023-02-28,23145.94913,4.468192688e+11,1.16508821,19818718.94,20337.41405,20488.93782,19304426.29,2827595.093
2023-03-01,23610.65909,4.558153118e+11,1.188892073,25086325.28,32420.02022,18881.52741,19305488.68,2841133.586
2023-03-02,23470.02548,4.531214319e+11,1.181929202,21123022.93,17423.9369,16097.94086,19306388.58,2842459.582
2023-03-03,22350.09623,4.315231076e+11,1.126016843,23467601.05,27789.21231,30691.80278,19307438.46,2839556.92
2023-03-04,22334.28526,4.312390536e+11,1.125231452,21217571,11945.6458,12455.23495,19308388.36,2839047.331
2023-03-05,22419.81714,4.329122544e+11,1.130220819,21719197.85,14998.52521,12525.93126,19309357.06,2841519.925
2023-03-06,22414.70331,4.328319998e+11,1.130223291,18492130.23,25470.55835,18036.27444,19310181.98,2848954.209
2023-03-07,22174.64847,4.282193619e+11,1.122035534,22867606.24,31080.57241,34801.06481,19311213.09,2845233.717
2023-03-08,21701.38462,4.190980997e+11,1.098460297,18039275.97,25720.35728,36365.28541,19312044.23,2834588.789
2023-03-09,20349.81417,3.930136796e+11,1.031092147,17170155.71,30943.11768,26054.51591,19312887.89,2839477.39
2023-03-10,20240.40669,3.909179079e+11,1.026171253,17204345.69,35688.85283,43961.37156,19313737.8,2831204.872
2023-03-11,20585.23433,3.975990445e+11,1.043781214,21228522.9,36153.08771,47051.59569,19314768.93,2820306.364
2023-03-12,22065.98004,4.262215071e+11,1.118453255,22203892.41,25569.84127,24279.08762,19315775.07,2821597.117
2023-03-13,24154.42909,4.665852182e+11,1.222477139,23701533.55,71261.04986,47013.19476,19316756.21,2845844.972
2023-03-14,24769.01757,4.784796734e+11,1.25201707,22601728.53,58935.71429,43861.38039,19317668.62,2860919.306
2023-03-15,24409.80175,4.715628855e+11,1.233259097,22426505.36,32263.08843,27946.54868,19318587.27,2865235.846
2023-03-16,25043.23885,4.838209668e+11,1.264318231,20973712.53,27156.61709,27663.5432,19319424.69,2864728.92
2023-03-17,27450.62829,5.303555635e+11,1.381709504,25220264.74,51334.51758,36531.93306,19320343.34,2879531.504
2023-03-18,26985.73599,5.214010045e+11,1.35792708,27323057.69,23464.47769,19915.29052,19321355.72,2883080.692
2023-03-19,28185.20433,5.446024299e+11,1.417184349,26071314.01,28107.50884,17382.28182,19322280.71,2893805.919
2023-03-20,27834.33611,5.378496462e+11,1.398348824,26790548.5,35304.36136,32453.90354,19323243.21,2896656.376
2023-03-21,28172.79506,5.444153023e+11,1.413889214,25531595.52,26837.26598,28013.25944,19324149.46,2895480.383
2023-03-22,27341.55713,5.283795071e+11,1.371700451,27170672.4,34451.01526,38264.06446,19325143.21,2891667.334
2023-03-23,28387.88975,5.486325034e+11,1.421886914,32468648.9,28853.28648,25837.28228,19326286.96,2894683.338
2023-03-24,27464.12495,5.308073672e+11,1.375231386,27807426.51,21002.11915,25937.75335,19327299.46,2889747.704
2023-03-25,27488.95488,5.313121746e+11,1.376280145,24911865.36,13496.30228,13354.08829,19328205.71,2889889.918
2023-03-26,28049.39169,5.421696571e+11,1.403671575,25244452.52,11698.91972,11377.42896,19329105.71,2890211.409
2023-03-27,27154.99637,5.249069137e+11,1.357098415,25118371.64,19144.78203,23622.1111,19330030.71,2885734.079
2023-03-28,27283.9634,5.274227007e+11,1.36306694,22850319.35,27001.06489,28634.98516,19330868.21,2884100.159
2023-03-29,28389.29178,5.488157406e+11,1.417071461,26082661.82,22901.70327,26713.9536,19331786.96,2880287.909
2023-03-30,28021.5583,5.417339412e+11,1.420441512,27145884.6,28795.77141,42352.45195,19332755.71,2866731.228
2023-03-31,28514.68131,5.512924964e+11,1.443820674,25128562.9,23080.61607,23624.19129,19333636.96,2866187.653
2023-04-01,28494.56389,5.509284862e+11,1.442211549,24932743.4,13348.66237,11991.93995,19334511.96,2867544.376
2023-04-02,28161.99804,5.445247137e+11,1.425206305,26225860.67,10781.57359,10112.98506,19335443.21,2868212.964
2023-04-03,27850.97994,5.38533844e+11,1.409099995,22802989.83,19684.31285,18392.76219,19336261.96,2869504.515
2023-04-04,28113.95852,5.43647332e+11,1.421943077,28465383,14688.99413,15616.80338,19337274.46,2868576.705
2023-04-05,28190.31161,5.451482829e+11,1.424960408,24490333.21,21707.43554,17637.97553,19338143.21,2872646.165
2023-04-06,28049.07448,5.424450681e+11,1.417262423,28049074.48,15662.65434,13131.46354,19339143.21,2875177.356
2023-04-07,27936.80426,5.402986523e+11,1.411891342,24793913.78,12900.60749,13188.8297,19340030.71,2874889.134
2023-04-08,27964.05125,5.408513019e+11,1.413111241,25691972.09,10117.98603,10941.97136,19340949.46,2874065.149
2023-04-09,28357.80727,5.484927937e+11,1.43278032,25876499.13,8549.123487,7111.143587,19341861.96,2875503.129
2023-04-10,29687.56518,5.7423561e+11,1.498410626,22822315.74,20709.86003,17996.52518,19342630.71,2878216.464
2023-04-11,30247.09592,5.850875192e+11,1.524007597,29112829.82,25104.22672,24336.00252,19343593.21,2878984.688
2023-04-12,29913.00355,5.786548852e+11,1.506773205,29913003.55,33129.14562,22051.04486,19344593.21,2890062.788
2023-04-13,30370.82207,5.875381525e+11,1.52858954,26954104.59,19203.36455,19105.48966,19345480.71,2890160.663
2023-04-14,30458.97004,5.892700689e+11,1.531450018,26651598.79,23276.93627,25229.20159,19346355.71,2888208.398
2023-04-15,30342.05911,5.870382312e+11,1.525286478,29962783.37,12405.2136,13347.91134,19347343.21,2887265.7
2023-04-16,30312.93085,5.864981694e+11,1.523487449,23492521.41,11496.5335,9582.193354,19348118.21,2889180.04
2023-04-17,29469.50507,5.702080162e+11,1.481199761,28548583.04,21845.11727,17405.34157,19349086.96,2893619.816
2023-04-18,30366.87238,5.8760276e+11,1.524898879,31505630.1,18742.95254,18447.37391,19350124.46,2893915.395
2023-04-19,28796.7441,5.572455994e+11,1.445557031,25017171.43,21201.53256,20610.95144,19350993.21,2894505.976
2023-04-20,28251.27638,5.467137412e+11,1.418296445,23483873.49,23345.852,18756.09641,19351824.46,2899095.731
2023-04-21,27292.02111,5.281751349e+11,1.370138666,24733394.13,34540.80634,25445.84504,19352730.71,2908190.693
2023-04-22,27827.54759,5.385649492e+11,1.396814024,25914403.7,13330.80629,11478.76291,19353661.96,2910042.736
2023-04-23,27604.68557,5.342771148e+11,1.385375481,25361804.87,9321.243179,10877.01317,19354580.71,2908486.966
2023-04-24,27520.19967,5.326661778e+11,1.3811783,24252175.96,17849.75086,17586.07474,19355461.96,2908750.642
2023-04-25,28302.69422,5.478338327e+11,1.420027669,22111479.86,17212.24601,16066.23205,19356243.21,2909896.656
2023-04-26,28384.23403,5.494351994e+11,1.423548394,23062190.15,22937.46671,21372.03247,19357055.71,2911462.091
2023-04-27,29465.55143,5.703902612e+11,1.477024681,23940760.53,18292.45516,15814.62229,19357868.21,2913939.923
2023-04-28,29350.81189,5.681961143e+11,1.470212542,26966058.42,16893.13674,20573.1162,19358786.96,2910259.944
2023-04-29,29221.51451,5.657180948e+11,1.463534273,25020921.8,10050.30512,12630.942,19359643.21,2907679.307
2023-04-30,29362.0868,5.684666841e+11,1.470402258,27159930.29,11176.85402,9156.359759,19360568.21,2909699.801
2023-05-01,28114.95319,5.443534496e+11,1.408272273,31980759.25,17848.34426,15445.38281,19361705.71,2912102.763
2023-05-02,28690.581,5.555217176e+11,1.436592483,23131780.93,14253.08317,19821.8148,19362511.96,2906534.031
2023-05-03,29045.04277,5.624105839e+11,1.451816336,25595943.94,16760.90003,13936.26483,19363393.21,2909358.666
2023-05-04,28855.85745,5.58773645e+11,1.442232155,26330969.92,18145.75612,18820.50993,19364305.71,2908683.913
2023-05-05,29552.96952,5.722947164e+11,1.476466636,21980021.08,15188.14577,21079.0403,19365049.46,2902793.018
2023-05-06,28899.46296,5.596664421e+11,1.443843173,26912624.88,11181.20576,11116.294,19365980.71,2902857.93
2023-05-07,28761.73843,5.570242584e+11,1.429877065,24986760.26,6435.194953,8195.180687,19366849.46,2901097.944
2023-05-08,27727.28541,5.370139038e+11,1.378067479,23741488.13,20267.10649,20205.41718,19367705.71,2901159.633
2023-05-09,27642.42811,5.353965002e+11,1.374090436,26087541.53,20530.92927,18127.17503,19368649.46,2903563.388
2023-05-10,27646.0049,5.354951517e+11,1.374436923,29373880.21,16613.94172,16848.16089,19369711.96,2903329.168
2023-05-11,26986.27107,5.227417656e+11,1.341912916,25468293.32,21808.93118,15564.88075,19370655.71,2909573.219
2023-05-12,26773.34436,5.186408297e+11,1.331264514,23594009.72,22739.51016,25461.40213,19371536.96,2906851.327
2023-05-13,26841.39829,5.19983464e+11,1.334669775,24325017.2,9120.831843,8470.013384,19372443.21,2907502.145
2023-05-14,26918.2616,5.215017676e+11,1.338338945,29273609.49,9764.201733,7301.467813,19373530.71,2909964.879
2023-05-15,27231.62161,5.275976764e+11,1.352469394,25019052.35,30608.84135,46196.75181,19374449.46,2894376.969
2023-05-16,27025.71819,5.236342544e+11,1.3418035,25843343.02,24705.08719,18677.11405,19375405.71,2900404.942
2023-05-17,27401.04406,5.309337465e+11,1.360182927,27401044.06,20132.02011,18203.39688,19376405.71,2902333.565
2023-05-18,26843.23509,5.201490693e+11,1.332798512,23655600.93,20434.35604,17764.9888,19377286.96,2905002.932
2023-05-19,26889.50363,5.210708369e+11,1.335285312,25208909.65,15150.36594,14750.28464,19378224.46,2905403.014
2023-05-20,27100.85829,5.251887037e+11,1.345668505,22188827.72,8941.500742,7518.021307,19379043.21,2906826.493
2023-05-21,26777.09778,5.189398058e+11,1.329584608,25270886.03,9398.954913,7671.107481,19379986.96,2908554.341
2023-05-22,26858.73706,5.205461468e+11,1.331796175,24172863.36,16161.43368,14097.92008,19380886.96,2910617.854
2023-05-23,27226.85588,5.277068218e+11,1.34975671,26205848.78,19348.52291,18841.44432,19381849.46,2911124.933
2023-05-24,26341.43064,5.105688566e+11,1.306148991,23213385.76,20991.62976,21076.10853,19382730.71,2911040.454
2023-05-25,26484.83592,5.133734376e+11,1.312302574,24995063.9,19618.96005,15721.30585,19383674.46,2914938.108
2023-05-26,26720.38381,5.179647724e+11,1.32395113,25551367.02,21167.04163,25491.93338,19384630.71,2910613.216
2023-05-27,26854.54037,5.205896848e+11,1.330559182,24336927.21,11338.09558,10178.74026,19385536.96,2911772.572
2023-05-28,28097.52113,5.447136317e+11,1.391560954,28097521.13,15530.70087,14482.23689,19386536.96,2912821.036
2023-05-29,27765.07287,5.382967234e+11,1.374801001,28112136.28,18847.34773,21554.28033,19387549.46,2910114.103
2023-05-30,27712.49158,5.373039744e+11,1.371662587,26673273.15,30934.50116,25478.09021,19388511.96,2915570.514
2023-05-31,27217.68326,5.277343629e+11,1.347122513,23985583.37,29074.32796,23894.97873,19389393.21,2920749.863
2023-06-01,26825.37135,5.201498039e+11,1.327558185,22130931.36,23682.55077,17320.59758,19390218.21,2927111.816
2023-06-02,27255.22799,5.285127546e+11,1.348499664,27936608.69,30618.08128,34253.72136,19391243.2,2923476.176
2023-06-03,27079.40846,5.251253974e+11,1.33984535,22002019.38,20195.95155,16868.08711,19392055.7,2926804.041
2023-06-04,27158.25457,5.266795068e+11,1.343716524,25121385.48,21223.40419,21595.90574,19392980.7,2926431.539
2023-06-05,25785.85148,5.000867605e+11,1.276417766,22240296.91,32565.28376,43913.90085,19393843.2,2915082.922
2023-06-06,27213.77052,5.278052814e+11,1.346235742,25682995.93,32037.08984,34404.51633,19394786.95,2912715.496
2023-06-07,26339.57903,5.108727476e+11,1.303228127,22224019.81,28010.65147,38272.73658,19395630.7,2902453.411
2023-06-08,26521.6936,5.144305016e+11,1.312170482,25527130.09,27785.32525,28395.96141,19396593.19,2901842.774
2023-06-09,26470.67758,5.134689241e+11,1.309627648,27959653.19,25286.15274,25257.05801,19397649.44,2901871.869
2023-06-10,25863.21385,5.01710449e+11,1.279906229,24893343.33,32278.0671,34103.73817,19398611.94,2900046.198
2023-06-11,25906.82815,5.025828985e+11,1.282204029,26392581.18,42489.55573,49108.58603,19399630.69,2893427.168
2023-06-12,25906.75194,5.026068406e+11,1.282415132,25421000.34,37271.00513,36148.91075,19400611.93,2894549.262
2023-06-13,25880.85997,5.021282987e+11,1.281288527,23778040.1,32910.04824,31611.50446,19401530.68,2895847.806
2023-06-14,25097.58538,4.869505527e+11,1.242758134,18980048.94,31724.61647,25612.76172,19402286.93,2901959.661
2023-06-15,25559.14333,4.959294746e+11,1.26579471,23642207.58,37220.54291,41629.45654,19403211.92,2897550.747
2023-06-16,26331.82009,5.109470654e+11,1.303742037,25179802.97,40397.73827,42786.64332,19404168.17,2895161.842
2023-06-17,26514.17135,5.145086397e+11,1.312806148,23199899.93,26872.75659,25995.02128,19405043.17,2896039.577
2023-06-18,26353.96268,5.114246549e+11,1.304485515,24871552.28,32741.22225,30726.83315,19405986.91,2898053.966
2023-06-19,26778.06344,5.196785141e+11,1.326002267,23765531.3,31982.47263,33500.40276,19406874.41,2896536.036
2023-06-20,28305.42046,5.493437995e+11,1.401058309,24059607.39,42405.73856,45859.66461,19407724.41,2893082.11
2023-06-21,30099.51535,5.841858608e+11,1.48768816,22762758.48,59530.76523,60471.23613,19408480.64,2892141.639
2023-06-22,29952.51129,5.81358382e+11,1.479224774,25646837.79,44466.32311,51291.79361,19409336.88,2885316.169
2023-06-23,30638.35376,5.946940659e+11,1.511461033,23936213.88,44507.46157,43717.12604,19410118.13,2886106.504
2023-06-24,30549.01629,5.929878909e+11,1.506266239,27875977.36,35677.26605,34455.96843,19411030.63,2887327.802
2023-06-25,30467.44037,5.914335527e+11,1.501725463,29134489.85,34430.57724,32620.02086,19411986.88,2889138.358
2023-06-26,30255.88612,5.873544729e+11,1.490477218,27608496.09,34297.46005,31582.28073,19412899.38,2891853.538
2023-06-27,30667.07629,5.953636999e+11,1.508993137,26833691.76,35177.59222,35893.18767,19413774.37,2891137.942
2023-06-28,30104.04327,5.84453424e+11,1.480047954,20320229.21,30224.38055,31241.56961,19414449.37,2890120.753
2023-06-29,30460.79298,5.914073186e+11,1.497435217,27795473.59,40797.39311,42608.33692,19415361.87,2888309.809
2023-06-30,30484.50326,5.918977656e+11,1.497404119,30103446.97,48738.61963,46596.53019,19416349.37,2890451.899
2023-07-01,30581.68897,5.938101783e+11,1.500071404,25421028.95,34921.58783,51277.09092,19417180.62,2874096.396
2023-07-02,30594.21647,5.940861247e+11,1.500295121,32697568.86,26543.89727,24300.40004,19418249.37,2876339.893
2023-07-03,31135.3576,6.046207977e+11,1.525922363,26659649.94,31419.32499,32931.34089,19419105.62,2874827.877
2023-07-04,30799.94746,5.981345751e+11,1.509148391,27142453.7,33508.64238,33239.46826,19419986.87,2875097.051
2023-07-05,30497.82213,5.922970406e+11,1.494037535,29735376.58,35278.43068,30584.1423,19420961.87,2879791.34
2023-07-06,29979.72981,5.822612343e+11,1.470491737,26044890.27,36527.23835,36242.13388,19421830.62,2880076.444
2023-07-07,30329.88298,5.890950228e+11,1.48720878,33173309.51,31965.21511,35611.97573,19422924.36,2876429.683
2023-07-08,30263.61963,5.878416632e+11,1.483788129,33668276.84,27224.49955,23827.32933,19424036.86,2879826.854
2023-07-09,30163.22106,5.859233774e+11,1.478660538,31859902.24,25643.69074,24863.63048,19425093.11,2880606.914
2023-07-10,30394.65558,5.904482694e+11,1.489525355,29254856,35450.40665,36816.55028,19426055.61,2879240.77
2023-07-11,30616.24709,5.947787509e+11,1.499536523,25832458.49,34455.49443,37021.13956,19426899.35,2876675.125
2023-07-12,30385.60879,5.903255107e+11,1.487755266,27347047.91,44325.15559,33165.98978,19427799.35,2887834.291
2023-07-13,31434.73547,6.107313095e+11,1.538500113,23576051.6,42024.85667,37952.76816,19428549.35,2891906.379
2023-07-14,30310.67202,5.889185302e+11,1.483457241,26142954.62,42655.58169,40440.41309,19429411.85,2894121.548
2023-07-15,30290.8906,5.885603145e+11,1.482403144,26125893.14,21673.63575,22985.4415,19430274.35,2892809.742
2023-07-16,30249.77297,5.877906921e+11,1.480253301,29304467.56,22786.3316,22474.42051,19431243.1,2893121.653
2023-07-17,30143.74627,5.857560839e+11,1.475399677,25622184.33,26661.1355,26352.28734,19432093.1,2893430.502
2023-07-18,29835.74741,5.798012299e+11,1.459855805,30208694.25,35128.14857,35065.01866,19433105.6,2893493.631
2023-07-19,29913.02946,5.813307298e+11,1.463037216,27669552.25,35315.81286,34760.97803,19434030.59,2894048.466
2023-07-20,29805.60657,5.792669143e+11,1.457534391,23844485.26,28514.16957,28371.49534,19434830.59,2894191.141
2023-07-21,29919.69349,5.815051181e+11,1.46344261,20943785.44,23242.27432,22976.52726,19435530.59,2894456.888
2023-07-22,29726.00963,5.777656649e+11,1.453936935,24895533.06,18055.98696,18995.68925,19436368.09,2893517.185
2023-07-23,30066.57245,5.844125929e+11,1.470319604,27623663.44,19977.27225,19600.7462,19437286.84,2893893.711
2023-07-24,29178.3597,5.671755017e+11,1.42713851,27354712.22,31779.33185,32941.91813,19438224.34,2892731.125
2023-07-25,29221.25485,5.680345105e+11,1.429238552,25203332.31,27027.46254,24391.48914,19439086.83,2895367.098
2023-07-26,29361.59176,5.707889572e+11,1.436080716,26425432.58,31697.5665,34294.1557,19439986.83,2892770.509
2023-07-27,29201.68652,5.677055878e+11,1.429632064,25186454.62,36544.83851,29616.5002,19440849.33,2899698.848
2023-07-28,29316.31308,5.699596772e+11,1.440164979,25651773.94,31513.44389,29763.623,19441724.33,2901448.668
2023-07-29,29360.37618,5.708405622e+11,1.44221165,24222310.35,19785.34152,19751.04879,19442549.33,2901482.961
2023-07-30,29262.83673,5.689748726e+11,1.437384416,30725978.57,19210.14437,18476.9702,19443599.33,2902216.135
2023-07-31,29219.82019,5.681642261e+11,1.435482409,25749966.54,24614.83182,26123.10934,19444480.58,2900707.858
2023-08-01,29499.58754,5.736297847e+11,1.449024031,25627766.67,33611.2646,28614.8568,19445349.33,2905704.266
2023-08-02,29143.15196,5.667268206e+11,1.432048629,28050283.76,29060.749,35698.52582,19446311.83,2899066.489
2023-08-03,29192.34486,5.677109914e+11,1.434367776,27550275.46,25564.23907,27342.85804,19447255.58,2897287.87
2023-08-04,29057.25324,5.651058047e+11,1.427652983,21974547.77,23350.21405,23983.51688,19448011.83,2896654.567
2023-08-05,29053.0957,5.650529123e+11,1.427408393,27963604.61,23936.29197,21314.89453,19448974.33,2899275.964
2023-08-06,29048.04333,5.649844231e+11,1.427044044,29774244.41,21778.02386,21145.98083,19449999.33,2899908.007
2023-08-07,29164.35859,5.672733673e+11,1.432710437,26612477.21,38500.95978,32326.9207,19450911.82,2906082.047
2023-08-08,29779.51138,5.792619154e+11,1.462672677,23265243.27,28809.53232,39852.05487,19451693.07,2895039.524
2023-08-09,29582.94424,5.754683043e+11,1.452750656,29952731.04,30161.75527,29165.46131,19452705.57,2896035.818
2023-08-10,29430.15991,5.725195959e+11,1.445222005,23360189.43,26351.27402,28010.41405,19453499.32,2894376.678
2023-08-11,29399.78474,5.719564386e+11,1.443460118,27746046.85,26798.83496,24852.49285,19454443.07,2896323.02
2023-08-12,29415.7339,5.722974233e+11,1.444002196,30702672.26,24464.03875,21562.99062,19455486.82,2899224.068
2023-08-13,29286.11761,5.698003854e+11,1.437480909,24710161.73,18838.64875,17567.00807,19456330.57,2900495.709
2023-08-14,29408.97171,5.722221063e+11,1.443311937,31430838.52,27345.27523,38811.77894,19457399.32,2889029.205
2023-08-15,29167.59722,5.675567591e+11,1.431403134,31172869.53,28624.33357,29845.05466,19458468.07,2887808.484
2023-08-16,28754.29241,5.595437741e+11,1.411251226,29293435.39,27278.33019,26132.78095,19459486.82,2888954.033
2023-08-17,26660.56273,5.18826863e+11,1.30959779,25994048.66,42288.42359,39014.26281,19460461.82,2892228.194
2023-08-18,26037.36585,5.067217839e+11,1.279955275,22619961.58,36553.71474,38950.4316,19461330.57,2889831.477
2023-08-19,26093.98181,5.078464381e+11,1.282875825,22832234.08,20322.53617,22746.29734,19462205.57,2887407.716
2023-08-20,26176.47216,5.09478386e+11,1.287026193,26503678.07,18504.35564,19308.40622,19463218.07,2886603.665
2023-08-21,26128.90502,5.085795217e+11,1.285209424,26945433.3,26798.17625,32446.08588,19464249.32,2880955.756
2023-08-22,25978.20969,5.056695683e+11,1.278234401,23218024.91,33590.67466,32571.02108,19465143.07,2881975.409
2023-08-23,26452.19359,5.14919209e+11,1.301640511,23476321.81,39880.56674,43420.459,19466030.57,2878435.517
2023-08-24,26126.79433,5.086076748e+11,1.286264499,22697652.58,25364.37844,26582.34798,19466899.32,2877217.548
2023-08-25,26040.88126,5.069571856e+11,1.28253094,21971993.56,20423.21021,24617.0917,19467743.07,2873023.666
2023-08-26,26006.17408,5.06303783e+11,1.280910485,22267786.56,16560.60239,13450.64936,19468599.32,2876133.619
2023-08-27,26086.36126,5.078838277e+11,1.284719699,18912611.91,15916.36775,16997.15536,19469324.32,2875052.832
2023-08-28,26103.27657,5.082324086e+11,1.285785965,19251166.47,24420.89737,24044.30337,19470061.82,2875429.426
2023-08-29,27672.22213,5.388072019e+11,1.363192916,27326319.35,39881.61649,46346.86101,19471049.32,2868964.181
2023-08-30,27298.99778,5.315616301e+11,1.344866298,21497960.75,27431.4277,28428.37653,19471836.82,2867967.232
2023-08-31,25954.86659,5.054122863e+11,1.279294334,23359379.93,28004.50707,23909.22234,19472736.82,2872062.517
2023-09-01,25802.78853,5.024752616e+11,1.272142442,24351381.68,37467.73594,26106.18816,19473680.57,2883424.065
2023-09-02,25868.2961,5.037755099e+11,1.275429178,24574881.29,18644.74433,18720.0767,19474630.57,2883348.732
2023-09-03,25962.54757,5.056366605e+11,1.280178738,25638015.72,17930.5013,18665.17824,19475618.07,2882614.055
2023-09-04,25799.52569,5.024857344e+11,1.272295663,24025808.3,25389.26576,21488.2135,19476549.32,2886515.108
2023-09-05,25782.36222,5.021714306e+11,1.271797476,19981330.72,22221.58674,23953.94611,19477324.32,2884782.748
2023-09-06,25754.79027,5.016561334e+11,1.270666304,21730604.29,27553.84914,24665.60774,19478168.07,2887670.99
2023-09-07,26210.60456,5.10558478e+11,1.293153415,23917176.66,25720.36785,26714.0902,19479080.57,2886677.267
2023-09-08,25904.69821,5.046212368e+11,1.278230951,21533280.39,23784.23406,30231.5312,19479911.82,2880229.97
2023-09-09,25894.6206,5.044493638e+11,1.277871762,24438048.19,19856.75988,18685.43658,19480855.57,2881401.293
2023-09-10,25831.46478,5.032427671e+11,1.274805714,23732658.27,20128.85378,19513.47936,19481774.32,2882016.668
2023-09-11,25135.03938,4.897001426e+11,1.240998802,24977945.38,30165.93015,34213.31048,19482768.07,2877969.288
2023-09-12,25859.70181,5.038413615e+11,1.276849786,22788862.22,33626.57369,33247.74649,19483649.32,2878348.115
2023-09-13,26226.86675,5.110191699e+11,1.294929882,24095933.83,24192.07515,26478.15254,19484568.05,2876062.037
2023-09-14,26556.05694,5.174601866e+11,1.310724618,26888007.66,34443.43851,31998.62531,19485580.55,2878506.851
2023-09-15,26672.61608,5.197627494e+11,1.316247722,31340323.9,29527.1926,32247.92398,19486755.55,2875786.119
2023-09-16,26555.6361,5.175089149e+11,1.310452308,25725772.47,17645.76823,19691.82888,19487724.3,2873740.059
2023-09-17,26502.43212,5.164967707e+11,1.307783597,24680389.91,17479.09532,17809.51849,19488655.55,2873409.635
2023-09-18,26764.63191,5.216327876e+11,1.320321097,26095516.11,28473.23229,28169.54431,19489630.55,2873713.323
2023-09-19,27215.05048,5.304349223e+11,1.341491282,23643075.11,26102.37865,26554.40134,19490499.3,2873261.301
2023-09-20,27133.40372,5.288683454e+11,1.337531752,24759230.9,24431.27481,28117.47779,19491411.8,2869575.098
2023-09-21,26571.59529,5.179408239e+11,1.310046276,22918000.94,22841.20739,24281.11888,19492274.3,2868135.186
2023-09-22,26581.14761,5.181484514e+11,1.310529519,21431050.26,25085.75011,20823.86454,19493080.55,2872397.072
2023-09-23,26575.77639,5.18069661e+11,1.310250961,25911381.98,14648.98577,16269.3228,19494055.55,2870776.735
2023-09-24,26286.64105,5.12457227e+11,1.296058458,23986559.96,19100.33769,18290.04856,19494968.04,2871587.024
2023-09-25,26288.8095,5.125233251e+11,1.296187807,23824233.61,30787.89352,31673.68109,19495874.29,2870701.237
2023-09-26,26194.53789,5.10707683e+11,1.291644412,22265357.2,27361.16865,24167.84852,19496724.29,2873894.557
2023-09-27,26336.0826,5.134931834e+11,1.298711355,25842281.05,27743.82936,26278.2932,19497705.54,2875360.093
2023-09-28,27033.42544,5.271144369e+11,1.332826815,24668000.72,32819.36671,31804.80314,19498618.04,2876374.657
2023-09-29,26911.25147,5.24756938e+11,1.326653306,24724712.29,23382.90346,25002.55454,19499536.79,2874755.006
2023-09-30,26977.69331,5.260757914e+11,1.329742814,23268260.48,23595.8761,23497.42225,19500399.29,2874853.459
2023-10-01,27950.14536,5.450636256e+11,1.377331394,24631065.6,22007.54241,18597.63523,19501280.54,2878263.367
2023-10-02,27565.8893,5.375971894e+11,1.358435246,27049028.87,44892.70152,40633.31434,19502261.79,2882522.754
2023-10-03,27439.14224,5.351534602e+11,1.351957093,28125120.8,26358.66301,26308.1793,19503286.78,2882573.238
2023-10-04,27797.25118,5.421605205e+11,1.36903557,22758999.4,32262.48004,29060.44705,19504105.53,2885775.27
2023-10-05,27426.34509,5.349504986e+11,1.350981969,24169466.61,27763.65113,28459.27854,19504986.78,2885079.643
2023-10-06,27941.96338,5.450355684e+11,1.375810585,27941963.38,26325.6551,30548.44102,19505986.78,2880856.857
2023-10-07,27972.75157,5.456660183e+11,1.376921633,29895878.24,20394.08137,21403.33803,19507055.53,2879847.6
2023-10-08,27936.32612,5.449813061e+11,1.375035049,25841101.66,22853.80569,22749.61704,19507980.53,2879951.789
2023-10-09,27591.34676,5.382783571e+11,1.357643502,26901563.09,27336.25941,26728.87399,19508955.53,2880559.175
2023-10-10,27419.79718,5.349593665e+11,1.349224906,27762544.65,28636.12749,29602.64207,19509968.03,2879592.66
2023-10-11,26828.17257,5.234436174e+11,1.320267435,26828172.57,35650.00076,28763.36686,19510968.03,2886479.294
2023-10-12,26741.3406,5.217770186e+11,1.316151935,27577007.49,32516.33008,28619.89835,19511999.28,2890375.726
2023-10-13,26842.44677,5.237729538e+11,1.32122061,23151610.34,25528.88199,24939.25678,19512861.78,2890965.351
2023-10-14,26861.98924,5.241787948e+11,1.3215597,24511565.18,18306.35597,19526.17969,19513774.28,2889745.527
2023-10-15,27130.30671,5.294429986e+11,1.33464498,28317257.63,20760.88666,20883.69225,19514818.03,2889622.722
2023-10-16,28506.79367,5.563300129e+11,1.401484702,25121611.93,41384.61074,45431.72613,19515699.28,2885575.606
2023-10-17,28433.20515,5.5492267e+11,1.397569787,28788620.22,31826.45698,36447.1178,19516711.78,2880991.687
2023-10-18,28328.07502,5.528965478e+11,1.392147248,25672317.99,28501.23129,31094.92071,19517618.03,2878397.998
2023-10-19,28690.35804,5.599925535e+11,1.410163206,25104063.29,29300.46528,35552.07254,19518493.03,2872146.39
2023-10-20,29704.98537,5.798214278e+11,1.458847579,24877925.25,42303.36931,43394.90358,19519330.53,2871054.856
2023-10-21,29922.5464,5.84096126e+11,1.469157536,28052387.25,26880.47425,24224.44442,19520268.03,2873710.886
2023-10-22,29984.15932,5.85327499e+11,1.47186043,28672352.35,21787.65954,21687.57838,19521224.28,2873810.967
2023-10-23,32954.16905,6.433380613e+11,1.613500606,32336278.38,46612.96072,44472.03689,19522205.53,2875951.891
2023-10-24,33880.95665,6.614576807e+11,1.654397558,26681253.36,59027.34365,53388.35772,19522993.03,2881590.877
2023-10-25,34488.65892,6.733528876e+11,1.681601781,31039793.03,37772.41847,34685.19257,19523893.03,2884678.103
2023-10-26,34181.49225,6.673878436e+11,1.663662918,32045148.99,29975.11534,30795.37819,19524830.53,2883857.84
2023-10-27,33896.93853,6.618646061e+11,1.648793505,32625803.33,37052.54428,37026.99036,19525793.03,2883883.394
2023-10-28,34091.58903,6.656994032e+11,1.657389456,34091589.03,24011.68333,24843.13433,19526793.03,2883015.2
2023-10-29,34574.33772,6.751555412e+11,1.679987904,29604276.67,24007.89721,21260.19996,19527649.28,2885762.897
2023-10-30,34495.10502,6.736419455e+11,1.674700477,33632727.4,34886.61181,35772.31133,19528624.28,2884877.197
2023-10-31,34636.42647,6.764353131e+11,1.679986208,33554038.15,33034.8884,34085.63427,19529593.03,2883826.451
2023-11-01,35431.97945,6.920051351e+11,1.715331297,32996030.87,37227.56332,40558.34859,19530524.28,2880495.666
2023-11-02,34882.91734,6.813130587e+11,1.687432786,31394625.6,45722.19549,35591.82665,19531424.28,2890626.035
2023-11-03,34708.22188,6.779305096e+11,1.677473281,29501988.6,31409.94342,36697.61247,19532274.28,2885338.366
2023-11-04,35091.07631,6.854453729e+11,1.695198048,36845630.12,22431.05114,21989.59358,19533324.28,2885779.824
2023-11-05,35105.04203,6.857539331e+11,1.695313633,35763261.56,25302.98606,24276.05649,19534343.03,2886806.753
2023-11-06,35017.71515,6.840758552e+11,1.690062848,27795311.4,31185.87501,28250.81059,19535136.78,2889741.818
2023-11-07,35418.47689,6.919342323e+11,1.707693281,29441608.91,36590.6664,32321.62647,19535968.03,2894010.857
2023-11-08,35797.89461,6.993798615e+11,1.724477503,33336789.35,26098.08028,33649.08747,19536899.28,2886459.85
2023-11-09,36675.32643,7.165549372e+11,1.762200964,32778573,34030.35836,38467.55799,19537793.03,2882022.651
2023-11-10,37367.49437,7.301143374e+11,1.792853669,35966213.33,57840.20162,27743.73778,19538755.53,2912119.114
2023-11-11,36979.93124,7.22578816e+11,1.773581112,36979931.24,24875.66496,25114.22381,19539755.53,2911880.556
2023-11-12,37053.34105,7.240505107e+11,1.776498366,37284924.43,23335.57936,23148.30199,19540761.78,2912067.833
2023-11-13,36543.26809,7.141109323e+11,1.751221715,27635846.49,27802.15022,28397.30648,19541518.03,2911472.677
2023-11-14,35590.68356,6.955266816e+11,1.705402062,30696964.57,36259.76053,31587.92975,19542380.53,2916144.508
2023-11-15,37840.55349,7.395294984e+11,1.810152914,35002511.98,38656.95398,32254.67073,19543305.53,2922546.791
2023-11-16,36160.40445,7.067272807e+11,1.729237076,33448374.12,26588.09309,27711.3632,19544230.53,2921423.521
2023-11-17,36569.71205,7.14761167e+11,1.747806543,34284105.05,29553.24932,33371.14476,19545168.03,2917605.625
2023-11-18,36577.42496,7.149459798e+11,1.747696897,34062727,15568.57401,14190.90534,19546099.28,2918983.294
2023-11-19,37442.72851,7.318990718e+11,1.788145751,39782899.04,21554.471,21031.84618,19547161.78,2919505.919
2023-11-20,37516.05037,7.333712289e+11,1.789732455,38922902.26,33344.90127,37952.36642,19548199.28,2914898.454
2023-11-21,36035.03309,7.044542412e+11,1.717720966,34233281.43,34126.08765,41000.19826,19549149.28,2908024.343
2023-11-22,37403.03472,7.312307045e+11,1.780655097,33195193.31,35385.98114,47171.02731,19550036.78,2896239.297
2023-11-23,37311.71922,7.294797632e+11,1.775570834,34280142.03,27225.72132,33154.89086,19550955.53,2890310.127
2023-11-24,37718.78416,7.374778766e+11,1.793664606,39604723.37,38828.37393,44160.04563,19552005.53,2884978.456
2023-11-25,37800.12609,7.391058384e+11,1.796938312,37563875.31,25644.08425,26148.41673,19552999.28,2884474.123
2023-11-26,37482.70553,7.329335172e+11,1.78124713,34202968.79,25258.59915,29011.12221,19553911.78,2880721.6
2023-11-27,37229.24522,7.280076255e+11,1.768699884,30248761.74,36046.37753,36096.56225,19554724.28,2880671.415
2023-11-28,37828.46559,7.397599696e+11,1.795694998,34754902.76,36127.61163,46210.40721,19555643.03,2870588.62
2023-11-29,37846.85312,7.401517194e+11,1.794443186,32169825.15,34679.81399,33213.73429,19556493.03,2872054.699
2023-11-30,37712.71148,7.375599637e+11,1.787790725,31584395.86,31003.6475,31997.69204,19557330.53,2871060.655
2023-12-01,38703.55368,7.569790728e+11,1.83195843,40880628.58,43624.76683,43311.47006,19558386.78,2871373.952
2023-12-02,39462.27993,7.718498573e+11,1.866562636,31323184.69,26272.00893,28420.74062,19559180.53,2869225.22
2023-12-03,39978.22261,7.819825009e+11,1.889571493,41227542.07,26496.14048,25999.4694,19560211.78,2869721.891
2023-12-04,41910.29948,8.198149343e+11,1.974157661,40600602.62,51871.15262,44321.70579,19561180.53,2877271.338
2023-12-05,44067.00548,8.620406574e+11,2.070210111,38007792.22,43372.41879,50389.15851,19562043.03,2870254.598
2023-12-06,43745.83439,8.557950788e+11,2.049004982,37183959.23,48555.2727,34210.83624,19562893.03,2884599.035
2023-12-07,43282.61823,8.467643399e+11,2.024192806,31109381.85,41288.178,27527.31672,19563611.78,2898359.896
2023-12-08,44205.05221,8.648477782e+11,2.063554128,37298012.8,37677.57698,35716.13204,19564455.53,2900321.346
2023-12-09,43740.00639,8.557923299e+11,2.040603829,42919881.27,30855.32686,26252.75242,19565436.78,2904923.921
2023-12-10,43732.71209,8.556878798e+11,2.039126542,38266123.08,23543.21295,20789.24507,19566311.78,2907677.889
2023-12-11,41209.89479,8.063663447e+11,1.920421604,40694771.11,50246.03372,43253.49173,19567299.28,2914670.431
2023-12-12,41467.27357,8.114398729e+11,1.928403639,37320546.21,41206.81068,34640.39822,19568199.28,2921236.843
2023-12-13,42939.06076,8.402800849e+11,1.994507456,39987000.33,36523.32334,37064.74227,19569130.53,2920695.424
2023-12-14,43033.13716,8.42160346e+11,1.997076015,39267737.65,27174.87391,30184.55687,19570043.03,2917685.741
2023-12-15,41978.09702,8.215559303e+11,1.945584187,42765186.34,30555.74914,27898.40722,19571061.78,2920343.083
2023-12-16,42203.21405,8.260018025e+11,1.954587604,40093053.34,15954.51357,22190.62271,19572011.78,2914106.974
2023-12-17,41428.66579,8.108811742e+11,1.918432938,38839374.17,16743.25302,11689.35171,19572949.28,2919160.875
2023-12-18,42635.73319,8.345518109e+11,1.97099756,44767519.85,31742.32872,31410.30767,19573999.28,2919492.896
2023-12-19,42271.86303,8.274722168e+11,1.952266718,42800261.31,35015.96431,25561.86006,19575011.78,2928947.001
2023-12-20,43605.15555,8.536109509e+11,2.010355158,39517172.22,32447.48378,37361.78293,19575918.03,2924032.701
2023-12-21,43870.23823,8.588402193e+11,2.020553477,40031592.39,25333.65017,30190.55938,19576830.53,2919175.792
2023-12-22,44009.50166,8.616127657e+11,2.024349186,46209976.74,37057.46134,35109.9143,19577880.53,2921123.339
2023-12-23,43768.80675,8.569442384e+11,2.012046954,43768806.75,19356.72762,22113.72515,19578880.53,2918366.342
2023-12-24,43097.80933,8.438529208e+11,1.978993773,46060783.72,19215.26776,31206.39475,19579949.28,2906375.215
2023-12-25,43623.7504,8.541887185e+11,2.002168071,37898133.16,32693.48626,24380.40643,19580818.03,2914688.295
2023-12-26,42491.12291,8.320478598e+11,1.947666355,36914163.03,23156.47511,26178.44967,19581686.78,2911666.32
2023-12-27,43436.95943,8.506039553e+11,1.984542821,35021048.54,38528.1747,59274.73351,19582493.03,2890919.761
2023-12-28,42670.67972,8.35630558e+11,1.948191066,32269701.54,23401.32434,24803.18077,19583249.28,2889517.905
2023-12-29,41998.60334,8.225087535e+11,1.915289168,39636181.91,26934.84588,29927.46388,19584193,2886525.287
2023-12-30,42204.49177,8.2657916e+11,1.923525955,38247820.67,35200.07067,19423.1726,19585099.25,2902302.185
2023-12-31,42217.15879,8.268684065e+11,1.923147103,41161729.82,28983.68071,32576.51004,19586074.25,2898709.356
2024-01-01,44049.47355,8.627989324e+11,2.005011406,42672927.5,27857.71335,26877.62353,19587043,2899689.445
2024-01-02,44941.16049,8.803012384e+11,2.041843745,36795575.15,42075.00438,42658.05927,19587861.75,2899106.391
2024-01-03,42773.65154,8.378866118e+11,1.941607815,42238980.9,39870.75653,34298.85396,19588849.25,2904678.293
2024-01-04,44250.74527,8.668681945e+11,1.991280476,47016416.85,38460.70963,37790.80287,19589911.75,2905348.2
2024-01-05,44146.3222,8.648606321e+11,1.983754394,38076202.9,36061.47439,37647.9872,19590774.25,2903761.687
2024-01-06,43917.97981,8.604256561e+11,1.972626828,38428232.34,45643.65226,46384.02623,19591649.25,2903021.313
2024-01-07,43844.19595,8.590124436e+11,1.968589392,32335094.51,38422.03734,42650.67597,19592386.75,2898792.674
2024-01-08,46981.3243,9.205123924e+11,2.105199604,36116893.06,40425.74393,31038.44411,19593155.5,2908179.974
2024-01-09,46084.0058,9.029748712e+11,2.061111821,43779805.51,56276.99643,42950.94714,19594105.5,2921506.024
2024-01-10,46818.15928,9.173988696e+11,2.09043748,38917594.9,53291.02636,39603.28437,19594936.75,2935193.766
2024-01-11,46380.87081,9.08880379e+11,2.067553091,50149316.56,63243.76653,57576.00173,19596018,2940861.53
2024-01-12,42817.43054,8.390960976e+11,1.910157144,44958302.06,63831.39402,59535.44343,19597068,2945157.481
2024-01-13,42846.95447,8.397172593e+11,1.911017345,42579161,27950.57995,30102.5772,19598061.75,2943005.484
2024-01-14,41888.15131,8.209600863e+11,1.868072683,33510521.05,19069.90545,19900.49289,19598861.75,2942174.896
2024-01-15,42528.91925,8.335487104e+11,1.895817003,30301854.96,32681.33157,28978.99731,19599574.25,2945877.231
2024-01-16,43171.44722,8.461757129e+11,1.915131499,33727693.14,45447.46426,47641.65412,19600355.5,2943683.041
2024-01-17,42689.30433,8.367578245e+11,1.89292067,32283786.4,44155.49579,38718.42636,19601111.75,2949120.11
2024-01-18,41261.90762,8.08815882e+11,1.826405497,36619943.01,47290.07014,43688.00167,19601999.25,2952722.179
2024-01-19,41606.85353,8.156118372e+11,1.840326499,34325654.16,44220.76033,44324.38114,19602824.25,2952618.558
2024-01-20,41668.69041,8.168612561e+11,1.842828286,37241392.05,24475.52848,23151.52901,19603718,2953942.557
2024-01-21,41537.11236,8.14318182e+11,1.836787376,36344973.31,19441.6904,20798.28295,19604593,2952585.965
2024-01-22,39577.09986,7.759325118e+11,1.750703118,39577099.86,45135.94104,43461.68205,19605593,2954260.224
2024-01-23,39737.31436,7.791118593e+11,1.756852382,38247165.07,52912.78356,48878.5419,19606555.5,2958294.465
2024-01-24,40101.8569,7.862968782e+11,1.769398537,37595490.84,49734.5502,45082.18681,19607493,2962946.829
2024-01-25,39917.66115,7.827304181e+11,1.759912898,45156854.17,46177.85256,45267.78735,19608624.24,2963856.894
2024-01-26,41860.73105,8.208711134e+11,1.843658005,39767694.49,55623.56406,49339.6359,19609574.24,2970140.822
2024-01-27,42125.30142,8.261042471e+11,1.854538165,45021415.89,24826.4411,26230.67111,19610642.99,2968736.592
2024-01-28,41983.02027,8.233560055e+11,1.847823938,41983020.27,24800.90164,23611.74448,19611642.99,2969925.749
2024-01-29,43218.34708,8.476249317e+11,1.900281405,42137888.41,43501.08385,42311.00607,19612617.99,2971115.827
2024-01-30,42950.05413,8.424016595e+11,1.884454644,38655048.71,41010.19078,54507.10787,19613517.99,2957618.91
2024-01-31,42589.47081,8.353642222e+11,1.865776569,34870129.22,37171.37239,39643.60385,19614336.74,2955146.678
2024-02-01,43020.35965,8.438569594e+11,1.88369269,41138218.92,38938.79593,37917.84573,19615292.99,2956167.629
2024-02-02,43155.3852,8.465562326e+11,1.888479127,50707577.61,37394.93825,40758.73709,19616467.99,2952803.83
2024-02-03,42982.379,8.432030266e+11,1.880647419,40564620.18,22002.63727,22837.99338,19617411.74,2951968.474
2024-02-04,42576.29131,8.352778829e+11,1.862423696,41245782.2,21837.48434,20465.01432,19618380.49,2953340.944
2024-02-05,42619.27427,8.361626929e+11,1.863325631,41553792.42,34542.54582,32795.33226,19619355.49,2955088.157
2024-02-06,43102.70626,8.456931136e+11,1.881777314,45796625.4,34169.05201,33035.54268,19620417.99,2956221.667
2024-02-07,44253.03147,8.683072281e+11,1.929905899,44253031.47,34540.19897,38763.48669,19621417.99,2951998.379
2024-02-08,45332.09157,8.895190162e+11,1.974244701,39098928.98,47451.99908,48189.50136,19622280.49,2951260.877
2024-02-09,47176.96651,9.257686159e+11,2.050894305,48946102.76,47677.01678,49658.27856,19623317.99,2949279.615
2024-02-10,47792.89722,9.379006232e+11,2.075743628,45403252.35,28226.36709,29522.22298,19624267.99,2947983.759
2024-02-11,48200.79861,9.459466613e+11,2.091679256,41271933.81,28718.04428,23949.15728,19625124.24,2952752.646
2024-02-12,49989.80372,9.81112035e+11,2.163451149,55926092.91,54647.58031,50947.57723,19626242.99,2956452.657
2024-02-13,49628.09415,9.740549089e+11,2.144571751,41873704.44,39881.57821,45502.68519,19627086.74,2950831.55
2024-02-14,51844.29292,1.017597474e+12,2.227481564,45039729.47,58308.57861,60102.12407,19627955.49,2949038.005
2024-02-15,51939.14729,1.019510237e+12,2.227672857,50965288.28,50398.53687,50551.32599,19628936.74,2948885.216
2024-02-16,52157.3124,1.023836268e+12,2.233361066,43681749.13,40171.04765,44391.39961,19629774.24,2944664.864
2024-02-17,51674.81585,1.014413414e+12,2.211108587,48445139.86,28438.46255,28666.22594,19630711.74,2944437.1
2024-02-18,52148.06454,1.02374306e+12,2.229209057,39436973.81,24762.49712,23062.98499,19631467.99,2946136.612
2024-02-19,51804.80515,1.017048408e+12,2.207720044,44034084.38,42543.38982,46945.95844,19632317.99,2941734.044
2024-02-20,52308.05317,1.02697443e+12,2.226411177,46096471.86,46294.15592,46835.20003,19633199.24,2941193
2024-02-21,51744.32181,1.015951209e+12,2.199223256,44629477.56,42427.01292,38290.96834,19634061.74,2945329.044
2024-02-22,51292.32526,1.007119959e+12,2.176256754,43277899.44,36577.86119,36873.36946,19634905.49,2945033.536
2024-02-23,50789.14318,9.972904981e+11,2.151044247,50471711.03,41684.33432,44386.83716,19635899.24,2942331.033
2024-02-24,51578.23492,1.012829188e+12,2.182874558,44163863.65,30056.70824,29852.24117,19636755.49,2942535.5
2024-02-25,51746.47897,1.016185995e+12,2.188723305,53040140.94,32905.53706,31421.98869,19637780.49,2944019.049
2024-02-26,54551.82592,1.071322129e+12,2.300355808,45346205.29,43275.42122,50426.28224,19638611.74,2936868.188
2024-02-27,57049.88822,1.120426601e+12,2.392967515,45996472.38,60709.1304,57178.88869,19639417.99,2940398.429
2024-02-28,62460.74062,1.22675076e+12,2.578804516,58166564.7,75984.96302,68109.42199,19640349.24,2948273.97
2024-02-29,61394.78185,1.205865992e+12,2.523625575,51034412.41,68516.07386,62026.40695,19641180.49,2954763.637
2024-03-01,62524.40182,1.228113241e+12,2.552193764,60179736.75,71414.79715,76883.1366,19642142.99,2949295.298
2024-03-02,62049.61456,1.218836654e+12,2.530515094,49251881.56,31691.05315,29892.21454,19642936.74,2951094.136
2024-03-03,62991.44229,1.237397939e+12,2.564912447,61022959.72,30983.91537,30247.93199,19643905.49,2951830.12
2024-03-04,68091.83882,1.337644546e+12,2.751198902,54899045.05,56495.56779,52965.03954,19644711.74,2955360.648
2024-03-05,63950.52433,1.256356365e+12,2.565781927,66748359.77,74704.95689,62526.12286,19645755.49,2967539.482
2024-03-06,66103.72154,1.298715391e+12,2.612226372,57840756.35,53800.07768,57776.51653,19646630.49,2963563.043
2024-03-07,67070.37915,1.31778241e+12,2.630694306,75454176.54,60499.80884,52657.00637,19647755.49,2971405.846
2024-03-08,68343.71496,1.342866382e+12,2.663773784,65780825.64,54686.36473,58232.84729,19648717.99,2967859.363
2024-03-09,68502.50534,1.346056196e+12,2.66444667,69786927.31,33656.60958,35156.05131,19649736.74,2966359.921
2024-03-10,68882.25134,1.353579669e+12,2.673324644,61563512.13,36083.86914,32180.31517,19650630.49,2970263.475
2024-03-11,72198.08753,1.418814651e+12,2.776042557,76710468.01,61910.40543,52508.66036,19651692.99,2979665.22
2024-03-12,71432.7283,1.403836996e+12,2.73283167,62950091.82,51509.94706,48123.36789,19652574.24,2983051.8
2024-03-13,73081.57591,1.436314178e+12,2.746836537,73081575.91,56279.12714,58510.73286,19653574.24,2980820.194
2024-03-14,71505.27291,1.405397204e+12,2.676637138,63014021.75,55793.16029,68115.85163,19654455.49,2968497.503
2024-03-15,69424.91418,1.364563992e+12,2.593181988,55106025.63,56414.66979,58774.75347,19655249.24,2966137.419
2024-03-16,65433.6819,1.286174217e+12,2.443363524,58890313.71,35789.75683,29566.4547,19656149.24,2972360.721
2024-03-17,68285.08917,1.342284214e+12,2.541969044,62310143.87,39071.25656,50365.04895,19657061.74,2961066.929
2024-03-18,67770.88652,1.332237495e+12,2.518753518,60993797.87,39436.90807,38797.87655,19657961.74,2961705.96
2024-03-19,61969.30754,1.218251084e+12,2.306497996,60807383.02,63661.74007,55297.17409,19658942.99,2970070.526
2024-03-20,67848.10764,1.333885264e+12,2.517432123,63183550.24,47393.59179,45159.58933,19659874.24,2972304.529
2024-03-21,65454.73572,1.286880964e+12,2.425056483,49091051.79,42632.98143,42980.30487,19660624.24,2971957.205
2024-03-22,63486.485,1.248237493e+12,2.347242779,53566721.72,47572.32832,57996.03453,19661467.99,2961533.499
2024-03-23,64361.2429,1.26549927e+12,2.355130916,62752211.83,23532.48635,24742.76601,19662442.99,2960323.219
2024-03-24,67289.56583,1.323148747e+12,2.459089042,71495163.7,23762.82706,24352.61163,19663505.49,2959733.435
2024-03-25,70042.02042,1.377329438e+12,2.531973278,57784666.85,43743.16246,47018.79733,19664330.49,2956457.8
2024-03-26,70071.04721,1.377958915e+12,2.529858024,58684502.04,50154.84837,50702.44105,19665167.99,2955910.207
2024-03-27,69267.88798,1.362223531e+12,2.497305618,58877704.78,52144.97825,49345.28423,19666017.99,2958709.901
2024-03-28,70826.89687,1.392950314e+12,2.542320039,67285552.03,51422.06068,66439.07126,19666967.99,2943692.891
2024-03-29,69917.04301,1.375119172e+12,2.506814301,62925338.71,32738.00397,30967.43615,19667867.99,2945463.458
2024-03-30,69663.01191,1.370190408e+12,2.495980096,67486042.79,19435.72727,17717.69585,19668836.74,2947181.49
2024-03-31,71227.45179,1.401022109e+12,2.549472704,60988505.6,18819.31141,26889.41009,19669692.99,2939111.391
2024-04-01,69791.62773,1.372845321e+12,2.483865175,65429651,39533.88783,48138.02371,19670630.49,2930507.255
2024-04-02,65533.75484,1.289150895e+12,2.325824861,60618723.22,41306.5213,39796.74013,19671555.49,2932017.036
2024-04-03,66130.21624,1.300942909e+12,2.343574739,58690566.91,33034.171,35598.19717,19672442.99,2929453.01
2024-04-04,68438.13502,1.346404338e+12,2.422340254,59027891.46,35344.07492,41742.47918,19673305.49,2923054.606
2024-04-05,67904.90948,1.335976841e+12,2.401839662,62812041.27,41627.84288,37504.48634,19674230.49,2927177.963
2024-04-06,69136.07108,1.360265973e+12,2.442327544,66975568.86,23342.14534,23539.84552,19675199.24,2926980.262
2024-04-07,69392.68301,1.365388594e+12,2.449775073,73729725.7,22827.96957,20717.68072,19676261.74,2929090.551
2024-04-08,71712.79728,1.411110586e+12,2.525942677,70816387.32,35233.93305,35131.27076,19677249.24,2929193.214
2024-04-09,69074.54186,1.359260007e+12,2.431151798,63030519.45,35814.94329,31811.55704,19678161.74,2933196.6
2024-04-10,70579.44568,1.388940357e+12,2.480887886,66609351.86,29280.92116,32756.47988,19679105.49,2929721.041
2024-04-11,70046.55361,1.378511306e+12,2.459930871,57788406.72,17841.98455,19650.68936,19679930.49,2927912.336
2024-04-12,67098.11369,1.320543247e+12,2.355699837,57033396.64,34108.70526,30251.00483,19680780.49,2931770.037
2024-04-13,64551.64829,1.270492986e+12,2.266724604,66165439.49,20444.46406,21238.80894,19681805.49,2930975.692
2024-04-14,65648.80996,1.292151526e+12,2.303797514,64417894.77,17884.80436,15910.3205,19682786.74,2932950.176
2024-04-15,63393.32517,1.247813166e+12,2.224653592,55865367.8,20703.23065,20468.55085,19683667.99,2933184.855
2024-04-16,63784.82033,1.255585005e+12,2.235583061,65778095.97,31205.02427,36996.35758,19684699.24,2927393.522
2024-04-17,61324.21843,1.207201305e+12,2.150115533,52508862.03,25298.12973,23333.06693,19685555.49,2929358.585
2024-04-18,63510.145,1.25029004e+12,2.22365709,57556068.91,40567.52438,26117.41216,19686461.74,2943808.697
2024-04-19,63762.63103,1.255319975e+12,2.229521797,59378950.15,27955.4332,25798.92268,19687392.99,2945965.208
2024-04-20,64907.99284,1.277895532e+12,2.268874228,26368872.09,6211.423805,6743.836083,19687799.24,2945432.795
2024-04-21,64968.19262,1.279109157e+12,2.270178574,28423584.27,7996.269433,6108.561418,19688236.74,2947320.503
2024-04-22,66944.59609,1.318052855e+12,2.336371417,31798683.14,13809.65894,17157.98839,19688711.74,2943972.174
2024-04-23,66385.30029,1.307075894e+12,2.315430606,34852282.65,18280.55338,14521.84693,19689236.74,2947730.883
2024-04-24,64189.96791,1.263882567e+12,2.229186378,31092015.7,23660.4042,14203.89573,19689721.12,2957187.392
2024-04-25,64515.38747,1.270318817e+12,2.239412645,28830313.78,15051.8091,16782.15117,19690167.99,2955457.05
2024-04-26,63777.4715,1.255815636e+12,2.213395882,26507511.59,16016.68377,18652.19206,19690583.62,2952821.541
2024-04-27,63429.30996,1.248987882e+12,2.200293293,27750323.11,14747.67803,14270.48338,19691021.12,2953298.736
2024-04-28,62978.577,1.240140043e+12,2.182739505,27553127.44,19026.43453,14974.2881,19691458.62,2957350.883
2024-04-29,63908.38888,1.258475557e+12,2.213049964,26162496.7,24410.67235,19540.81838,19691867.99,2962220.737
2024-04-30,60636.32616,1.194069248e+12,2.09949166,26717881.22,32357.36855,24684.10293,19692308.62,2969894.002
2024-05-01,58141.77728,1.144969805e+12,2.015162958,23983483.13,32735.9219,29587.84048,19692721.12,2973042.084
2024-05-02,59170.10889,1.165247264e+12,2.050901531,26811455.59,29119.74462,27736.21398,19693174.24,2974425.614
2024-05-03,62983.65548,1.240373492e+12,2.180678249,25390286.11,21309.37484,21312.89339,19693577.37,2974422.096
2024-05-04,63881.13054,1.258076134e+12,2.210725677,28147623.15,14109.17993,15285.14134,19694017.99,2973246.134
2024-05-05,64067.59599,1.261776218e+12,2.216655067,27829362.01,12541.47218,9702.111308,19694452.37,2976085.495
2024-05-06,63228.10313,1.245266971e+12,2.186202854,24105714.32,18387.187,22768.39378,19694833.62,2971704.288
2024-05-07,62396.99972,1.228922317e+12,2.157205469,23788856.14,18300.23795,18520.52659,19695214.87,2971484
2024-05-08,61079.27443,1.202993675e+12,2.110540935,24240837.04,19549.29969,16390.09639,19695611.74,2974643.203
2024-05-09,62998.49034,1.240822352e+12,2.175223561,28546190.93,19546.62715,23118.12071,19696064.87,2971071.709
2024-05-10,60896.64189,1.199451803e+12,2.102988745,27593790.86,23093.89713,20960.75206,19696517.99,2973204.854
2024-05-11,60843.57292,1.19843676e+12,2.100448703,30231650.3,13541.87362,13696.87975,19697014.87,2973049.848
2024-05-12,61431.27469,1.210038071e+12,2.119745795,25340400.81,15454.09485,14528.27781,19697427.37,2973975.665
2024-05-13,62886.93945,1.238739811e+12,2.168233271,28888687.81,27624.81887,26200.50509,19697886.74,2975399.979
2024-05-14,61555.567,1.212540748e+12,2.121406642,26161115.98,19439.57616,20086.55684,19698311.74,2974752.998
2024-05-15,66281.53225,1.30566349e+12,2.275705534,29205300.15,31778.31329,40526.48389,19698752.37,2966004.828
2024-05-16,65269.26032,1.28575196e+12,2.238813737,28963234.27,25549.39033,26059.84097,19699196.12,2965494.377
2024-05-17,66956.44095,1.319020494e+12,2.293532883,32432026.08,20565.33905,23808.78956,19699680.49,2962250.927
2024-05-18,66977.60069,1.319464125e+12,2.293351818,26791040.28,13182.55754,14618.81225,19700080.49,2960814.672
2024-05-19,66259.47043,1.305348788e+12,2.267741433,31887370.14,13769.53993,13681.98232,19700561.74,2960902.23
2024-05-20,71202.20259,1.402758099e+12,2.430732575,34711073.76,24954.02682,26135.78961,19701049.24,2959720.467
2024-05-21,70217.25469,1.383383874e+12,2.392177116,30281191.09,49365.26854,38264.60598,19701480.49,2970821.129
2024-05-22,69074.91414,1.3609111e+12,2.350508549,33026443.32,31536.23431,29667.85054,19701958.62,2972689.513
2024-05-23,67758.73066,1.335015492e+12,2.30342601,35785079.63,27719.68536,26733.99629,19702486.74,2973675.202
2024-05-24,68608.99828,1.351802184e+12,2.329942401,34304499.14,31348.56024,26043.06129,19702986.74,2978980.701
2024-05-25,69282.7926,1.365112585e+12,2.351755248,34641396.3,11525.7963,10518.64652,19703486.74,2979987.851
2024-05-26,68445.00695,1.348641221e+12,2.321857258,35933628.65,11875.03406,11331.97741,19704011.74,2980530.908
2024-05-27,69347.81526,1.366456822e+12,2.34928901,26655566.49,16587.69169,14690.43047,19704396.12,2982428.169
2024-05-28,68342.82045,1.346682624e+12,2.276025406,28618556.06,17933.04135,20618.25432,19704814.87,2979742.956
2024-05-29,67584.26324,1.33176433e+12,2.249666772,28934512.7,21944.74409,19180.83683,19705242.99,2982506.863
2024-05-30,68375.47603,1.347381652e+12,2.274593933,26281823.6,16867.14722,26433.35612,19705627.37,2972940.654
2024-05-31,67377.76261,1.327752245e+12,2.24043464,31162215.21,32433.19758,24458.46962,19706089.87,2980915.382
2024-06-01,67714.35264,1.334414955e+12,2.250811712,29836636.63,12503.04804,12060.51242,19706530.49,2981357.918
2024-06-02,67805.48557,1.336240534e+12,2.252890612,29664899.94,11367.15227,10602.11914,19706967.99,2982122.951
2024-06-03,68833.30284,1.356529467e+12,2.282844084,33771339.2,25291.49845,28687.22279,19707458.62,2978727.227
2024-06-04,70554.08943,1.390471342e+12,2.336035029,29544524.95,19570.8065,22325.61569,19707877.37,2975972.417
2024-06-05,71087.44332,1.401009939e+12,2.350051565,27324236.02,34754.04211,25819.08002,19708261.74,2984907.379
2024-06-06,70788.50138,1.395147735e+12,2.333807126,29421470.88,21077.66037,22434.58031,19708677.37,2983550.46
2024-06-07,69338.15732,1.366594141e+12,2.2837675,30768807.31,15918.28149,20106.93474,19709121.12,2979361.806
2024-06-08,69310.10926,1.366078592e+12,2.281753656,37254183.73,15962.96052,9224.453768,19709658.62,2986100.313
2024-06-09,69644.01909,1.37269314e+12,2.291783692,33298546.63,8298.264726,8358.696726,19710136.74,2986039.881
2024-06-10,69465.93625,1.369213277e+12,2.284430209,30174266.06,15763.9269,14476.75501,19710571.12,2987327.053
2024-06-11,67368.26351,1.327892844e+12,2.210797104,25894676.29,36411.7531,40765.88876,19710955.49,2982972.917
2024-06-12,68213.83468,1.344590982e+12,2.236528862,31122562.07,26316.30264,27648.99977,19711411.74,2981640.22
2024-06-13,66783.49028,1.316427136e+12,2.189193919,30261269.03,21396.45599,25664.2239,19711864.87,2977372.452
2024-06-14,65982.18652,1.300658337e+12,2.162288949,26392874.61,25022.04118,20408.99568,19712264.87,2981985.498
2024-06-15,66204.90431,1.305076333e+12,2.168574282,27723303.68,11253.2057,9207.244753,19712683.62,2984031.459
2024-06-16,66622.59993,1.31334417e+12,2.181700781,33935886.84,10815.19414,12074.31404,19713192.99,2982772.339
2024-06-17,66483.87853,1.310638615e+12,2.176007673,29086696.86,20403.83308,17695.80497,19713630.49,2985480.367
2024-06-18,65112.123,1.283627262e+12,2.13117012,30928258.43,25156.13288,25424.62731,19714105.49,2985211.872
2024-06-19,64878.71415,1.279053591e+12,2.122527341,27776199.5,20080.87503,26610.06652,19714533.62,2978682.681
2024-06-20,64897.70115,1.279454884e+12,2.122824345,26973107.04,22556.78998,22015.85452,19714949.24,2979223.616
2024-06-21,64086.04892,1.263481239e+12,2.094841851,28037646.4,21415.10551,19641.74707,19715386.74,2980996.975
2024-06-22,64258.13551,1.266904515e+12,2.094393636,30522614.37,10603.70035,10546.15143,19715861.74,2981054.524
2024-06-23,63345.02188,1.248923864e+12,2.064629768,22170757.66,9311.845159,8972.934778,19716211.74,2981393.434
2024-06-24,60258.95544,1.188106948e+12,1.965852606,28623003.83,33068.56454,26580.94493,19716686.74,2987881.054
2024-06-25,61739.66585,1.217325575e+12,2.013824808,23924120.52,22604.97195,28676.84007,19717074.24,2981809.186
2024-06-26,60794.47606,1.198712186e+12,1.983142816,22987911.26,29819.86368,23783.84464,19717452.37,2987845.205
2024-06-27,61569.92343,1.214027045e+12,2.004496111,25012781.39,33645.20758,22494.76783,19717858.62,2998995.644
2024-06-28,60303.31474,1.189077675e+12,1.963323618,25440460.9,34393.59687,27168.05773,19718280.49,3006221.184
2024-06-29,60889.32984,1.200662759e+12,1.982090071,29873827.45,12655.05654,10017.60702,19718771.12,3008858.633
2024-06-30,62763.27969,1.237638479e+12,2.042245353,23732365.13,10855.96509,10432.33109,19719149.24,3009282.267
2024-07-01,62835.39976,1.239088312e+12,2.043145933,27686848.02,22999.80795,22046.02913,19719589.87,3010236.046
2024-07-02,62028.61704,1.223207576e+12,2.017079158,28688235.38,20064.06709,20988.08681,19720052.37,3009312.026
2024-07-03,60216.39209,1.187497691e+12,1.956495893,27285552.66,20741.22971,19000.64358,19720505.49,3011052.612
2024-07-04,57418.24202,1.132341878e+12,1.867131113,25120480.88,32175.29694,27701.88758,19720942.99,3015526.022
2024-07-05,56720.98813,1.118612821e+12,1.842167063,21447623.64,36491.51878,35946.32697,19721321.12,3016071.213
2024-07-06,58259.22177,1.148978861e+12,1.891715119,30039911.23,15796.91797,15972.43917,19721836.74,3015895.692
2024-07-07,56112.57256,1.10666772e+12,1.822128705,24724602.28,12909.28834,10669.68544,19722277.37,3018135.295
2024-07-08,56691.91491,1.118121839e+12,1.842314995,28168795.22,31502.67835,26290.15518,19722774.24,3023347.818
2024-07-09,57981.4321,1.143582599e+12,1.8828261,27903564.2,24343.68432,22193.37208,19723255.49,3025498.131
2024-07-10,57722.01135,1.138490509e+12,1.873671456,24531854.82,26347.77934,25911.74994,19723680.49,3025934.16
2024-07-11,57307.71274,1.130344088e+12,1.860391708,25072124.32,27828.26727,22564.00756,19724117.99,3031198.42
2024-07-12,57859.12028,1.141247237e+12,1.877696697,27121462.63,23798.59549,23048.73939,19724586.74,3031948.276
2024-07-13,59329.0372,1.170269293e+12,1.924461077,28552099.15,12959.98873,9410.005951,19725067.99,3035498.259
2024-07-14,61015.03394,1.203557535e+12,1.978252221,31842220.84,11499.78976,10933.11055,19725589.87,3036064.938
2024-07-15,64734.76117,1.2769623e+12,2.094337236,30951307.68,28132.1335,28108.08189,19726067.99,3036088.989
2024-07-16,65118.82666,1.284568316e+12,2.102494987,29913961,68848.87218,24939.52354,19726527.37,3079998.338
2024-07-17,64201.37078,1.266501998e+12,2.072214199,31900056.11,19726.7639,20093.56134,19727024.24,3079631.541
2024-07-18,63984.3022,1.262245674e+12,2.063284608,25793671.83,20077.69657,23377.63167,19727427.37,3076331.606
2024-07-19,66755.78338,1.316950534e+12,2.146794862,30665937.99,22578.99095,24891.44799,19727886.74,3074019.148
2024-07-20,67185.49781,1.325462534e+12,2.15954455,34642522.31,10725.57655,9700.449737,19728402.37,3075044.275
2024-07-21,68056.62012,1.342684328e+12,2.186185421,35942402.5,8181.709242,8067.92619,19728930.49,3075158.058
2024-07-22,67535.19767,1.332434998e+12,2.167482355,37777501.2,20894.28631,20318.96077,19729489.87,3075733.384
2024-07-23,65916.40816,1.300531919e+12,2.109594622,34812103.06,40397.86426,42773.84513,19730017.99,3073357.403
2024-07-24,65353.38578,1.289452069e+12,2.091076479,28592106.28,21675.50618,21927.91626,19730455.49,3073104.993
2024-07-25,65722.06119,1.29675968e+12,2.101052279,33477174.92,31005.83775,28607.59274,19730964.87,3075503.238
2024-07-26,67912.24331,1.340008043e+12,2.167988898,33956121.65,26459.11261,25813.83796,19731464.87,3076148.513
2024-07-27,68077.37308,1.343299057e+12,2.17149524,32762235.8,17288.73533,13777.33612,19731946.12,3079659.912
2024-07-28,68170.66913,1.345171499e+12,2.173689505,31528934.47,9176.041923,7991.996265,19732408.62,3080843.957
2024-07-29,66867.16728,1.319487463e+12,2.130351323,37194861.8,25411.03107,32739.48513,19732964.87,3073515.503
2024-07-30,66186.91469,1.306095087e+12,2.107536638,31025116.26,21084.43622,22798.56323,19733433.62,3071801.376
2024-07-31,64690.63404,1.276596837e+12,2.060104598,28504310.62,16522.21195,17435.86908,19733874.24,3070887.719
2024-08-01,65178.05549,1.286244066e+12,2.073446665,28515399.28,27188.05174,30295.46315,19734311.74,3067780.308
2024-08-02,61506.76989,1.213817797e+12,1.958129492,24026081.99,26161.75073,23315.11042,19734702.37,3070626.948
2024-08-03,60688.24443,1.197690044e+12,1.931910948,25602853.12,13501.3648,13514.76863,19735124.24,3070613.544
2024-08-04,58306.26448,1.150707429e+12,1.856581077,26055611.94,16479.79758,17359.34058,19735571.12,3069734.001
2024-08-05,54343.62768,1.072529021e+12,1.734614784,26492518.49,60764.20704,54862.25022,19736058.62,3075635.958
2024-08-06,56047.47129,1.106180699e+12,1.790105909,24520768.69,32742.59898,30337.90203,19736496.12,3078040.655
2024-08-07,55129.74104,1.088088938e+12,1.761026659,21018213.77,34474.42021,39296.48593,19736877.37,3073218.589
2024-08-08,61908.78967,1.221911147e+12,1.974027469,24956980.84,26870.24406,25288.80757,19737280.49,3074800.026
2024-08-09,60720.94076,1.198490907e+12,1.934847151,24667882.18,30883.66954,26437.95006,19737686.74,3079245.745
2024-08-10,60871.55507,1.201488224e+12,1.93709414,24538845.64,10010.32452,10573.75531,19738089.87,3078682.315
2024-08-11,58836.10437,1.161341917e+12,1.872742223,29601915.01,11907.79825,15216.15373,19738592.99,3075373.959
2024-08-12,59394.16295,1.172382637e+12,1.890144045,25428126.01,27403.02346,25817.8284,19739021.12,3076959.154
2024-08-13,60536.24578,1.194954421e+12,1.926417222,28187189.44,28906.87099,18543.76539,19739486.74,3087322.26
2024-08-14,58840.64668,1.161508437e+12,1.873500483,24271766.76,20642.66833,21601.32166,19739899.24,3086363.606
2024-08-15,57644.18769,1.137919279e+12,1.835793832,28822093.84,19676.44219,22449.41342,19740399.24,3083590.635
2024-08-16,58927.27651,1.163274113e+12,1.876508258,26148978.95,21231.37264,28400.9035,19740842.99,3076421.104
2024-08-17,59414.67434,1.172923422e+12,1.891903199,27664957.74,10509.06337,7976.295085,19741308.62,3078953.873
2024-08-18,58793.20615,1.160683489e+12,1.871999609,28661688,11138.50967,8786.117688,19741796.12,3081306.265
2024-08-19,59411.51902,1.172914231e+12,1.891279441,24135929.6,23465.14827,19379.77401,19742202.37,3085391.639
2024-08-20,59123.30027,1.167251872e+12,1.8824266,27714047,21606.85605,20145.0187,19742671.12,3086853.476
2024-08-21,61133.02565,1.206957303e+12,1.945233846,28082983.66,21702.74273,22751.74475,19743130.49,3085804.474
2024-08-22,60394.47377,1.192406174e+12,1.921170695,30197236.89,23170.43288,21272.38809,19743630.49,3087702.519
2024-08-23,64106.80292,1.265733883e+12,2.035903976,32854736.49,26418.15888,29966.17096,19744142.99,3084154.507
2024-08-24,64023.2267,1.264114354e+12,2.032046752,30611105.27,17730.35625,15549.78738,19744621.12,3086335.076
2024-08-25,64498.01834,1.273515742e+12,2.046583029,26806988.87,12589.68127,13029.44892,19745036.74,3085895.308
2024-08-26,62983.44277,1.243636766e+12,1.998001383,26374316.66,21661.94028,22327.30118,19745455.49,3085229.947
2024-08-27,59548.00762,1.175828959e+12,1.891971799,26424428.38,24613.43631,21947.1708,19745899.24,3087896.213
2024-08-28,59100.77475,1.167027678e+12,1.875827073,29735077.3,33322.14673,41238.0436,19746402.37,3079980.316
2024-08-29,59339.79099,1.171771867e+12,1.883349153,24477663.79,20984.91477,20798.31133,19746814.87,3080166.919
2024-08-30,59142.93996,1.167910931e+12,1.876982695,26244679.61,21698.33025,19951.59393,19747258.62,3081913.656
2024-08-31,58959.92627,1.164323997e+12,1.870736979,27084716.13,12096.70779,9673.172246,19747717.99,3084337.191
2024-09-01,57349.08072,1.132538922e+12,1.820019011,25448654.57,11525.69913,11143.43899,19748161.74,3084719.451
2024-09-02,59159.02389,1.168312846e+12,1.877143284,30873615.59,17924.63258,15407.5843,19748683.62,3087236.5
2024-09-03,57637.77544,1.138297029e+12,1.8297297,26837589.19,20346.70286,26393.09402,19749149.24,3081190.108
2024-09-04,58033.39897,1.146137642e+12,1.841861371,27384510.14,19139.75184,19539.54949,19749621.12,3080790.311
2024-09-05,56112.95294,1.10823674e+12,1.781930709,27179711.58,20976.69264,15820.04094,19750105.49,3085946.962
2024-09-06,53838.95346,1.063349406e+12,1.710811544,24395775.79,28686.3035,28444.03693,19750558.62,3086189.229
2024-09-07,54066.43992,1.067869086e+12,1.718206634,26695304.71,10190.45265,12221.45101,19751052.37,3084158.231
2024-09-08,54859.25841,1.083556715e+12,1.743469313,28629675.48,14192.2588,7265.067717,19751574.24,3091085.422
2024-09-09,57135.78144,1.128547519e+12,1.814072812,25889650.96,20969.46957,27086.42616,19752027.37,3084968.465
2024-09-10,57664.49982,1.139015466e+12,1.830850569,24687613.99,46071.15482,54103.51249,19752455.49,3076936.107
2024-09-11,57409.19507,1.133991946e+12,1.822802476,19375603.33,29889.44229,36613.33088,19752792.99,3070212.219
2024-09-12,58124.64181,1.148151626e+12,1.844923693,27609204.86,26507.49232,24407.14789,19753267.99,3072312.563
2024-09-13,60536.88145,1.195824511e+12,1.918166417,23268863.81,24696.88844,27998.01096,19753652.37,3069011.441
2024-09-14,60007.17025,1.185386846e+12,1.901061523,26065614.58,16306.40183,17139.31099,19754086.74,3068178.532
2024-09-15,59129.91975,1.168085466e+12,1.873189573,27901930.88,14518.32655,14202.8377,19754558.62,3068494.02
2024-09-16,58227.46422,1.1502806e+12,1.844209085,22745103.21,27163.75261,21046.13004,19754949.24,3074611.643
2024-09-17,60238.21773,1.19003117e+12,1.906555569,28236664.56,23848.07739,25094.899,19755417.99,3073364.821
2024-09-18,61306.23373,1.211156711e+12,1.938486988,26438313.3,25746.85778,23997.4477,19755849.24,3075114.232
2024-09-19,62994.60965,1.244536028e+12,1.989407371,24016694.93,34887.8821,32140.43376,19756230.49,3077861.68
2024-09-20,63153.95183,1.247712645e+12,1.991251479,28616634.42,27598.53049,25971.02992,19756683.62,3079489.18
2024-09-21,63367.72961,1.251962919e+12,1.99722468,26733260.93,13800.69089,11610.66528,19757105.49,3081679.206
2024-09-22,63571.95217,1.256024783e+12,2.003095041,27018079.67,12436.46637,11198.24207,19757530.49,3082917.43
2024-09-23,63336.01263,1.251392098e+12,1.993210663,28897055.76,22798.39527,24046.7043,19757986.74,3081669.121
2024-09-24,64342.78911,1.271313129e+12,2.023228073,29155326.32,23421.41589,25744.86422,19758439.87,3079345.673
2024-09-25,63059.62692,1.245988223e+12,1.980828516,28376832.11,31378.81108,23669.31579,19758889.87,3087055.168
2024-09-26,65057.78615,1.285496061e+12,2.040909823,26429725.62,26782.02875,28339.10354,19759296.12,3085498.094
2024-09-27,65767.71325,1.299551878e+12,2.061133589,28156802.24,26132.5394,34156.95721,19759724.24,3077473.679
2024-09-28,65770.52765,1.299634003e+12,2.059734897,26513743.96,14520.55159,13228.2566,19760127.37,3078765.974
2024-09-29,65617.76107,1.2966471e+12,2.054377793,31783603.02,14307.92519,11356.32364,19760611.74,3081717.575
2024-09-30,63260.04255,1.250084223e+12,1.980655975,27083205.72,35378.39831,35475.18431,19761039.87,3081620.789
2024-10-01,60858.24871,1.202652137e+12,1.906306811,29858578.27,31789.93061,26945.08395,19761530.49,3086465.636
2024-10-02,60686.09931,1.199279597e+12,1.901135632,29394829.36,24702.15842,23579.7595,19762014.86,3087588.035
2024-10-03,60765.23675,1.200873515e+12,1.903667766,30002835.65,22491.37467,22332.75441,19762508.61,3087746.655
2024-10-04,62052.51005,1.226346036e+12,1.942653037,32771481.87,21880.7684,21007.38233,19763036.74,3088620.041
2024-10-05,62030.4539,1.22593941e+12,1.941600018,29270620.43,10781.67261,10645.57807,19763508.61,3088756.136
2024-10-06,62789.88146,1.240978188e+12,1.964736191,29825193.69,12856.22588,15455.28889,19763983.61,3086157.073
2024-10-07,62416.50883,1.233629091e+12,1.95245563,30232996.46,24445.33714,26981.90104,19764467.99,3083620.509
2024-10-08,62126.32738,1.227926231e+12,1.926780183,32422177.1,24646.33535,27519.50586,19764989.86,3080747.338
2024-10-09,60615.25819,1.19808402e+12,1.880158283,24056680.59,25364.38402,21752.7098,19765386.74,3084359.016
2024-10-10,60221.11729,1.190322843e+12,1.86865069,29169603.69,21592.70528,20377.32815,19765871.11,3085574.393
2024-10-11,62462.53996,1.234653842e+12,1.93191167,27327361.23,24937.7649,25376.98263,19766308.61,3085135.175
2024-10-12,63202.8807,1.249315889e+12,1.953970338,28243787.31,12646.55903,13594.23385,19766755.49,3084187.5
2024-10-13,62759.43111,1.240577394e+12,1.93954743,27065004.67,11245.62167,10888.56875,19767186.74,3084544.553
2024-10-14,66089.75874,1.30643731e+12,2.039522213,28707738.95,33791.4095,30612.98071,19767621.11,3087722.982
2024-10-15,66933.97483,1.323158085e+12,2.060181206,32630312.73,35851.22644,42353.27705,19768108.61,3081220.931
2024-10-16,67662.9534,1.337598426e+12,2.079852587,29813988.84,38227.95846,32985.60285,19768549.24,3086463.287
2024-10-17,67337.90755,1.331205779e+12,2.067823405,33037660.89,26158.24566,29034.0699,19769039.86,3083587.463
2024-10-18,68390.53756,1.352044329e+12,2.097751627,29065978.46,33629.12532,38066.03204,19769464.86,3079150.556
2024-10-19,68357.8983,1.351436025e+12,2.09529366,36955988.77,14279.01504,13596.80442,19770005.49,3079832.767
2024-10-20,69012.35321,1.364411912e+12,2.110307257,37309803.45,12605.57635,11207.28095,19770546.11,3081231.062
2024-10-21,67440.46251,1.333370812e+12,2.056928495,36038497.15,27634.69766,28522.14072,19771080.49,3080343.619
2024-10-22,67425.75532,1.333109113e+12,2.054857304,29077356.98,26785.81284,28729.17035,19771511.74,3078400.261
2024-10-23,66647.28666,1.31774906e+12,2.030149965,31449188.39,30977.74891,30046.09263,19771983.61,3079331.918
2024-10-24,68130.99484,1.347116211e+12,2.073553432,31297675.75,21683.96017,22876.43208,19772442.99,3078139.446
2024-10-25,66261.53769,1.310184158e+12,2.01588239,31681297.71,30356.39022,42109.28641,19772921.11,3066386.55
2024-10-26,67023.33996,1.325277793e+12,2.038385406,30579398.86,17260.99678,13835.31326,19773377.36,3069812.233
2024-10-27,68000.1475,1.34462679e+12,2.067245071,34212574.21,13667.93276,12556.64055,19773880.49,3070923.525
2024-10-28,69862.52055,1.38148981e+12,2.120796591,36677823.29,32402.8604,38332.0444,19774405.49,3064994.341
2024-10-29,72678.78662,1.437215455e+12,2.199387578,35658029.69,48861.97368,45092.83804,19774896.11,3068763.477
2024-10-30,72450.28438,1.43273511e+12,2.189504888,38262806.44,35711.87944,41234.99282,19775424.24,3063240.364
2024-10-31,70367.08196,1.391573642e+12,2.125316419,34743746.72,40335.71231,36651.13604,19775917.99,3066924.94
2024-11-01,69483.58303,1.374134861e+12,2.096717118,33221838.14,36101.4445,30975.40476,19776396.11,3072050.98
2024-11-02,69241.67949,1.369381391e+12,2.088469516,30509615.02,14145.78668,14100.5354,19776836.74,3072096.231
2024-11-03,68742.75462,1.359542592e+12,2.072996078,28356386.28,18367.85936,18192.95038,19777249.24,3072271.14
2024-11-04,67779.09698,1.340516077e+12,2.042171591,31983261.39,30438.96974,23906.24957,19777721.11,3078803.86
2024-11-05,69538.02417,1.375333855e+12,2.093403568,30205579.25,44546.96845,30993.53423,19778155.49,3092357.294
2024-11-06,75696.03662,1.497164174e+12,2.265383861,36192167.51,63107.62318,69273.17815,19778633.61,3086191.739
2024-11-07,75972.29555,1.502665235e+12,2.268079148,37036494.08,40553.04066,49012.92974,19779121.11,3077731.85
2024-11-08,76507.4474,1.513284018e+12,2.278456428,33950179.78,53734.8776,64629.1056,19779564.86,3066837.622
2024-11-09,76799.25275,1.519089161e+12,2.285490808,33359675.41,21294.80518,20931.2171,19779999.24,3067201.21
2024-11-10,80409.28657,1.590532816e+12,2.386299165,37189295.04,34542.11341,33900.32459,19780461.74,3067842.999
2024-11-11,88859.99845,1.757729565e+12,2.614736204,37765499.34,47863.68091,45119.78608,19780886.74,3070586.894
2024-11-12,88048.74889,1.741722502e+12,2.574402719,40172241.68,69480.99652,65152.24668,19781342.99,3074915.644
2024-11-13,90369.38197,1.787666712e+12,2.623762509,38971795.97,52355.42603,53433.23442,19781774.24,3073837.835
2024-11-14,87204.25698,1.725089534e+12,2.516917131,34609189.49,55141.22869,62195.26451,19782171.11,3066783.8
2024-11-15,91139.08444,1.802971685e+12,2.616628182,42721445.83,44770.28624,46119.1979,19782639.86,3065434.888
2024-11-16,90567.69576,1.791712543e+12,2.596325157,44434775.73,25210.47695,23607.88906,19783130.49,3067037.476
2024-11-17,89732.97043,1.775241126e+12,2.570045958,42062329.89,21227.14441,16653.69075,19783599.24,3071610.929
2024-11-18,90587.69655,1.792194846e+12,2.586767436,44161502.07,41565.26293,42955.63931,19784086.74,3070220.553
2024-11-19,92254.13858,1.825214331e+12,2.616096692,50451482.04,42279.00806,44386.30482,19784633.61,3068113.256
2024-11-20,94160.04069,1.862965161e+12,2.654584051,43254768.69,39955.1401,53254.70488,19785092.99,3054813.692
2024-11-21,98545.56888,1.949777589e+12,2.735703521,44345506,55714.98075,60148.60768,19785542.99,3050380.065
2024-11-22,98938.34955,1.957593181e+12,2.726862461,44213074.95,67089.13855,58927.39283,19785989.86,3058541.81
2024-11-23,97707.04846,1.933272806e+12,2.682475836,42136164.65,33896.50219,33753.85342,19786421.11,3058684.459
2024-11-24,97980.20828,1.938718691e+12,2.684190145,41029212.22,29553.66521,29641.09345,19786839.86,3058597.031
2024-11-25,93343.02907,1.847012865e+12,2.550936869,49296787.23,45322.59869,42081.91816,19787367.99,3061837.711
2024-11-26,91875.56996,1.81801562e+12,2.504171774,39908450.7,54303.76877,63106.10441,19787802.36,3053035.376
2024-11-27,95989.08023,1.899452844e+12,2.606953545,39895461.47,41788.19147,53788.11816,19788217.99,3041035.449
2024-11-28,95737.94028,1.894525715e+12,2.593738764,42483711,30303.22667,43648.49558,19788661.74,3027690.18
2024-11-29,97398.94174,1.92743154e+12,2.630994842,36828974.85,30009.45598,39289.841,19789039.86,3018409.795
2024-11-30,96463.6249,1.908971954e+12,2.603510274,49437607.76,22354.33221,22644.4521,19789552.34,3018119.675
2024-12-01,97469.60445,1.928927963e+12,2.627590012,48125617.2,24106.17274,18983.0936,19790046.08,3023242.754
2024-12-02,95726.44173,1.894468684e+12,2.572610271,37991431.56,37838.00394,44289.23625,19790442.95,3016791.522
2024-12-03,96010.87742,1.900144892e+12,2.571458134,47105336.74,42897.76028,45600.5132,19790933.51,3014088.769
2024-12-04,98920.25283,1.95776958e+12,2.637537468,45441491.14,39624.77861,43387.76228,19791392.81,3010325.785
2024-12-05,96949.66441,1.918815845e+12,2.562439637,46959993.7,58444.71124,66017.70518,19791877.12,3002752.792
2024-12-06,99953.10566,1.978302064e+12,2.619701357,42480069.9,43756.2059,46136.49807,19792302.11,3000372.499
2024-12-07,99977.70023,1.978833208e+12,2.617241654,44365104.48,25799.71207,20673.15871,19792745.82,3005499.053
2024-12-08,100798.9836,1.995134647e+12,2.635830347,45989536.25,21987.19338,20881.23336,19793202.04,3006605.013
2024-12-09,97390.19886,1.927714707e+12,2.528321562,50825510.03,60367.18074,56328.75252,19793723.9,3010643.441
2024-12-10,96835.50174,1.916781785e+12,2.504255956,46602085.21,42728.36464,43018.64063,19794205.12,3010353.165
2024-12-11,101310.2019,2.005399871e+12,2.607825989,44956402.09,43243.05665,49508.11993,19794648.84,3004088.102
2024-12-12,100090.8905,1.981310308e+12,2.572509027,46292036.85,28113.88524,29973.64526,19795111.21,3002228.342
2024-12-13,101289.824,2.005097136e+12,2.596414392,53810218.99,27933.12499,35571.59572,19795642.42,2994589.871
2024-12-14,101366.8717,2.0066727e+12,2.595601123,50366664.36,16377.66343,18987.18174,19796139.18,2991980.353
2024-12-15,104551.3671,2.069758176e+12,2.671579603,44761054.06,19230.61836,17621.1254,19796567.3,2993589.846
2024-12-16,105855.6722,2.095627894e+12,2.690487024,48958248.41,39136.4507,41181.89328,19797029.77,2991544.403
2024-12-17,106115.9106,2.100824938e+12,2.682505349,45099262,32150.15546,34323.55862,19797454.75,2989371
2024-12-18,100469.7707,1.989090948e+12,2.533766929,45211396.8,36510.27004,47427.75047,19797904.73,2978453.521
2024-12-19,97697.04578,1.934241072e+12,2.449250682,44268973.87,42175.17974,34789.88263,19798357.83,2985838.818
2024-12-20,97617.44221,1.932711114e+12,2.438923702,46063230.54,55099.68964,49586.55381,19798829.7,2991351.954
2024-12-21,97093.01908,1.922372145e+12,2.424795342,43995274.27,19329.27165,19489.59701,19799282.82,2991191.628
2024-12-22,95149.10583,1.883930144e+12,2.368324683,46087848.13,20361.60115,19426.41726,19799767.19,2992126.812
2024-12-23,94800.75621,1.877074081e+12,2.346603118,41179078.48,37524.45324,35182.24065,19800201.56,2994469.025
2024-12-24,98637.73305,1.953087684e+12,2.43254729,40688064.88,56991.2023,30228.61782,19800614.06,3021231.609
2024-12-25,99235.36789,1.964968047e+12,2.445757446,46826689.22,21252.93073,22421.56442,19801085.93,3020062.976
2024-12-26,95628.30309,1.893583394e+12,2.354896364,39147836.58,28666.31319,36114.36332,19801495.3,3012614.925
2024-12-27,94219.98215,1.865743054e+12,2.316536046,46521116.18,35312.66596,43325.50812,19801989.04,3004602.083
2024-12-28,95123.58111,1.883678618e+12,2.33739219,42508350.31,16692.13394,18027.151,19802435.91,3003267.066
2024-12-29,93457.57832,1.850733849e+12,2.293980619,46144679.3,18254.94352,24161.40796,19802929.65,2997360.602
2024-12-30,92523.16309,1.832275661e+12,2.264447244,45972446.66,33175.1962,53130.71128,19803426.52,2977405.087
2024-12-31,93389.7326,1.849474353e+12,2.280812445,37647735.96,29585.82727,61813.82936,19803829.62,2945177.085
2025-01-01,94455.79657,1.870627826e+12,2.303040493,41324411,24910.4662,28227.85742,19804267.11,2941859.693
2025-01-02,96851.39368,1.918121414e+12,2.357884147,50544321.08,32198.28884,31796.80459,19804788.98,2942261.178
2025-01-03,98120.68468,1.943302993e+12,2.386290557,43541053.82,28738.74944,23210.26201,19805232.7,2947789.665
2025-01-04,98230.04786,1.945514693e+12,2.38751601,45738366.03,15774.7565,17244.38059,19805698.31,2946320.041
2025-01-05,98414.8121,1.949222053e+12,2.39096586,47977220.9,17597.36122,15650.10002,19806185.8,2948267.302
2025-01-06,102179.5604,2.023829824e+12,2.4770628,42468379.78,35275.52024,38139.89394,19806601.41,2945402.928
2025-01-07,96974.99579,1.920785694e+12,2.346702783,40608279.49,33170.09875,37124.75253,19807020.14,2941448.275
2025-01-08,95039.28092,1.882482075e+12,2.298665905,37124719.11,34281.54428,33474.86039,19807410.75,2942254.959
2025-01-09,92346.16916,1.829182367e+12,2.233820239,43864430.35,33811.46884,33324.67477,19807885.73,2942741.753
2025-01-10,94759.11964,1.877019862e+12,2.290082537,42049359.34,33606.49107,31926.36728,19808329.47,2944421.876
2025-01-11,94606.50801,1.874037679e+12,2.285501707,40799056.58,18467.33239,18987.93194,19808760.72,2943901.277
2025-01-12,94353.77526,1.869082071e+12,2.278657758,50715154.2,17539.9471,14838.96964,19809298.21,2946602.254
2025-01-13,94375.72991,1.869554727e+12,2.277984509,37750291.96,31104.79352,27110.4138,19809698.2,2950596.634
2025-01-14,96569.47573,1.913058643e+12,2.328058056,46474060.19,35766.11803,31878.92945,19810179.45,2954483.823
2025-01-15,100172.406,1.98447685e+12,2.409541083,43512388.85,35357.22706,29497.35934,19810613.82,2960343.69
2025-01-16,99977.72982,1.980660186e+12,2.398910829,39991091.93,32820.84587,35852.31979,19811013.81,2957312.216
2025-01-17,104296.588,2.066270034e+12,2.495913169,48889025.64,36741.12664,51737.30178,19811482.55,2942316.041
2025-01-18,104398.1563,2.068324663e+12,2.494678571,42411750.98,26066.05154,25162.30229,19811888.8,2943219.791
2025-01-19,100954.5723,2.000148082e+12,2.41067287,47322455.76,32483.27004,27413.43006,19812357.55,2948289.631
2025-01-20,102588.9987,2.032578652e+12,2.445056133,48729774.38,45099.16001,38782.06705,19812832.54,2954606.723
2025-01-21,105987.8887,2.099964341e+12,2.518858901,44051216.24,34062.00021,37874.8769,19813248.17,2950793.847
2025-01-22,103791.1289,2.056488045e+12,2.459018475,48652091.65,32195.24051,32608.9408,19813716.91,2950380.147
2025-01-23,104184.6167,2.064328781e+12,2.455447281,44278462.12,32910.52821,36388.11763,19814141.91,2946902.557
2025-01-24,104716.1249,2.07490597e+12,2.46518321,45813304.64,28688.42277,30714.45514,19814579.39,2944876.525
2025-01-25,104866.0853,2.077919319e+12,2.467020453,41946434.14,18373.82544,18193.70559,19814979.38,2945056.645
2025-01-26,102833.3693,2.037685118e+12,2.4183617,44025536.22,17629.77155,18436.35687,19815407.51,2944250.059
2025-01-27,101907.4463,2.019387256e+12,2.393412498,49679880.07,41516.28281,40558.20653,19815895.01,2945208.136
2025-01-28,101138.1441,2.00418962e+12,2.373287118,46776391.63,28645.10196,27698.41691,19816357.5,2946154.821
2025-01-29,103918.7955,2.059342337e+12,2.436318963,50335666.55,24847.53523,24096.2278,19816841.88,2946906.128
2025-01-30,104987.4464,2.080567197e+12,2.457756213,47572436.65,29870.43313,30569.64611,19817295,2946206.915
2025-01-31,102263.0437,2.02661685e+12,2.392627193,39946501.43,29599.23287,33295.63819,19817685.62,2942510.51
2025-02-01,100610.2904,1.993920956e+12,2.353296239,57850917,18973.63649,20103.40256,19818260.61,2941380.744
2025-02-02,97424.7809,1.930841759e+12,2.278588299,52061367.29,28231.54848,24712.20122,19818794.98,2944900.091
2025-02-03,101582.4087,2.0132895e+12,2.371727105,48569089.16,48899.6028,47415.92798,19819273.1,2946383.766
2025-02-04,97848.14976,1.939319258e+12,2.280750094,40056586.31,32798.71421,44625.76102,19819682.47,2934556.719
2025-02-05,96559.33276,1.913818766e+12,2.246535583,43451699.74,37014.85485,55081.70034,19820132.46,2916489.873
2025-02-06,96541.30068,1.913505113e+12,2.243314171,43745276.87,33577.87421,32807.79567,19820585.58,2917259.952
2025-02-07,96384.11098,1.910441627e+12,2.238759965,52107660,30927.04014,31474.51516,19821126.2,2916712.477
2025-02-08,96603.31816,1.914834862e+12,2.242988587,48301659.08,21286.8536,22591.8009,19821626.19,2915407.53
2025-02-09,96309.75324,1.909058965e+12,2.232532161,43038420.98,21435.66871,18793.37398,19822073.06,2918049.824
2025-02-10,97375.22535,1.930221128e+12,2.256010513,42297363.51,36339.25006,36710.74515,19822507.43,2917678.329
2025-02-11,95806.25804,1.899157387e+12,2.217840517,37124924.99,32360.60157,30064.90522,19822894.93,2919974.026
2025-02-12,97756.49765,1.937857411e+12,2.261466529,40630044.34,27472.4334,26758.98205,19823310.55,2920687.477
2025-02-13,96534.74063,1.913685805e+12,2.232651801,47664028.19,30266.10954,25044.80819,19823804.29,2925908.778
2025-02-14,97414.35898,1.931169458e+12,2.251662324,46271820.52,29399.92125,32227.83025,19824279.28,2923080.869
2025-02-15,97583.24318,1.934566257e+12,2.25448379,48791621.59,16374.10144,16086.65582,19824779.27,2923368.315
2025-02-16,96182.26617,1.906837582e+12,2.221961475,45386006.85,16662.78672,17815.30178,19825251.14,2922215.8
2025-02-17,95790.511,1.899111947e+12,2.212551005,41010312.52,23449.08838,22138.71808,19825679.26,2923526.17
2025-02-18,95444.03189,1.892284519e+12,2.203723433,41756763.95,26885.20986,23249.56977,19826116.75,2927161.81
2025-02-19,96647.9133,1.916190866e+12,2.230473216,38055115.86,33457.96829,29729.14195,19826510.49,2930890.637
2025-02-20,98392.21972,1.950814347e+12,2.269163376,39971839.26,24429.86551,30193.70816,19826916.73,2925126.794
2025-02-21,96048.99372,1.904394119e+12,2.214533784,38719750.6,38425.68911,31581.97819,19827319.85,2931970.505
2025-02-22,96605.70911,1.915474256e+12,2.225972348,41963104.89,19506.62939,30890.06341,19827754.21,2920587.071
2025-02-23,96091.63298,1.905320016e+12,2.213616968,38736939.54,12601.71397,13354.21115,19828157.33,2919834.574
2025-02-24,91869.65434,1.821643281e+12,2.116419481,37322047.08,24017.84334,21179.65637,19828563.56,2922672.761
2025-02-25,88769.73563,1.760217124e+12,2.045057193,40778597.3,56768.89736,43670.96573,19829022.93,2935770.692
2025-02-26,83987.89564,1.665439114e+12,1.937156888,41206561.3,50988.16779,47057.93877,19829513.55,2939700.921
2025-02-27,84625.41914,1.678120562e+12,1.951252301,39668165.22,36329.38484,37133.14837,19829982.28,2938897.158
2025-02-28,84243.77791,1.670593692e+12,1.942882196,41068841.73,47215.65149,42629.27278,19830469.78,2943483.537
2025-03-01,85844.36856,1.702372786e+12,1.979772196,38629965.85,23232.20482,23297.63101,19830919.78,2943418.11
2025-03-02,94328.00944,1.870648329e+12,2.172335279,37141653.72,22870.37941,27415.8353,19831313.52,2938872.654
2025-03-03,86315.93055,1.71179874e+12,1.989048756,40460592.45,36240.31136,35756.9952,19831782.26,2939355.971
2025-03-04,87323.69065,1.731824261e+12,2.011926611,39841433.86,30724.08612,29200.97734,19832238.51,2940879.079
2025-03-05,90619.4091,1.797223681e+12,2.085499743,37946877.56,23897.78216,23433.9499,19832657.25,2941342.912
2025-03-06,90222.06933,1.789391308e+12,2.074588034,47930474.33,26054.35689,24842.79026,19833188.5,2942554.478
2025-03-07,86553.59219,1.716672116e+12,1.990605456,38408156.54,30071.9269,26218.29074,19833632.24,2946408.114
2025-03-08,86171.27894,1.709126348e+12,1.98170256,36892078.79,12378.0141,12257.70255,19834060.36,2946528.426
2025-03-09,80647.79641,1.599613333e+12,1.855317447,40071873.84,15628.79702,14530.60864,19834557.23,2947643.558
2025-03-10,79005.96013,1.567086259e+12,1.818307468,38021618.31,33273.79427,27779.30071,19835038.48,2953138.052
2025-03-11,82747.16019,1.641328791e+12,1.902955781,35684712.83,33557.66572,31876.39094,19835469.73,2954819.327
2025-03-12,83630.15811,1.658883455e+12,1.921883427,39985669.35,24919.21449,22618.29169,19835947.85,2957120.249
2025-03-13,81110.28905,1.608939765e+12,1.864334616,40301674.87,20929.51676,19047.39112,19836444.72,2959002.375
2025-03-14,84105.83355,1.668398039e+12,1.932035459,37321963.64,23592.23814,24148.55604,19836888.47,2958446.057
2025-03-15,84352.8773,1.673333414e+12,1.937487326,34795561.89,11464.14651,12411.65646,19837300.96,2957498.547
2025-03-16,82492.10283,1.63645805e+12,1.894746119,37379234.09,11653.26885,11135.92333,19837754.09,2958015.893
2025-03-17,84013.94752,1.666684787e+12,1.929602896,36756102.04,21840.64371,23125.4945,19838191.59,2956731.042
2025-03-18,82680.80655,1.64027437e+12,1.898906024,36689607.91,20233.13943,18171.24491,19838635.33,2958792.936
2025-03-19,86774.23507,1.721523624e+12,1.991193242,41217761.66,23288.29517,27546.76295,19839110.33,2954534.469
2025-03-20,84124.97129,1.669001917e+12,1.929826804,37330456.01,28813.00048,29166.55683,19839554.08,2954180.912
2025-03-21,84069.40818,1.667937664e+12,1.928165154,38093950.58,20423.3696,19637.87986,19840007.2,2954966.402
2025-03-22,83821.22031,1.663052905e+12,1.922358832,39291197.02,9314.831654,10079.65393,19840475.94,2954201.58
2025-03-23,85760.88145,1.701578513e+12,1.966380986,41808429.71,9108.938949,9317.343913,19840963.44,2953993.175
2025-03-24,87322.57186,1.732605979e+12,2.000879394,42023987.71,23819.2151,32567.19312,19841444.69,2945245.197
2025-03-25,87422.84261,1.734636202e+12,2.002674104,40706261.09,26351.50238,30361.82865,19841910.31,2941234.87
2025-03-26,86836.6761,1.723046786e+12,1.988511403,41247421.15,30478.31313,32708.39437,19842385.31,2939004.789
2025-03-27,87211.32402,1.73052103e+12,1.996709094,40335237.36,20342.98982,22235.43582,19842847.81,2937112.343
2025-03-28,84309.07836,1.672972784e+12,1.928282346,40573743.96,31722.38831,31478.24278,19843329.06,2937356.489
2025-03-29,82497.17925,1.637055024e+12,1.887243367,36350319.61,17582.85126,19529.42221,19843769.68,2935409.918
2025-03-30,82216.46668,1.631519828e+12,1.881216185,35198924.8,26911.18225,25087.37805,19844197.81,2937233.722
2025-03-31,82461.44963,1.636419456e+12,1.887088049,38138420.45,34822.59727,39341.92315,19844660.3,2932714.396
2025-04-01,85226.71379,1.691331139e+12,1.950076686,35955019.88,26353.61418,27879.81922,19845082.18,2931188.191
2025-04-02,82555.6313,1.638367661e+12,1.88827735,44373651.82,33030.00716,33745.83304,19845619.67,2930472.365
2025-04-03,82931.6974,1.645870317e+12,1.894154262,39392556.26,40069.01965,36665.40355,19846094.66,2933875.981
2025-04-04,83774.17974,1.662637424e+12,1.912667344,47122976.1,34344.24816,38984.19839,19846657.16,2929236.031
2025-04-05,83302.17158,1.653312332e+12,1.901683345,42692362.93,21042.52082,17872.45697,19847169.66,2932406.095
2025-04-06,77949.08849,1.547104105e+12,1.780124064,35320680.72,29441.26177,22939.65473,19847622.78,2938907.702
2025-04-07,79421.80441,1.576370003e+12,1.812816923,35988005.12,52360.04152,49686.63036,19848075.91,2941581.113
2025-04-08,76351.42953,1.515465474e+12,1.743965575,36505527.24,36742.23764,33516.68998,19848554.03,2944806.661
2025-04-09,82720.60349,1.641918232e+12,1.887230964,33863747.05,35322.11726,35138.59899,19848963.41,2944990.179
2025-04-10,79558.95583,1.579198604e+12,1.814728122,35801530.12,28170.70676,29891.79942,19849413.41,2943269.086
2025-04-11,83359.89952,1.654683661e+12,1.900527624,38553953.53,31718.71894,31539.84259,19849875.9,2943447.963
2025-04-12,85269.24951,1.692622392e+12,1.943283347,38371162.28,18170.22039,17998.6279,19850325.9,2943619.555
2025-04-13,83568.95444,1.658915899e+12,1.903921877,44918313.01,17718.92141,16483.57539,19850863.4,2944854.901
2025-04-14,84589.03241,1.679204714e+12,1.926202324,39386768.22,26046.93816,30327.58004,19851329.02,2940574.259
2025-04-15,83671.34397,1.661025031e+12,1.907137055,37652104.79,23103.59893,25886.62256,19851779.02,2937791.236
2025-04-16,84151.53576,1.670596612e+12,1.917270805,38920085.29,25369.00999,28668.05587,19852241.52,2934492.19
2025-04-17,84940.58385,1.686301597e+12,1.939657399,40612216.66,32005.74188,33614.16084,19852719.64,2932883.771
2025-04-18,84434.77275,1.676295756e+12,1.927799317,35884778.42,20448.2725,19062.52996,19853144.64,2934269.513
2025-04-19,85124.7215,1.690030384e+12,1.943457272,36976050.9,14868.40754,14777.80146,19853579.01,2934360.119
2025-04-20,85101.74615,1.689606952e+12,1.942637843,32710983.68,14814.95559,15953.02594,19853963.38,2933222.049
2025-04-21,87360.71989,1.734490932e+12,1.992799569,34398283.46,24901.55174,27778.18872,19854357.13,2930345.412
2025-04-22,93495.61069,1.856340531e+12,2.128263923,45286936.43,38605.0177,37389.35465,19854841.5,2931561.075
2025-04-23,93695.74048,1.860347456e+12,2.126109864,33379107.55,30017.06602,35572.86175,19855197.75,2926005.279
2025-04-24,93849.88178,1.863449314e+12,2.126194045,41352604.16,35083.59518,38099.79586,19855638.37,2922989.079
2025-04-25,94771.4128,1.881789548e+12,2.139689229,42647135.76,28458.04609,43558.10877,19856088.37,2907889.016
2025-04-26,94694.5111,1.880301938e+12,2.136845488,39357406.18,17499.20075,19247.8073,19856504,2906140.41
2025-04-27,93812.87653,1.862835335e+12,2.116303078,39577307.29,15287.90481,12770.9665,19856925.87,2908657.348
2025-04-28,95066.02119,1.887760824e+12,2.14145995,41888465.59,23745.05369,24316.97749,19857366.49,2908085.424
2025-04-29,94102.8403,1.868677522e+12,2.116491594,42934420.89,26034.62705,27614.70689,19857822.74,2906505.344
2025-04-30,94236.73251,1.871375203e+12,2.117664419,38872652.16,23624.81998,24378.65147,19858235.24,2905751.513
2025-05-01,96411.74226,1.914607731e+12,2.163505691,40673703.77,27812.25026,28482.62071,19858657.11,2905081.142
2025-05-02,96842.10211,1.923202218e+12,2.170025737,48118419.48,28865.32562,37567.69579,19859153.99,2896378.772
2025-05-03,95943.61135,1.905408123e+12,2.148827641,49171100.82,14811.45743,13867.45341,19859666.49,2897322.776
2025-05-04,94377.78992,1.874352427e+12,2.113616047,40995352.5,12748.38279,12495.85026,19860100.86,2897575.309
2025-05-05,94853.72986,1.883856515e+12,2.119831517,51873133.52,24709.51957,26055.80029,19860647.74,2896229.028
2025-05-06,96677.9245,1.920127895e+12,2.156603019,41692354.94,23260.48894,29690.94564,19861078.99,2889798.571
2025-05-07,97137.37571,1.929298928e+12,2.164177587,45836699.16,32912.90816,37275.95368,19861550.86,2885435.526
2025-05-08,103069.5393,2.047172109e+12,2.290834564,51212677.34,40188.34422,37830.07171,19862047.73,2887793.798
2025-05-09,102940.8029,2.044660178e+12,2.283106896,45036601.29,36686.00336,41410.14414,19862485.23,2883069.657
2025-05-10,104582.8218,2.077323776e+12,2.317993015,49023197.72,15697.681,18721.38042,19862953.98,2880045.958
2025-05-11,103976.1378,2.065321654e+12,2.303148479,48413889.16,17720.77914,18714.99565,19863419.6,2879051.742
2025-05-12,102920.0747,2.044391265e+12,2.276547512,46635658.84,34536.0522,36062.57841,19863872.73,2877525.215
2025-05-13,104145.7118,2.068779474e+12,2.297020936,42309195.43,24207.48704,25540.73217,19864278.98,2876191.97
2025-05-14,103572.7196,2.057444005e+12,2.28173521,46607723.84,27635.93732,28917.93653,19864728.98,2874909.971
2025-05-15,103716.2839,2.060343192e+12,2.279329905,47320554.55,36040.32924,40445.60231,19865185.23,2870504.698
2025-05-16,103566.2692,2.057407136e+12,2.272925986,44015664.41,24576.12996,29615.68103,19865610.23,2865465.147
2025-05-17,103190.0414,2.049979254e+12,2.263971398,46113049.73,16549.13521,17884.83454,19866057.1,2864129.447
2025-05-18,106015.6898,2.106167418e+12,2.324070468,53670442.99,16772.47188,17190.5407,19866563.35,2863711.379
2025-05-19,105615.829,2.098270094e+12,2.309462953,46536974.64,27264.91792,29665.04082,19867003.97,2861311.256
2025-05-20,106893.3302,2.123699655e+12,2.332818761,49438165.24,30238.4999,30870.73797,19867466.47,2860679.018
2025-05-21,109704.8556,2.179606908e+12,2.387132486,49367185.03,34204.1893,38141.09554,19867916.47,2856742.111
2025-05-22,111477.0148,2.214868273e+12,2.419114869,52254850.68,42579.09372,38555.17556,19868385.22,2860766.03
2025-05-23,107291.889,2.131768551e+12,2.325244185,51969508.72,37028.10918,38507.95724,19868869.6,2859286.181
2025-05-24,107917.3283,2.144242874e+12,2.337523063,47551072.78,15719.72891,18657.23322,19869310.22,2856738.339
2025-05-25,108914.8766,2.164114864e+12,2.357588379,51394207.38,15482.92192,16413.11032,19869782.1,2855808.151
2025-05-26,109371.9852,2.173249806e+12,2.361540962,52293480.41,21889.58307,20985.79222,19870260.22,2856711.942
2025-05-27,109066.3456,2.167224726e+12,2.348323015,48057358.55,32477.17911,32461.00008,19870700.85,2856728.121
2025-05-28,107895.4024,2.14401256e+12,2.319565766,55296393.73,28885.53886,29851.63255,19871213.35,2855762.027
2025-05-29,105732.9579,2.1010947e+12,2.269515917,52536063.45,27530.06569,28705.6848,19871710.22,2854586.408
2025-05-30,103981.303,2.066336686e+12,2.230171039,50365943.62,27459.3263,32398.7963,19872194.59,2849646.938
2025-05-31,104708.9642,2.080849593e+12,2.245319518,52681697.59,15973.65264,15356.7691,19872697.72,2850263.822
2025-06-01,105750.1597,2.10158491e+12,2.266824485,43952410.14,14528.61374,13901.31862,19873113.34,2850891.117
2025-06-02,105899.6969,2.104600695e+12,2.263174032,44014561.54,24623.08626,28687.15068,19873528.97,2846827.052
2025-06-03,105483.9856,2.09638651e+12,2.249049851,47467793.5,26462.7551,40187.33412,19873978.97,2833102.473
2025-06-04,104782.8449,2.082493314e+12,2.230629539,41258245.18,24199.50923,33468.34288,19874372.72,2823833.64
2025-06-05,101669.1905,2.02065396e+12,2.164421976,42573973.52,29939.90839,31652.32557,19874791.47,2822121.222
2025-06-06,104421.0515,2.07539035e+12,2.221377259,43726315.34,27008.6557,26687.1921,19875210.22,2822442.686
2025-06-07,105685.2504,2.100563797e+12,2.246857184,47228096.27,15494.17424,14264.73753,19875657.09,2823672.123
2025-06-08,105727.7396,2.101458849e+12,2.246592677,50551075.51,13571.64196,10712.33774,19876135.21,2826531.427
2025-06-09,110198.1587,2.190361715e+12,2.338329142,48211694.44,23841.01977,28682.84885,19876572.71,2821689.598
2025-06-10,110074.1191,2.187954365e+12,2.331994321,58132894.14,27223.82934,28765.46321,19877100.84,2820147.964
2025-06-11,108645.7856,2.159611107e+12,2.299464903,47872049.26,20855.22795,22668.86278,19877541.46,2818334.329
2025-06-12,105998.9858,2.10704826e+12,2.241962048,49024530.95,19210.53168,21585.12613,19878003.96,2815959.735
2025-06-13,106024.8221,2.107609876e+12,2.239427244,48042497.51,26877.27726,24713.0859,19878457.09,2818123.926
2025-06-14,105467.1087,2.096573162e+12,2.227143825,49767291.94,13166.90551,12423.25786,19878928.96,2818867.574
2025-06-15,105512.7974,2.097526248e+12,2.227219971,44842938.91,12866.5623,14624.47344,19879353.96,2817109.663
2025-06-16,107243.9333,2.131989041e+12,2.258771912,48930044.59,23461.07794,23851.00159,19879810.21,2816719.739
2025-06-17,104628.3965,2.080031247e+12,2.203207203,38581721.22,19664.5402,20848.41543,19880178.96,2815535.864
2025-06-18,104813.367,2.08375435e+12,2.205817254,45855848.08,21652.41415,20551.2356,19880616.46,2816637.042
2025-06-19,104709.7208,2.081735355e+12,2.202308074,41556670.43,14261.26196,14256.73899,19881013.33,2816641.565
2025-06-20,103274.9588,2.053259567e+12,2.171234091,48732871.2,19335.6977,18578.99506,19881485.21,2817398.268
2025-06-21,101548.1964,2.018973709e+12,2.134108805,44744674.03,11754.69983,11362.35876,19881925.83,2817790.609
2025-06-22,100899.2342,2.006104828e+12,2.119915228,33738181.42,19789.80938,16284.21992,19882260.21,2821296.198
2025-06-23,105496.9475,2.097553037e+12,2.213486983,35275541.82,18505.59945,23395.86883,19882594.58,2816405.929
2025-06-24,105964.0651,2.10687929e+12,2.220349703,38743111.32,19104.50411,18205.43465,19882960.21,2817304.999
2025-06-25,107305.0652,2.133590293e+12,2.245066407,47951951.01,20134.9441,21645.52865,19883407.08,2815794.414
2025-06-26,107012.8228,2.127832022e+12,2.234143825,52503166.2,20556.0261,21852.78608,19883897.71,2814497.654
2025-06-27,107090.9591,2.129424161e+12,2.230725788,38485813.41,25871.62423,32769.35335,19884257.08,2807599.925
2025-06-28,107357.6172,2.134775106e+12,2.23559627,48646420.28,11276.89037,13150.32747,19884710.21,2805726.488
2025-06-29,108360.9017,2.154782356e+12,2.255148787,57228101.21,9512.938458,10669.2365,19885238.33,2804570.19
2025-06-30,107153.1011,2.130813508e+12,2.224449219,48553748.95,19125.95317,25774.98021,19885691.46,2797921.163
2025-07-01,105566.3566,2.099304201e+12,2.190371438,44205911.83,14689.12516,15921.68762,19886110.21,2796688.6
2025-07-02,108927.1345,2.166189082e+12,2.257293328,52080786.19,23983.66261,27040.89976,19886588.33,2793631.363
2025-07-03,109632.1591,2.180261349e+12,2.268221096,51732675.09,18073.11376,18450.32403,19887060.2,2793254.153
2025-07-04,108081.3958,2.149474927e+12,2.215345084,53702943.52,18566.8835,17264.06986,19887557.08,2794556.966
2025-07-05,108244.7888,2.152777524e+12,2.218074558,53107599.51,8860.129526,9614.955854,19888047.7,2793802.14
2025-07-06,109180.0055,2.171431749e+12,2.236333997,54590002.77,11745.75071,11843.26963,19888547.7,2793704.621
2025-07-07,108249.401,2.152974456e+12,2.213700345,51080186.1,16144.09739,19672.66644,19889019.58,2790176.052
2025-07-08,108956.6317,2.167088931e+12,2.224147245,48349505.32,15300.18913,19481.32588,19889463.33,2785994.915
2025-07-09,111416.8067,2.216077593e+12,2.26823058,57101113.44,20183.92797,23593.91367,19889975.83,2782584.93
2025-07-10,115873.9038,2.304791066e+12,2.354601798,61920117.33,29895.40901,31257.39942,19890510.2,2781222.939
2025-07-11,117618.6051,2.339549198e+12,2.382122905,55133721.13,36364.19854,32422.55695,19890978.95,2785164.581
2025-07-12,117382.3725,2.334904958e+12,2.373411472,54656167.21,13251.166,11655.39985,19891444.58,2786760.347
2025-07-13,118899.7371,2.365138435e+12,2.40170922,50903949.95,14223.52709,12260.41496,19891872.7,2788723.459
2025-07-14,119871.0962,2.384514903e+12,2.412508433,54316590.46,38392.76437,32501.50177,19892325.83,2794614.722
2025-07-15,117710.891,2.341603724e+12,2.364195115,60326831.64,51472.34177,28985.45525,19892838.33,2817101.608
2025-07-16,118730.1878,2.361929035e+12,2.368875125,48605170.63,32237.9319,31471.70389,19893247.7,2817867.836
2025-07-17,119501.6638,2.377326986e+12,2.374985805,50788207.1,32504.04502,36617.94078,19893672.7,2813753.941
2025-07-18,117958.5112,2.346681096e+12,2.340384009,53081330.05,35587.18145,36245.11655,19894122.7,2813096.005
2025-07-19,117908.5247,2.34573898e+12,2.336414214,52321907.85,14378.32817,21667.65379,19894566.45,2805806.68
2025-07-20,117305.681,2.333800285e+12,2.323370138,54620457.69,18513.61502,17952.76012,19895032.08,2806367.535
2025-07-21,117432.4356,2.33637712e+12,2.321843965,55046454.2,31130.17169,31160.46731,19895500.83,2806337.239
2025-07-22,120068.0058,2.38886939e+12,2.367095616,56281877.71,27726.39551,25938.20868,19895969.58,2808125.426
2025-07-23,118650.5872,2.360720382e+12,2.334400355,51909631.88,25300.73375,24944.78209,19896407.07,2808481.378
2025-07-24,118377.0819,2.35533299e+12,2.325790197,54379472.01,33646.14698,28063.5818,19896866.45,2814063.943
2025-07-25,117520.1734,2.338341954e+12,2.304027155,58760086.68,61078.94665,39110.35089,19897366.45,2836032.539
2025-07-26,117983.2046,2.347611467e+12,2.311830504,56410719.7,15331.6216,16192.81076,19897844.57,2835171.349
2025-07-27,119438.1642,2.376613162e+12,2.338853962,51134464.06,12968.88393,13721.05008,19898272.7,2834419.183
2025-07-28,118022.6373,2.348500101e+12,2.308482109,53479007.54,23297.88838,33065.79351,19898725.82,2824651.278
2025-07-29,117871.3709,2.345531347e+12,2.301423717,41254979.81,21927.75926,28822.86119,19899075.82,2817756.176
2025-07-30,117732.6437,2.342821207e+12,2.295572761,50404288.07,22089.9641,27665.87099,19899503.95,2812180.269
2025-07-31,115848.34,2.305380251e+12,2.257673466,55752013.62,22959.50168,25088.35416,19899985.2,2810051.417
2025-08-01,113282.1443,2.25436645e+12,2.207088414,53455011.86,34249.31798,28416.97249,19900457.07,2815883.762
2025-08-02,112545.6737,2.239761344e+12,2.192314956,50997258.38,11781.21229,10285.79359,19900910.2,2817379.181
2025-08-03,114263.6939,2.274006858e+12,2.224097144,55346476.76,10846.43091,11375.63392,19901394.57,2816849.978
2025-08-04,115199.9337,2.292700894e+12,2.240631105,61559964.55,29980.80517,26923.37493,19901928.95,2819907.408
2025-08-05,114111.361,2.271085409e+12,2.217899996,49210524.44,19172.88535,17769.65319,19902360.2,2821310.64
2025-08-06,115034.6787,2.289513377e+12,2.234972395,51765605.44,21646.76225,20263.53653,19902810.19,2822693.866
2025-08-07,117444.9139,2.33754292e+12,2.2781309,59089472.32,19988.33315,23465.40093,19903313.32,2819216.798
2025-08-08,116740.6877,2.323576464e+12,2.262148082,49979606.93,24453.67678,26733.15776,19903741.44,2816937.317
2025-08-09,116511.6557,2.319060107e+12,2.25699205,42235475.21,15265.44374,13334.19853,19904103.94,2818868.563
2025-08-10,119189.1982,2.372404472e+12,2.307419605,50282942.97,14505.94346,14150.86329,19904525.82,2819223.643
2025-08-11,118742.043,2.363558609e+12,2.296376996,54547126.03,28452.77164,23970.67781,19904985.19,2823705.737
2025-08-12,120154.3249,2.3917215e+12,2.32064762,51441070.36,22163.77675,23136.03787,19905413.32,2822743.801
2025-08-13,123442.6798,2.457237741e+12,2.379739103,60178306.41,29097.12072,35259.22597,19905900.82,2816581.695
2025-08-14,118510.2713,2.359113702e+12,2.282416006,59995824.84,30216.70499,32137.42939,19906407.07,2814660.971
2025-08-15,117311.2099,2.335293823e+12,2.2576929,49124069.17,38002.8606,35777.63267,19906825.82,2816886.199
2025-08-16,117462.4268,2.338359866e+12,2.25327415,55794652.75,20932.80864,21393.09097,19907300.82,2816425.917
2025-08-17,117601.9522,2.3411933e+12,2.255305001,55860927.31,12809.39328,12713.03329,19907775.82,2816522.277
2025-08-18,116312.9144,2.3155874e+12,2.229656238,55975590.05,21248.42779,26796.43515,19908257.07,2810974.269
2025-08-19,112886.1015,2.247412798e+12,2.162405961,47271054.99,29103.16382,23247.7086,19908675.81,2816829.724
2025-08-20,114277.3209,2.275160487e+12,2.187593394,50353444.5,23252.45554,19634.14315,19909116.44,2820448.037
2025-08-21,112347.1023,2.236783853e+12,2.150092222,52311619.51,23535.24364,25365.17385,19909582.06,2818618.107
2025-08-22,116800.977,2.325511928e+12,2.230960318,53290445.77,31728.56798,28825.62834,19910038.31,2821521.046
2025-08-23,115280.4447,2.295292829e+12,2.201272177,54758211.24,19543.37847,19622.96924,19910513.31,2821441.455
2025-08-24,113516.1225,2.260221423e+12,2.167328505,58177012.77,26864.79582,20031.55009,19911016.81,2828274.701
2025-08-25,110089.5333,2.192043057e+12,2.101608863,48508200.62,27388.74709,25752.18129,19911457.44,2829911.267
2025-08-26,111895.2955,2.228050865e+12,2.134898566,52450919.76,24366.0584,24100.12091,19911926.19,2830177.205
2025-08-27,111252.3072,2.215299879e+12,2.12182512,52149519.02,20680.8418,21804.93635,19912394.94,2829053.11
2025-08-28,112481.1529,2.239825028e+12,2.142789122,55889072.85,20372.1789,20048.50711,19912891.81,2829376.782
2025-08-29,108473.3304,2.160073625e+12,2.058523971,55931561.01,30353.24401,36955.61422,19913407.44,2822774.412
2025-08-30,108746.1508,2.165560102e+12,2.063022253,53693411.97,16879.81072,16911.41621,19913901.18,2822742.806
2025-08-31,108316.4469,2.157047701e+12,2.054653984,44680534.34,17625.62902,13575.89886,19914313.68,2826792.536
2025-09-01,108992.3246,2.170562178e+12,2.066472278,54836763.32,22452.08665,21221.91564,19914816.81,2828022.707
2025-09-02,111140.9472,2.213408215e+12,2.106133166,56612419.96,24758.25872,27946.12168,19915326.18,2824834.844
2025-09-03,111780.7436,2.226197825e+12,2.117352869,47856130.85,19906.83538,22686.42976,19915754.31,2822055.25
2025-09-04,110900.6334,2.208718286e+12,2.098839967,48519027.12,36790.57278,44168.96998,19916191.81,2814676.853
2025-09-05,110711.2295,2.204995555e+12,2.09099109,49474080.68,44395.02336,45609.56549,19916638.68,2813462.311
2025-09-06,110243.6507,2.19573119e+12,2.081547549,48231597.2,32584.68078,32281.93002,19917076.18,2813765.061
2025-09-07,111307.7844,2.216979189e+12,2.100795509,53566871.25,22798.30222,22777.06101,19917557.43,2813786.303
2025-09-08,112112.3116,2.23305946e+12,2.114485396,56056155.79,34094.06606,29358.9302,19918057.43,2818521.438
2025-09-09,111486.3968,2.220650635e+12,2.101900017,58181963.32,36845.86782,41969.15225,19918579.3,2813398.154
2025-09-10,113930.7484,2.269399173e+12,2.145924375,60525710.1,33484.35083,32644.07852,19919110.55,2814238.426
2025-09-11,115445.8129,2.299632026e+12,2.171828406,54115224.81,29003.91111,33825.17292,19919579.3,2809417.164
2025-09-12,116149.174,2.313686239e+12,2.183452406,43555940.26,26269.7891,27636.84158,19919954.3,2808050.112
2025-09-13,115965.6276,2.310081099e+12,2.178678922,51097354.64,15543.31695,16772.02936,19920394.93,2806821.4
2025-09-14,115395.9334,2.29878774e+12,2.167360118,55173680.67,15257.24337,17322.55744,19920873.05,2804756.085
2025-09-15,115420.9318,2.299344522e+12,2.165666509,58792537.14,25323.89347,30359.4761,19921382.42,2799720.503
2025-09-16,116798.8746,2.326853447e+12,2.188879724,58399433.53,22340.33947,22851.50463,19921882.42,2799209.338
2025-09-17,116575.7776,2.322455566e+12,2.181807026,46630311.05,19223.31901,23004.74583,19922282.42,2795427.911
2025-09-18,117014.4268,2.331252233e+12,2.188425257,57775873.21,22148.41992,22735.63226,19922776.17,2794840.699
2025-09-19,115612.3725,2.303380117e+12,2.158451597,60696495.58,21574.15308,29963.7189,19923301.17,2786451.133
2025-09-20,115753.166,2.306240532e+12,2.160082452,55344482.47,11345.96862,17781.803,19923779.3,2780015.298
2025-09-21,115320.8588,2.297685721e+12,2.151199242,58381184.78,14799.80532,14639.95681,19924285.55,2780175.147
2025-09-22,112727.7077,2.246071879e+12,2.103084329,52841113,26359.74229,26556.74303,19924754.3,2779978.146
2025-09-23,112052.3933,2.232666828e+12,2.088420753,50423576.98,28958.40161,33968.82646,19925204.3,2774967.721
2025-09-24,113324.6236,2.25807046e+12,2.109843805,54183335.66,23788.36206,29401.53528,19925682.42,2769354.548
2025-09-25,109166.348,2.175262082e+12,2.03124247,48101422.08,30549.05209,28960.52144,19926123.04,2770943.079
2025-09-26,109669.1022,2.185325262e+12,2.039297742,45238504.64,32337.27647,47789.99965,19926535.54,2755490.356
2025-09-27,109644.7307,2.184892732e+12,2.038409726,53109166.43,10034.20271,11748.8202,19927019.92,2753775.738
2025-09-28,112170.0078,2.235271817e+12,2.084398214,57837660.26,10625.7944,10133.98129,19927535.54,2754267.551
2025-09-29,114341.1414,2.278587184e+12,2.122720878,50024249.38,24172.96357,23999.60608,19927973.04,2754440.909
2025-09-30,113971.7428,2.27128316e+12,2.112807213,57342033.09,24123.90774,40268.9304,19928476.17,2738295.886
2025-10-01,118393.2704,2.359453334e+12,2.186155027,55866824.46,27490.12305,32158.52067,19928948.04,2733627.488
2025-10-02,120558.594,2.402657193e+12,2.221772197,51237402.45,25045.14327,30371.32368,19929373.04,2728301.308
2025-10-03,122348.1276,2.438366593e+12,2.249202943,45115872.07,30786.17925,33712.43419,19929741.79,2725375.053
2025-10-04,122379.7443,2.439047951e+12,2.247639041,51246517.93,13108.91723,12006.17141,19930160.54,2726477.799
2025-10-05,123523.7683,2.461906049e+12,2.266766622,57515754.62,26761.55254,20713.57133,19930626.17,2732525.78
2025-10-06,124824.4537,2.487877502e+12,2.287145427,47979399.38,36312.89955,37748.46968,19931010.54,2731090.21
2025-10-07,121587.6992,2.42341815e+12,2.219347428,52434695.3,28676.49428,33313.90308,19931441.79,2726452.801
2025-10-08,123390.3531,2.459404708e+12,2.248606081,57068038.31,25502.07861,27316.72296,19931904.29,2724638.157
2025-10-09,121603.3328,2.423831592e+12,2.212553431,45601249.79,26741.69331,31694.48898,19932279.29,2719685.361
2025-10-10,113754.8523,2.267440411e+12,2.070562788,46923876.59,32283.39119,32780.21052,19932691.79,2719188.542
2025-10-11,110940.1136,2.211386056e+12,2.019478996,50963114.71,35958.23353,32649.91844,19933151.17,2722496.857
2025-10-12,115152.917,2.295412681e+12,2.095125745,52178665.54,14614.93074,16905.08978,19933604.29,2720206.698
2025-10-13,115332.2529,2.299042275e+12,2.097463178,54782820.14,18372.09382,20570.13225,19934079.29,2718008.659
2025-10-14,113327.0794,2.259130838e+12,2.056829337,59850863.81,32266.66764,33454.74368,19934607.42,2716820.583
2025-10-15,110862.8725,2.210057728e+12,2.005891026,49888292.62,24803.42305,43340.13219,19935057.42,2698283.874
2025-10-16,108135.0496,2.155730125e+12,1.957856818,51702070.59,27411.7182,27847.62395,19935535.54,2697847.968
2025-10-17,106625.6687,2.125692786e+12,1.929283032,52979629.11,36063.65498,32822.00222,19936032.41,2701089.621
2025-10-18,107143.9139,2.136079787e+12,1.938149518,55246080.62,14327.29775,12602.76517,19936548.04,2702814.154
2025-10-19,108706.6638,2.167282844e+12,1.965929731,47219457.07,12126.91366,12891.98867,19936982.41,2702049.079
2025-10-20,110640.2495,2.205884226e+12,2.000241242,51516866.18,21362.76185,22179.41863,19937448.04,2701232.422
2025-10-21,108700.3821,2.167259173e+12,1.964255269,50953304.1,37044.85921,36859.9241,19937916.79,2701417.357
2025-10-22,107667.6302,2.14671973e+12,1.942269394,51478585.68,27403.49511,28943.6687,19938394.91,2699877.183
2025-10-23,110060.9368,2.194487262e+12,1.983850583,48839540.7,28993.73639,28045.47962,19938838.66,2700825.44
2025-10-24,111024.9431,2.213770534e+12,2.00023997,62104577.57,27898.06492,27568.24174,19939398.04,2701155.263
2025-10-25,111614.5359,2.225582465e+12,2.01012302,55807267.93,14726.92677,14417.94271,19939898.04,2701464.247
2025-10-26,114557.1005,2.284309528e+12,2.061141989,52624668.02,21401.38076,21151.62137,19940357.41,2701714.007
2025-10-27,114087.7738,2.275003395e+12,2.050648698,52409071.09,31013.10158,36590.00863,19940816.79,2696137.1
2025-10-28,112980.6858,2.252984354e+12,2.026985285,57196472.21,32610.8325,37466.88665,19941323.04,2691281.046
2025-10-29,110206.348,2.197702747e+12,1.974857071,42360565.01,24042.01532,26828.27124,19941707.41,2688494.79
2025-10-30,108019.7238,2.154151738e+12,1.932524833,54009861.92,36635.98218,30992.68603,19942207.41,2694138.086
2025-10-31,109554.2396,2.1848013e+12,1.959627407,47929979.84,32735.16164,31348.11235,19942644.91,2695525.135
2025-11-01,110005.2959,2.193843994e+12,1.96634407,47439783.84,16611.87424,16631.96311,19943076.16,2695505.046
2025-11-02,110389.1686,2.201553067e+12,1.97277647,53469753.55,11710.23042,12310.29808,19943560.54,2694904.979
2025-11-03,106495.8028,2.123952748e+12,1.902088253,47257512.49,31850.50499,36215.4133,19944004.29,2690540.07
2025-11-04,101349.7372,2.021361084e+12,1.811685589,41490048.68,48368.29906,38257.59782,19944413.66,2700650.772
2025-11-05,103915.8848,2.072586206e+12,1.857055734,44813725.32,34180.70289,34869.71923,19944844.91,2699963.498
2025-11-06,101241.5737,2.019291779e+12,1.809720163,44293188.48,21205.83804,23167.34441,19945282.41,2698001.992
2025-11-07,103428.4717,2.062955975e+12,1.842846505,45896384.34,21523.52296,23597.36344,19945726.16,2695928.151
2025-11-08,102335.0214,2.04118469e+12,1.822758386,38375633.04,8120.782198,8067.073186,19946101.16,2695981.86
2025-11-09,104685.5454,2.088114607e+12,1.864165176,46127068.46,7040.909551,8888.088459,19946541.79,2694134.682
2025-11-10,106082.4782,2.116024995e+12,1.88754436,46411084.19,23795.75762,16527.8914,19946979.29,2701402.548
2025-11-11,102974.4056,2.054077571e+12,1.831888197,49234637.68,20336.46957,20881.12603,19947457.41,2700857.891
2025-11-12,101682.1267,2.028344695e+12,1.808509903,44803687.06,15427.22032,16488.90876,19947898.04,2699796.203
2025-11-13,100035.3101,1.995541059e+12,1.780012643,46891551.63,32051.61406,29190.16004,19948366.79,2702657.657
2025-11-14,94503.2576,1.885228172e+12,1.684260697,42526146.42,48777.46596,46751.04818,19948816.79,2704684.075
2025-11-15,95541.31584,1.9059789e+12,1.702509965,42695025.52,13887.57379,9829.377644,19949263.66,2708742.271
2025-11-16,94182.3131,1.878914593e+12,1.678552581,46796836.82,20034.59996,14453.15209,19949760.54,2714323.719
2025-11-17,91911.47135,1.83364746e+12,1.639286711,35615695.15,44748.99322,37676.22299,19950148.04,2721396.489
2025-11-18,92836.44191,1.852139345e+12,1.654516965,38585146.17,37169.74642,59674.98343,19950563.66,2698891.252
2025-11-19,91320.48113,1.821934169e+12,1.62873958,39096580.99,36029.42046,40066.5956,19950991.79,2694854.077
2025-11-20,86911.29806,1.734002173e+12,1.551561998,35579312.64,35223.11383,31062.13998,19951401.16,2699015.051
2025-11-21,84948.04632,1.694872635e+12,1.520247367,40084859.36,61067.65186,52088.63409,19951873.04,2707994.068
2025-11-22,84775.00155,1.691457951e+12,1.506320225,37883828.82,18099.06256,17647.89518,19952319.91,2708445.236
2025-11-23,86872.45466,1.733345557e+12,1.540812902,38549651.76,13202.4984,14088.70989,19952763.66,2707559.024
2025-11-24,88377.60244,1.763416908e+12,1.567403593,39493741.09,34921.53072,32287.07151,19953210.54,2710193.483
2025-11-25,87434.55061,1.744631418e+12,1.550709768,31421791.63,18420.32433,21438.33485,19953569.91,2707175.473
2025-11-26,90449.27707,1.804832329e+12,1.60191796,46355254.5,24188.91284,24557.21113,19954082.41,2706807.175
2025-11-27,91336.20005,1.822570879e+12,1.618011025,40815864.4,26494.59768,26032.90049,19954529.29,2707268.872
2025-11-28,90990.12661,1.815707798e+12,1.612404365,42651621.85,26166.16134,25051.94435,19954998.04,2708383.089
2025-11-29,90842.07382,1.812792297e+12,1.609812436,38891762.86,7250.600999,10428.60949,19955426.16,2705205.08
2025-11-30,90607.70215,1.808162596e+12,1.605936799,47285894.56,12206.09921,10689.29567,19955948.04,2706721.884
2025-12-01,86504.63682,1.726317991e+12,1.533958697,35953489.68,30301.48902,30916.55942,19956363.66,2706106.813
2025-12-02,91528.02458,1.826602869e+12,1.623386616,36325184.76,21550.35226,30147.35033,19956760.54,2697509.815
2025-12-03,93609.09387,1.868172884e+12,1.659439771,38613751.22,34582.80016,32414.13032,19957173.04,2699678.485
2025-12-04,92205.59295,1.840201008e+12,1.634686077,38034807.09,21740.71511,24052.39666,19957585.54,2697366.804
2025-12-05,89279.83446,1.781843134e+12,1.584551095,33200938.44,21743.96844,29467.38037,19957957.41,2689643.392
2025-12-06,89169.55706,1.779687643e+12,1.582597478,45420743.13,8951.109996,11606.30857,19958466.79,2686988.193
2025-12-07,90067.8474,1.797661175e+12,1.598500461,45033923.7,8299.510342,7294.739085,19958966.79,2687992.964
2025-12-08,90673.14444,1.809784215e+12,1.609617739,41936329.31,13902.05439,15724.23081,19959429.29,2686170.788
2025-12-09,92808.85185,1.852449129e+12,1.646989451,37413568.4,18752.65622,20478.10749,19959832.41,2684445.337
2025-12-10,92102.93009,1.838403662e+12,1.632577087,44612356.76,18869.104,22925.34128,19960316.79,2680389.099
2025-12-11,92623.71987,1.848845102e+12,1.641645399,46311859.94,27041.35444,30627.26109,19960816.79,2676803.193
2025-12-12,90331.60831,1.803133615e+12,1.60200266,40931510.02,25155.33653,25368.02973,19961269.91,2676590.5
2025-12-13,90245.26726,1.801450466e+12,1.600407123,40328353.81,10463.31885,9315.722036,19961716.79,2677738.096
2025-12-14,88096.38261,1.758590278e+12,1.562599294,35238553.05,10689.75032,9905.54943,19962116.79,2678522.297
2025-12-15,86352.58026,1.723816452e+12,1.533450783,36160142.98,27908.92312,23388.07912,19962535.54,2683043.141
2025-12-16,87752.42903,1.751801294e+12,1.558300066,40311272.09,28774.04499,26470.67733,19962994.91,2685346.509
2025-12-17,86059.55222,1.718043516e+12,1.529104504,37113181.9,31697.82626,30686.59169,19963426.16,2686357.744
2025-12-18,85434.19287,1.705597646e+12,1.518395121,38445386.79,30298.7808,25837.47506,19963876.16,2690819.049
2025-12-19,88168.07383,1.760216458e+12,1.566939345,39951158.46,26111.57608,25927.58642,19964329.29,2691003.039
2025-12-20,88292.45364,1.762740177e+12,1.56993314,40559345.89,9974.809423,9672.94162,19964788.66,2691304.907
2025-12-21,88533.43098,1.767589419e+12,1.574032913,38180042.11,9256.061712,9464.487259,19965219.91,2691096.481
2025-12-22,88474.46223,1.766450526e+12,1.573037724,38431094.53,17884.35316,16460.16365,19965654.29,2692520.671
2025-12-23,87365.99379,1.744358816e+12,1.553492672,39587715.93,23137.461,27245.13202,19966107.41,2688413
2025-12-24,87625.67079,1.749587094e+12,1.558626381,43539005.17,22824.17301,20123.47834,19966604.29,2691113.694
2025-12-25,87231.30477,1.741750562e+12,1.551577943,37618500.18,12893.63956,14549.21043,19967035.54,2689458.123
2025-12-26,87334.80778,1.743859786e+12,1.554799912,42575718.79,23343.98409,20487.51353,19967523.04,2692314.594
2025-12-27,87695.41591,1.751097508e+12,1.561130489,37270551.76,9994.64469,11390.06968,19967948.04,2690919.169
2025-12-28,87747.64915,1.752183001e+12,1.562371381,42502767.56,9694.88451,7901.657086,19968432.41,2692712.396
2025-12-29,87133.5104,1.739961546e+12,1.551843733,41933001.88,31391.75281,32943.47025,19968913.66,2691160.679
2025-12-30,88428.49227,1.765853812e+12,1.575194733,32884345.56,21639.28417,26749.52221,19969285.54,2686050.441
2025-12-31,87516.97804,1.747687898e+12,1.559936864,36374244,32061.31993,43365.16338,19969701.16,2674746.598
2026-01-01,88684.21785,1.771039176e+12,1.580566684,41847865.3,15488.64229,16536.01949,19970173.03,2673699.22
2026-01-02,89940.18017,1.796161434e+12,1.602833535,40473081.08,22292.15512,24911.66015,19970623.03,2671079.715
2026-01-03,90598.13018,1.809344989e+12,1.614442835,43883469.31,9256.891367,8658.208046,19971107.41,2671678.399
2026-01-04,91359.76368,1.824597051e+12,1.627823372,41397392.92,9700.554669,9697.15005,19971560.53,2671681.803
2026-01-05,93948.58218,1.87633855e+12,1.672965606,38753790.15,25931.89515,31132.39379,19971973.03,2666481.305
2026-01-06,93574.28711,1.868901153e+12,1.665698185,38014554.14,24087.81045,24219.96238,19972379.28,2666349.153
2026-01-07,91208.95626,1.821701768e+12,1.623473603,41899114.28,27001.19652,27098.87992,19972838.66,2666251.469
2026-01-08,91096.91616,1.819501586e+12,1.621694837,37577477.91,24239.32387,24316.94928,19973251.16,2666173.844
2026-01-09,90539.60323,1.808410412e+12,1.61240743,40176948.93,35291.46232,32188.74579,19973694.91,2669276.56
2026-01-10,90406.14241,1.805790474e+12,1.610013212,45768109.6,26451.24103,26941.97808,19974201.16,2668785.823
2026-01-11,90717.20632,1.812038313e+12,1.615856402,34585934.91,25622.22503,24069.45966,19974582.41,2670338.589
2026-01-12,91141.14985,1.820546852e+12,1.623511737,40443885.25,26575.85941,29084.95074,19975026.16,2667829.497
2026-01-13,95304.49829,1.903750053e+12,1.69564571,40206585.22,28730.44241,35987.22281,19975448.03,2660572.717
2026-01-14,97043.99273,1.938534838e+12,1.725258285,37604547.18,32671.97347,43579.58631,19975835.53,2649665.104
2026-01-15,95546.13974,1.908655476e+12,1.698251329,41502854.45,24466.2721,26298.01262,19976269.91,2647833.364
2026-01-16,95489.12996,1.907555426e+12,1.696750116,38792459.05,23353.66137,21675.18658,19976676.16,2649511.838
2026-01-17,95106.98046,1.899965633e+12,1.68955994,44284187.78,9089.773908,10827.10925,19977141.78,2647774.503
2026-01-18,94261.32943,1.883113182e+12,1.67439228,41239331.63,8546.973679,8310.567043,19977579.28,2648010.91
2026-01-19,92526.24196,1.848493706e+12,1.64368688,43371675.92,15129.57985,13915.17739,19978048.03,2649225.312
2026-01-20,88236.56319,1.762830971e+12,1.568922361,36673321.58,32998.0873,23775.61331,19978463.66,2658447.786
2026-01-21,89599.36187,1.790095955e+12,1.593366435,38359726.8,31165.1974,21885.94334,19978891.78,2667727.04
2026-01-22,89395.70074,1.786072008e+12,1.590055742,44977211.93,26543.12887,24585.80894,19979394.91,2669684.36
2026-01-23,89439.77189,1.786991653e+12,1.597227657,39129900.2,20725.07176,21895.51159,19979832.41,2668513.92
2026-01-24,89185.0387,1.781929439e+12,1.592705531,27312918.1,8600.125454,8815.553593,19980138.66,2668298.492
2026-01-25,86445.67059,1.72722566e+12,1.544168167,29175413.83,12836.43653,11537.32165,19980476.16,2669597.607
2026-01-26,88337.45455,1.765058635e+12,1.577978171,34230763.64,19432.75985,21756.85492,19980863.66,2667273.512
2026-01-27,89260.38054,1.783533524e+12,1.594258404,34030520.08,22823.53956,17841.23637,19981244.91,2672255.815
2026-01-28,89177.78925,1.781913902e+12,1.592968287,30654865.05,23638.86849,23848.65421,19981588.66,2672046.029
2026-01-29,84520.39731,1.68888562e+12,1.510846374,33808158.92,29709.02129,26210.1038,19981988.66,2675544.947
2026-01-30,84017.03403,1.678861815e+12,1.502794123,34394473.31,36291.53658,32135.03931,19982398.03,2679701.444
2026-01-31,78702.3855,1.572696334e+12,1.409206962,33940403.75,43884.88237,34842.41768,19982829.28,2688743.909
2026-02-01,76911.05238,1.536929031e+12,1.377937528,28601297.6,31519.55876,28787.07381,19983201.16,2691476.394
2026-02-02,78716.60181,1.573038715e+12,1.411272422,29026746.92,38795.78448,40101.85021,19983569.91,2690170.328
2026-02-03,75684.76603,1.512483033e+12,1.35979064,31219965.99,49240.36343,47854.20781,19983982.41,2691556.484
2026-02-04,73095.19146,1.460765456e+12,1.315930751,32435991.21,54491.66162,46913.80486,19984426.16,2699134.34
2026-02-05,63494.68845,1.268930112e+12,1.149795147,25199454.48,78364.57434,63713.3471,19984823.03,2713785.568
2026-02-06,70647.69822,1.411913759e+12,1.27948858,32012238.26,54178.67593,69251.48001,19985276.16,2698712.764
2026-02-07,69166.25944,1.382342676e+12,1.2542865,35879997.09,21885.74142,21384.84655,19985794.91,2699213.659
2026-02-08,70522.58924,1.40948747e+12,1.278752679,37465125.53,12622.90748,15332.35728,19986326.16,2696504.209
2026-02-09,70244.10178,1.403957309e+12,1.274890123,35780589.34,35237.15638,45565.94361,19986835.53,2687446.804
2026-02-10,68688.79311,1.372902521e+12,1.248103301,30909956.9,27052.82449,29559.1754,19987285.53,2684940.453
2026-02-11,66989.71659,1.33897546e+12,1.218238779,32866829.7,30590.76284,26729.53241,19987776.16,2688801.683
2026-02-12,66221.54431,1.323658033e+12,1.205655752,36628791.7,34451.32301,32840.7591,19988329.28,2690412.247
2026-02-13,68860.84116,1.376445662e+12,1.254381713,32493709.42,31429.34583,32984.24154,19988801.16,2688857.351
2026-02-14,69798.07913,1.395216133e+12,1.271428435,36207753.55,15990.26986,10736.4286,19989319.91,2694111.193
2026-02-15,68629.95998,1.371908475e+12,1.250352016,42250319.11,10669.13007,12725.09112,19989935.53,2692055.232
2026-02-16,68747.43803,1.37429445e+12,1.252991881,37596255.17,15611.67191,15975.86347,19990482.41,2691691.04
2026-02-17,67471.05085,1.348813645e+12,1.230359596,34789760.59,22991.94722,19114.19264,19990998.03,2695568.795
2026-02-18,66380.70696,1.32704832e+12,1.211463715,31738275.52,17616.69183,25441.0378,19991476.16,2687744.449
2026-02-19,66932.35221,1.33810978e+12,1.221844788,33257012.51,21432.75022,18551.70026,19991973.03,2690625.499
2026-02-20,67977.30926,1.359029636e+12,1.241947411,29102785.53,35752.57188,31428.18286,19992401.16,2694949.888
2026-02-21,68020.66776,1.359921772e+12,1.242772739,25295185.82,8200.684026,9504.181791,19992773.03,2693646.39
2026-02-22,67550.02408,1.350546919e+12,1.234286313,34619387.34,9589.942017,10190.62214,19993285.53,2693045.71
2026-02-23,64689.91233,1.293393807e+12,1.183184297,29919084.45,23193.27006,22372.32318,19993748.03,2693866.657
2026-02-24,64123.75108,1.282107186e+12,1.174331994,33063809.15,28787.39985,28508.30243,19994263.66,2694145.754
2026-02-25,68038.52218,1.36041332e+12,1.246122994,33168779.56,22078.8548,27021.95217,19994751.16,2689202.657
2026-02-26,67519.26453,1.350060432e+12,1.236811392,29539678.23,25256.37891,29657.65169,19995188.66,2684801.384
2026-02-27,65864.13582,1.316994843e+12,1.207325471,29021384.84,21699.95413,19934.13752,19995629.28,2686567.201
2026-02-28,66965.63531,1.339049944e+12,1.227561262,29925268.28,11285.51291,12241.26333,19996076.16,2685611.45
2026-03-01,65733.52126,1.314443104e+12,1.205248175,30607170.84,11587.91384,12028.64768,19996541.78,2685170.716
2026-03-02,68922.6243,1.378243429e+12,1.263760682,29292115.33,24641.88426,29670.16391,19996966.78,2680142.437
2026-03-03,68431.17403,1.368444569e+12,1.254890753,28655554.13,27894.14971,30644.79047,19997385.53,2677391.796
2026-03-04,72667.46306,1.453188795e+12,1.332459933,29521156.87,32277.04654,64314.58016,19997791.78,2645354.262
2026-03-05,70987.42718,1.419628612e+12,1.302099873,36824727.85,29707.87391,33835.66683,19998310.53,2641226.469
2026-03-06,68226.70539,1.364449969e+12,1.252787495,31128434.34,23627.46759,24958.60871,19998766.78,2639895.328
2026-03-07,67315.55291,1.346255811e+12,1.2363013,27767665.58,15454.34538,15334.11795,19999179.28,2640015.556
2026-03-08,66202.69787,1.324027346e+12,1.216000426,27722379.73,7995.653688,6870.044429,19999598.03,2641141.165
2026-03-09,68528.53847,1.370572776e+12,1.258828873,29552932.22,25654.05982,27092.44416,20000029.28,2639702.781
2026-03-10,69891.82386,1.397868664e+12,1.283892199,30140849.04,28509.63729,32883.25211,20000460.53,2635329.166
2026-03-11,70298.57535,1.406034418e+12,1.29263056,30535943.67,25998.93088,32587.28207,20000894.91,2628740.815
2026-03-12,70538.10746,1.41085371e+12,1.297352966,28435674.57,17916.7795,26248.7664,20001298.03,2620408.828
2026-03-13,70930.01328,1.418719155e+12,1.304541265,26820411.27,19962.92159,25575.94524,20001676.16,2614795.804
2026-03-14,71136.21792,1.422872048e+12,1.308561127,28454487.17,8170.000417,6138.906742,20002076.16,2616826.898
2026-03-15,72712.1462,1.454422289e+12,1.337286307,28403182.11,9694.118188,12388.87523,20002466.78,2614132.141
2026-03-16,74723.95755,1.494692668e+12,1.373664782,29189045.92,31582.0863,28669.60228,20002857.41,2617044.625
2026-03-17,74086.01361,1.481961369e+12,1.362039222,29402886.65,21353.0996,21367.98455,20003254.28,2617029.74
2026-03-18,71253.95793,1.42534199e+12,1.310827121,30950937.97,24685.72236,27619.42164,20003688.66,2614096.04
2026-03-19,69948.90483,1.399265405e+12,1.287323353,29291103.9,21108.52489,22669.27995,20004107.41,2612535.285
2026-03-20,70510.41968,1.410527535e+12,1.297913458,29526238.24,20328.06987,20543.91913,20004526.16,2612319.436
2026-03-21,69707.28501,1.394491267e+12,1.283228639,30061266.66,7040.320236,6371.691484,20004957.41,2612988.065
2026-03-22,68018.15348,1.360734697e+12,1.25166216,34434190.2,9659.067887,18701.53658,20005463.66,2603945.596
2026-03-23,70726.21105,1.414946008e+12,1.301409408,35363105.52,21239.24371,17309.61047,20005963.66,2607875.229
2026-03-24,70610.01871,1.41264905e+12,1.300277749,27582038.56,26139.9401,21901.54662,20006354.28,2612113.623
2026-03-25,71281.29739,1.426112971e+12,1.312918792,34081370.32,26306.64815,34134.44836,20006832.41,2604285.823
2026-03-26,68722.97184,1.374964415e+12,1.266407226,35435282.35,22313.29487,18713.5806,20007348.03,2607885.537
2026-03-27,66214.17151,1.324801426e+12,1.221391535,31451731.47,29570.31522,28056.58341,20007823.03,2609399.269
2026-03-28,66351.07253,1.327576595e+12,1.22428213,36078395.69,12781.02659,9332.126902,20008366.78,2612848.168
2026-03-29,65966.75239,1.319916662e+12,1.217346516,29685038.58,12624.90379,14153.94689,20008816.78,2611319.125
2026-03-30,66651.232,1.333640616e+12,1.230767789,28326773.6,34288.32615,30274.74967,20009241.78,2615332.702
2026-03-31,68214.86804,1.364956779e+12,1.259461593,28991318.92,28710.51163,28668.2964,20009666.78,2615374.917
2026-04-01,68116.81679,1.36302929e+12,1.257800436,34484138.5,24349.17534,29231.84887,20010173.03,2610492.243
2026-04-02,66908.31799,1.338877338e+12,1.236157058,30317831.59,25201.69883,25237.03036,20010626.16,2610456.912
2026-04-03,66891.74223,1.338573239e+12,1.23609529,27592843.67,14930.91929,15101.31656,20011038.66,2610286.515
2026-04-04,67295.13091,1.346670702e+12,1.243587958,25235674.09,7637.849805,8276.894376,20011413.66,2609647.47
2026-04-05,68921.80609,1.379257017e+12,1.273186007,34245522.4,7612.55182,7180.243688,20011910.53,2610079.778
2026-04-06,68742.91331,1.375704528e+12,1.270093812,27497165.32,18733.62335,18263.24542,20012310.53,2610550.156
2026-04-07,72057.12436,1.442060623e+12,1.330703342,31074634.88,26328.80871,25022.88245,20012741.78,2611856.082
2026-04-08,71085.05837,1.422639794e+12,1.312922034,32876839.5,22845.3041,25347.19596,20013204.28,2609354.191
2026-04-09,71788.67978,1.436753818e+12,1.325828946,32304905.9,18107.9042,22358.47952,20013654.28,2605103.615
2026-04-10,72945.07072,1.459925921e+12,1.346842656,28494168.25,19647.30864,24153.88531,20014044.91,2598095.083
2026-04-11,73119.10912,1.463437238e+12,1.349740683,28105157.57,7284.885411,9565.169277,20014429.28,2596111.302
2026-04-12,70685.3697,1.414761571e+12,1.304967335,34238225.95,8236.387282,8114.816768,20014913.65,2596441.37
2026-04-13,74632.74559,1.493802476e+12,1.37704824,34517644.83,24363.24365,31065.89096,20015376.15,2590128.495
2026-04-14,74173.50836,1.484648684e+12,1.368752904,38013923.03,44907.3022,52855.61519,20015888.65,2583475.626
2026-04-15,74761.96465,1.496456364e+12,1.379626389,29203892.44,28926.8982,37444.75791,20016279.28,2575155.931
2026-04-16,75095.74422,1.503173059e+12,1.385625861,35670478.5,18831.26834,22822.24042,20016754.28,2572239.965
2026-04-17,77114.48144,1.543615605e+12,1.422323515,33978568.38,31417.88656,30567.73566,20017194.9,2574735.147
2026-04-18,75792.06375,1.51718075e+12,1.398004737,36238080.48,9236.415353,10267.81852,20017673.03,2574047.506
2026-04-19,73905.2041,1.479446702e+12,1.363465675,36490694.53,13723.15777,10753.26993,20018166.78,2577308.054
2026-04-20,75814.14532,1.517691005e+12,1.398730555,30799496.54,45723.80324,51920.31501,20018573.03,2572960.233
2026-04-21,76107.4433,1.523594519e+12,1.404039175,32107827.64,20658.36644,23041.99604,20018994.9,2571263.288
2026-04-22,78317.74227,1.567874545e+12,1.445181688,32061325.74,23001.16074,27289.14648,20019404.28,2567301.588
2026-04-23,78233.68375,1.566221325e+12,1.44351801,29582111.67,29287.11746,32722.99073,20019782.4,2564188.781
2026-04-24,77444.26928,1.550453479e+12,1.431305409,36059987.88,30051.22159,25039.02607,20020248.03,2569529.658
2026-04-25,77624.71148,1.554099938e+12,1.434574148,33960811.27,8761.622078,17181.92043,20020685.53,2561262.938
2026-04-26,78538.77336,1.572436653e+12,1.451239911,36569616.34,7313.509323,7347.724787,20021151.15,2561317.221
2026-04-27,77256.29716,1.54679332e+12,1.427496644,33316778.15,28375.63484,17585.12456,20021582.4,2572447.828
2026-04-28,76295.53112,1.527590404e+12,1.409896812,33140871.33,20263.64018,18618.2307,20022016.78,2574608.548
2026-04-29,75795.00985,1.51759904e+12,1.401295059,30081144.54,21571.10737,22418.44474,20022413.65,2576334.122
2026-04-30,76299.61613,1.527735857e+12,1.410908716,33381082.06,19857.36859,17024.71296,20022851.15,2579624.788
2026-05-01,78132.64379,1.564476875e+12,1.444110941,38577992.87,13927.34766,17397.77843,20023344.9,2576500.341
2026-05-02,78712.53873,1.576121764e+12,1.454678772,33452828.96,7616.339026,9576.939714,20023769.9,2578275.327
2026-05-03,78649.17329,1.574890307e+12,1.453212899,37358357.31,6481.223848,7979.910034,20024244.9,2576844.118
2026-05-04,79826.10782,1.598494702e+12,1.473413963,37169031.45,25684.59055,32144.79654,20024710.53,2570607.986
2026-05-05,80936.75483,1.620773026e+12,1.493264883,37939103.82,21954.05494,26922.48276,20025179.28,2571391.131
2026-05-06,81364.62013,1.629376956e+12,1.500728935,35851285.74,26218.69186,25133.70615,20025619.9,2594026.05
2026-05-07,79988.99873,1.60186478e+12,1.475407733,35495118.19,20951.88707,25662.77588,20026063.65,2591383.052
2026-05-08,80179.6923,1.605720454e+12,1.478806938,36832546.15,21585.80528,25055.32042,20026523.03,2591688.931
2026-05-09,80663.62965,1.615455141e+12,1.487556462,43104627.1,8699.168955,11927.12969,20027057.4,2591952.239
2026-05-10,82256.78114,1.647399836e+12,1.5165763,38557866.16,9961.865839,11468.57179,20027526.15,2590615.972
2026-05-11,81714.74205,1.636586268e+12,1.506279731,42134163.87,22740.57389,20511.61446,20028041.78,2593070.122
2026-05-12,80525.56302,1.612803061e+12,1.484343418,33720079.52,20725.64673,18429.91133,20028460.53,2595993.453
2026-05-13,79291.911,1.588129352e+12,1.461697922,34442423.84,27191.61305,26716.38656,20028894.9,2597786.608
2026-05-14,81175.82711,1.625900415e+12,1.496291811,38304843.42,31518.85214,33397.36148,20029366.78,2596864.77
2026-05-15,79063.41458,1.583625955e+12,1.457648208,35825609.73,27193.26862,27855.68177,20029819.9,2596953.911
2026-05-16,78164.49527,1.565657647e+12,1.441120732,36883871.21,8144.439582,10238.6822,20030291.78,2595087.828
2026-05-17,77497.69711,1.552335391e+12,1.428878572,33905242.49,8208.706299,8675.072003,20030729.28,2594731.441
2026-05-18,76975.9112,1.541917315e+12,1.419569255,33676961.15,24537.26043,19311.81223,20031166.78,2600162.878
2026-05-19,76807.46096,1.538577143e+12,1.417036826,34083310.8,21697.52491,21065.63503,20031610.53,2604372.894
2026-05-20,77408.17221,1.550647126e+12,1.428247432,36768881.8,19530.0048,17144.91048,20032085.53,2609228.096
2026-05-21,77595.38617,1.554428208e+12,1.431839864,30795668.89,13977.80328,14283.51183,20032482.4,2609247.74
2026-05-22,75567.54304,1.513842315e+12,1.395197796,36839177.23,20291.84881,20257.10457,20032969.9,2611943.846
2026-05-23,76619.86661,1.534962749e+12,1.414564661,39267681.64,12824.36327,13007.23387,20033482.4,2612102.519
2026-05-24,76950.98963,1.541627798e+12,1.420692148,31501811.38,12356.58798,10003.84899,20033891.78,2614631.594
2026-05-25,77244.57229,1.547549231e+12,1.42598068,39829232.59,13122.0753,15164.34304,20034407.4,2614338.976
2026-05-26,75816.04128,1.518962391e+12,1.400076071,32932592.93,20696.10359,20263.74434,20034841.78,2617326.952
2026-05-27,74268.77564,1.487995662e+12,1.372069899,32492589.34,25815.14757,21552.35125,20035279.28,2621787.977
2026-05-28,73500.53053,1.472640866e+12,1.359302864,37209643.58,30894.41992,24283.41227,20035785.53,2630449.185
2026-05-29,73322.89514,1.46911388e+12,1.357030041,32078766.62,22547.6267,24917.30587,20036223.03,2629873.05
2026-05-30,73731.48113,1.477333118e+12,1.364802035,32718344.75,13017.60259,12120.68963,20036666.78,2630989.313
2026-05-31,73599.56074,1.474722993e+12,1.362399461,33119802.33,8291.622846,7659.065348,20037116.78,2631828.558
2026-06-01,71328.73122,1.429252209e+12,1.321374782,30091808.48,36257.28147,32742.38001,20037538.65,2639145.106
2026-06-02,66540.69268,1.333334575e+12,1.236014995,22873363.11,43870.74117,33356.99861,20037882.4,2649929.563
2026-06-03,64232.58027,1.287106568e+12,1.195632053,21678495.84,37230.07867,37417.35579,20038219.9,2650243.911
2026-06-04,63639.25047,1.275245535e+12,1.185893288,28239917.4,43172.09476,39243.78596,20038663.65,2654609.241
2026-06-05,60907.60555,1.220532717e+12,1.136797041,25695396.09,48497.93991,51402.5453,20039085.53,2652045.602
2026-06-06,60771.61131,1.217830686e+12,1.134645827,23169176.81,16017.31822,18418.54779,20039466.78,2649840.447
2026-06-07,63158.25398,1.265680824e+12,1.178976675,23092236.61,12807.56402,13143.98603,20039832.4,2649714.349
2026-06-08,63109.6167,1.264731188e+12,1.17851326,25046629.13,32083.11415,35707.43141,20040229.28,2646556.696
2026-06-09,61640.4602,1.235312841e+12,1.151756617,23885678.33,23590.56818,21192.92063,20040616.78,2649259.262
2026-06-10,61435.07734,1.231221031e+12,1.148835845,24190061.7,19553.1958,18696.14501,20041010.52,2650601.133
2026-06-11,63475.31916,1.272136317e+12,1.187544971,26778650.27,21732.7217,21855.54283,20041432.39,2651105.576
2026-06-12,63475.63761,1.272171859e+12,1.187785521,29159121.03,18857.64274,22815.51334,20041891.76,2647487.737
2026-06-13,64423.54454,1.291194671e+12,1.205481911,24964123.51,6142.902959,7271.792911,20042279.26,2646751.316
2026-06-14,65615.32661,1.315110637e+12,1.227631548,29936992.77,8056.293542,9222.34058,20042735.51,2645870.613
2026-06-15,66222.58663,1.327312831e+12,1.239354617,31041837.48,19097.29038,23566.20419,20043204.26,2641738.151
2026-06-16,65638.14469,1.315631971e+12,1.228732676,33229310.75,19615.75298,22577.06006,20043710.51,2640846.07
2026-06-17,64400.72513,1.290856057e+12,1.205907276,26565299.11,17071.61976,18819.73897,20044123.01,2643606.346
2026-06-18,62835.22248,1.259509329e+12,1.177225384,32399411.59,19693.51828,19113.63635,20044638.64,2644652.562
2026-06-19,63307.2784,1.269001392e+12,1.18637441,29873122,11636.78738,13601.62989,20045110.51,2645617.467
2026-06-20,64220.53639,1.287338856e+12,1.203461027,31106822.32,10538.02225,11921.5129,20045594.89,2647450.898
2026-06-21,63365.4369,1.270224412e+12,1.186796521,26534276.7,7572.115337,22698.78867,20046013.64,2632467.038
2026-06-22,63923.57487,1.281444016e+12,1.197421606,31162742.75,21661.11207,20006.25724,20046501.14,2634607.746
2026-06-23,62593.34893,1.25481148e+12,1.173197665,33839529.27,21143.45865,24502.8952,20047041.76,2635474.482
2026-06-24,60908.18777,1.221058486e+12,1.142325325,29502403.45,31339.73106,30614.76165,20047526.14,2637809.161
2026-06-25,59863.42115,1.200145303e+12,1.124079576,31802442.49,38197.76678,38156.7128,20048057.39,2645000.886
2026-06-26,59961.51138,1.202140865e+12,1.127046938,29043857.07,40196.30789,38643.56019,20048541.76,2648137.359
2026-06-27,59955.56602,1.202053146e+12,1.127011419,31476672.16,12245.71548,15950.33782,20049066.76,2647425.893
2026-06-28,59516.67365,1.193277756e+12,1.11893182,23992659.07,9989.711729,15874.76655,20049469.89,2646431.763
2026-06-29,60175.46056,1.206509591e+12,1.132283846,23506039.28,27454.26897,27057.41378,20049860.51,2652065.252
2026-06-30,58525.07536,1.173446848e+12,1.102780568,27250738.22,28656.1594,31022.01821,20050326.14,2651910.559
2026-07-01,60065.59991,1.20436171e+12,1.132110872,26841814.96,22743.55614,23298.9676,20050773.01,2652736.886
2026-07-02,61438.18941,1.231908342e+12,1.158185562,25151258.79,29809.78832,29364.01609,20051182.39,2654793.679
2026-07-03,62564.61413,1.254524012e+12,1.179298709,29522677.29,19840.19646,20622.00457,20051654.26,2654381.03
2026-07-04,63090.40927,1.265097436e+12,1.189157219,30362259.46,9892.373229,8872.396351,20052135.51,2656147.056
2026-07-05,63619.88104,1.275739924e+12,1.199064764,25447952.42,13149.21102,8918.299166,20052535.51,2663007.375
2026-07-06,64063.06126,1.284650034e+12,1.207395462,23222859.71,23639.4602,28675.49959,20052898.01,2658697.83
2026-07-07,63458.12051,1.272546982e+12,1.196288648,27762927.73,23043.23008,26989.83142,20053335.51,2655441.599
2026-07-08,62214.04245,1.247624924e+12,1.173170745,25857711.39,14532.46768,15557.23048,20053751.14,2654811.862
2026-07-09,63189.38643,1.267208913e+12,1.191659572,24683354.07,13967.03387,13952.53261,20054141.76,2655465.005
2026-07-10,64118.62009,1.285869945e+12,1.209740085,26048189.41,19747.24248,22956.13272,20054548.01,2652603.868
2026-07-11,63892.70869,1.281367147e+12,1.20549845,27753395.34,7438.77046,8905.151908,20054982.39,2651439.477
2026-07-12,63752.27166,1.278579374e+12,1.202836435,28688522.25,7199.750682,6618.376032,20055432.39,2652154.65
2026-07-13,62126.53237,1.246003009e+12,1.174318418,28539375.81,24191.74233,17143.4563,20055891.76,2659494.759
2026-07-14,64934.4426,1.302349402e+12,1.227626773,31249700.5,23061.32992,21993.32767,20056373.01,2661194.577
2026-07-15,64765.05532,1.298980442e+12,1.224568215,28334711.7,23389.48584,24220.44901,20056810.51,2663776.575
2026-07-16,63780.14174,1.279250334e+12,1.206420896,24116866.1,12726.8602,16747.83582,20057188.64,2660187.534
2026-07-17,63915.91815,1.281998994e+12,1.2091271,25366630.02,16245.39826,21757.09745,20057585.51,2655104.662
2026-07-18,64777.66175,1.299317093e+12,1.225397193,33603412.03,7924.096037,10690.6656,20058104.26,2652536.345
2026-07-19,64653.04975,1.296850949e+12,1.222993031,33336728.78,10329.87106,8840.429513,20058619.89,2654180.499
2026-07-20,65181.92415,1.307489179e+12,1.232747388,29739252.9,17796.52086,25920.4208,20059076.14,2650004.36
2026-07-21,66403.09646,1.332013404e+12,1.255379142,28636335.35,28432.84163,31983.44171,20059507.39,2646860.104
2026-07-22,65983.18605,1.323613921e+12,1.24760427,23712707.49,20423.99722,21014.98742,20059866.76,2649847.572
2026-07-23,65094.41039,1.305812051e+12,1.230958319,26851444.29,19486.67645,21629.58945,20060279.26,2648456.514
2026-07-24,64100.11403,1.285897036e+12,1.212571622,30848179.88,16515.81438,17439.45956,20060760.51,2653687.254
2026-07-25,64331.32746,1.290563096e+12,1.216416342,27742884.97,10958.98018,13496.35094,20061191.76,2651341.828
2026-07-26,65328.78912,1.310603172e+12,1.235215661,29806260.04,7596.065599,13079.36364,20061648.01,2651640.276
2026-07-27,63718.2437,1.278320456e+12,1.205201344,27478492.6,22528.13363,21378.11695,20062079.26,2653084.773
2026-07-28,63728.4502,1.278550511e+12,1.205490199,25292228.67,15215.52385,22033.40152,20062476.14,2646553.662
2026-07-29,63904.6445,1.282113963e+12,1.208854436,28557388.01,20090.33995,18233.04061,20062923.01,2654863.11
2026-07-30,64827.57017,1.300661545e+12,1.226279964,30995681.99,29896.30817,23210.77809,20063401.14,2663166.946
2026-07-31,62875.17893,1.261520785e+12,1.189970381,30848134.66,29918.09988,29142.7479,20063891.76,2665034.483
2026-08-01,62751.87915,1.259079071e+12,1.188728646,32160338.06,12912.31933,11959.58629,20064404.26,2666330.4
2026-08-02,63445.68297,1.273028382e+12,1.201895277,28550557.33,16666.76112,10739.27597,20064854.26,2675995.783
2026-08-03,63460.04811,1.273346364e+12,1.202801205,29746897.55,21792.74743,21173.75331,20065323.01,2676998.085
2026-08-04,64161.47088,1.287448909e+12,1.216214431,28271148.11,16344.85512,27303.91543,20065763.64,2669254.991
2026-08-05,64610.30744,1.296483828e+12,1.225105983,28670823.93,16869.99917,19379.20844,20066207.39,2667057.726
2026-08-06,64212.26732,1.288522358e+12,1.217578014,25684906.93,20592.58529,21794.69471,20066607.39,2667540.889
2026-08-07,64869.1684,1.301736163e+12,1.23020387,32029151.9,15583.56265,19483.86994,20067101.14,2664078.178
2026-08-08,64906.95682,1.302523472e+12,1.230809722,29005296.33,6150.233827,4567.485997,20067548.01,2665762.654
2026-08-09,64864.92729,1.301709029e+12,1.230113575,28986514.38,5477.830002,3484.346843,20067994.89,2667827.384
2026-08-10,63907.74787,1.282528117e+12,1.212214356,27759927.98,25374.35853,19814.08044,20068429.26,2673653.77
2026-08-11,63547.43659,1.275322853e+12,1.205667143,25617560.38,18609.90375,13375.26547,20068832.39,2679179.37
2026-08-12,63359.3969,1.271577034e+12,1.202557884,27917734.26,21773.92527,20972.03541,20069273.01,2681208.676
2026-08-13,63395.00801,1.272320647e+12,1.203434943,28923972.4,21359.95125,18168.26963,20069729.26,2728162.92
2026-08-14,62924.70142,1.262911021e+12,1.19470296,29299314.1,23818.05843,23434.70198,20070194.88,2731026.606
2026-08-15,63034.43297,1.265141917e+12,1.196810631,28562477.44,8673.649323,7448.9692,20070648.01,2732483.498
2026-08-16,62818.41121,1.260837825e+12,1.193031494,31605513.14,7494.085467,8336.752732,20071151.13,2731860.035
2026-08-17,64434.13971,1.293299171e+12,1.223669995,31814356.48,18151.3688,20830.75858,20071644.88,2729656.254
2026-08-18,64696.18141,1.298588903e+12,1.228933725,30124159.47,20079.59228,26427.83102,20072110.51,2732030.115
2026-08-19,69267.82689,1.390378101e+12,1.31533668,26624820.96,28280.09509,35336.14126,20072494.88,2729211.76
2026-08-20,73070.93102,1.466744889e+12,1.386071625,29000025.75,31441.28891,50555.20324,20072891.76,2710644.773
2026-08-21,78359.17071,1.5729287e+12,1.483722221,33547519.96,44593.21111,44534.58008,20073319.88,2711043.591
2026-08-22,77020.13081,1.546085345e+12,1.457789243,35621810.5,19439.57718,16684.13543,20073782.38,2714042.925
2026-08-23,77593.02803,1.557618536e+12,1.468270769,32977036.91,9268.072235,13150.0753,20074207.38,2715632.858
2026-08-24,78894.49798,1.583779523e+12,1.49062413,35009433.48,25421.54556,34158.22106,20074651.13,2707426.237
2026-08-25,78601.4032,1.577930627e+12,1.484141489,34879372.67,26812.93213,27543.59351,20075094.88,2706882.288
2026-08-26,78955.04439,1.585067511e+12,1.489768034,37503646.09,21100.56506,25141.75321,20075569.88,2703241.676
2026-08-27,80297.39616,1.612052624e+12,1.514130239,36635687,21593.55205,28132.00985,20076026.13,2696997.802
2026-08-28,77716.58925,1.560272335e+12,1.465137108,32058093.06,31601.84488,27045.12961,20076438.63,2701665.144
2026-08-29,78243.93209,1.5708952e+12,1.474997033,35698794.01,9155.11522,9888.319279,20076894.88,2704815.829
2026-08-30,77689.19061,1.559797286e+12,1.46443298,39572931.47,9159.692536,11804.97874,20077404.26,2703796.434
2026-08-31,78533.88929,1.576793947e+12,1.479640956,37303597.41,26633.7997,26306.03113,20077879.26,2704339.42
2026-09-01,77407.70115,1.554216827e+12,1.458291528,34349667.39,23464.38439,22650.54726,20078323.01,2705334.793
2026-09-02,77188.7006,1.54985271e+12,1.454004726,33046412.45,17936.73317,17057.04121,20078751.13,2706447.714
2026-09-03,81243.24393,1.631303498e+12,1.529084096,40621621.96,24436.3551,27482.88104,20079251.13,2704499.649
2026-09-04,79681.55555,1.599981572e+12,1.49947726,35607695.14,23413.18188,26585.22211,20079698.01,2701495.386
2026-09-05,79817.32373,1.602744672e+12,1.501487387,36915512.23,7360.364931,8310.244871,20080160.51,2700752.506
2026-09-06,80319.97314,1.612879368e+12,1.510496045,41414986.15,13205.63502,16889.96245,20080676.13,2701286.658
2026-09-07,79073.02098,1.587874073e+12,1.486935907,34347343.49,13535.23041,11748.9243,20081110.51,2703303.016
2026-09-08,78445.68339,1.575309041e+12,1.474939712,32603987.16,20142.20165,23689.22952,20081526.13,2704208.152
2026-09-09,78207.48461,1.570564994e+12,1.470283096,39348140.7,16133.86603,18244.1279,20082029.26,2706262.461
2026-09-10,76675.77386,1.539837242e+12,1.441273878,32107980.3,20312.30347,25386.16137,20082448.01,2705198.749
2026-09-11,77176.81778,1.54993826e+12,1.450646104,38829586.44,23384.47367,23681.5712,20082951.13,2708701.853
2026-09-12,77252.41051,1.551494287e+12,1.451919484,37901963.91,10591.20118,10300.75849,20083441.76,2710330.225
2026-09-13,76759.25857,1.541626319e+12,1.442596969,36220775.14,10704.63707,12892.13384,20083913.63,2708335.058
2026-09-14,78278.79246,1.5721812e+12,1.47087209,36693183.97,16625.4325,19800.56355,20084382.38,2707442.106
2026-09-15,75650.42879,1.519430673e+12,1.421741711,38534437.17,30402.44301,24869.89461,20084891.75,2717458.408
2026-09-16,76082.37699,1.528138641e+12,1.429928641,32335010.22,23005.04357,25111.95609,20085316.75,2715643.253
2026-09-17,76386.90188,1.534289256e+12,1.435849433,34135396.78,21766.37577,22768.27673,20085763.63,2717241.349
2026-09-18,80944.15518,1.625863617e+12,1.520148109,38448473.71,26956.79244,28008.10104,20086238.63,2718781.153
2026-09-19,81262.34555,1.632287115e+12,1.525664629,32250993.39,13920.3011,15406.49177,20086635.5,2718047.404
2026-09-20,81194.74404,1.630968303e+12,1.524189665,39074970.57,12118.44914,12143.14717,20087116.75,2721135.941
2026-09-21,86505.29775,1.737682295e+12,1.6209608,40279029.26,39392.93389,43259.91377,20087582.38,2719494.22
2026-09-22,86205.2718,1.731692944e+12,1.612151311,37445414.94,26788.4588,43695.27229,20088016.75,2705076.075
2026-09-23,84434.31887,1.69615205e+12,1.578596055,34037584.79,22387.64642,32444.54357,20088419.88,2695208.794
2026-09-24,84386.57781,1.695229926e+12,1.577304653,36919127.79,19032.13718,26693.4863,20088857.38,2690688.983
2026-09-25,84062.15589,1.688747862e+12,1.570499752,35201027.78,22970.33808,30130.29186,20089276.13,2685118.66
2026-09-26,84386.49612,1.695304233e+12,1.576264565,40611001.26,11569.6596,17514.58442,20089757.38,2682220.887
2026-09-27,84392.47238,1.695462799e+12,1.57619955,38504065.52,12578.79961,16041.30577,20090213.63,2682330.437
2026-09-28,83516.76298,1.677912673e+12,1.558861668,43063330.91,28047.1338,30287.65789,20090729.25,2683692.089
2026-09-29,83674.65699,1.681126455e+12,1.561016184,41575845.19,28302.36255,26433.32263,20091226.13,2686232.367
2026-09-30,83579.67392,1.679254956e+12,1.558984184,36827293.82,20094.33905,24558.19711,20091666.75,2681920.498
2026-10-01,84777.24125,1.70335211e+12,1.580581705,36030327.53,25840.51639,30196.19744,20092091.75,2677736.463
2026-10-02,84517.51888,1.698170985e+12,1.574737386,37240531.76,29853.00667,33160.62757,20092532.38,2678292.196
